config,config_id,instance,instance_id,perf_branches,perf_cache-misses,perf_cache-references,perf_context-switches,perf_cycles,perf_faults,perf_instructions,perf_migrations,perf_msec,perf_seconds-sys,perf_seconds-time-elapsed,perf_seconds-user,run,runsolver_max_mem_kb,runsolver_max_rss,runsolver_max_virt_mem_kb,runsolver_system_time,runsolver_user_time,slurm_cachemask,slurm_cpumask,slurm_date,slurm_jobid,slurm_node
"sh -c 'amoclingo -e=/home/guests/mmacri/AMOSUM/benchmarks/GraphColouring/encoding-amosum-eo.asp -l=false -m=minfly -lg=cpp -i=""$0""'",5,/home/guests/mmacri/AMOSUM/benchmarks/GraphColouring/test-instances-gc/0059-graph_colouring-150-0_2880.asp,292,372548026329,27749050232,59954900252,1183,2891850012021,16668,2997773239881,2,120494129,0.069238,1204.95509968,1204.874883,1,75712,37632,109840,0.078106,1204.94,L3:0=fff;1=080,c0000000,Thu Apr 2 02:53:00 PM UTC 2026,5409570_1492,coppernode27
"sh -c 'amoclingo -e=/home/guests/mmacri/AMOSUM/benchmarks/GraphColouring/encoding-amosum-eo.asp -l=false -m=minfly -lg=cpp -i=""$0""'",5,/home/guests/mmacri/AMOSUM/benchmarks/GraphColouring/test-instances-gc/0041-graph_colouring-145-0_1392.asp,201,377342215662,25379161533,57130276017,1866,2890967734133,16888,3040275917019,17,120457611,0.099632,1204.956196985,1204.480677,1,77648,37020,111568,0.112096,1204.54,L3:0=010;1=fff,00000300,Thu Apr 2 02:44:09 PM UTC 2026,5409570_1401,coppernode22
"sh -c 'amoclingo -e=/home/guests/mmacri/AMOSUM/benchmarks/GraphColouring/encoding-amosum-eo.asp -l=false -m=minfly -lg=cpp -i=""$0""'",5,/home/guests/mmacri/AMOSUM/benchmarks/GraphColouring/test-instances-gc/0056-graph_colouring-150-0_1440.asp,276,394085388307,24664063114,56661056666,1164,2891834945704,16882,3149451796127,4,120493469,0.079342,1204.955055642,1204.857473,1,77664,37084,111348,0.095235,1204.92,L3:0=fff;1=008,00c00000,Thu Apr 2 02:52:18 PM UTC 2026,5409570_1476,coppernode30
"sh -c 'amoclingo -e=/home/guests/mmacri/AMOSUM/benchmarks/GraphColouring/encoding-amosum-eo.asp -l=false -m=minfly -lg=cpp -i=""$0""'",5,/home/guests/mmacri/AMOSUM/benchmarks/GraphColouring/test-instances-gc/0060-graph_colouring-150-0_4320.asp,298,106081932309,2936431475,8477989271,879,622261611857,15397,820779310460,4,25927786,0.056505,259.310155952,259.224154,1,70780,37816,104564,0.069966,259.288,L3:0=fff;1=020,0c000000,Thu Apr 2 02:53:08 PM UTC 2026,5409570_1498,coppernode30
"sh -c 'amoclingo -e=/home/guests/mmacri/AMOSUM/benchmarks/GraphColouring/encoding-amosum-eo.asp -l=false -m=minfly -lg=cpp -i=""$0""'",5,/home/guests/mmacri/AMOSUM/benchmarks/GraphColouring/test-instances-gc/0019-graph_colouring-130-0_3744.asp,93,1173252695006,24696479714,44176604908,1206,2891838950748,27191,6741751941375,2,120493737,0.135495,1204.952816174,1204.804699,1,120808,71400,156960,0.157083,1204.86,L3:0=080;1=fff,0000c000,Thu Apr 2 12:31:16 PM UTC 2026,5409570_1293,coppernode24
"sh -c 'amoclingo -e=/home/guests/mmacri/AMOSUM/benchmarks/GraphColouring/encoding-amosum-eo.asp -l=false -m=minfly -lg=cpp -i=""$0""'",5,/home/guests/mmacri/AMOSUM/benchmarks/GraphColouring/test-instances-gc/0035-graph_colouring-140-0_6720.asp,175,4135918443,14805937,38637957,663,7282733161,14160,23126042072,4,303570,0.06278,3.071702829,2.975813,1,67060,36244,101440,0.078614,3.03683,L3:0=fff;1=040,30000000,Thu Apr 2 02:40:29 PM UTC 2026,5409570_1375,coppernode24
"sh -c 'amoclingo -e=/home/guests/mmacri/AMOSUM/benchmarks/GraphColouring/encoding-amosum-eo.asp -l=false -m=minfly -lg=cpp -i=""$0""'",5,/home/guests/mmacri/AMOSUM/benchmarks/GraphColouring/test-instances-gc/0021-graph_colouring-135-0_2592.asp,102,401980118869,24615385296,56850847320,1186,2891849207277,16231,3215702922359,2,120494170,0.070714,1204.953141587,1204.873681,1,76592,36256,110008,0.083188,1204.94,L3:0=fff;1=020,0c000000,Thu Apr 2 12:31:59 PM UTC 2026,5409570_1302,coppernode25
"sh -c 'amoclingo -e=/home/guests/mmacri/AMOSUM/benchmarks/GraphColouring/encoding-amosum-eo.asp -l=false -m=minfly -lg=cpp -i=""$0""'",5,/home/guests/mmacri/AMOSUM/benchmarks/GraphColouring/test-instances-gc/0020-graph_colouring-130-0_4992.asp,99,909389915650,14159514169,25413550852,1444,2054131836262,22251,5218145190371,8,85589203,0.12097,856.006829241,855.77521,1,100432,51952,136656,0.125998,855.847,L3:0=fff;1=080,c0000000,Thu Apr 2 12:31:53 PM UTC 2026,5409570_1299,coppernode27
"sh -c 'amoclingo -e=/home/guests/mmacri/AMOSUM/benchmarks/GraphColouring/encoding-amosum-eo.asp -l=false -m=minfly -lg=cpp -i=""$0""'",5,/home/guests/mmacri/AMOSUM/benchmarks/GraphColouring/test-instances-gc/0016-graph_colouring-130-0_2496.asp,77,421247338433,19926354163,49526526939,1240,2891838753534,16421,3348699376384,2,120493684,0.049226,1204.95303356,1204.890531,1,77560,36028,110960,0.053171,1204.96,L3:0=080;1=fff,0000c000,Thu Apr 2 12:30:45 PM UTC 2026,5409570_1277,coppernode30
"sh -c 'amoclingo -e=/home/guests/mmacri/AMOSUM/benchmarks/GraphColouring/encoding-amosum-eo.asp -l=false -m=minfly -lg=cpp -i=""$0""'",5,/home/guests/mmacri/AMOSUM/benchmarks/GraphColouring/test-instances-gc/0022-graph_colouring-135-0_3888.asp,108,1413485144154,34165824673,67395527237,1638,2891739876605,118939,5732184613335,4,120489610,0.313543,1205.004415294,1204.586674,1,480068,431340,539064,0.318533,1204.66,L3:0=fff;1=010,03000000,Thu Apr 2 12:35:19 PM UTC 2026,5409570_1308,coppernode28
"sh -c 'amoclingo -e=/home/guests/mmacri/AMOSUM/benchmarks/GraphColouring/encoding-amosum-eo.asp -l=false -m=minfly -lg=cpp -i=""$0""'",5,/home/guests/mmacri/AMOSUM/benchmarks/GraphColouring/test-instances-gc/0039-graph_colouring-140-0_1344.asp,191,396445712359,22643505443,53202773200,1435,2891802231821,16546,3176549620111,6,120492282,0.049309,1204.955091595,1204.875577,1,76384,36840,110380,0.054306,1204.95,L3:0=004;1=fff,00000030,Thu Apr 2 02:42:50 PM UTC 2026,5409570_1391,coppernode21
"sh -c 'amoclingo -e=/home/guests/mmacri/AMOSUM/benchmarks/GraphColouring/encoding-amosum-eo.asp -l=false -m=minfly -lg=cpp -i=""$0""'",5,/home/guests/mmacri/AMOSUM/benchmarks/GraphColouring/test-instances-gc/0048-graph_colouring-145-0_5568.asp,239,1366977631747,17359511945,31056882814,1222,2891865398134,23578,7816943161671,2,120494807,0.108611,1204.955712617,1204.841939,1,104492,55364,140660,0.128472,1204.9,L3:0=fff;1=008,00c00000,Thu Apr 2 02:48:47 PM UTC 2026,5409570_1439,coppernode25
"sh -c 'amoclingo -e=/home/guests/mmacri/AMOSUM/benchmarks/GraphColouring/encoding-amosum-eo.asp -l=false -m=minfly -lg=cpp -i=""$0""'",5,/home/guests/mmacri/AMOSUM/benchmarks/GraphColouring/test-instances-gc/0049-graph_colouring-145-0_5568.asp,244,1301228583222,20050419278,35315106067,1510,2891626638138,25155,7451658916167,6,120485021,0.118983,1204.954403131,1204.734295,1,109140,61252,146760,0.133127,1204.8,L3:0=020;1=fff,00000c00,Thu Apr 2 02:49:13 PM UTC 2026,5409570_1444,coppernode24
"sh -c 'amoclingo -e=/home/guests/mmacri/AMOSUM/benchmarks/GraphColouring/encoding-amosum-eo.asp -l=false -m=minfly -lg=cpp -i=""$0""'",5,/home/guests/mmacri/AMOSUM/benchmarks/GraphColouring/test-instances-gc/0047-graph_colouring-145-0_4176.asp,233,1331713502537,19032051537,35260895443,2383,2891782049462,26922,7686178716376,4,120491805,0.112992,1204.955146797,1204.809535,1,115460,66484,151096,0.116958,1204.88,L3:0=002;1=fff,0000000c,Thu Apr 2 02:47:45 PM UTC 2026,5409570_1433,coppernode24
"sh -c 'amoclingo -e=/home/guests/mmacri/AMOSUM/benchmarks/GraphColouring/encoding-amosum-eo.asp -l=false -m=minfly -lg=cpp -i=""$0""'",5,/home/guests/mmacri/AMOSUM/benchmarks/GraphColouring/test-instances-gc/0026-graph_colouring-135-0_6480.asp,130,7415030964,213684633,288790521,915,18827180241,27628,41986290580,4,784621,0.108508,7.972570196,7.740716,1,118156,70504,154756,0.12423,7.80136,L3:0=004;1=fff,00000030,Thu Apr 2 12:41:29 PM UTC 2026,5409570_1330,coppernode28
"sh -c 'amoclingo -e=/home/guests/mmacri/AMOSUM/benchmarks/GraphColouring/encoding-amosum-eo.asp -l=false -m=minfly -lg=cpp -i=""$0""'",5,/home/guests/mmacri/AMOSUM/benchmarks/GraphColouring/test-instances-gc/0030-graph_colouring-135-0_2592.asp,147,5810329223,23539414,85438429,973,23358454246,13465,40365167155,5,973442,0.077578,9.871215533,9.660484,1,64604,35720,98392,0.108596,9.7067,L3:0=020;1=fff,00000c00,Thu Apr 2 02:38:37 PM UTC 2026,5409570_1347,coppernode29
"sh -c 'amoclingo -e=/home/guests/mmacri/AMOSUM/benchmarks/GraphColouring/encoding-amosum-eo.asp -l=false -m=minfly -lg=cpp -i=""$0""'",5,/home/guests/mmacri/AMOSUM/benchmarks/GraphColouring/test-instances-gc/0008-graph_colouring-125-0_3600.asp,38,1191365130095,23864834716,44125871548,1235,2891837506791,27527,6862282346864,2,120493642,0.084524,1204.952139498,1204.854676,1,121064,71724,157384,0.096331,1204.92,L3:0=fff;1=040,30000000,Thu Apr 2 12:29:11 PM UTC 2026,5409570_1238,coppernode27
"sh -c 'amoclingo -e=/home/guests/mmacri/AMOSUM/benchmarks/GraphColouring/encoding-amosum-eo.asp -l=false -m=minfly -lg=cpp -i=""$0""'",5,/home/guests/mmacri/AMOSUM/benchmarks/GraphColouring/test-instances-gc/0007-graph_colouring-125-0_2400.asp,32,566089711,4391896,10900292,632,1461000228,12273,2948620815,6,60996,0.044489,0.639785657,0.56812,1,47724,35196,76324,0.066211,0.623173,L3:0=fff;1=040,30000000,Thu Apr 2 12:29:08 PM UTC 2026,5409570_1232,coppernode27
"sh -c 'amoclingo -e=/home/guests/mmacri/AMOSUM/benchmarks/GraphColouring/encoding-amosum-eo.asp -l=false -m=minfly -lg=cpp -i=""$0""'",5,/home/guests/mmacri/AMOSUM/benchmarks/GraphColouring/test-instances-gc/0009-graph_colouring-125-0_6000.asp,45,2290449352,6873962,18778705,473,4107927831,13086,12673987422,4,171261,0.027965,1.724306642,1.686957,1,64164,35200,98416,0.03371,1.75807,L3:0=fff;1=040,30000000,Thu Apr 2 12:29:16 PM UTC 2026,5409570_1245,coppernode25
"sh -c 'amoclingo -e=/home/guests/mmacri/AMOSUM/benchmarks/GraphColouring/encoding-amosum-eo.asp -l=false -m=minfly -lg=cpp -i=""$0""'",5,/home/guests/mmacri/AMOSUM/benchmarks/GraphColouring/test-instances-gc/0043-graph_colouring-145-0_2784.asp,212,172952893473,8646681794,21354915672,1379,1193659196846,15757,1373014726654,4,49736125,0.09239,497.48586352,497.272764,1,73104,37300,106716,0.096584,497.346,L3:0=fff;1=004,00300000,Thu Apr 2 02:45:51 PM UTC 2026,5409570_1412,coppernode24
"sh -c 'amoclingo -e=/home/guests/mmacri/AMOSUM/benchmarks/GraphColouring/encoding-amosum-eo.asp -l=false -m=minfly -lg=cpp -i=""$0""'",5,/home/guests/mmacri/AMOSUM/benchmarks/GraphColouring/test-instances-gc/0053-graph_colouring-150-0_7200.asp,265,13759687481,378935234,492646793,949,33504350969,35361,73461137642,4,1396181,0.117783,14.066268706,13.84751,1,146444,97972,185028,0.129642,13.9124,L3:0=010;1=fff,00000300,Thu Apr 2 02:51:23 PM UTC 2026,5409570_1465,coppernode29
"sh -c 'amoclingo -e=/home/guests/mmacri/AMOSUM/benchmarks/GraphColouring/encoding-amosum-eo.asp -l=false -m=minfly -lg=cpp -i=""$0""'",5,/home/guests/mmacri/AMOSUM/benchmarks/GraphColouring/test-instances-gc/0057-graph_colouring-150-0_1440.asp,281,68948128194,1918025547,5581552393,823,408744510922,15045,533216179121,4,17031206,0.066007,170.345812286,170.248586,1,69316,37832,103280,0.083681,170.308,L3:0=fff;1=008,00c00000,Thu Apr 2 02:52:30 PM UTC 2026,5409570_1481,coppernode29
"sh -c 'amoclingo -e=/home/guests/mmacri/AMOSUM/benchmarks/GraphColouring/encoding-amosum-eo.asp -l=false -m=minfly -lg=cpp -i=""$0""'",5,/home/guests/mmacri/AMOSUM/benchmarks/GraphColouring/test-instances-gc/0044-graph_colouring-145-0_4176.asp,218,37424690321,579535851,1913460808,599,196371111929,14504,282538658748,4,8182289,0.044263,81.836919318,81.781028,1,67336,37280,101796,0.066584,81.8354,L3:0=010;1=fff,00000300,Thu Apr 2 02:46:27 PM UTC 2026,5409570_1418,coppernode23
"sh -c 'amoclingo -e=/home/guests/mmacri/AMOSUM/benchmarks/GraphColouring/encoding-amosum-eo.asp -l=false -m=minfly -lg=cpp -i=""$0""'",5,/home/guests/mmacri/AMOSUM/benchmarks/GraphColouring/test-instances-gc/0013-graph_colouring-130-0_4992.asp,64,1363174038571,17384056734,31412917550,2511,2891729512648,22571,7787694515473,4,120489637,0.111227,1204.952462997,1204.790448,1,103016,53796,139788,0.135057,1204.84,L3:0=002;1=fff,0000000c,Thu Apr 2 12:30:13 PM UTC 2026,5409570_1264,coppernode25
"sh -c 'amoclingo -e=/home/guests/mmacri/AMOSUM/benchmarks/GraphColouring/encoding-amosum-eo.asp -l=false -m=minfly -lg=cpp -i=""$0""'",5,/home/guests/mmacri/AMOSUM/benchmarks/GraphColouring/test-instances-gc/0003-graph_colouring-125-0_3600.asp,13,1222460435013,22969820301,43024087889,1024,2891845146108,25848,7047436999329,2,120493895,0.08469,1204.952493662,1204.856805,1,115228,66440,150624,0.104363,1204.91,L3:0=fff;1=004,00300000,Thu Apr 2 12:28:35 PM UTC 2026,5409570_1213,coppernode27
"sh -c 'amoclingo -e=/home/guests/mmacri/AMOSUM/benchmarks/GraphColouring/encoding-amosum-eo.asp -l=false -m=minfly -lg=cpp -i=""$0""'",5,/home/guests/mmacri/AMOSUM/benchmarks/GraphColouring/test-instances-gc/0037-graph_colouring-140-0_2688.asp,182,395836849387,23258870329,54004291853,1369,2891833288260,16824,3175315775638,4,120493557,0.068169,1204.95446882,1204.870477,1,77924,36840,111748,0.086313,1204.93,L3:0=020;1=fff,00000c00,Thu Apr 2 02:41:06 PM UTC 2026,5409570_1382,coppernode27
"sh -c 'amoclingo -e=/home/guests/mmacri/AMOSUM/benchmarks/GraphColouring/encoding-amosum-eo.asp -l=false -m=minfly -lg=cpp -i=""$0""'",5,/home/guests/mmacri/AMOSUM/benchmarks/GraphColouring/test-instances-gc/0004-graph_colouring-125-0_4800.asp,19,666552956985,7533680427,14388583109,868,1382554202311,20267,3812890267486,4,57606649,0.091451,576.078667306,575.977614,1,93600,44364,129988,0.096275,576.05,L3:0=fff;1=010,03000000,Thu Apr 2 12:28:45 PM UTC 2026,5409570_1219,coppernode30
"sh -c 'amoclingo -e=/home/guests/mmacri/AMOSUM/benchmarks/GraphColouring/encoding-amosum-eo.asp -l=false -m=minfly -lg=cpp -i=""$0""'",5,/home/guests/mmacri/AMOSUM/benchmarks/GraphColouring/test-instances-gc/0016-graph_colouring-130-0_6240.asp,80,2989906818,14532725,35620511,911,5558885808,14429,16581778261,4,231769,0.07018,2.431041578,2.250974,1,69484,35988,103136,0.092882,2.30558,L3:0=fff;1=010,03000000,Thu Apr 2 12:30:47 PM UTC 2026,5409570_1280,coppernode27
"sh -c 'amoclingo -e=/home/guests/mmacri/AMOSUM/benchmarks/GraphColouring/encoding-amosum-eo.asp -l=false -m=minfly -lg=cpp -i=""$0""'",5,/home/guests/mmacri/AMOSUM/benchmarks/GraphColouring/test-instances-gc/0038-graph_colouring-140-0_4032.asp,188,376700333899,25661204139,57818751205,1319,2891842736078,16699,3028182540294,4,120494010,0.070491,1204.956148993,1204.872385,1,77320,36520,111592,0.083891,1204.94,L3:0=080;1=fff,0000c000,Thu Apr 2 02:42:09 PM UTC 2026,5409570_1388,coppernode25
"sh -c 'amoclingo -e=/home/guests/mmacri/AMOSUM/benchmarks/GraphColouring/encoding-amosum-eo.asp -l=false -m=minfly -lg=cpp -i=""$0""'",5,/home/guests/mmacri/AMOSUM/benchmarks/GraphColouring/test-instances-gc/0034-graph_colouring-140-0_1344.asp,166,153585919367,6249448006,16255236021,889,1002496668448,15131,1209921484953,4,41770997,0.073816,417.727103896,417.63936,1,72232,36752,106028,0.085684,417.704,L3:0=040;1=fff,00003000,Thu Apr 2 02:39:41 PM UTC 2026,5409570_1366,coppernode23
"sh -c 'amoclingo -e=/home/guests/mmacri/AMOSUM/benchmarks/GraphColouring/encoding-amosum-eo.asp -l=false -m=minfly -lg=cpp -i=""$0""'",5,/home/guests/mmacri/AMOSUM/benchmarks/GraphColouring/test-instances-gc/0023-graph_colouring-135-0_1296.asp,111,2480898170,13245750,42292672,483,9348746759,13403,16422222716,5,389641,0.074665,3.905837685,3.823958,1,63916,35996,97544,0.079429,3.89595,L3:0=002;1=fff,0000000c,Thu Apr 2 12:36:11 PM UTC 2026,5409570_1311,coppernode26
"sh -c 'amoclingo -e=/home/guests/mmacri/AMOSUM/benchmarks/GraphColouring/encoding-amosum-eo.asp -l=false -m=minfly -lg=cpp -i=""$0""'",5,/home/guests/mmacri/AMOSUM/benchmarks/GraphColouring/test-instances-gc/0052-graph_colouring-150-0_2880.asp,257,400609874071,21854915632,52137104233,1256,2891853496807,17464,3187756024864,2,120494358,0.067609,1204.955368358,1204.878597,1,79884,37308,113500,0.075483,1204.95,L3:0=010;1=fff,00000300,Thu Apr 2 02:50:55 PM UTC 2026,5409570_1457,coppernode21
"sh -c 'amoclingo -e=/home/guests/mmacri/AMOSUM/benchmarks/GraphColouring/encoding-amosum-eo.asp -l=false -m=minfly -lg=cpp -i=""$0""'",5,/home/guests/mmacri/AMOSUM/benchmarks/GraphColouring/test-instances-gc/0044-graph_colouring-145-0_6960.asp,220,4250121824,16016181,39959133,503,7561297793,14643,23768670752,4,315163,0.055983,3.163596854,3.098039,1,68020,37280,102400,0.065186,3.16543,L3:0=040;1=fff,00003000,Thu Apr 2 02:46:39 PM UTC 2026,5409570_1420,coppernode23
"sh -c 'amoclingo -e=/home/guests/mmacri/AMOSUM/benchmarks/GraphColouring/encoding-amosum-eo.asp -l=false -m=minfly -lg=cpp -i=""$0""'",5,/home/guests/mmacri/AMOSUM/benchmarks/GraphColouring/test-instances-gc/0001-graph_colouring-125-0_1200.asp,1,1705715725,7879180,25258739,723,6092079413,12998,11009035081,5,253959,0.06751,2.627431279,2.47478,1,63664,35192,97660,0.083281,2.53559,L3:0=fff;1=008,00c00000,Thu Apr 2 12:28:08 PM UTC 2026,5409570_1201,coppernode28
"sh -c 'amoclingo -e=/home/guests/mmacri/AMOSUM/benchmarks/GraphColouring/encoding-amosum-eo.asp -l=false -m=minfly -lg=cpp -i=""$0""'",5,/home/guests/mmacri/AMOSUM/benchmarks/GraphColouring/test-instances-gc/0026-graph_colouring-135-0_5184.asp,129,1390532298242,37734072396,72606988969,1695,2891713899556,109163,5588009869943,4,120488605,0.305345,1204.998600105,1204.585008,1,436148,387900,496912,0.317941,1204.65,L3:0=040;1=fff,00003000,Thu Apr 2 12:40:40 PM UTC 2026,5409570_1329,coppernode25
"sh -c 'amoclingo -e=/home/guests/mmacri/AMOSUM/benchmarks/GraphColouring/encoding-amosum-eo.asp -l=false -m=minfly -lg=cpp -i=""$0""'",5,/home/guests/mmacri/AMOSUM/benchmarks/GraphColouring/test-instances-gc/0005-graph_colouring-125-0_1200.asp,21,1475381421,6597648,20460387,632,5074525371,12905,9347362193,5,211563,0.040521,2.147960746,2.077716,1,62440,35228,96632,0.049741,2.14505,L3:0=010;1=fff,00000300,Thu Apr 2 12:29:00 PM UTC 2026,5409570_1221,coppernode23
"sh -c 'amoclingo -e=/home/guests/mmacri/AMOSUM/benchmarks/GraphColouring/encoding-amosum-eo.asp -l=false -m=minfly -lg=cpp -i=""$0""'",5,/home/guests/mmacri/AMOSUM/benchmarks/GraphColouring/test-instances-gc/0012-graph_colouring-130-0_1248.asp,56,19541015112,117525842,457108580,536,87686044530,13861,141445740041,5,3653713,0.053143,36.546848564,36.48607,1,67208,35464,100840,0.053143,36.563,L3:0=002;1=fff,0000000c,Thu Apr 2 12:29:36 PM UTC 2026,5409570_1256,coppernode25
"sh -c 'amoclingo -e=/home/guests/mmacri/AMOSUM/benchmarks/GraphColouring/encoding-amosum-eo.asp -l=false -m=minfly -lg=cpp -i=""$0""'",5,/home/guests/mmacri/AMOSUM/benchmarks/GraphColouring/test-instances-gc/0025-graph_colouring-135-0_3888.asp,123,1412960021964,34877818197,70575776903,1691,2891717749471,120752,5760558024882,4,120488858,0.283398,1205.008984301,1204.609637,1,487020,438880,551284,0.297868,1204.67,L3:0=fff;1=040,30000000,Thu Apr 2 12:39:24 PM UTC 2026,5409570_1323,coppernode21
"sh -c 'amoclingo -e=/home/guests/mmacri/AMOSUM/benchmarks/GraphColouring/encoding-amosum-eo.asp -l=false -m=minfly -lg=cpp -i=""$0""'",5,/home/guests/mmacri/AMOSUM/benchmarks/GraphColouring/test-instances-gc/0031-graph_colouring-140-0_5376.asp,154,1416032280630,16064942218,29392164190,1261,2891845078235,22576,8084530278181,2,120493964,0.079902,1204.954656825,1204.861633,1,101592,52528,138452,0.100449,1204.92,L3:0=fff;1=008,00c00000,Thu Apr 2 02:38:58 PM UTC 2026,5409570_1354,coppernode24
"sh -c 'amoclingo -e=/home/guests/mmacri/AMOSUM/benchmarks/GraphColouring/encoding-amosum-eo.asp -l=false -m=minfly -lg=cpp -i=""$0""'",5,/home/guests/mmacri/AMOSUM/benchmarks/GraphColouring/test-instances-gc/0032-graph_colouring-140-0_5376.asp,159,753690063542,9296720981,17117050247,1162,1593455922529,22353,4313494704530,2,66394367,0.072768,663.960340634,663.873434,1,99696,50796,135788,0.081417,663.942,L3:0=fff;1=002,000c0000,Thu Apr 2 02:39:08 PM UTC 2026,5409570_1359,coppernode24
"sh -c 'amoclingo -e=/home/guests/mmacri/AMOSUM/benchmarks/GraphColouring/encoding-amosum-eo.asp -l=false -m=minfly -lg=cpp -i=""$0""'",5,/home/guests/mmacri/AMOSUM/benchmarks/GraphColouring/test-instances-gc/0011-graph_colouring-130-0_1248.asp,51,423756027782,21884475669,52935755872,1139,2891859089884,16129,3348832615505,2,120494545,0.053498,1204.953814382,1204.894777,1,77192,35496,111352,0.082498,1204.94,L3:0=fff;1=004,00300000,Thu Apr 2 12:29:21 PM UTC 2026,5409570_1251,coppernode22
"sh -c 'amoclingo -e=/home/guests/mmacri/AMOSUM/benchmarks/GraphColouring/encoding-amosum-eo.asp -l=false -m=minfly -lg=cpp -i=""$0""'",5,/home/guests/mmacri/AMOSUM/benchmarks/GraphColouring/test-instances-gc/0006-graph_colouring-125-0_1200.asp,26,809383934,5013147,13339112,475,2404249613,12674,4637375265,5,100289,0.059975,1.012885915,0.945119,1,61468,35188,95812,0.073246,1.00831,L3:0=020;1=fff,00000c00,Thu Apr 2 12:29:04 PM UTC 2026,5409570_1226,coppernode24
"sh -c 'amoclingo -e=/home/guests/mmacri/AMOSUM/benchmarks/GraphColouring/encoding-amosum-eo.asp -l=false -m=minfly -lg=cpp -i=""$0""'",5,/home/guests/mmacri/AMOSUM/benchmarks/GraphColouring/test-instances-gc/0031-graph_colouring-140-0_4032.asp,153,149089126788,6913389500,17387956359,1338,994052242141,15315,1176681929018,6,41419145,0.080758,414.323067273,414.114784,1,72888,36508,107092,0.107942,414.165,L3:0=fff;1=004,00300000,Thu Apr 2 02:38:56 PM UTC 2026,5409570_1353,coppernode24
"sh -c 'amoclingo -e=/home/guests/mmacri/AMOSUM/benchmarks/GraphColouring/encoding-amosum-eo.asp -l=false -m=minfly -lg=cpp -i=""$0""'",5,/home/guests/mmacri/AMOSUM/benchmarks/GraphColouring/test-instances-gc/0025-graph_colouring-135-0_5184.asp,124,1309384988068,38068884727,69438239121,1820,2891708145212,102399,5379184715253,6,120488444,0.299801,1205.003124539,1204.588086,1,409924,361756,466728,0.323349,1204.64,L3:0=fff;1=010,03000000,Thu Apr 2 12:39:28 PM UTC 2026,5409570_1324,coppernode26
"sh -c 'amoclingo -e=/home/guests/mmacri/AMOSUM/benchmarks/GraphColouring/encoding-amosum-eo.asp -l=false -m=minfly -lg=cpp -i=""$0""'",5,/home/guests/mmacri/AMOSUM/benchmarks/GraphColouring/test-instances-gc/0046-graph_colouring-145-0_2784.asp,227,83029208544,2615399965,7400114215,1114,510736026389,15081,646499788916,8,21280924,0.064533,212.932282181,212.748426,1,69744,37572,104076,0.077167,212.813,L3:0=fff;1=004,00300000,Thu Apr 2 02:47:33 PM UTC 2026,5409570_1427,coppernode21
"sh -c 'amoclingo -e=/home/guests/mmacri/AMOSUM/benchmarks/GraphColouring/encoding-amosum-eo.asp -l=false -m=minfly -lg=cpp -i=""$0""'",5,/home/guests/mmacri/AMOSUM/benchmarks/GraphColouring/test-instances-gc/0050-graph_colouring-145-0_6960.asp,250,5081873617,36047266,80663727,499,9839736468,15352,28684008785,4,410104,0.055847,4.113027941,4.047642,1,71860,37052,105568,0.060838,4.1197,L3:0=020;1=fff,00000c00,Thu Apr 2 02:49:41 PM UTC 2026,5409570_1450,coppernode26
"sh -c 'amoclingo -e=/home/guests/mmacri/AMOSUM/benchmarks/GraphColouring/encoding-amosum-eo.asp -l=false -m=minfly -lg=cpp -i=""$0""'",5,/home/guests/mmacri/AMOSUM/benchmarks/GraphColouring/test-instances-gc/0002-graph_colouring-125-0_1200.asp,6,411943688129,22517046196,53924428371,1753,2891607693812,16030,3291475395100,4,120484255,0.085111,1204.952728534,1204.759915,1,76984,35456,111264,0.094237,1204.83,L3:0=008;1=fff,000000c0,Thu Apr 2 12:28:17 PM UTC 2026,5409570_1206,coppernode29
"sh -c 'amoclingo -e=/home/guests/mmacri/AMOSUM/benchmarks/GraphColouring/encoding-amosum-eo.asp -l=false -m=minfly -lg=cpp -i=""$0""'",5,/home/guests/mmacri/AMOSUM/benchmarks/GraphColouring/test-instances-gc/0003-graph_colouring-125-0_4800.asp,14,921582732627,10465468054,19748847646,946,1883208898135,20398,5274335127307,4,78467376,0.064453,784.682906109,784.611819,1,94240,45440,130028,0.081081,784.672,L3:0=fff;1=008,00c00000,Thu Apr 2 12:28:36 PM UTC 2026,5409570_1214,coppernode22
"sh -c 'amoclingo -e=/home/guests/mmacri/AMOSUM/benchmarks/GraphColouring/encoding-amosum-eo.asp -l=false -m=minfly -lg=cpp -i=""$0""'",5,/home/guests/mmacri/AMOSUM/benchmarks/GraphColouring/test-instances-gc/0013-graph_colouring-130-0_3744.asp,63,1222220168600,22596105770,41737696907,1123,2891844998883,26936,6985159709993,2,120493930,0.075962,1204.954114631,1204.866056,1,119784,70728,157540,0.100366,1204.92,L3:0=fff;1=010,03000000,Thu Apr 2 12:30:08 PM UTC 2026,5409570_1263,coppernode24
"sh -c 'amoclingo -e=/home/guests/mmacri/AMOSUM/benchmarks/GraphColouring/encoding-amosum-eo.asp -l=false -m=minfly -lg=cpp -i=""$0""'",5,/home/guests/mmacri/AMOSUM/benchmarks/GraphColouring/test-instances-gc/0037-graph_colouring-140-0_6720.asp,185,2777423457,6879623,18138904,491,4755520900,13687,15329121049,6,198255,0.047164,1.994290571,1.937574,1,66212,36496,100244,0.05963,2.00159,L3:0=004;1=fff,00000030,Thu Apr 2 02:41:29 PM UTC 2026,5409570_1385,coppernode30
"sh -c 'amoclingo -e=/home/guests/mmacri/AMOSUM/benchmarks/GraphColouring/encoding-amosum-eo.asp -l=false -m=minfly -lg=cpp -i=""$0""'",5,/home/guests/mmacri/AMOSUM/benchmarks/GraphColouring/test-instances-gc/0018-graph_colouring-130-0_2496.asp,87,391786484783,24228637026,54180253056,1284,2891746531087,16566,3137297925726,6,120489972,0.07955,1204.952847787,1204.822593,1,77732,35776,111568,0.101151,1204.88,L3:0=040;1=fff,00003000,Thu Apr 2 12:30:58 PM UTC 2026,5409570_1287,coppernode24
"sh -c 'amoclingo -e=/home/guests/mmacri/AMOSUM/benchmarks/GraphColouring/encoding-amosum-eo.asp -l=false -m=minfly -lg=cpp -i=""$0""'",5,/home/guests/mmacri/AMOSUM/benchmarks/GraphColouring/test-instances-gc/0014-graph_colouring-130-0_4992.asp,69,653287317845,8634974670,15896777521,1310,1400098695439,21326,3737065652073,8,58337767,0.064788,583.480667354,583.316618,1,96744,47916,132348,0.074643,583.383,L3:0=040;1=fff,00003000,Thu Apr 2 12:30:28 PM UTC 2026,5409570_1269,coppernode30
"sh -c 'amoclingo -e=/home/guests/mmacri/AMOSUM/benchmarks/GraphColouring/encoding-amosum-eo.asp -l=false -m=minfly -lg=cpp -i=""$0""'",5,/home/guests/mmacri/AMOSUM/benchmarks/GraphColouring/test-instances-gc/0024-graph_colouring-135-0_1296.asp,116,399577547840,23829589413,55633563182,1208,2891836054242,16127,3194641823791,6,120493583,0.055995,1204.951789324,1204.882653,1,74796,36248,109244,0.079675,1204.94,L3:0=fff;1=020,0c000000,Thu Apr 2 12:37:28 PM UTC 2026,5409570_1316,coppernode28
"sh -c 'amoclingo -e=/home/guests/mmacri/AMOSUM/benchmarks/GraphColouring/encoding-amosum-eo.asp -l=false -m=minfly -lg=cpp -i=""$0""'",5,/home/guests/mmacri/AMOSUM/benchmarks/GraphColouring/test-instances-gc/0033-graph_colouring-140-0_1344.asp,161,405246551221,23875511458,55952264694,1824,2891411471483,16376,3236733547799,4,120476018,0.084489,1204.910098908,1204.680081,1,75756,36840,109680,0.101297,1204.74,L3:0=040;1=fff,00003000,Thu Apr 2 02:39:25 PM UTC 2026,5409570_1361,coppernode27
"sh -c 'amoclingo -e=/home/guests/mmacri/AMOSUM/benchmarks/GraphColouring/encoding-amosum-eo.asp -l=false -m=minfly -lg=cpp -i=""$0""'",5,/home/guests/mmacri/AMOSUM/benchmarks/GraphColouring/test-instances-gc/0053-graph_colouring-150-0_2880.asp,262,375983579562,26029030591,58164974838,1328,2891856289332,16978,3031652951290,2,120494530,0.080247,1204.955285957,1204.868085,1,76788,37900,111312,0.089508,1204.94,L3:0=010;1=fff,00000300,Thu Apr 2 02:51:11 PM UTC 2026,5409570_1462,coppernode25
"sh -c 'amoclingo -e=/home/guests/mmacri/AMOSUM/benchmarks/GraphColouring/encoding-amosum-eo.asp -l=false -m=minfly -lg=cpp -i=""$0""'",5,/home/guests/mmacri/AMOSUM/benchmarks/GraphColouring/test-instances-gc/0043-graph_colouring-145-0_6960.asp,215,3913678425,18286610,43789613,495,7059287448,15124,21758624254,4,294255,0.060707,2.953525607,2.884083,1,70924,37368,104440,0.080456,2.94101,L3:0=fff;1=004,00300000,Thu Apr 2 02:46:09 PM UTC 2026,5409570_1415,coppernode21
"sh -c 'amoclingo -e=/home/guests/mmacri/AMOSUM/benchmarks/GraphColouring/encoding-amosum-eo.asp -l=false -m=minfly -lg=cpp -i=""$0""'",5,/home/guests/mmacri/AMOSUM/benchmarks/GraphColouring/test-instances-gc/0054-graph_colouring-150-0_4320.asp,268,986272943289,33840083168,75763776861,2241,2891964844812,176941,4496836129285,4,120499389,0.455745,1205.021571726,1204.542631,1,701392,652660,773432,0.46767,1204.61,L3:0=fff;1=002,000c0000,Thu Apr 2 02:51:31 PM UTC 2026,5409570_1468,coppernode21
"sh -c 'amoclingo -e=/home/guests/mmacri/AMOSUM/benchmarks/GraphColouring/encoding-amosum-eo.asp -l=false -m=minfly -lg=cpp -i=""$0""'",5,/home/guests/mmacri/AMOSUM/benchmarks/GraphColouring/test-instances-gc/0058-graph_colouring-150-0_1440.asp,286,388834776153,25401517315,57358622014,1365,2891806718573,16886,3108653390488,2,120492467,0.096548,1204.95498929,1204.831705,1,77624,37632,112016,0.116308,1204.89,L3:0=fff;1=020,0c000000,Thu Apr 2 02:52:45 PM UTC 2026,5409570_1486,coppernode21
"sh -c 'amoclingo -e=/home/guests/mmacri/AMOSUM/benchmarks/GraphColouring/encoding-amosum-eo.asp -l=false -m=minfly -lg=cpp -i=""$0""'",5,/home/guests/mmacri/AMOSUM/benchmarks/GraphColouring/test-instances-gc/0028-graph_colouring-135-0_6480.asp,140,8888077718,242338108,327245284,917,21790221222,31164,48675942272,6,908088,0.085664,9.187798875,8.998496,1,132188,83012,169404,0.105511,9.05575,L3:0=080;1=fff,0000c000,Thu Apr 2 12:43:41 PM UTC 2026,5409570_1340,coppernode25
"sh -c 'amoclingo -e=/home/guests/mmacri/AMOSUM/benchmarks/GraphColouring/encoding-amosum-eo.asp -l=false -m=minfly -lg=cpp -i=""$0""'",5,/home/guests/mmacri/AMOSUM/benchmarks/GraphColouring/test-instances-gc/0028-graph_colouring-135-0_2592.asp,137,417367094404,19323455015,47777885076,2297,2891560094754,16154,3316491941819,3,120482277,0.073961,1204.95337782,1204.753751,1,76456,35968,109936,0.089827,1204.81,L3:0=fff;1=002,000c0000,Thu Apr 2 12:42:16 PM UTC 2026,5409570_1337,coppernode30
"sh -c 'amoclingo -e=/home/guests/mmacri/AMOSUM/benchmarks/GraphColouring/encoding-amosum-eo.asp -l=false -m=minfly -lg=cpp -i=""$0""'",5,/home/guests/mmacri/AMOSUM/benchmarks/GraphColouring/test-instances-gc/0010-graph_colouring-125-0_3600.asp,48,1301870861020,23850420591,48009470015,1230,2891976749822,137456,7062133840642,4,120499487,0.424718,1205.005892017,1204.572238,1,545068,496300,584944,0.440572,1204.63,L3:0=008;1=fff,000000c0,Thu Apr 2 12:29:17 PM UTC 2026,5409570_1248,coppernode21
"sh -c 'amoclingo -e=/home/guests/mmacri/AMOSUM/benchmarks/GraphColouring/encoding-amosum-eo.asp -l=false -m=minfly -lg=cpp -i=""$0""'",5,/home/guests/mmacri/AMOSUM/benchmarks/GraphColouring/test-instances-gc/0009-graph_colouring-125-0_2400.asp,42,1403685216,7336054,22756028,887,4854173536,12902,8840086185,8,202398,0.051996,2.142838711,1.975375,1,62340,35232,96648,0.065137,2.03884,L3:0=fff;1=004,00300000,Thu Apr 2 12:29:15 PM UTC 2026,5409570_1242,coppernode22
"sh -c 'amoclingo -e=/home/guests/mmacri/AMOSUM/benchmarks/GraphColouring/encoding-amosum-eo.asp -l=false -m=minfly -lg=cpp -i=""$0""'",5,/home/guests/mmacri/AMOSUM/benchmarks/GraphColouring/test-instances-gc/0007-graph_colouring-125-0_6000.asp,35,2242362742,6870785,18853089,717,4045690513,13076,12382219960,4,168692,0.04872,1.77763246,1.641217,1,65436,34932,98792,0.062009,1.7044,L3:0=fff;1=040,30000000,Thu Apr 2 12:29:09 PM UTC 2026,5409570_1235,coppernode27
"sh -c 'amoclingo -e=/home/guests/mmacri/AMOSUM/benchmarks/GraphColouring/encoding-amosum-eo.asp -l=false -m=minfly -lg=cpp -i=""$0""'",5,/home/guests/mmacri/AMOSUM/benchmarks/GraphColouring/test-instances-gc/0050-graph_colouring-145-0_5568.asp,249,1345436669911,17833448300,31927415115,1659,2891512744778,23626,7708019955586,4,120480146,0.080414,1204.954756006,1204.725115,1,104876,55732,140884,0.096895,1204.79,L3:0=fff;1=020,0c000000,Thu Apr 2 02:49:26 PM UTC 2026,5409570_1449,coppernode27
"sh -c 'amoclingo -e=/home/guests/mmacri/AMOSUM/benchmarks/GraphColouring/encoding-amosum-eo.asp -l=false -m=minfly -lg=cpp -i=""$0""'",5,/home/guests/mmacri/AMOSUM/benchmarks/GraphColouring/test-instances-gc/0047-graph_colouring-145-0_5568.asp,234,1350427678692,18055614447,32052085260,1301,2891828117864,24348,7713985142268,2,120493314,0.107631,1204.953895989,1204.828548,1,107536,58964,144152,0.112686,1204.9,L3:0=010;1=fff,00000300,Thu Apr 2 02:47:49 PM UTC 2026,5409570_1434,coppernode23
"sh -c 'amoclingo -e=/home/guests/mmacri/AMOSUM/benchmarks/GraphColouring/encoding-amosum-eo.asp -l=false -m=minfly -lg=cpp -i=""$0""'",5,/home/guests/mmacri/AMOSUM/benchmarks/GraphColouring/test-instances-gc/0049-graph_colouring-145-0_4176.asp,243,1294748925194,20568158064,37847888563,1632,2891629761755,27749,7473607009928,7,120485003,0.092852,1204.954945516,1204.761091,1,117808,69464,153804,0.111583,1204.82,L3:0=040;1=fff,00003000,Thu Apr 2 02:49:13 PM UTC 2026,5409570_1443,coppernode30
"sh -c 'amoclingo -e=/home/guests/mmacri/AMOSUM/benchmarks/GraphColouring/encoding-amosum-eo.asp -l=false -m=minfly -lg=cpp -i=""$0""'",5,/home/guests/mmacri/AMOSUM/benchmarks/GraphColouring/test-instances-gc/0019-graph_colouring-130-0_4992.asp,94,1067556172082,14335015571,26081719684,1400,2301550425863,21636,6103514038369,4,95898448,0.066302,959.007760434,958.920835,1,99160,49840,135564,0.086589,958.977,L3:0=004;1=fff,00000030,Thu Apr 2 12:31:18 PM UTC 2026,5409570_1294,coppernode23
"sh -c 'amoclingo -e=/home/guests/mmacri/AMOSUM/benchmarks/GraphColouring/encoding-amosum-eo.asp -l=false -m=minfly -lg=cpp -i=""$0""'",5,/home/guests/mmacri/AMOSUM/benchmarks/GraphColouring/test-instances-gc/0021-graph_colouring-135-0_6480.asp,105,7190552679,141696926,203813054,917,15390386624,25179,38808687739,4,641412,0.069365,6.515706491,6.347923,1,108360,60548,145108,0.086989,6.40738,L3:0=fff;1=008,00c00000,Thu Apr 2 12:33:26 PM UTC 2026,5409570_1305,coppernode23
"sh -c 'amoclingo -e=/home/guests/mmacri/AMOSUM/benchmarks/GraphColouring/encoding-amosum-eo.asp -l=false -m=minfly -lg=cpp -i=""$0""'",5,/home/guests/mmacri/AMOSUM/benchmarks/GraphColouring/test-instances-gc/0035-graph_colouring-140-0_2688.asp,172,399746078211,24390875092,56185332776,2026,2891813506299,16366,3188139459997,4,120492932,0.068126,1204.954848241,1204.864578,1,76808,36252,111200,0.080006,1204.93,L3:0=002;1=fff,0000000c,Thu Apr 2 02:40:10 PM UTC 2026,5409570_1372,coppernode21
"sh -c 'amoclingo -e=/home/guests/mmacri/AMOSUM/benchmarks/GraphColouring/encoding-amosum-eo.asp -l=false -m=minfly -lg=cpp -i=""$0""'",5,/home/guests/mmacri/AMOSUM/benchmarks/GraphColouring/test-instances-gc/0014-graph_colouring-130-0_6240.asp,70,2582081198,11052749,27986535,732,4772981523,13834,14358002281,10,198999,0.068333,2.101850658,1.924754,1,67016,35992,100844,0.076191,1.99324,L3:0=fff;1=080,c0000000,Thu Apr 2 12:30:32 PM UTC 2026,5409570_1270,coppernode25
"sh -c 'amoclingo -e=/home/guests/mmacri/AMOSUM/benchmarks/GraphColouring/encoding-amosum-eo.asp -l=false -m=minfly -lg=cpp -i=""$0""'",5,/home/guests/mmacri/AMOSUM/benchmarks/GraphColouring/test-instances-gc/0040-graph_colouring-140-0_1344.asp,196,378990295769,26249177242,58461876630,1560,2891823120538,16405,3058419067092,2,120493198,0.041747,1204.955741161,1204.894249,1,75932,37036,109752,0.058075,1204.95,L3:0=080;1=fff,0000c000,Thu Apr 2 02:43:10 PM UTC 2026,5409570_1396,coppernode24
"sh -c 'amoclingo -e=/home/guests/mmacri/AMOSUM/benchmarks/GraphColouring/encoding-amosum-eo.asp -l=false -m=minfly -lg=cpp -i=""$0""'",5,/home/guests/mmacri/AMOSUM/benchmarks/GraphColouring/test-instances-gc/0036-graph_colouring-140-0_4032.asp,178,1204888689954,21228428866,38679422565,1373,2891807804177,28054,7002262765072,2,120492422,0.118433,1204.954997096,1204.809338,1,121960,73612,157928,0.140213,1204.86,L3:0=fff;1=040,30000000,Thu Apr 2 02:41:01 PM UTC 2026,5409570_1378,coppernode28
"sh -c 'amoclingo -e=/home/guests/mmacri/AMOSUM/benchmarks/GraphColouring/encoding-amosum-eo.asp -l=false -m=minfly -lg=cpp -i=""$0""'",5,/home/guests/mmacri/AMOSUM/benchmarks/GraphColouring/test-instances-gc/0059-graph_colouring-150-0_7200.asp,295,13782110165,482849932,634538568,532,36536933552,40071,76697535224,4,1522487,0.128392,15.236991328,15.09857,1,165336,116628,205092,0.140278,15.1636,L3:0=fff;1=004,00300000,Thu Apr 2 02:53:06 PM UTC 2026,5409570_1495,coppernode29
"sh -c 'amoclingo -e=/home/guests/mmacri/AMOSUM/benchmarks/GraphColouring/encoding-amosum-eo.asp -l=false -m=minfly -lg=cpp -i=""$0""'",5,/home/guests/mmacri/AMOSUM/benchmarks/GraphColouring/test-instances-gc/0055-graph_colouring-150-0_1440.asp,271,397543617841,24078974129,55724757000,1212,2891854225410,16893,3168033298803,2,120494417,0.077354,1204.95502736,1204.870505,1,77620,37368,111480,0.085231,1204.94,L3:0=fff;1=040,30000000,Thu Apr 2 02:51:54 PM UTC 2026,5409570_1471,coppernode21
"sh -c 'amoclingo -e=/home/guests/mmacri/AMOSUM/benchmarks/GraphColouring/encoding-amosum-eo.asp -l=false -m=minfly -lg=cpp -i=""$0""'",5,/home/guests/mmacri/AMOSUM/benchmarks/GraphColouring/test-instances-gc/0042-graph_colouring-145-0_1392.asp,206,267558469426,14695915740,35263322426,1127,1868320676580,15924,2123363720016,4,77847155,0.049836,778.484751868,778.424531,1,73788,37020,107644,0.049836,778.501,L3:0=080;1=fff,0000c000,Thu Apr 2 02:45:06 PM UTC 2026,5409570_1406,coppernode22
"sh -c 'amoclingo -e=/home/guests/mmacri/AMOSUM/benchmarks/GraphColouring/encoding-amosum-eo.asp -l=false -m=minfly -lg=cpp -i=""$0""'",5,/home/guests/mmacri/AMOSUM/benchmarks/GraphColouring/test-instances-gc/0039-graph_colouring-140-0_2688.asp,192,399533522448,22710464240,53896973643,1666,2891745942150,16587,3202009244596,2,120489971,0.083605,1204.956163516,1204.818816,1,76500,36780,110396,0.088693,1204.89,L3:0=004;1=fff,00000030,Thu Apr 2 02:42:52 PM UTC 2026,5409570_1392,coppernode27
"sh -c 'amoclingo -e=/home/guests/mmacri/AMOSUM/benchmarks/GraphColouring/encoding-amosum-eo.asp -l=false -m=minfly -lg=cpp -i=""$0""'",5,/home/guests/mmacri/AMOSUM/benchmarks/GraphColouring/test-instances-gc/0015-graph_colouring-130-0_4992.asp,74,573739701009,6353145456,12084726710,1166,1168892191989,20568,3279323666007,6,48704141,0.085167,487.213274145,486.959691,1,93840,45068,129524,0.097697,487.024,L3:0=008;1=fff,000000c0,Thu Apr 2 12:30:43 PM UTC 2026,5409570_1274,coppernode30
"sh -c 'amoclingo -e=/home/guests/mmacri/AMOSUM/benchmarks/GraphColouring/encoding-amosum-eo.asp -l=false -m=minfly -lg=cpp -i=""$0""'",5,/home/guests/mmacri/AMOSUM/benchmarks/GraphColouring/test-instances-gc/0021-graph_colouring-135-0_1296.asp,101,400864631445,24323288704,56223690118,1342,2891836154330,16249,3206563764250,2,120493675,0.091933,1204.951909035,1204.848108,1,75640,36256,110004,0.103849,1204.91,L3:0=020;1=fff,00000c00,Thu Apr 2 12:31:56 PM UTC 2026,5409570_1301,coppernode25
"sh -c 'amoclingo -e=/home/guests/mmacri/AMOSUM/benchmarks/GraphColouring/encoding-amosum-eo.asp -l=false -m=minfly -lg=cpp -i=""$0""'",5,/home/guests/mmacri/AMOSUM/benchmarks/GraphColouring/test-instances-gc/0036-graph_colouring-140-0_1344.asp,176,394278700853,24079267738,55871812912,1267,2891846213246,16592,3157301583247,4,120494011,0.068268,1204.955170496,1204.874841,1,76660,36832,110816,0.084112,1204.94,L3:0=fff;1=040,30000000,Thu Apr 2 02:40:33 PM UTC 2026,5409570_1376,coppernode24
"sh -c 'amoclingo -e=/home/guests/mmacri/AMOSUM/benchmarks/GraphColouring/encoding-amosum-eo.asp -l=false -m=minfly -lg=cpp -i=""$0""'",5,/home/guests/mmacri/AMOSUM/benchmarks/GraphColouring/test-instances-gc/0040-graph_colouring-140-0_4032.asp,198,382086864842,25980750872,58538193485,1903,2891580193902,16689,3076321898748,4,120483037,0.074651,1204.955547581,1204.759668,1,77188,37024,111032,0.102229,1204.81,L3:0=008;1=fff,000000c0,Thu Apr 2 02:43:43 PM UTC 2026,5409570_1398,coppernode30
"sh -c 'amoclingo -e=/home/guests/mmacri/AMOSUM/benchmarks/GraphColouring/encoding-amosum-eo.asp -l=false -m=minfly -lg=cpp -i=""$0""'",5,/home/guests/mmacri/AMOSUM/benchmarks/GraphColouring/test-instances-gc/0018-graph_colouring-130-0_6240.asp,90,2525554738,9191264,23776223,637,4552073132,13606,13987208392,6,189793,0.02703,1.929436313,1.873675,1,66124,35776,99976,0.042738,1.93424,L3:0=080;1=fff,0000c000,Thu Apr 2 12:31:11 PM UTC 2026,5409570_1290,coppernode24
"sh -c 'amoclingo -e=/home/guests/mmacri/AMOSUM/benchmarks/GraphColouring/encoding-amosum-eo.asp -l=false -m=minfly -lg=cpp -i=""$0""'",5,/home/guests/mmacri/AMOSUM/benchmarks/GraphColouring/test-instances-gc/0055-graph_colouring-150-0_7200.asp,275,14779537189,518870466,665602081,949,39908183689,38799,82998270254,4,1663008,0.102958,16.740439629,16.530726,1,161244,111956,198820,0.118854,16.592,L3:0=fff;1=040,30000000,Thu Apr 2 02:52:07 PM UTC 2026,5409570_1475,coppernode30
"sh -c 'amoclingo -e=/home/guests/mmacri/AMOSUM/benchmarks/GraphColouring/encoding-amosum-eo.asp -l=false -m=minfly -lg=cpp -i=""$0""'",5,/home/guests/mmacri/AMOSUM/benchmarks/GraphColouring/test-instances-gc/0041-graph_colouring-145-0_2784.asp,202,376880920535,25129712882,56975180202,1326,2891833070257,16919,3036476096626,2,120493545,0.071751,1204.954875104,1204.866703,1,78084,37100,111596,0.092005,1204.92,L3:0=080;1=fff,0000c000,Thu Apr 2 02:44:10 PM UTC 2026,5409570_1402,coppernode29
"sh -c 'amoclingo -e=/home/guests/mmacri/AMOSUM/benchmarks/GraphColouring/encoding-amosum-eo.asp -l=false -m=minfly -lg=cpp -i=""$0""'",5,/home/guests/mmacri/AMOSUM/benchmarks/GraphColouring/test-instances-gc/0042-graph_colouring-145-0_4176.asp,208,251138984114,12683615433,31510072648,1418,1728960030501,23242,1978012495191,8,72040332,0.080453,720.549948039,720.327013,1,102512,53364,136492,0.092401,720.392,L3:0=fff;1=010,03000000,Thu Apr 2 02:45:17 PM UTC 2026,5409570_1408,coppernode30
"sh -c 'amoclingo -e=/home/guests/mmacri/AMOSUM/benchmarks/GraphColouring/encoding-amosum-eo.asp -l=false -m=minfly -lg=cpp -i=""$0""'",5,/home/guests/mmacri/AMOSUM/benchmarks/GraphColouring/test-instances-gc/0059-graph_colouring-150-0_1440.asp,291,381593833562,27044040009,60133208117,1341,2891819573890,16758,3072662233989,4,120492998,0.072601,1204.954723662,1204.860742,1,75904,37576,110424,0.102731,1204.91,L3:0=020;1=fff,00000c00,Thu Apr 2 02:53:00 PM UTC 2026,5409570_1491,coppernode25
"sh -c 'amoclingo -e=/home/guests/mmacri/AMOSUM/benchmarks/GraphColouring/encoding-amosum-eo.asp -l=false -m=minfly -lg=cpp -i=""$0""'",5,/home/guests/mmacri/AMOSUM/benchmarks/GraphColouring/test-instances-gc/0010-graph_colouring-125-0_1200.asp,46,578653134,4247529,10313882,468,1501196065,12265,3037930403,5,62651,0.067594,0.636782912,0.560936,1,48708,34932,77380,0.094925,0.610229,L3:0=008;1=fff,000000c0,Thu Apr 2 12:29:16 PM UTC 2026,5409570_1246,coppernode21
"sh -c 'amoclingo -e=/home/guests/mmacri/AMOSUM/benchmarks/GraphColouring/encoding-amosum-eo.asp -l=false -m=minfly -lg=cpp -i=""$0""'",5,/home/guests/mmacri/AMOSUM/benchmarks/GraphColouring/test-instances-gc/0007-graph_colouring-125-0_1200.asp,31,566077455,4388639,11028350,620,1460852473,12251,2949749098,7,60988,0.028522,0.665605348,0.583853,1,47928,34928,76032,0.041743,0.646831,L3:0=002;1=fff,0000000c,Thu Apr 2 12:29:07 PM UTC 2026,5409570_1231,coppernode28
"sh -c 'amoclingo -e=/home/guests/mmacri/AMOSUM/benchmarks/GraphColouring/encoding-amosum-eo.asp -l=false -m=minfly -lg=cpp -i=""$0""'",5,/home/guests/mmacri/AMOSUM/benchmarks/GraphColouring/test-instances-gc/0028-graph_colouring-135-0_5184.asp,139,1331697057710,38219934750,71283407142,1668,2891675595802,112453,5367078897441,6,120486956,0.351733,1204.998200786,1204.520972,1,451316,402312,511532,0.361979,1204.59,L3:0=fff;1=008,00c00000,Thu Apr 2 12:42:57 PM UTC 2026,5409570_1339,coppernode23
"sh -c 'amoclingo -e=/home/guests/mmacri/AMOSUM/benchmarks/GraphColouring/encoding-amosum-eo.asp -l=false -m=minfly -lg=cpp -i=""$0""'",5,/home/guests/mmacri/AMOSUM/benchmarks/GraphColouring/test-instances-gc/0029-graph_colouring-135-0_5184.asp,144,1346993848467,38000670584,70579257752,1856,2891573705281,106128,5491636925835,5,120482800,0.29735,1204.964823091,1204.534712,1,426104,376856,486556,0.302413,1204.61,L3:0=020;1=fff,00000c00,Thu Apr 2 02:38:26 PM UTC 2026,5409570_1344,coppernode28
"sh -c 'amoclingo -e=/home/guests/mmacri/AMOSUM/benchmarks/GraphColouring/encoding-amosum-eo.asp -l=false -m=minfly -lg=cpp -i=""$0""'",5,/home/guests/mmacri/AMOSUM/benchmarks/GraphColouring/test-instances-gc/0027-graph_colouring-135-0_3888.asp,133,155642220655,7670969364,18527259610,1743,1060716280172,15376,1228836589120,4,44197013,0.070894,442.093930118,441.903629,1,72852,36260,107284,0.082855,441.969,L3:0=002;1=fff,0000000c,Thu Apr 2 12:41:39 PM UTC 2026,5409570_1333,coppernode26
"sh -c 'amoclingo -e=/home/guests/mmacri/AMOSUM/benchmarks/GraphColouring/encoding-amosum-eo.asp -l=false -m=minfly -lg=cpp -i=""$0""'",5,/home/guests/mmacri/AMOSUM/benchmarks/GraphColouring/test-instances-gc/0046-graph_colouring-145-0_6960.asp,230,3318322799,10551320,26873202,655,5799357879,14332,18389770370,4,241761,0.029307,2.459347471,2.390736,1,66852,37632,100868,0.045075,2.45153,L3:0=fff;1=002,000c0000,Thu Apr 2 02:47:41 PM UTC 2026,5409570_1430,coppernode27
"sh -c 'amoclingo -e=/home/guests/mmacri/AMOSUM/benchmarks/GraphColouring/encoding-amosum-eo.asp -l=false -m=minfly -lg=cpp -i=""$0""'",5,/home/guests/mmacri/AMOSUM/benchmarks/GraphColouring/test-instances-gc/0050-graph_colouring-145-0_2784.asp,247,396729979440,23998973256,55532659564,1221,2891829505122,16601,3165358692332,4,120493303,0.084967,1204.955282496,1204.851248,1,76632,37108,110464,0.102545,1204.91,L3:0=fff;1=040,30000000,Thu Apr 2 02:49:20 PM UTC 2026,5409570_1447,coppernode25
"sh -c 'amoclingo -e=/home/guests/mmacri/AMOSUM/benchmarks/GraphColouring/encoding-amosum-eo.asp -l=false -m=minfly -lg=cpp -i=""$0""'",5,/home/guests/mmacri/AMOSUM/benchmarks/GraphColouring/test-instances-gc/0023-graph_colouring-135-0_2592.asp,112,135662326055,3423583409,9444616613,1130,776155170157,15161,1036851557103,5,32340213,0.057843,323.421068277,323.346834,1,71240,35996,104928,0.066215,323.415,L3:0=002;1=fff,0000000c,Thu Apr 2 12:36:15 PM UTC 2026,5409570_1312,coppernode26
"sh -c 'amoclingo -e=/home/guests/mmacri/AMOSUM/benchmarks/GraphColouring/encoding-amosum-eo.asp -l=false -m=minfly -lg=cpp -i=""$0""'",5,/home/guests/mmacri/AMOSUM/benchmarks/GraphColouring/test-instances-gc/0033-graph_colouring-140-0_6720.asp,165,2943955110,11484464,29642246,971,5438157019,14150,16410571644,4,226757,0.067369,2.411081629,2.203988,1,66844,36752,100844,0.080051,2.26838,L3:0=040;1=fff,00003000,Thu Apr 2 02:39:37 PM UTC 2026,5409570_1365,coppernode23
"sh -c 'amoclingo -e=/home/guests/mmacri/AMOSUM/benchmarks/GraphColouring/encoding-amosum-eo.asp -l=false -m=minfly -lg=cpp -i=""$0""'",5,/home/guests/mmacri/AMOSUM/benchmarks/GraphColouring/test-instances-gc/0017-graph_colouring-130-0_3744.asp,83,1209369109098,21676752986,39874402519,3302,2891507807300,26967,6979383740728,4,120480629,0.097582,1204.951673161,1204.709233,1,115512,67516,153192,0.114262,1204.77,L3:0=fff;1=004,00300000,Thu Apr 2 12:30:52 PM UTC 2026,5409570_1283,coppernode26
"sh -c 'amoclingo -e=/home/guests/mmacri/AMOSUM/benchmarks/GraphColouring/encoding-amosum-eo.asp -l=false -m=minfly -lg=cpp -i=""$0""'",5,/home/guests/mmacri/AMOSUM/benchmarks/GraphColouring/test-instances-gc/0037-graph_colouring-140-0_1344.asp,181,395681417532,23184151327,54098164165,1807,2891149797574,16806,3174042087390,6,120465137,0.068186,1204.955263261,1204.587717,1,78756,36492,112768,0.084012,1204.65,L3:0=fff;1=008,00c00000,Thu Apr 2 02:41:06 PM UTC 2026,5409570_1381,coppernode22
"sh -c 'amoclingo -e=/home/guests/mmacri/AMOSUM/benchmarks/GraphColouring/encoding-amosum-eo.asp -l=false -m=minfly -lg=cpp -i=""$0""'",5,/home/guests/mmacri/AMOSUM/benchmarks/GraphColouring/test-instances-gc/0024-graph_colouring-135-0_3888.asp,118,1401211802172,32479536653,58547435414,1709,2891724086120,109700,5885366319557,6,120488925,0.350206,1205.000130578,1204.543174,1,440648,392416,495788,0.362859,1204.61,L3:0=fff;1=010,03000000,Thu Apr 2 12:38:22 PM UTC 2026,5409570_1318,coppernode30
"sh -c 'amoclingo -e=/home/guests/mmacri/AMOSUM/benchmarks/GraphColouring/encoding-amosum-eo.asp -l=false -m=minfly -lg=cpp -i=""$0""'",5,/home/guests/mmacri/AMOSUM/benchmarks/GraphColouring/test-instances-gc/0002-graph_colouring-125-0_6000.asp,10,1912655840,5653995,15615059,476,3483795466,13044,10521610877,4,145258,0.041825,1.463619288,1.412947,1,65320,35460,99248,0.058118,1.47309,L3:0=fff;1=004,00300000,Thu Apr 2 12:28:31 PM UTC 2026,5409570_1210,coppernode27
"sh -c 'amoclingo -e=/home/guests/mmacri/AMOSUM/benchmarks/GraphColouring/encoding-amosum-eo.asp -l=false -m=minfly -lg=cpp -i=""$0""'",5,/home/guests/mmacri/AMOSUM/benchmarks/GraphColouring/test-instances-gc/0014-graph_colouring-130-0_2496.asp,67,370632152155,26132279047,55421966631,1200,2891836220818,16606,2974647912804,4,120493575,0.089801,1204.953545532,1204.848765,1,77868,35732,111648,0.097669,1204.92,L3:0=fff;1=020,0c000000,Thu Apr 2 12:30:19 PM UTC 2026,5409570_1267,coppernode26
"sh -c 'amoclingo -e=/home/guests/mmacri/AMOSUM/benchmarks/GraphColouring/encoding-amosum-eo.asp -l=false -m=minfly -lg=cpp -i=""$0""'",5,/home/guests/mmacri/AMOSUM/benchmarks/GraphColouring/test-instances-gc/0018-graph_colouring-130-0_4992.asp,89,950624196577,12202643415,22480964228,1057,2016047390253,21559,5437705853683,4,84002385,0.066807,840.039561851,839.959294,1,97676,49004,134220,0.0793,840.024,L3:0=020;1=fff,00000c00,Thu Apr 2 12:31:09 PM UTC 2026,5409570_1289,coppernode29
"sh -c 'amoclingo -e=/home/guests/mmacri/AMOSUM/benchmarks/GraphColouring/encoding-amosum-eo.asp -l=false -m=minfly -lg=cpp -i=""$0""'",5,/home/guests/mmacri/AMOSUM/benchmarks/GraphColouring/test-instances-gc/0057-graph_colouring-150-0_2880.asp,282,68945123106,1903282658,5564700708,737,407987699302,15105,533203156332,4,16999671,0.087194,170.011236221,169.912169,1,70784,37892,104640,0.103087,169.973,L3:0=fff;1=080,c0000000,Thu Apr 2 02:52:42 PM UTC 2026,5409570_1482,coppernode29
"sh -c 'amoclingo -e=/home/guests/mmacri/AMOSUM/benchmarks/GraphColouring/encoding-amosum-eo.asp -l=false -m=minfly -lg=cpp -i=""$0""'",5,/home/guests/mmacri/AMOSUM/benchmarks/GraphColouring/test-instances-gc/0058-graph_colouring-150-0_4320.asp,288,391327110399,25381324156,57540413106,2411,2891782264319,22189,3111875094739,2,120491694,0.075496,1204.954649492,1204.846102,1,97208,48668,131696,0.080577,1204.92,L3:0=fff;1=002,000c0000,Thu Apr 2 02:52:48 PM UTC 2026,5409570_1488,coppernode29
"sh -c 'amoclingo -e=/home/guests/mmacri/AMOSUM/benchmarks/GraphColouring/encoding-amosum-eo.asp -l=false -m=minfly -lg=cpp -i=""$0""'",5,/home/guests/mmacri/AMOSUM/benchmarks/GraphColouring/test-instances-gc/0054-graph_colouring-150-0_1440.asp,266,372841300278,25970992799,57313628739,1196,2891858342788,16841,2999072881185,2,120494500,0.059041,1204.956046997,1204.888088,1,76528,37640,110672,0.070859,1204.95,L3:0=fff;1=008,00c00000,Thu Apr 2 02:51:23 PM UTC 2026,5409570_1466,coppernode26
"sh -c 'amoclingo -e=/home/guests/mmacri/AMOSUM/benchmarks/GraphColouring/encoding-amosum-eo.asp -l=false -m=minfly -lg=cpp -i=""$0""'",5,/home/guests/mmacri/AMOSUM/benchmarks/GraphColouring/test-instances-gc/0043-graph_colouring-145-0_1392.asp,211,172950710027,8389883863,21092587611,1692,1180609319206,15768,1373002822078,4,49192601,0.054051,491.953569977,491.875211,1,73136,37308,106736,0.063285,491.943,L3:0=080;1=fff,0000c000,Thu Apr 2 02:45:42 PM UTC 2026,5409570_1411,coppernode27
"sh -c 'amoclingo -e=/home/guests/mmacri/AMOSUM/benchmarks/GraphColouring/encoding-amosum-eo.asp -l=false -m=minfly -lg=cpp -i=""$0""'",5,/home/guests/mmacri/AMOSUM/benchmarks/GraphColouring/test-instances-gc/0006-graph_colouring-125-0_3600.asp,28,1227632159114,22567328818,42163379214,1096,2891845803824,24952,7085897506591,2,120494001,0.100911,1204.954165887,1204.841744,1,111052,61984,147248,0.11335,1204.91,L3:0=020;1=fff,00000c00,Thu Apr 2 12:29:05 PM UTC 2026,5409570_1228,coppernode24
"sh -c 'amoclingo -e=/home/guests/mmacri/AMOSUM/benchmarks/GraphColouring/encoding-amosum-eo.asp -l=false -m=minfly -lg=cpp -i=""$0""'",5,/home/guests/mmacri/AMOSUM/benchmarks/GraphColouring/test-instances-gc/0032-graph_colouring-140-0_2688.asp,157,30015064111,371178643,1316027451,576,154669784960,13993,226417123459,4,6444730,0.052279,64.459650585,64.397669,1,66616,37040,99984,0.068958,64.4577,L3:0=020;1=fff,00000c00,Thu Apr 2 02:39:06 PM UTC 2026,5409570_1357,coppernode29
"sh -c 'amoclingo -e=/home/guests/mmacri/AMOSUM/benchmarks/GraphColouring/encoding-amosum-eo.asp -l=false -m=minfly -lg=cpp -i=""$0""'",5,/home/guests/mmacri/AMOSUM/benchmarks/GraphColouring/test-instances-gc/0024-graph_colouring-135-0_6480.asp,120,5618869042,87824376,133274689,919,11305438895,23906,30601297527,4,471208,0.084378,4.814501747,4.63135,1,103596,55220,139840,0.097004,4.6958,L3:0=fff;1=040,30000000,Thu Apr 2 12:38:37 PM UTC 2026,5409570_1320,coppernode23
"sh -c 'amoclingo -e=/home/guests/mmacri/AMOSUM/benchmarks/GraphColouring/encoding-amosum-eo.asp -l=false -m=minfly -lg=cpp -i=""$0""'",5,/home/guests/mmacri/AMOSUM/benchmarks/GraphColouring/test-instances-gc/0011-graph_colouring-130-0_6240.asp,55,2984769818,14516199,35817647,737,5588256554,14012,16586711844,4,232978,0.044171,2.415203803,2.288046,1,68700,35492,102816,0.063869,2.34487,L3:0=004;1=fff,00000030,Thu Apr 2 12:29:36 PM UTC 2026,5409570_1255,coppernode23
"sh -c 'amoclingo -e=/home/guests/mmacri/AMOSUM/benchmarks/GraphColouring/encoding-amosum-eo.asp -l=false -m=minfly -lg=cpp -i=""$0""'",5,/home/guests/mmacri/AMOSUM/benchmarks/GraphColouring/test-instances-gc/0005-graph_colouring-125-0_2400.asp,22,1474192901,7573209,23131750,473,5104784973,12914,9341630330,4,212807,0.03811,2.137648012,2.092225,1,62528,35248,96804,0.049911,2.1568,L3:0=020;1=fff,00000c00,Thu Apr 2 12:29:01 PM UTC 2026,5409570_1222,coppernode24
"sh -c 'amoclingo -e=/home/guests/mmacri/AMOSUM/benchmarks/GraphColouring/encoding-amosum-eo.asp -l=false -m=minfly -lg=cpp -i=""$0""'",5,/home/guests/mmacri/AMOSUM/benchmarks/GraphColouring/test-instances-gc/0046-graph_colouring-145-0_5568.asp,229,1371853019458,16802294735,30446999377,1435,2863017433320,23524,7835919623224,4,119292832,0.086697,1192.976916964,1192.844832,1,103124,54584,140196,0.095895,1192.91,L3:0=fff;1=020,0c000000,Thu Apr 2 02:47:35 PM UTC 2026,5409570_1429,coppernode23
"sh -c 'amoclingo -e=/home/guests/mmacri/AMOSUM/benchmarks/GraphColouring/encoding-amosum-eo.asp -l=false -m=minfly -lg=cpp -i=""$0""'",5,/home/guests/mmacri/AMOSUM/benchmarks/GraphColouring/test-instances-gc/0002-graph_colouring-125-0_3600.asp,8,1173259715272,23627036831,43770399738,1473,2890676535742,28632,6772480655025,6,120445405,0.11579,1204.95261315,1204.341814,1,126808,77460,164160,0.135526,1204.4,L3:0=020;1=fff,00000c00,Thu Apr 2 12:28:24 PM UTC 2026,5409570_1208,coppernode23
"sh -c 'amoclingo -e=/home/guests/mmacri/AMOSUM/benchmarks/GraphColouring/encoding-amosum-eo.asp -l=false -m=minfly -lg=cpp -i=""$0""'",5,/home/guests/mmacri/AMOSUM/benchmarks/GraphColouring/test-instances-gc/0001-graph_colouring-125-0_2400.asp,2,1705452760,8089356,25337517,478,6092942511,12993,11007269460,5,253972,0.039862,2.549964399,2.501904,1,62672,35252,96888,0.049934,2.569,L3:0=fff;1=008,00c00000,Thu Apr 2 12:28:12 PM UTC 2026,5409570_1202,coppernode28
"sh -c 'amoclingo -e=/home/guests/mmacri/AMOSUM/benchmarks/GraphColouring/encoding-amosum-eo.asp -l=false -m=minfly -lg=cpp -i=""$0""'",5,/home/guests/mmacri/AMOSUM/benchmarks/GraphColouring/test-instances-gc/0045-graph_colouring-145-0_4176.asp,223,1271596930485,18229664153,34724987888,986,2891871353372,32350,7400011904615,2,120495067,0.091585,1204.955397056,1204.861324,1,138128,89172,172108,0.099905,1204.93,L3:0=008;1=fff,000000c0,Thu Apr 2 02:46:45 PM UTC 2026,5409570_1423,coppernode22
"sh -c 'amoclingo -e=/home/guests/mmacri/AMOSUM/benchmarks/GraphColouring/encoding-amosum-eo.asp -l=false -m=minfly -lg=cpp -i=""$0""'",5,/home/guests/mmacri/AMOSUM/benchmarks/GraphColouring/test-instances-gc/0051-graph_colouring-150-0_5760.asp,254,1292487398447,40517295305,75637095727,1369,2891917438959,118309,5308334473034,4,120496975,0.305728,1205.004393069,1204.667273,1,472212,423580,533172,0.313569,1204.74,L3:0=fff;1=020,0c000000,Thu Apr 2 02:50:35 PM UTC 2026,5409570_1454,coppernode26
"sh -c 'amoclingo -e=/home/guests/mmacri/AMOSUM/benchmarks/GraphColouring/encoding-amosum-eo.asp -l=false -m=minfly -lg=cpp -i=""$0""'",5,/home/guests/mmacri/AMOSUM/benchmarks/GraphColouring/test-instances-gc/0052-graph_colouring-150-0_5760.asp,259,1360870348893,37248581943,67710828934,1653,2891747605575,114178,5701193082160,4,120489936,0.252251,1205.004371515,1204.650884,1,455604,407648,519336,0.261111,1204.72,L3:0=fff;1=004,00300000,Thu Apr 2 02:51:06 PM UTC 2026,5409570_1459,coppernode27
"sh -c 'amoclingo -e=/home/guests/mmacri/AMOSUM/benchmarks/GraphColouring/encoding-amosum-eo.asp -l=false -m=minfly -lg=cpp -i=""$0""'",5,/home/guests/mmacri/AMOSUM/benchmarks/GraphColouring/test-instances-gc/0001-graph_colouring-125-0_6000.asp,5,2036368469,5652274,15385878,471,3633021820,12952,11205300230,4,151475,0.011862,1.526217626,1.504873,1,63576,35192,98072,0.03263,1.56153,L3:0=fff;1=008,00c00000,Thu Apr 2 12:28:15 PM UTC 2026,5409570_1205,coppernode28
"sh -c 'amoclingo -e=/home/guests/mmacri/AMOSUM/benchmarks/GraphColouring/encoding-amosum-eo.asp -l=false -m=minfly -lg=cpp -i=""$0""'",5,/home/guests/mmacri/AMOSUM/benchmarks/GraphColouring/test-instances-gc/0051-graph_colouring-150-0_4320.asp,253,790335715744,33390675536,80158933519,1618,2891920093352,168014,3968089805322,4,120497237,0.321238,1205.011548828,1204.653669,1,665480,616960,742920,0.32543,1204.73,L3:0=fff;1=010,03000000,Thu Apr 2 02:50:22 PM UTC 2026,5409570_1453,coppernode25
"sh -c 'amoclingo -e=/home/guests/mmacri/AMOSUM/benchmarks/GraphColouring/encoding-amosum-eo.asp -l=false -m=minfly -lg=cpp -i=""$0""'",5,/home/guests/mmacri/AMOSUM/benchmarks/GraphColouring/test-instances-gc/0045-graph_colouring-145-0_5568.asp,224,1331409246141,19187749273,33708950520,1715,2891546350856,24035,7609908173297,4,120481573,0.086201,1204.955015463,1204.733838,1,106364,57444,142732,0.102635,1204.79,L3:0=fff;1=040,30000000,Thu Apr 2 02:47:01 PM UTC 2026,5409570_1424,coppernode29
"sh -c 'amoclingo -e=/home/guests/mmacri/AMOSUM/benchmarks/GraphColouring/encoding-amosum-eo.asp -l=false -m=minfly -lg=cpp -i=""$0""'",5,/home/guests/mmacri/AMOSUM/benchmarks/GraphColouring/test-instances-gc/0012-graph_colouring-130-0_3744.asp,58,1221397229869,22510504719,41433037298,2210,2891615791088,26970,7012857389439,2,120484657,0.093715,1204.953350431,1204.756744,1,117548,68172,154004,0.097662,1204.83,L3:0=fff;1=002,000c0000,Thu Apr 2 12:29:41 PM UTC 2026,5409570_1258,coppernode24
"sh -c 'amoclingo -e=/home/guests/mmacri/AMOSUM/benchmarks/GraphColouring/encoding-amosum-eo.asp -l=false -m=minfly -lg=cpp -i=""$0""'",5,/home/guests/mmacri/AMOSUM/benchmarks/GraphColouring/test-instances-gc/0026-graph_colouring-135-0_2592.asp,127,303206660368,17972985641,42174999283,1399,2177293718381,15746,2423010130221,6,90720969,0.076138,907.301331717,907.137149,1,73400,36244,107884,0.085451,907.205,L3:0=fff;1=004,00300000,Thu Apr 2 12:40:09 PM UTC 2026,5409570_1327,coppernode24
"sh -c 'amoclingo -e=/home/guests/mmacri/AMOSUM/benchmarks/GraphColouring/encoding-amosum-eo.asp -l=false -m=minfly -lg=cpp -i=""$0""'",5,/home/guests/mmacri/AMOSUM/benchmarks/GraphColouring/test-instances-gc/0030-graph_colouring-135-0_6480.asp,150,17920844768,484894681,641841017,501,42604462695,39604,91436775424,6,1775310,0.163495,17.765218831,17.591944,1,163440,115460,204348,0.177102,17.6554,L3:0=020;1=fff,00000c00,Thu Apr 2 02:38:48 PM UTC 2026,5409570_1350,coppernode29
"sh -c 'amoclingo -e=/home/guests/mmacri/AMOSUM/benchmarks/GraphColouring/encoding-amosum-eo.asp -l=false -m=minfly -lg=cpp -i=""$0""'",5,/home/guests/mmacri/AMOSUM/benchmarks/GraphColouring/test-instances-gc/0005-graph_colouring-125-0_6000.asp,25,2247795834,11203238,28556950,471,4360786215,13770,12551745510,4,181803,0.044243,1.828757706,1.776,1,66964,35228,101188,0.053393,1.84374,L3:0=010;1=fff,00000300,Thu Apr 2 12:29:03 PM UTC 2026,5409570_1225,coppernode23
"sh -c 'amoclingo -e=/home/guests/mmacri/AMOSUM/benchmarks/GraphColouring/encoding-amosum-eo.asp -l=false -m=minfly -lg=cpp -i=""$0""'",5,/home/guests/mmacri/AMOSUM/benchmarks/GraphColouring/test-instances-gc/0011-graph_colouring-130-0_2496.asp,52,421708137536,21328959201,51461540041,2408,2891625736458,16155,3332135745059,6,120485203,0.067504,1204.952694108,1204.788866,1,76208,35436,110440,0.079349,1204.85,L3:0=fff;1=002,000c0000,Thu Apr 2 12:29:23 PM UTC 2026,5409570_1252,coppernode22
"sh -c 'amoclingo -e=/home/guests/mmacri/AMOSUM/benchmarks/GraphColouring/encoding-amosum-eo.asp -l=false -m=minfly -lg=cpp -i=""$0""'",5,/home/guests/mmacri/AMOSUM/benchmarks/GraphColouring/test-instances-gc/0057-graph_colouring-150-0_7200.asp,285,12448336862,426416519,545058381,948,33574807218,37797,67061117865,6,1399109,0.140628,14.139685914,13.854304,1,156236,107340,195204,0.145589,13.926,L3:0=fff;1=080,c0000000,Thu Apr 2 02:52:45 PM UTC 2026,5409570_1485,coppernode27
"sh -c 'amoclingo -e=/home/guests/mmacri/AMOSUM/benchmarks/GraphColouring/encoding-amosum-eo.asp -l=false -m=minfly -lg=cpp -i=""$0""'",5,/home/guests/mmacri/AMOSUM/benchmarks/GraphColouring/test-instances-gc/0044-graph_colouring-145-0_1392.asp,216,36847581325,541519859,1885497228,594,191659822141,14437,278568089743,6,7985983,0.048407,79.872878805,79.813796,1,67124,37308,101296,0.064161,79.8745,L3:0=fff;1=004,00300000,Thu Apr 2 02:46:13 PM UTC 2026,5409570_1416,coppernode21
"sh -c 'amoclingo -e=/home/guests/mmacri/AMOSUM/benchmarks/GraphColouring/encoding-amosum-eo.asp -l=false -m=minfly -lg=cpp -i=""$0""'",5,/home/guests/mmacri/AMOSUM/benchmarks/GraphColouring/test-instances-gc/0053-graph_colouring-150-0_1440.asp,261,372962932004,26512170164,58300921382,1291,2891850914609,16916,3006590000605,2,120494305,0.068376,1204.954453834,1204.877691,1,76800,37572,111028,0.068376,1204.95,L3:0=fff;1=004,00300000,Thu Apr 2 02:51:07 PM UTC 2026,5409570_1461,coppernode21
"sh -c 'amoclingo -e=/home/guests/mmacri/AMOSUM/benchmarks/GraphColouring/encoding-amosum-eo.asp -l=false -m=minfly -lg=cpp -i=""$0""'",5,/home/guests/mmacri/AMOSUM/benchmarks/GraphColouring/test-instances-gc/0033-graph_colouring-140-0_2688.asp,162,399614597418,23710244689,54909304476,1457,2891785885595,16291,3190684311449,2,120491524,0.086842,1204.956007107,1204.832072,1,75372,36788,109404,0.10439,1204.89,L3:0=fff;1=010,03000000,Thu Apr 2 02:39:25 PM UTC 2026,5409570_1362,coppernode26
"sh -c 'amoclingo -e=/home/guests/mmacri/AMOSUM/benchmarks/GraphColouring/encoding-amosum-eo.asp -l=false -m=minfly -lg=cpp -i=""$0""'",5,/home/guests/mmacri/AMOSUM/benchmarks/GraphColouring/test-instances-gc/0023-graph_colouring-135-0_6480.asp,115,8904724672,256331684,340465232,490,22082202534,30385,49730425206,4,920194,0.096386,9.213082807,9.107839,1,128864,81100,166912,0.126529,9.15472,L3:0=fff;1=020,0c000000,Thu Apr 2 12:37:18 PM UTC 2026,5409570_1315,coppernode28
"sh -c 'amoclingo -e=/home/guests/mmacri/AMOSUM/benchmarks/GraphColouring/encoding-amosum-eo.asp -l=false -m=minfly -lg=cpp -i=""$0""'",5,/home/guests/mmacri/AMOSUM/benchmarks/GraphColouring/test-instances-gc/0017-graph_colouring-130-0_4992.asp,84,597034386717,6783669345,12498988918,1049,1234873573731,20075,3414988419402,4,51453343,0.049748,514.602052282,514.486623,1,90768,42740,126956,0.061638,514.552,L3:0=fff;1=010,03000000,Thu Apr 2 12:30:52 PM UTC 2026,5409570_1284,coppernode26
"sh -c 'amoclingo -e=/home/guests/mmacri/AMOSUM/benchmarks/GraphColouring/encoding-amosum-eo.asp -l=false -m=minfly -lg=cpp -i=""$0""'",5,/home/guests/mmacri/AMOSUM/benchmarks/GraphColouring/test-instances-gc/0034-graph_colouring-140-0_4032.asp,168,150001260156,5883806059,15501075608,746,957919030392,19480,1174135630020,6,39913523,0.076051,399.187968881,399.061841,1,89240,39644,123216,0.09196,399.123,L3:0=fff;1=080,c0000000,Thu Apr 2 02:39:49 PM UTC 2026,5409570_1368,coppernode22
"sh -c 'amoclingo -e=/home/guests/mmacri/AMOSUM/benchmarks/GraphColouring/encoding-amosum-eo.asp -l=false -m=minfly -lg=cpp -i=""$0""'",5,/home/guests/mmacri/AMOSUM/benchmarks/GraphColouring/test-instances-gc/0038-graph_colouring-140-0_1344.asp,186,379482826731,26059144815,58215018379,1463,2891839719732,16351,3055271222755,4,120493808,0.086038,1204.955692736,1204.85445,1,75784,36496,110000,0.106768,1204.91,L3:0=004;1=fff,00000030,Thu Apr 2 02:41:32 PM UTC 2026,5409570_1386,coppernode30
"sh -c 'amoclingo -e=/home/guests/mmacri/AMOSUM/benchmarks/GraphColouring/encoding-amosum-eo.asp -l=false -m=minfly -lg=cpp -i=""$0""'",5,/home/guests/mmacri/AMOSUM/benchmarks/GraphColouring/test-instances-gc/0012-graph_colouring-130-0_6240.asp,60,3789245670,19119902,47669648,637,7039067246,14147,21280014896,2,293414,0.076708,2.966268893,2.860133,1,69484,35452,103564,0.092511,2.92102,L3:0=fff;1=010,03000000,Thu Apr 2 12:30:01 PM UTC 2026,5409570_1260,coppernode24
"sh -c 'amoclingo -e=/home/guests/mmacri/AMOSUM/benchmarks/GraphColouring/encoding-amosum-eo.asp -l=false -m=minfly -lg=cpp -i=""$0""'",5,/home/guests/mmacri/AMOSUM/benchmarks/GraphColouring/test-instances-gc/0004-graph_colouring-125-0_2400.asp,17,10631111769,55546039,197342913,498,45683713308,13373,76088143808,5,1903603,0.062838,19.046862443,18.975277,1,65364,35192,98672,0.07206,19.043,L3:0=004;1=fff,00000030,Thu Apr 2 12:28:41 PM UTC 2026,5409570_1217,coppernode29
"sh -c 'amoclingo -e=/home/guests/mmacri/AMOSUM/benchmarks/GraphColouring/encoding-amosum-eo.asp -l=false -m=minfly -lg=cpp -i=""$0""'",5,/home/guests/mmacri/AMOSUM/benchmarks/GraphColouring/test-instances-gc/0048-graph_colouring-145-0_6960.asp,240,4759476352,26116908,61390040,923,8861144757,15042,26746228117,4,369366,0.035784,3.811861775,3.661624,1,70452,37100,104132,0.054452,3.7203,L3:0=fff;1=080,c0000000,Thu Apr 2 02:48:48 PM UTC 2026,5409570_1440,coppernode29
"sh -c 'amoclingo -e=/home/guests/mmacri/AMOSUM/benchmarks/GraphColouring/encoding-amosum-eo.asp -l=false -m=minfly -lg=cpp -i=""$0""'",5,/home/guests/mmacri/AMOSUM/benchmarks/GraphColouring/test-instances-gc/0048-graph_colouring-145-0_2784.asp,237,385682909665,25564597138,57084784211,1457,2891728640122,16706,3092177261408,6,120489207,0.072212,1204.955633677,1204.822423,1,76984,37076,110844,0.089597,1204.88,L3:0=004;1=fff,00000030,Thu Apr 2 02:48:45 PM UTC 2026,5409570_1437,coppernode23
"sh -c 'amoclingo -e=/home/guests/mmacri/AMOSUM/benchmarks/GraphColouring/encoding-amosum-eo.asp -l=false -m=minfly -lg=cpp -i=""$0""'",5,/home/guests/mmacri/AMOSUM/benchmarks/GraphColouring/test-instances-gc/0008-graph_colouring-125-0_1200.asp,36,2356829965,9934491,32860727,727,8738710355,13004,15668443276,9,364236,0.073711,3.751854303,3.571783,1,63068,35228,97104,0.086273,3.63624,L3:0=fff;1=040,30000000,Thu Apr 2 12:29:10 PM UTC 2026,5409570_1236,coppernode23
"sh -c 'amoclingo -e=/home/guests/mmacri/AMOSUM/benchmarks/GraphColouring/encoding-amosum-eo.asp -l=false -m=minfly -lg=cpp -i=""$0""'",5,/home/guests/mmacri/AMOSUM/benchmarks/GraphColouring/test-instances-gc/0009-graph_colouring-125-0_1200.asp,41,797259195,4790516,12638187,472,2347324632,12647,4548112596,5,97906,0.033454,0.987926232,0.947677,1,61436,35196,95844,0.03741,1.02056,L3:0=008;1=fff,000000c0,Thu Apr 2 12:29:14 PM UTC 2026,5409570_1241,coppernode21
"sh -c 'amoclingo -e=/home/guests/mmacri/AMOSUM/benchmarks/GraphColouring/encoding-amosum-eo.asp -l=false -m=minfly -lg=cpp -i=""$0""'",5,/home/guests/mmacri/AMOSUM/benchmarks/GraphColouring/test-instances-gc/0030-graph_colouring-135-0_5184.asp,149,1355716782396,39391425684,75038604199,1364,2891969210654,114369,5525368713101,4,120499170,0.347757,1205.007602703,1204.646778,1,458788,410600,521796,0.365187,1204.71,L3:0=080;1=fff,0000c000,Thu Apr 2 02:38:47 PM UTC 2026,5409570_1349,coppernode30
"sh -c 'amoclingo -e=/home/guests/mmacri/AMOSUM/benchmarks/GraphColouring/encoding-amosum-eo.asp -l=false -m=minfly -lg=cpp -i=""$0""'",5,/home/guests/mmacri/AMOSUM/benchmarks/GraphColouring/test-instances-gc/0027-graph_colouring-135-0_5184.asp,134,1291405877942,36700991670,60129988875,1688,2891718943637,99555,5423440896200,4,120488801,0.308464,1204.997536613,1204.583441,1,398692,353528,458212,0.33009,1204.64,L3:0=fff;1=008,00c00000,Thu Apr 2 12:41:41 PM UTC 2026,5409570_1334,coppernode22
"sh -c 'amoclingo -e=/home/guests/mmacri/AMOSUM/benchmarks/GraphColouring/encoding-amosum-eo.asp -l=false -m=minfly -lg=cpp -i=""$0""'",5,/home/guests/mmacri/AMOSUM/benchmarks/GraphColouring/test-instances-gc/0029-graph_colouring-135-0_3888.asp,143,1417923159388,34725184573,73098885105,2580,2891017876220,117935,5714041897404,6,120459825,0.295377,1204.962212238,1204.307867,1,473304,424084,531144,0.304673,1204.38,L3:0=fff;1=002,000c0000,Thu Apr 2 02:38:23 PM UTC 2026,5409570_1343,coppernode26
"sh -c 'amoclingo -e=/home/guests/mmacri/AMOSUM/benchmarks/GraphColouring/encoding-amosum-eo.asp -l=false -m=minfly -lg=cpp -i=""$0""'",5,/home/guests/mmacri/AMOSUM/benchmarks/GraphColouring/test-instances-gc/0041-graph_colouring-145-0_6960.asp,205,4166625518,19742946,45877584,500,7430654560,14984,23078559633,4,309717,0.072106,3.108826178,3.027523,1,70420,37284,103964,0.088782,3.08759,L3:0=080;1=fff,0000c000,Thu Apr 2 02:45:02 PM UTC 2026,5409570_1405,coppernode22
"sh -c 'amoclingo -e=/home/guests/mmacri/AMOSUM/benchmarks/GraphColouring/encoding-amosum-eo.asp -l=false -m=minfly -lg=cpp -i=""$0""'",5,/home/guests/mmacri/AMOSUM/benchmarks/GraphColouring/test-instances-gc/0055-graph_colouring-150-0_2880.asp,272,398292553682,23539271486,55137074510,1221,2891848152950,16913,3174162896729,2,120494073,0.065441,1204.955910352,1204.878209,1,77624,37304,111480,0.081889,1204.94,L3:0=fff;1=010,03000000,Thu Apr 2 02:52:02 PM UTC 2026,5409570_1472,coppernode29
"sh -c 'amoclingo -e=/home/guests/mmacri/AMOSUM/benchmarks/GraphColouring/encoding-amosum-eo.asp -l=false -m=minfly -lg=cpp -i=""$0""'",5,/home/guests/mmacri/AMOSUM/benchmarks/GraphColouring/test-instances-gc/0060-graph_colouring-150-0_1440.asp,296,105042790954,2963513814,8608484518,1177,623229722061,15271,814355030667,4,25968237,0.067636,259.701973211,259.616935,1,70264,37832,104008,0.08193,259.68,L3:0=fff;1=004,00300000,Thu Apr 2 02:53:07 PM UTC 2026,5409570_1496,coppernode28
"sh -c 'amoclingo -e=/home/guests/mmacri/AMOSUM/benchmarks/GraphColouring/encoding-amosum-eo.asp -l=false -m=minfly -lg=cpp -i=""$0""'",5,/home/guests/mmacri/AMOSUM/benchmarks/GraphColouring/test-instances-gc/0056-graph_colouring-150-0_4320.asp,278,391644720751,25056614623,56756406589,1166,2891863048406,17091,3122035354420,2,120494691,0.061352,1204.955517829,1204.888455,1,78368,37048,112220,0.074654,1204.95,L3:0=fff;1=020,0c000000,Thu Apr 2 02:52:22 PM UTC 2026,5409570_1478,coppernode25
"sh -c 'amoclingo -e=/home/guests/mmacri/AMOSUM/benchmarks/GraphColouring/encoding-amosum-eo.asp -l=false -m=minfly -lg=cpp -i=""$0""'",5,/home/guests/mmacri/AMOSUM/benchmarks/GraphColouring/test-instances-gc/0039-graph_colouring-140-0_6720.asp,195,2807109844,7541528,20556482,923,4890806161,13853,15499721189,6,203942,0.05439,2.154896712,1.988584,1,65760,36772,99500,0.062174,2.05717,L3:0=080;1=fff,0000c000,Thu Apr 2 02:43:07 PM UTC 2026,5409570_1395,coppernode24
"sh -c 'amoclingo -e=/home/guests/mmacri/AMOSUM/benchmarks/GraphColouring/encoding-amosum-eo.asp -l=false -m=minfly -lg=cpp -i=""$0""'",5,/home/guests/mmacri/AMOSUM/benchmarks/GraphColouring/test-instances-gc/0015-graph_colouring-130-0_3744.asp,73,1196068320802,22647244357,41422946853,1144,2891745724347,39781,6863853790347,4,120489817,0.110459,1204.982523643,1204.791245,1,168344,119696,204368,0.130174,1204.85,L3:0=fff;1=010,03000000,Thu Apr 2 12:30:43 PM UTC 2026,5409570_1273,coppernode21
"sh -c 'amoclingo -e=/home/guests/mmacri/AMOSUM/benchmarks/GraphColouring/encoding-amosum-eo.asp -l=false -m=minfly -lg=cpp -i=""$0""'",5,/home/guests/mmacri/AMOSUM/benchmarks/GraphColouring/test-instances-gc/0035-graph_colouring-140-0_1344.asp,171,401026659747,24203179873,56453081975,1322,2891851665298,16341,3198667431816,2,120494296,0.060773,1204.955738749,1204.885499,1,76800,36308,111252,0.08558,1204.94,L3:0=008;1=fff,000000c0,Thu Apr 2 02:40:08 PM UTC 2026,5409570_1371,coppernode28
"sh -c 'amoclingo -e=/home/guests/mmacri/AMOSUM/benchmarks/GraphColouring/encoding-amosum-eo.asp -l=false -m=minfly -lg=cpp -i=""$0""'",5,/home/guests/mmacri/AMOSUM/benchmarks/GraphColouring/test-instances-gc/0022-graph_colouring-135-0_1296.asp,106,192944042691,10124905499,24479433973,908,1350182728298,15399,1545603209992,6,56257887,0.080727,562.59296547,562.500372,1,72884,36488,107364,0.092636,562.566,L3:0=fff;1=008,00c00000,Thu Apr 2 12:33:33 PM UTC 2026,5409570_1306,coppernode23
"sh -c 'amoclingo -e=/home/guests/mmacri/AMOSUM/benchmarks/GraphColouring/encoding-amosum-eo.asp -l=false -m=minfly -lg=cpp -i=""$0""'",5,/home/guests/mmacri/AMOSUM/benchmarks/GraphColouring/test-instances-gc/0016-graph_colouring-130-0_4992.asp,79,549310854994,6115062945,11835595522,837,1126938236381,19880,3151495356799,4,46956022,0.079746,469.569714379,469.483017,1,90820,41956,126440,0.093098,469.547,L3:0=fff;1=020,0c000000,Thu Apr 2 12:30:46 PM UTC 2026,5409570_1279,coppernode22
"sh -c 'amoclingo -e=/home/guests/mmacri/AMOSUM/benchmarks/GraphColouring/encoding-amosum-eo.asp -l=false -m=minfly -lg=cpp -i=""$0""'",5,/home/guests/mmacri/AMOSUM/benchmarks/GraphColouring/test-instances-gc/0020-graph_colouring-130-0_2496.asp,97,17568719750,92325475,348257670,511,77582488468,13716,126577148365,5,3232731,0.083794,32.337249909,32.245611,1,65648,35524,99620,0.097146,32.3092,L3:0=020;1=fff,00000c00,Thu Apr 2 12:31:22 PM UTC 2026,5409570_1297,coppernode25
"sh -c 'amoclingo -e=/home/guests/mmacri/AMOSUM/benchmarks/GraphColouring/encoding-amosum-eo.asp -l=false -m=minfly -lg=cpp -i=""$0""'",5,/home/guests/mmacri/AMOSUM/benchmarks/GraphColouring/test-instances-gc/0007-graph_colouring-125-0_4800.asp,34,615369374608,7366683541,13928744798,1310,1283746592239,20152,3519881760091,6,53489817,0.070113,535.140606239,534.831547,1,93296,44424,128608,0.08977,534.888,L3:0=002;1=fff,0000000c,Thu Apr 2 12:29:09 PM UTC 2026,5409570_1234,coppernode28
"sh -c 'amoclingo -e=/home/guests/mmacri/AMOSUM/benchmarks/GraphColouring/encoding-amosum-eo.asp -l=false -m=minfly -lg=cpp -i=""$0""'",5,/home/guests/mmacri/AMOSUM/benchmarks/GraphColouring/test-instances-gc/0009-graph_colouring-125-0_3600.asp,43,1193703322371,22999620125,42676919962,2030,2891796306615,26381,6897028760355,2,120492280,0.061335,1204.952374285,1204.8655,1,117356,68500,154376,0.085442,1204.92,L3:0=002;1=fff,0000000c,Thu Apr 2 12:29:15 PM UTC 2026,5409570_1243,coppernode27
"sh -c 'amoclingo -e=/home/guests/mmacri/AMOSUM/benchmarks/GraphColouring/encoding-amosum-eo.asp -l=false -m=minfly -lg=cpp -i=""$0""'",5,/home/guests/mmacri/AMOSUM/benchmarks/GraphColouring/test-instances-gc/0028-graph_colouring-135-0_1296.asp,136,419255407170,19382349038,48453534292,1295,2891827091922,16154,3331950960511,4,120493233,0.055896,1204.952268572,1204.879468,1,76432,35960,109936,0.069198,1204.94,L3:0=fff;1=080,c0000000,Thu Apr 2 12:41:58 PM UTC 2026,5409570_1336,coppernode23
"sh -c 'amoclingo -e=/home/guests/mmacri/AMOSUM/benchmarks/GraphColouring/encoding-amosum-eo.asp -l=false -m=minfly -lg=cpp -i=""$0""'",5,/home/guests/mmacri/AMOSUM/benchmarks/GraphColouring/test-instances-gc/0029-graph_colouring-135-0_1296.asp,141,398212930932,23089531313,53995293317,1358,2891834308125,16251,3175920685486,4,120493665,0.047157,1204.95232475,1204.892478,1,76496,35992,110176,0.059914,1204.96,L3:0=080;1=fff,0000c000,Thu Apr 2 12:43:51 PM UTC 2026,5409570_1341,coppernode25
"sh -c 'amoclingo -e=/home/guests/mmacri/AMOSUM/benchmarks/GraphColouring/encoding-amosum-eo.asp -l=false -m=minfly -lg=cpp -i=""$0""'",5,/home/guests/mmacri/AMOSUM/benchmarks/GraphColouring/test-instances-gc/0010-graph_colouring-125-0_4800.asp,49,875654149429,9456022951,18009601171,1128,1765903054178,19983,5003421760862,4,73579587,0.057383,735.885897034,735.74217,1,92640,43748,128544,0.065298,735.811,L3:0=fff;1=040,30000000,Thu Apr 2 12:29:18 PM UTC 2026,5409570_1249,coppernode25
"sh -c 'amoclingo -e=/home/guests/mmacri/AMOSUM/benchmarks/GraphColouring/encoding-amosum-eo.asp -l=false -m=minfly -lg=cpp -i=""$0""'",5,/home/guests/mmacri/AMOSUM/benchmarks/GraphColouring/test-instances-gc/0049-graph_colouring-145-0_2784.asp,242,91002218153,2525141704,7348013640,1407,548264028635,15004,706738322021,4,22844689,0.049072,228.564378784,228.401694,1,69476,37316,103816,0.064868,228.463,L3:0=002;1=fff,0000000c,Thu Apr 2 02:49:13 PM UTC 2026,5409570_1442,coppernode26
"sh -c 'amoclingo -e=/home/guests/mmacri/AMOSUM/benchmarks/GraphColouring/encoding-amosum-eo.asp -l=false -m=minfly -lg=cpp -i=""$0""'",5,/home/guests/mmacri/AMOSUM/benchmarks/GraphColouring/test-instances-gc/0047-graph_colouring-145-0_6960.asp,235,6195044879,48305276,97162185,498,11878258032,16142,34753085044,6,495045,0.070802,4.975369909,4.881874,1,74984,36780,109112,0.083332,4.94615,L3:0=fff;1=008,00c00000,Thu Apr 2 02:47:50 PM UTC 2026,5409570_1435,coppernode21
"sh -c 'amoclingo -e=/home/guests/mmacri/AMOSUM/benchmarks/GraphColouring/encoding-amosum-eo.asp -l=false -m=minfly -lg=cpp -i=""$0""'",5,/home/guests/mmacri/AMOSUM/benchmarks/GraphColouring/test-instances-gc/0050-graph_colouring-145-0_4176.asp,248,396145439569,24455475380,56124602322,1899,2891809442440,17093,3155895716803,2,120492675,0.043709,1204.954705533,1204.88642,1,78504,37016,112384,0.057116,1204.95,L3:0=fff;1=002,000c0000,Thu Apr 2 02:49:22 PM UTC 2026,5409570_1448,coppernode23
"sh -c 'amoclingo -e=/home/guests/mmacri/AMOSUM/benchmarks/GraphColouring/encoding-amosum-eo.asp -l=false -m=minfly -lg=cpp -i=""$0""'",5,/home/guests/mmacri/AMOSUM/benchmarks/GraphColouring/test-instances-gc/0015-graph_colouring-130-0_1248.asp,71,388727683798,24671832008,56494937763,1238,2891848095855,16084,3130803694072,2,120494064,0.086157,1204.953406721,1204.85786,1,76000,35728,109888,0.094539,1204.93,L3:0=fff;1=080,c0000000,Thu Apr 2 12:30:34 PM UTC 2026,5409570_1271,coppernode25
"sh -c 'amoclingo -e=/home/guests/mmacri/AMOSUM/benchmarks/GraphColouring/encoding-amosum-eo.asp -l=false -m=minfly -lg=cpp -i=""$0""'",5,/home/guests/mmacri/AMOSUM/benchmarks/GraphColouring/test-instances-gc/0040-graph_colouring-140-0_2688.asp,197,378041286980,26379868337,58302131515,1397,2891839634667,16406,3050536584015,2,120493853,0.084245,1204.955002009,1204.856586,1,75956,37036,109900,0.106017,1204.91,L3:0=004;1=fff,00000030,Thu Apr 2 02:43:36 PM UTC 2026,5409570_1397,coppernode24
"sh -c 'amoclingo -e=/home/guests/mmacri/AMOSUM/benchmarks/GraphColouring/encoding-amosum-eo.asp -l=false -m=minfly -lg=cpp -i=""$0""'",5,/home/guests/mmacri/AMOSUM/benchmarks/GraphColouring/test-instances-gc/0036-graph_colouring-140-0_5376.asp,179,1139777025915,19609349199,33931315626,3016,2667629115291,24600,6539297449879,6,111152179,0.123932,1111.663707241,1111.404412,1,107940,59196,145092,0.131824,1111.47,L3:0=002;1=fff,0000000c,Thu Apr 2 02:41:02 PM UTC 2026,5409570_1379,coppernode30
"sh -c 'amoclingo -e=/home/guests/mmacri/AMOSUM/benchmarks/GraphColouring/encoding-amosum-eo.asp -l=false -m=minfly -lg=cpp -i=""$0""'",5,/home/guests/mmacri/AMOSUM/benchmarks/GraphColouring/test-instances-gc/0019-graph_colouring-130-0_6240.asp,95,2633802438,9184100,24175120,635,4709531953,13520,14591493087,6,196361,0.031935,1.993649316,1.934246,1,66800,35464,101028,0.039837,2.00304,L3:0=020;1=fff,00000c00,Thu Apr 2 12:31:20 PM UTC 2026,5409570_1295,coppernode25
"sh -c 'amoclingo -e=/home/guests/mmacri/AMOSUM/benchmarks/GraphColouring/encoding-amosum-eo.asp -l=false -m=minfly -lg=cpp -i=""$0""'",5,/home/guests/mmacri/AMOSUM/benchmarks/GraphColouring/test-instances-gc/0035-graph_colouring-140-0_4032.asp,173,1269254525129,20589483705,38302787087,1416,2891777440627,26361,7358702581525,4,120491256,0.153898,1204.954514274,1204.761932,1,115104,65708,150980,0.165747,1204.83,L3:0=020;1=fff,00000c00,Thu Apr 2 02:40:12 PM UTC 2026,5409570_1373,coppernode29
"sh -c 'amoclingo -e=/home/guests/mmacri/AMOSUM/benchmarks/GraphColouring/encoding-amosum-eo.asp -l=false -m=minfly -lg=cpp -i=""$0""'",5,/home/guests/mmacri/AMOSUM/benchmarks/GraphColouring/test-instances-gc/0021-graph_colouring-135-0_5184.asp,104,1339641353554,43527445759,89951872802,1651,2891740756425,114474,5218746697262,4,120489740,0.279885,1205.006436555,1204.621459,1,458216,410276,515716,0.301599,1204.68,L3:0=fff;1=008,00c00000,Thu Apr 2 12:33:20 PM UTC 2026,5409570_1304,coppernode21
"sh -c 'amoclingo -e=/home/guests/mmacri/AMOSUM/benchmarks/GraphColouring/encoding-amosum-eo.asp -l=false -m=minfly -lg=cpp -i=""$0""'",5,/home/guests/mmacri/AMOSUM/benchmarks/GraphColouring/test-instances-gc/0042-graph_colouring-145-0_2784.asp,207,267554831573,14408020706,35112142114,1498,1857340063030,15862,2123349485555,6,77389619,0.051084,774.032447576,773.849789,1,73664,37104,107336,0.081129,773.897,L3:0=fff;1=080,c0000000,Thu Apr 2 02:45:15 PM UTC 2026,5409570_1407,coppernode21
"sh -c 'amoclingo -e=/home/guests/mmacri/AMOSUM/benchmarks/GraphColouring/encoding-amosum-eo.asp -l=false -m=minfly -lg=cpp -i=""$0""'",5,/home/guests/mmacri/AMOSUM/benchmarks/GraphColouring/test-instances-gc/0054-graph_colouring-150-0_7200.asp,270,12834544694,413089725,536375195,672,32901122480,36748,70407061241,4,1371012,0.130534,13.742449467,13.582502,1,152152,103284,190000,0.152183,13.6375,L3:0=fff;1=040,30000000,Thu Apr 2 02:51:39 PM UTC 2026,5409570_1470,coppernode21
"sh -c 'amoclingo -e=/home/guests/mmacri/AMOSUM/benchmarks/GraphColouring/encoding-amosum-eo.asp -l=false -m=minfly -lg=cpp -i=""$0""'",5,/home/guests/mmacri/AMOSUM/benchmarks/GraphColouring/test-instances-gc/0059-graph_colouring-150-0_5760.asp,294,1351498881684,40665255169,82345881868,2336,2891915265368,124665,5400045585565,4,120497315,0.366663,1205.005632338,1204.610264,1,498672,449164,560656,0.384316,1204.67,L3:0=002;1=fff,0000000c,Thu Apr 2 02:53:02 PM UTC 2026,5409570_1494,coppernode26
"sh -c 'amoclingo -e=/home/guests/mmacri/AMOSUM/benchmarks/GraphColouring/encoding-amosum-eo.asp -l=false -m=minfly -lg=cpp -i=""$0""'",5,/home/guests/mmacri/AMOSUM/benchmarks/GraphColouring/test-instances-gc/0060-graph_colouring-150-0_7200.asp,300,11937632832,337915573,445573235,525,29345508341,34402,63375515872,4,1222844,0.114794,12.239120324,12.115818,1,142120,93568,181160,0.139175,12.1681,L3:0=004;1=fff,00000030,Thu Apr 2 02:53:11 PM UTC 2026,5409570_1500,coppernode28
"sh -c 'amoclingo -e=/home/guests/mmacri/AMOSUM/benchmarks/GraphColouring/encoding-amosum-eo.asp -l=false -m=minfly -lg=cpp -i=""$0""'",5,/home/guests/mmacri/AMOSUM/benchmarks/GraphColouring/test-instances-gc/0025-graph_colouring-135-0_6480.asp,125,6505854410,116613949,170617755,916,13347611846,25410,33726270538,6,556312,0.06331,5.690741251,5.503007,1,109680,61528,145884,0.075208,5.56815,L3:0=008;1=fff,000000c0,Thu Apr 2 12:39:55 PM UTC 2026,5409570_1325,coppernode24
"sh -c 'amoclingo -e=/home/guests/mmacri/AMOSUM/benchmarks/GraphColouring/encoding-amosum-eo.asp -l=false -m=minfly -lg=cpp -i=""$0""'",5,/home/guests/mmacri/AMOSUM/benchmarks/GraphColouring/test-instances-gc/0031-graph_colouring-140-0_2688.asp,152,140017702479,5769452410,15014830906,825,920430826590,15018,1102995572092,6,38351512,0.053885,383.529098424,383.463881,1,71892,36496,105760,0.071435,383.523,L3:0=fff;1=010,03000000,Thu Apr 2 02:38:53 PM UTC 2026,5409570_1352,coppernode30
"sh -c 'amoclingo -e=/home/guests/mmacri/AMOSUM/benchmarks/GraphColouring/encoding-amosum-eo.asp -l=false -m=minfly -lg=cpp -i=""$0""'",5,/home/guests/mmacri/AMOSUM/benchmarks/GraphColouring/test-instances-gc/0032-graph_colouring-140-0_4032.asp,158,28452622212,323903436,1160656814,559,143597543134,14314,213327954708,4,5983371,0.055037,59.844742451,59.78122,1,67688,37100,101332,0.075652,59.8365,L3:0=008;1=fff,000000c0,Thu Apr 2 02:39:08 PM UTC 2026,5409570_1358,coppernode28
"sh -c 'amoclingo -e=/home/guests/mmacri/AMOSUM/benchmarks/GraphColouring/encoding-amosum-eo.asp -l=false -m=minfly -lg=cpp -i=""$0""'",5,/home/guests/mmacri/AMOSUM/benchmarks/GraphColouring/test-instances-gc/0006-graph_colouring-125-0_2400.asp,27,814301567,4987253,13207858,623,2423263374,12680,4665144583,9,101082,0.068143,1.040503395,0.945516,1,61520,35236,95784,0.081475,1.00898,L3:0=fff;1=080,c0000000,Thu Apr 2 12:29:04 PM UTC 2026,5409570_1227,coppernode30
"sh -c 'amoclingo -e=/home/guests/mmacri/AMOSUM/benchmarks/GraphColouring/encoding-amosum-eo.asp -l=false -m=minfly -lg=cpp -i=""$0""'",5,/home/guests/mmacri/AMOSUM/benchmarks/GraphColouring/test-instances-gc/0010-graph_colouring-125-0_6000.asp,50,2529714596,7356358,19938111,726,4453048067,13016,14019047099,4,185663,0.0774,1.945131371,1.78193,1,64760,34908,98384,0.099908,1.83608,L3:0=fff;1=004,00300000,Thu Apr 2 12:29:19 PM UTC 2026,5409570_1250,coppernode22
"sh -c 'amoclingo -e=/home/guests/mmacri/AMOSUM/benchmarks/GraphColouring/encoding-amosum-eo.asp -l=false -m=minfly -lg=cpp -i=""$0""'",5,/home/guests/mmacri/AMOSUM/benchmarks/GraphColouring/test-instances-gc/0002-graph_colouring-125-0_2400.asp,7,412685946524,22252790537,54095917270,1117,2891880390836,16066,3297580638798,4,120495389,0.06489,1204.962835387,1204.891107,1,77108,35516,111256,0.079975,1204.95,L3:0=fff;1=008,00c00000,Thu Apr 2 12:28:17 PM UTC 2026,5409570_1207,coppernode28
"sh -c 'amoclingo -e=/home/guests/mmacri/AMOSUM/benchmarks/GraphColouring/encoding-amosum-eo.asp -l=false -m=minfly -lg=cpp -i=""$0""'",5,/home/guests/mmacri/AMOSUM/benchmarks/GraphColouring/test-instances-gc/0051-graph_colouring-150-0_1440.asp,251,403832511256,23064453221,54668022653,1252,2891847155020,17164,3219223591289,2,120494100,0.087747,1204.955258051,1204.856213,1,77500,37580,111972,0.09272,1204.93,L3:0=020;1=fff,00000c00,Thu Apr 2 02:49:46 PM UTC 2026,5409570_1451,coppernode26
"sh -c 'amoclingo -e=/home/guests/mmacri/AMOSUM/benchmarks/GraphColouring/encoding-amosum-eo.asp -l=false -m=minfly -lg=cpp -i=""$0""'",5,/home/guests/mmacri/AMOSUM/benchmarks/GraphColouring/test-instances-gc/0046-graph_colouring-145-0_1392.asp,226,83029394020,2565825445,7333181560,1127,507537278793,15095,646500124786,4,21147615,0.06348,211.591728607,211.416671,1,69784,37576,104048,0.075408,211.482,L3:0=fff;1=080,c0000000,Thu Apr 2 02:47:31 PM UTC 2026,5409570_1426,coppernode25
"sh -c 'amoclingo -e=/home/guests/mmacri/AMOSUM/benchmarks/GraphColouring/encoding-amosum-eo.asp -l=false -m=minfly -lg=cpp -i=""$0""'",5,/home/guests/mmacri/AMOSUM/benchmarks/GraphColouring/test-instances-gc/0018-graph_colouring-130-0_1248.asp,86,387320026760,23682882883,53617102500,1262,2891838125583,16395,3100531965572,2,120493684,0.056577,1204.952766542,1204.883305,1,77020,35732,111156,0.076307,1204.94,L3:0=fff;1=080,c0000000,Thu Apr 2 12:30:56 PM UTC 2026,5409570_1286,coppernode26
"sh -c 'amoclingo -e=/home/guests/mmacri/AMOSUM/benchmarks/GraphColouring/encoding-amosum-eo.asp -l=false -m=minfly -lg=cpp -i=""$0""'",5,/home/guests/mmacri/AMOSUM/benchmarks/GraphColouring/test-instances-gc/0014-graph_colouring-130-0_3744.asp,68,1237113871922,21775131479,40356860007,1672,2891534074078,26331,7136916507222,9,120481083,0.113103,1204.952580735,1204.701544,1,116368,67744,152724,0.134496,1204.76,L3:0=010;1=fff,00000300,Thu Apr 2 12:30:20 PM UTC 2026,5409570_1268,coppernode21
"sh -c 'amoclingo -e=/home/guests/mmacri/AMOSUM/benchmarks/GraphColouring/encoding-amosum-eo.asp -l=false -m=minfly -lg=cpp -i=""$0""'",5,/home/guests/mmacri/AMOSUM/benchmarks/GraphColouring/test-instances-gc/0032-graph_colouring-140-0_6720.asp,160,2370876282,6119244,16654125,501,4174197636,13781,13047822269,4,174027,0.056322,1.758256168,1.686574,1,65692,37052,99236,0.07847,1.74098,L3:0=fff;1=010,03000000,Thu Apr 2 02:39:22 PM UTC 2026,5409570_1360,coppernode26
"sh -c 'amoclingo -e=/home/guests/mmacri/AMOSUM/benchmarks/GraphColouring/encoding-amosum-eo.asp -l=false -m=minfly -lg=cpp -i=""$0""'",5,/home/guests/mmacri/AMOSUM/benchmarks/GraphColouring/test-instances-gc/0024-graph_colouring-135-0_2592.asp,117,398561803836,24322999118,55914640762,2550,2891214184027,16141,3186288616064,12,120468091,0.070983,1204.952239047,1204.615335,1,75032,36248,109492,0.094706,1204.67,L3:0=002;1=fff,0000000c,Thu Apr 2 12:38:05 PM UTC 2026,5409570_1317,coppernode28
"sh -c 'amoclingo -e=/home/guests/mmacri/AMOSUM/benchmarks/GraphColouring/encoding-amosum-eo.asp -l=false -m=minfly -lg=cpp -i=""$0""'",5,/home/guests/mmacri/AMOSUM/benchmarks/GraphColouring/test-instances-gc/0013-graph_colouring-130-0_2496.asp,62,786501066,4675740,12031766,475,2293872577,12777,4446107463,2,95676,0.075965,0.969931818,0.883048,1,48700,35452,77380,0.087853,0.948057,L3:0=fff;1=010,03000000,Thu Apr 2 12:30:07 PM UTC 2026,5409570_1262,coppernode24
"sh -c 'amoclingo -e=/home/guests/mmacri/AMOSUM/benchmarks/GraphColouring/encoding-amosum-eo.asp -l=false -m=minfly -lg=cpp -i=""$0""'",5,/home/guests/mmacri/AMOSUM/benchmarks/GraphColouring/test-instances-gc/0003-graph_colouring-125-0_6000.asp,15,2820400312,9677455,25479281,471,5033490247,13294,15681908551,4,209841,0.029846,2.108072466,2.070579,1,66156,34928,99712,0.046204,2.13079,L3:0=004;1=fff,00000030,Thu Apr 2 12:28:39 PM UTC 2026,5409570_1215,coppernode29
"sh -c 'amoclingo -e=/home/guests/mmacri/AMOSUM/benchmarks/GraphColouring/encoding-amosum-eo.asp -l=false -m=minfly -lg=cpp -i=""$0""'",5,/home/guests/mmacri/AMOSUM/benchmarks/GraphColouring/test-instances-gc/0037-graph_colouring-140-0_5376.asp,184,1167392147338,12038456548,22400142683,1669,2348681816653,21371,6667682169202,7,97862246,0.102962,978.743039486,978.524295,1,95796,47004,131972,0.119498,978.585,L3:0=040;1=fff,00003000,Thu Apr 2 02:41:19 PM UTC 2026,5409570_1384,coppernode25
"sh -c 'amoclingo -e=/home/guests/mmacri/AMOSUM/benchmarks/GraphColouring/encoding-amosum-eo.asp -l=false -m=minfly -lg=cpp -i=""$0""'",5,/home/guests/mmacri/AMOSUM/benchmarks/GraphColouring/test-instances-gc/0054-graph_colouring-150-0_5760.asp,269,1380802257354,40226805919,82646624700,1299,2891972743357,128219,5505627384100,4,120499323,0.381356,1205.00849993,1204.61471,1,512668,463008,573572,0.397887,1204.68,L3:0=010;1=fff,00000300,Thu Apr 2 02:51:38 PM UTC 2026,5409570_1469,coppernode29
"sh -c 'amoclingo -e=/home/guests/mmacri/AMOSUM/benchmarks/GraphColouring/encoding-amosum-eo.asp -l=false -m=minfly -lg=cpp -i=""$0""'",5,/home/guests/mmacri/AMOSUM/benchmarks/GraphColouring/test-instances-gc/0058-graph_colouring-150-0_2880.asp,287,394061290977,25322820794,57827229049,1687,2891593238433,16905,3151507497266,4,120483553,0.073408,1204.954827983,1204.766473,1,77660,37608,112032,0.089264,1204.83,L3:0=fff;1=020,0c000000,Thu Apr 2 02:52:46 PM UTC 2026,5409570_1487,coppernode22
"sh -c 'amoclingo -e=/home/guests/mmacri/AMOSUM/benchmarks/GraphColouring/encoding-amosum-eo.asp -l=false -m=minfly -lg=cpp -i=""$0""'",5,/home/guests/mmacri/AMOSUM/benchmarks/GraphColouring/test-instances-gc/0043-graph_colouring-145-0_5568.asp,214,1429384318764,15646195763,28968163860,2537,2891795983086,23653,8161187850572,2,120492358,0.076802,1204.954984146,1204.851154,1,104664,55484,140848,0.089336,1204.92,L3:0=fff;1=002,000c0000,Thu Apr 2 02:46:03 PM UTC 2026,5409570_1414,coppernode22
"sh -c 'amoclingo -e=/home/guests/mmacri/AMOSUM/benchmarks/GraphColouring/encoding-amosum-eo.asp -l=false -m=minfly -lg=cpp -i=""$0""'",5,/home/guests/mmacri/AMOSUM/benchmarks/GraphColouring/test-instances-gc/0053-graph_colouring-150-0_4320.asp,263,1196857141054,38978519480,75964925575,3079,2891893577087,140280,5038014671852,4,120496554,0.355636,1205.012161798,1204.611866,1,555000,506344,616484,0.380649,1204.66,L3:0=fff;1=004,00300000,Thu Apr 2 02:51:19 PM UTC 2026,5409570_1463,coppernode26
"sh -c 'amoclingo -e=/home/guests/mmacri/AMOSUM/benchmarks/GraphColouring/encoding-amosum-eo.asp -l=false -m=minfly -lg=cpp -i=""$0""'",5,/home/guests/mmacri/AMOSUM/benchmarks/GraphColouring/test-instances-gc/0056-graph_colouring-150-0_7200.asp,280,19305129584,506762075,645028312,519,45168298920,39108,99264658403,4,1882121,0.100215,18.832671241,18.723453,1,162348,113148,201084,0.120187,18.781,L3:0=fff;1=040,30000000,Thu Apr 2 02:52:24 PM UTC 2026,5409570_1480,coppernode30
"sh -c 'amoclingo -e=/home/guests/mmacri/AMOSUM/benchmarks/GraphColouring/encoding-amosum-eo.asp -l=false -m=minfly -lg=cpp -i=""$0""'",5,/home/guests/mmacri/AMOSUM/benchmarks/GraphColouring/test-instances-gc/0044-graph_colouring-145-0_5568.asp,219,1316662476455,18965483168,33910989712,1428,2891776841555,24334,7556115935892,2,120491188,0.081022,1204.954130594,1204.834389,1,106272,58024,143648,0.087002,1204.91,L3:0=fff;1=080,c0000000,Thu Apr 2 02:46:28 PM UTC 2026,5409570_1419,coppernode22
"sh -c 'amoclingo -e=/home/guests/mmacri/AMOSUM/benchmarks/GraphColouring/encoding-amosum-eo.asp -l=false -m=minfly -lg=cpp -i=""$0""'",5,/home/guests/mmacri/AMOSUM/benchmarks/GraphColouring/test-instances-gc/0053-graph_colouring-150-0_5760.asp,264,1336312511765,36165808711,62700219919,1725,2891745553123,117306,5698199929427,4,120489864,0.339968,1205.00873798,1204.562038,1,468328,419568,526368,0.357675,1204.62,L3:0=fff;1=004,00300000,Thu Apr 2 02:51:22 PM UTC 2026,5409570_1464,coppernode23
"sh -c 'amoclingo -e=/home/guests/mmacri/AMOSUM/benchmarks/GraphColouring/encoding-amosum-eo.asp -l=false -m=minfly -lg=cpp -i=""$0""'",5,/home/guests/mmacri/AMOSUM/benchmarks/GraphColouring/test-instances-gc/0043-graph_colouring-145-0_4176.asp,213,172114116161,9196484767,22178461249,1357,1227210037727,15920,1367565763995,6,51134074,0.054416,511.458128443,511.289837,1,73736,37340,107376,0.063734,511.358,L3:0=fff;1=008,00c00000,Thu Apr 2 02:45:52 PM UTC 2026,5409570_1413,coppernode23
"sh -c 'amoclingo -e=/home/guests/mmacri/AMOSUM/benchmarks/GraphColouring/encoding-amosum-eo.asp -l=false -m=minfly -lg=cpp -i=""$0""'",5,/home/guests/mmacri/AMOSUM/benchmarks/GraphColouring/test-instances-gc/0004-graph_colouring-125-0_3600.asp,18,1112910565736,27303601887,47901992126,1343,2891649726066,28417,6346771488875,4,120485801,0.094365,1204.954307495,1204.766552,1,125008,76984,163364,0.114029,1204.82,L3:0=fff;1=008,00c00000,Thu Apr 2 12:28:42 PM UTC 2026,5409570_1218,coppernode26
"sh -c 'amoclingo -e=/home/guests/mmacri/AMOSUM/benchmarks/GraphColouring/encoding-amosum-eo.asp -l=false -m=minfly -lg=cpp -i=""$0""'",5,/home/guests/mmacri/AMOSUM/benchmarks/GraphColouring/test-instances-gc/0017-graph_colouring-130-0_1248.asp,81,381712562136,25437117455,56354416474,1128,2891841166446,16108,3067459666071,2,120493763,0.059612,1204.952282227,1204.880538,1,75884,35724,109664,0.072271,1204.94,L3:0=fff;1=010,03000000,Thu Apr 2 12:30:50 PM UTC 2026,5409570_1281,coppernode27
"sh -c 'amoclingo -e=/home/guests/mmacri/AMOSUM/benchmarks/GraphColouring/encoding-amosum-eo.asp -l=false -m=minfly -lg=cpp -i=""$0""'",5,/home/guests/mmacri/AMOSUM/benchmarks/GraphColouring/test-instances-gc/0038-graph_colouring-140-0_5376.asp,189,1261095550662,20846383895,36381660998,1929,2890927549198,24933,7225513225042,12,120455932,0.091003,1204.954391935,1204.472953,1,110256,61572,147480,0.098892,1204.54,L3:0=080;1=fff,0000c000,Thu Apr 2 02:42:33 PM UTC 2026,5409570_1389,coppernode23
"sh -c 'amoclingo -e=/home/guests/mmacri/AMOSUM/benchmarks/GraphColouring/encoding-amosum-eo.asp -l=false -m=minfly -lg=cpp -i=""$0""'",5,/home/guests/mmacri/AMOSUM/benchmarks/GraphColouring/test-instances-gc/0022-graph_colouring-135-0_6480.asp,110,5083690876,92250301,137173805,917,10858792800,23882,27979101700,4,452610,0.080134,4.63138354,4.449139,1,104684,55380,140936,0.08896,4.51731,L3:0=002;1=fff,0000000c,Thu Apr 2 12:36:05 PM UTC 2026,5409570_1310,coppernode26
"sh -c 'amoclingo -e=/home/guests/mmacri/AMOSUM/benchmarks/GraphColouring/encoding-amosum-eo.asp -l=false -m=minfly -lg=cpp -i=""$0""'",5,/home/guests/mmacri/AMOSUM/benchmarks/GraphColouring/test-instances-gc/0034-graph_colouring-140-0_2688.asp,167,153594942055,6446784718,16580920113,1363,1003629264482,15130,1209988811635,4,41818248,0.064397,418.314641949,418.121639,1,72240,36756,106296,0.084201,418.179,L3:0=008;1=fff,000000c0,Thu Apr 2 02:39:46 PM UTC 2026,5409570_1367,coppernode22
"sh -c 'amoclingo -e=/home/guests/mmacri/AMOSUM/benchmarks/GraphColouring/encoding-amosum-eo.asp -l=false -m=minfly -lg=cpp -i=""$0""'",5,/home/guests/mmacri/AMOSUM/benchmarks/GraphColouring/test-instances-gc/0003-graph_colouring-125-0_2400.asp,12,715077269,4680548,12075500,470,2027722178,12533,3975183330,5,84585,0.049228,0.856877669,0.798708,1,49008,34968,77380,0.079383,0.845552,L3:0=fff;1=008,00c00000,Thu Apr 2 12:28:34 PM UTC 2026,5409570_1212,coppernode22
"sh -c 'amoclingo -e=/home/guests/mmacri/AMOSUM/benchmarks/GraphColouring/encoding-amosum-eo.asp -l=false -m=minfly -lg=cpp -i=""$0""'",5,/home/guests/mmacri/AMOSUM/benchmarks/GraphColouring/test-instances-gc/0013-graph_colouring-130-0_6240.asp,65,3498059493,10402507,27306198,480,5977448364,13695,19406768978,4,249166,0.055615,2.503580063,2.438308,1,67660,35192,101928,0.075362,2.49526,L3:0=010;1=fff,00000300,Thu Apr 2 12:30:15 PM UTC 2026,5409570_1265,coppernode29
"sh -c 'amoclingo -e=/home/guests/mmacri/AMOSUM/benchmarks/GraphColouring/encoding-amosum-eo.asp -l=false -m=minfly -lg=cpp -i=""$0""'",5,/home/guests/mmacri/AMOSUM/benchmarks/GraphColouring/test-instances-gc/0037-graph_colouring-140-0_4032.asp,183,1286912033231,17901552308,33983655832,1285,2891787629182,28436,7469194644451,2,120491636,0.109699,1204.955089141,1204.808995,1,123192,73396,159292,0.141273,1204.85,L3:0=004;1=fff,00000030,Thu Apr 2 02:41:16 PM UTC 2026,5409570_1383,coppernode29
"sh -c 'amoclingo -e=/home/guests/mmacri/AMOSUM/benchmarks/GraphColouring/encoding-amosum-eo.asp -l=false -m=minfly -lg=cpp -i=""$0""'",5,/home/guests/mmacri/AMOSUM/benchmarks/GraphColouring/test-instances-gc/0045-graph_colouring-145-0_1392.asp,221,406834486338,23036048127,54922250375,1486,2891786032086,16716,3239023981442,2,120491577,0.076256,1204.9550841,1204.842124,1,77116,37104,110776,0.088774,1204.91,L3:0=008;1=fff,000000c0,Thu Apr 2 02:46:41 PM UTC 2026,5409570_1421,coppernode27
"sh -c 'amoclingo -e=/home/guests/mmacri/AMOSUM/benchmarks/GraphColouring/encoding-amosum-eo.asp -l=false -m=minfly -lg=cpp -i=""$0""'",5,/home/guests/mmacri/AMOSUM/benchmarks/GraphColouring/test-instances-gc/0052-graph_colouring-150-0_1440.asp,256,402219379165,22639296300,52646932849,1662,2891614214371,17531,3200976915799,2,120484472,0.070833,1204.955172393,1204.777651,1,80092,37284,113820,0.082663,1204.84,L3:0=040;1=fff,00003000,Thu Apr 2 02:50:45 PM UTC 2026,5409570_1456,coppernode22
"sh -c 'amoclingo -e=/home/guests/mmacri/AMOSUM/benchmarks/GraphColouring/encoding-amosum-eo.asp -l=false -m=minfly -lg=cpp -i=""$0""'",5,/home/guests/mmacri/AMOSUM/benchmarks/GraphColouring/test-instances-gc/0031-graph_colouring-140-0_6720.asp,155,3315029302,8568028,22586330,488,5612136647,13901,18336859023,4,233944,0.047611,2.350856136,2.294145,1,66180,36576,99956,0.056757,2.36182,L3:0=002;1=fff,0000000c,Thu Apr 2 02:39:00 PM UTC 2026,5409570_1355,coppernode21
"sh -c 'amoclingo -e=/home/guests/mmacri/AMOSUM/benchmarks/GraphColouring/encoding-amosum-eo.asp -l=false -m=minfly -lg=cpp -i=""$0""'",5,/home/guests/mmacri/AMOSUM/benchmarks/GraphColouring/test-instances-gc/0025-graph_colouring-135-0_2592.asp,122,374009485211,27138352158,59820882375,1724,2891629855825,16276,3023217141829,4,120485083,0.080414,1204.952259659,1204.774396,1,75552,36232,110036,0.092245,1204.84,L3:0=008;1=fff,000000c0,Thu Apr 2 12:38:51 PM UTC 2026,5409570_1322,coppernode30
"sh -c 'amoclingo -e=/home/guests/mmacri/AMOSUM/benchmarks/GraphColouring/encoding-amosum-eo.asp -l=false -m=minfly -lg=cpp -i=""$0""'",5,/home/guests/mmacri/AMOSUM/benchmarks/GraphColouring/test-instances-gc/0026-graph_colouring-135-0_3888.asp,128,350983822274,20076256414,45175077045,1264,2354739292003,45133,2679735194597,6,98114462,0.126125,981.249642457,981.022366,1,188600,140360,224144,0.131198,981.094,L3:0=040;1=fff,00003000,Thu Apr 2 12:40:12 PM UTC 2026,5409570_1328,coppernode30
"sh -c 'amoclingo -e=/home/guests/mmacri/AMOSUM/benchmarks/GraphColouring/encoding-amosum-eo.asp -l=false -m=minfly -lg=cpp -i=""$0""'",5,/home/guests/mmacri/AMOSUM/benchmarks/GraphColouring/test-instances-gc/0012-graph_colouring-130-0_2496.asp,57,49065550914,424470511,1599931973,614,235568322450,14266,364164920691,5,9815508,0.071305,98.166763845,98.085876,1,68920,35432,102696,0.087878,98.1459,L3:0=004;1=fff,00000030,Thu Apr 2 12:29:39 PM UTC 2026,5409570_1257,coppernode23
"sh -c 'amoclingo -e=/home/guests/mmacri/AMOSUM/benchmarks/GraphColouring/encoding-amosum-eo.asp -l=false -m=minfly -lg=cpp -i=""$0""'",5,/home/guests/mmacri/AMOSUM/benchmarks/GraphColouring/test-instances-gc/0004-graph_colouring-125-0_6000.asp,20,2463888792,8468029,22318986,627,4440810525,13224,13657656424,6,185159,0.052619,1.884301117,1.801291,1,65824,35248,100096,0.057667,1.87242,L3:0=008;1=fff,000000c0,Thu Apr 2 12:28:59 PM UTC 2026,5409570_1220,coppernode24
"sh -c 'amoclingo -e=/home/guests/mmacri/AMOSUM/benchmarks/GraphColouring/encoding-amosum-eo.asp -l=false -m=minfly -lg=cpp -i=""$0""'",5,/home/guests/mmacri/AMOSUM/benchmarks/GraphColouring/test-instances-gc/0056-graph_colouring-150-0_2880.asp,277,389977807243,24655897933,56205324597,2516,2891730538307,16839,3115574744340,2,120489510,0.080371,1204.955250152,1204.815946,1,77508,37052,111124,0.089482,1204.88,L3:0=fff;1=040,30000000,Thu Apr 2 02:52:21 PM UTC 2026,5409570_1477,coppernode26
"sh -c 'amoclingo -e=/home/guests/mmacri/AMOSUM/benchmarks/GraphColouring/encoding-amosum-eo.asp -l=false -m=minfly -lg=cpp -i=""$0""'",5,/home/guests/mmacri/AMOSUM/benchmarks/GraphColouring/test-instances-gc/0040-graph_colouring-140-0_6720.asp,200,2619095063,5681847,15718443,923,4440380915,13579,14387070487,4,185174,0.075326,1.973820347,1.779975,1,65044,37040,98484,0.096817,1.83536,L3:0=080;1=fff,0000c000,Thu Apr 2 02:44:08 PM UTC 2026,5409570_1400,coppernode29
"sh -c 'amoclingo -e=/home/guests/mmacri/AMOSUM/benchmarks/GraphColouring/encoding-amosum-eo.asp -l=false -m=minfly -lg=cpp -i=""$0""'",5,/home/guests/mmacri/AMOSUM/benchmarks/GraphColouring/test-instances-gc/0060-graph_colouring-150-0_5760.asp,299,1348417612529,36518966837,70771537626,1311,2891981433702,120533,5538101580422,4,120499714,0.299792,1205.007217275,1204.699374,1,480984,432188,545968,0.315453,1204.76,L3:0=008;1=fff,000000c0,Thu Apr 2 02:53:10 PM UTC 2026,5409570_1499,coppernode21
"sh -c 'amoclingo -e=/home/guests/mmacri/AMOSUM/benchmarks/GraphColouring/encoding-amosum-eo.asp -l=false -m=minfly -lg=cpp -i=""$0""'",5,/home/guests/mmacri/AMOSUM/benchmarks/GraphColouring/test-instances-gc/0059-graph_colouring-150-0_4320.asp,293,377821937187,27263188335,59858616097,1235,2891850642267,16942,3038036324367,2,120494236,0.076309,1204.95541001,1204.869054,1,76924,37580,111176,0.084235,1204.94,L3:0=040;1=fff,00003000,Thu Apr 2 02:53:00 PM UTC 2026,5409570_1493,coppernode26
"sh -c 'amoclingo -e=/home/guests/mmacri/AMOSUM/benchmarks/GraphColouring/encoding-amosum-eo.asp -l=false -m=minfly -lg=cpp -i=""$0""'",5,/home/guests/mmacri/AMOSUM/benchmarks/GraphColouring/test-instances-gc/0020-graph_colouring-130-0_3744.asp,98,1234263708383,21513603146,39813519807,1024,2891847829344,29050,7093382251767,2,120494013,0.145734,1204.951045075,1204.796522,1,116536,68332,153484,0.158277,1204.86,L3:0=fff;1=008,00c00000,Thu Apr 2 12:31:31 PM UTC 2026,5409570_1298,coppernode24
"sh -c 'amoclingo -e=/home/guests/mmacri/AMOSUM/benchmarks/GraphColouring/encoding-amosum-eo.asp -l=false -m=minfly -lg=cpp -i=""$0""'",5,/home/guests/mmacri/AMOSUM/benchmarks/GraphColouring/test-instances-gc/0016-graph_colouring-130-0_1248.asp,76,422333987923,20076316337,49729113069,1271,2891842790676,16389,3357565940207,2,120493930,0.068924,1204.951776041,1204.873521,1,77212,36052,110928,0.082484,1204.94,L3:0=004;1=fff,00000030,Thu Apr 2 12:30:44 PM UTC 2026,5409570_1276,coppernode25
"sh -c 'amoclingo -e=/home/guests/mmacri/AMOSUM/benchmarks/GraphColouring/encoding-amosum-eo.asp -l=false -m=minfly -lg=cpp -i=""$0""'",5,/home/guests/mmacri/AMOSUM/benchmarks/GraphColouring/test-instances-gc/0022-graph_colouring-135-0_5184.asp,109,1310694100539,37491779535,72088116555,3368,2891672958231,108033,5336575138143,8,120487465,0.381672,1205.000781484,1204.494903,1,432516,384052,494508,0.393504,1204.56,L3:0=002;1=fff,0000000c,Thu Apr 2 12:35:34 PM UTC 2026,5409570_1309,coppernode23
"sh -c 'amoclingo -e=/home/guests/mmacri/AMOSUM/benchmarks/GraphColouring/encoding-amosum-eo.asp -l=false -m=minfly -lg=cpp -i=""$0""'",5,/home/guests/mmacri/AMOSUM/benchmarks/GraphColouring/test-instances-gc/0038-graph_colouring-140-0_6720.asp,190,3639854626,19316217,46021255,919,6881419283,14702,20395155730,6,286877,0.05354,2.993271561,2.818198,1,69580,36516,103708,0.057514,2.89138,L3:0=004;1=fff,00000030,Thu Apr 2 02:42:46 PM UTC 2026,5409570_1390,coppernode21
"sh -c 'amoclingo -e=/home/guests/mmacri/AMOSUM/benchmarks/GraphColouring/encoding-amosum-eo.asp -l=false -m=minfly -lg=cpp -i=""$0""'",5,/home/guests/mmacri/AMOSUM/benchmarks/GraphColouring/test-instances-gc/0019-graph_colouring-130-0_2496.asp,92,615007161,4303157,10611541,477,1614536721,12597,3259340917,5,67376,0.063805,0.683250996,0.612312,1,48964,35452,77380,0.068785,0.684181,L3:0=080;1=fff,0000c000,Thu Apr 2 12:31:14 PM UTC 2026,5409570_1292,coppernode24
"sh -c 'amoclingo -e=/home/guests/mmacri/AMOSUM/benchmarks/GraphColouring/encoding-amosum-eo.asp -l=false -m=minfly -lg=cpp -i=""$0""'",5,/home/guests/mmacri/AMOSUM/benchmarks/GraphColouring/test-instances-gc/0021-graph_colouring-135-0_3888.asp,103,1444724705243,36950003045,75379179566,1724,2891702746511,117420,5850371864909,6,120488129,0.355437,1205.004838848,1204.530138,1,470208,421876,531228,0.371323,1204.59,L3:0=004;1=fff,00000030,Thu Apr 2 12:32:45 PM UTC 2026,5409570_1303,coppernode26
"sh -c 'amoclingo -e=/home/guests/mmacri/AMOSUM/benchmarks/GraphColouring/encoding-amosum-eo.asp -l=false -m=minfly -lg=cpp -i=""$0""'",5,/home/guests/mmacri/AMOSUM/benchmarks/GraphColouring/test-instances-gc/0035-graph_colouring-140-0_5376.asp,174,1406249433633,16151492922,29703712242,2479,2891792532731,22367,8044267239246,2,120492268,0.104036,1204.955071198,1204.82336,1,100768,51744,137884,0.11738,1204.89,L3:0=002;1=fff,0000000c,Thu Apr 2 02:40:18 PM UTC 2026,5409570_1374,coppernode28
"sh -c 'amoclingo -e=/home/guests/mmacri/AMOSUM/benchmarks/GraphColouring/encoding-amosum-eo.asp -l=false -m=minfly -lg=cpp -i=""$0""'",5,/home/guests/mmacri/AMOSUM/benchmarks/GraphColouring/test-instances-gc/0047-graph_colouring-145-0_2784.asp,232,393838835904,22925743602,52369526783,2315,2891792469169,16862,3138303492649,4,120492079,0.075542,1204.955690475,1204.848715,1,77484,36780,111564,0.087381,1204.91,L3:0=fff;1=002,000c0000,Thu Apr 2 02:47:45 PM UTC 2026,5409570_1432,coppernode27
"sh -c 'amoclingo -e=/home/guests/mmacri/AMOSUM/benchmarks/GraphColouring/encoding-amosum-eo.asp -l=false -m=minfly -lg=cpp -i=""$0""'",5,/home/guests/mmacri/AMOSUM/benchmarks/GraphColouring/test-instances-gc/0049-graph_colouring-145-0_6960.asp,245,4378818705,28503865,64840198,499,8409786493,15562,24572202753,6,350518,0.066153,3.522487616,3.441325,1,71528,37288,106336,0.081955,3.50222,L3:0=010;1=fff,00000300,Thu Apr 2 02:49:14 PM UTC 2026,5409570_1445,coppernode30
"sh -c 'amoclingo -e=/home/guests/mmacri/AMOSUM/benchmarks/GraphColouring/encoding-amosum-eo.asp -l=false -m=minfly -lg=cpp -i=""$0""'",5,/home/guests/mmacri/AMOSUM/benchmarks/GraphColouring/test-instances-gc/0048-graph_colouring-145-0_4176.asp,238,1323770568815,19336419931,36164781728,2106,2891742248632,27740,7638940722153,2,120490017,0.095563,1204.955151285,1204.807838,1,119352,70140,154564,0.112196,1204.87,L3:0=fff;1=002,000c0000,Thu Apr 2 02:48:45 PM UTC 2026,5409570_1438,coppernode25
"sh -c 'amoclingo -e=/home/guests/mmacri/AMOSUM/benchmarks/GraphColouring/encoding-amosum-eo.asp -l=false -m=minfly -lg=cpp -i=""$0""'",5,/home/guests/mmacri/AMOSUM/benchmarks/GraphColouring/test-instances-gc/0009-graph_colouring-125-0_4800.asp,44,656381520545,7404278833,14387767132,841,1347109707421,19841,3765334111924,4,56129820,0.052119,561.312914271,561.248772,1,90844,42760,127144,0.061247,561.316,L3:0=fff;1=040,30000000,Thu Apr 2 12:29:15 PM UTC 2026,5409570_1244,coppernode23
"sh -c 'amoclingo -e=/home/guests/mmacri/AMOSUM/benchmarks/GraphColouring/encoding-amosum-eo.asp -l=false -m=minfly -lg=cpp -i=""$0""'",5,/home/guests/mmacri/AMOSUM/benchmarks/GraphColouring/test-instances-gc/0007-graph_colouring-125-0_3600.asp,33,1188006625971,25907137773,47048609348,1325,2891743309929,82667,6700015161386,6,120489638,0.273476,1204.993429677,1204.626483,1,334320,285500,371060,0.289373,1204.69,L3:0=fff;1=080,c0000000,Thu Apr 2 12:29:08 PM UTC 2026,5409570_1233,coppernode30
"sh -c 'amoclingo -e=/home/guests/mmacri/AMOSUM/benchmarks/GraphColouring/encoding-amosum-eo.asp -l=false -m=minfly -lg=cpp -i=""$0""'",5,/home/guests/mmacri/AMOSUM/benchmarks/GraphColouring/test-instances-gc/0030-graph_colouring-135-0_1296.asp,146,5810996766,26351109,91996692,973,23465637974,13461,40368624935,7,977903,0.055581,9.915172442,9.727198,1,64644,35500,98440,0.068931,9.79099,L3:0=080;1=fff,0000c000,Thu Apr 2 02:38:36 PM UTC 2026,5409570_1346,coppernode30
"sh -c 'amoclingo -e=/home/guests/mmacri/AMOSUM/benchmarks/GraphColouring/encoding-amosum-eo.asp -l=false -m=minfly -lg=cpp -i=""$0""'",5,/home/guests/mmacri/AMOSUM/benchmarks/GraphColouring/test-instances-gc/0027-graph_colouring-135-0_1296.asp,131,152025749996,7311878577,17721759911,1068,1024494451486,15096,1202094310120,4,42687558,0.06523,426.972395708,426.813643,1,71064,36520,105276,0.081068,426.875,L3:0=fff;1=040,30000000,Thu Apr 2 12:41:35 PM UTC 2026,5409570_1331,coppernode25
"sh -c 'amoclingo -e=/home/guests/mmacri/AMOSUM/benchmarks/GraphColouring/encoding-amosum-eo.asp -l=false -m=minfly -lg=cpp -i=""$0""'",5,/home/guests/mmacri/AMOSUM/benchmarks/GraphColouring/test-instances-gc/0008-graph_colouring-125-0_4800.asp,39,548998106705,6944869372,13052140670,812,1165410089868,20171,3146887903309,4,48558982,0.068695,485.599793429,485.523688,1,92496,44144,128720,0.091936,485.578,L3:0=fff;1=020,0c000000,Thu Apr 2 12:29:12 PM UTC 2026,5409570_1239,coppernode28
"sh -c 'amoclingo -e=/home/guests/mmacri/AMOSUM/benchmarks/GraphColouring/encoding-amosum-eo.asp -l=false -m=minfly -lg=cpp -i=""$0""'",5,/home/guests/mmacri/AMOSUM/benchmarks/GraphColouring/test-instances-gc/0048-graph_colouring-145-0_1392.asp,236,383216432740,25350444131,56864023799,1261,2891846602841,16640,3071859118167,2,120494103,0.058931,1204.955151649,1204.885033,1,76812,37044,110608,0.06683,1204.95,L3:0=fff;1=008,00c00000,Thu Apr 2 02:47:55 PM UTC 2026,5409570_1436,coppernode21
"sh -c 'amoclingo -e=/home/guests/mmacri/AMOSUM/benchmarks/GraphColouring/encoding-amosum-eo.asp -l=false -m=minfly -lg=cpp -i=""$0""'",5,/home/guests/mmacri/AMOSUM/benchmarks/GraphColouring/test-instances-gc/0049-graph_colouring-145-0_1392.asp,241,91000021060,2509976425,7362880989,830,547742944895,14982,706727742840,4,22822845,0.082936,228.244435799,228.148419,1,69620,37364,103700,0.109308,228.199,L3:0=fff;1=080,c0000000,Thu Apr 2 02:48:53 PM UTC 2026,5409570_1441,coppernode29
"sh -c 'amoclingo -e=/home/guests/mmacri/AMOSUM/benchmarks/GraphColouring/encoding-amosum-eo.asp -l=false -m=minfly -lg=cpp -i=""$0""'",5,/home/guests/mmacri/AMOSUM/benchmarks/GraphColouring/test-instances-gc/0029-graph_colouring-135-0_2592.asp,142,392040297539,22878931810,52622540883,1745,2891590142311,16261,3125174177320,2,120483467,0.077348,1204.952730181,1204.761304,1,76516,35960,110160,0.100986,1204.81,L3:0=010;1=fff,00000300,Thu Apr 2 12:44:08 PM UTC 2026,5409570_1342,coppernode23
"sh -c 'amoclingo -e=/home/guests/mmacri/AMOSUM/benchmarks/GraphColouring/encoding-amosum-eo.asp -l=false -m=minfly -lg=cpp -i=""$0""'",5,/home/guests/mmacri/AMOSUM/benchmarks/GraphColouring/test-instances-gc/0027-graph_colouring-135-0_6480.asp,135,6478963165,151031438,214769002,910,15046888053,24676,36096669385,6,627104,0.084069,6.399978,6.190718,1,107484,58404,144244,0.088266,6.26374,L3:0=fff;1=080,c0000000,Thu Apr 2 12:41:50 PM UTC 2026,5409570_1335,coppernode23
"sh -c 'amoclingo -e=/home/guests/mmacri/AMOSUM/benchmarks/GraphColouring/encoding-amosum-eo.asp -l=false -m=minfly -lg=cpp -i=""$0""'",5,/home/guests/mmacri/AMOSUM/benchmarks/GraphColouring/test-instances-gc/0008-graph_colouring-125-0_6000.asp,40,2314853248,8880210,23929905,906,4299305212,13420,12872277420,6,179285,0.073941,1.900358815,1.721805,1,65528,35196,99684,0.090267,1.78207,L3:0=008;1=fff,000000c0,Thu Apr 2 12:29:12 PM UTC 2026,5409570_1240,coppernode21
"sh -c 'amoclingo -e=/home/guests/mmacri/AMOSUM/benchmarks/GraphColouring/encoding-amosum-eo.asp -l=false -m=minfly -lg=cpp -i=""$0""'",5,/home/guests/mmacri/AMOSUM/benchmarks/GraphColouring/test-instances-gc/0008-graph_colouring-125-0_2400.asp,37,2358545930,11291221,37291438,898,8827147797,13007,15677113645,9,367943,0.037915,3.796700174,3.64517,1,64128,35200,98264,0.052181,3.70803,L3:0=fff;1=040,30000000,Thu Apr 2 12:29:11 PM UTC 2026,5409570_1237,coppernode25
"sh -c 'amoclingo -e=/home/guests/mmacri/AMOSUM/benchmarks/GraphColouring/encoding-amosum-eo.asp -l=false -m=minfly -lg=cpp -i=""$0""'",5,/home/guests/mmacri/AMOSUM/benchmarks/GraphColouring/test-instances-gc/0030-graph_colouring-135-0_3888.asp,148,1502397825903,31818139093,64880405894,1365,2891701452426,112794,6201538690564,6,120488146,0.269283,1205.00243533,1204.61455,1,456236,407952,517476,0.282671,1204.68,L3:0=040;1=fff,00003000,Thu Apr 2 02:38:43 PM UTC 2026,5409570_1348,coppernode21
"sh -c 'amoclingo -e=/home/guests/mmacri/AMOSUM/benchmarks/GraphColouring/encoding-amosum-eo.asp -l=false -m=minfly -lg=cpp -i=""$0""'",5,/home/guests/mmacri/AMOSUM/benchmarks/GraphColouring/test-instances-gc/0060-graph_colouring-150-0_2880.asp,297,105046374241,3906214427,9941748047,717,666712775885,15306,814376881608,4,27779890,0.045625,277.810102968,277.755901,1,70380,37904,104312,0.050562,277.828,L3:0=fff;1=080,c0000000,Thu Apr 2 02:53:08 PM UTC 2026,5409570_1497,coppernode26
"sh -c 'amoclingo -e=/home/guests/mmacri/AMOSUM/benchmarks/GraphColouring/encoding-amosum-eo.asp -l=false -m=minfly -lg=cpp -i=""$0""'",5,/home/guests/mmacri/AMOSUM/benchmarks/GraphColouring/test-instances-gc/0056-graph_colouring-150-0_5760.asp,279,1401456551667,35051662653,65485628936,1759,2891721872696,112381,5896449322315,6,120488933,0.316835,1205.004313681,1204.57701,1,449688,400452,508744,0.324713,1204.65,L3:0=080;1=fff,0000c000,Thu Apr 2 02:52:24 PM UTC 2026,5409570_1479,coppernode28
"sh -c 'amoclingo -e=/home/guests/mmacri/AMOSUM/benchmarks/GraphColouring/encoding-amosum-eo.asp -l=false -m=minfly -lg=cpp -i=""$0""'",5,/home/guests/mmacri/AMOSUM/benchmarks/GraphColouring/test-instances-gc/0055-graph_colouring-150-0_4320.asp,273,1390479221646,35002955082,71579968489,1393,2891664575968,138886,5753478002272,8,120486614,0.351362,1205.010227922,1204.516823,1,555456,506284,622668,0.35217,1204.59,L3:0=020;1=fff,00000c00,Thu Apr 2 02:52:04 PM UTC 2026,5409570_1473,coppernode21
"sh -c 'amoclingo -e=/home/guests/mmacri/AMOSUM/benchmarks/GraphColouring/encoding-amosum-eo.asp -l=false -m=minfly -lg=cpp -i=""$0""'",5,/home/guests/mmacri/AMOSUM/benchmarks/GraphColouring/test-instances-gc/0041-graph_colouring-145-0_5568.asp,204,1438629305598,15425831728,28627812936,1272,2891828773499,22546,8210637357167,4,120493341,0.079785,1204.955694021,1204.856368,1,100496,51232,136296,0.091675,1204.92,L3:0=fff;1=010,03000000,Thu Apr 2 02:44:45 PM UTC 2026,5409570_1404,coppernode22
"sh -c 'amoclingo -e=/home/guests/mmacri/AMOSUM/benchmarks/GraphColouring/encoding-amosum-eo.asp -l=false -m=minfly -lg=cpp -i=""$0""'",5,/home/guests/mmacri/AMOSUM/benchmarks/GraphColouring/test-instances-gc/0022-graph_colouring-135-0_2592.asp,107,192948072178,9842692740,24369464672,1338,1355985536460,15382,1545626277302,4,56499743,0.069039,565.104278923,564.931983,1,72820,36488,107356,0.09079,564.987,L3:0=010;1=fff,00000300,Thu Apr 2 12:34:42 PM UTC 2026,5409570_1307,coppernode23
"sh -c 'amoclingo -e=/home/guests/mmacri/AMOSUM/benchmarks/GraphColouring/encoding-amosum-eo.asp -l=false -m=minfly -lg=cpp -i=""$0""'",5,/home/guests/mmacri/AMOSUM/benchmarks/GraphColouring/test-instances-gc/0034-graph_colouring-140-0_6720.asp,170,2644777592,5860276,15682373,497,4451806669,13602,14538378394,6,185596,0.061138,1.916726831,1.797161,1,64940,36780,98712,0.072937,1.86176,L3:0=002;1=fff,0000000c,Thu Apr 2 02:40:08 PM UTC 2026,5409570_1370,coppernode21
"sh -c 'amoclingo -e=/home/guests/mmacri/AMOSUM/benchmarks/GraphColouring/encoding-amosum-eo.asp -l=false -m=minfly -lg=cpp -i=""$0""'",5,/home/guests/mmacri/AMOSUM/benchmarks/GraphColouring/test-instances-gc/0016-graph_colouring-130-0_3744.asp,78,1230427406301,21071629181,39182269783,1643,2891639030874,25725,7159870274651,2,120485519,0.09326,1204.952763451,1204.764747,1,112468,63824,148148,0.097218,1204.84,L3:0=004;1=fff,00000030,Thu Apr 2 12:30:46 PM UTC 2026,5409570_1278,coppernode24
"sh -c 'amoclingo -e=/home/guests/mmacri/AMOSUM/benchmarks/GraphColouring/encoding-amosum-eo.asp -l=false -m=minfly -lg=cpp -i=""$0""'",5,/home/guests/mmacri/AMOSUM/benchmarks/GraphColouring/test-instances-gc/0020-graph_colouring-130-0_1248.asp,96,17567854412,100625923,377975843,504,78112458257,13701,126573531957,5,3254797,0.047779,32.557164263,32.50254,1,65652,35520,99520,0.057879,32.5695,L3:0=fff;1=080,c0000000,Thu Apr 2 12:31:20 PM UTC 2026,5409570_1296,coppernode27
"sh -c 'amoclingo -e=/home/guests/mmacri/AMOSUM/benchmarks/GraphColouring/encoding-amosum-eo.asp -l=false -m=minfly -lg=cpp -i=""$0""'",5,/home/guests/mmacri/AMOSUM/benchmarks/GraphColouring/test-instances-gc/0039-graph_colouring-140-0_5376.asp,194,1114809929884,12470065027,23547083210,1605,2315788691298,21398,6394112178609,4,96491623,0.099149,965.032604309,964.821611,1,95732,47028,131720,0.108332,964.89,L3:0=fff;1=080,c0000000,Thu Apr 2 02:43:03 PM UTC 2026,5409570_1394,coppernode28
"sh -c 'amoclingo -e=/home/guests/mmacri/AMOSUM/benchmarks/GraphColouring/encoding-amosum-eo.asp -l=false -m=minfly -lg=cpp -i=""$0""'",5,/home/guests/mmacri/AMOSUM/benchmarks/GraphColouring/test-instances-gc/0015-graph_colouring-130-0_2496.asp,72,388740587698,24480230003,55680537116,1645,2891600221807,16082,3130901345562,2,120483841,0.060238,1204.953788497,1204.782325,1,75964,35696,109816,0.081796,1204.84,L3:0=080;1=fff,0000c000,Thu Apr 2 12:30:39 PM UTC 2026,5409570_1272,coppernode23
"sh -c 'amoclingo -e=/home/guests/mmacri/AMOSUM/benchmarks/GraphColouring/encoding-amosum-eo.asp -l=false -m=minfly -lg=cpp -i=""$0""'",5,/home/guests/mmacri/AMOSUM/benchmarks/GraphColouring/test-instances-gc/0045-graph_colouring-145-0_6960.asp,225,4354156072,20424501,44687219,496,7767457094,14725,24294982889,4,323747,0.057388,3.247822215,3.182392,1,69232,37308,102808,0.06213,3.25444,L3:0=fff;1=004,00300000,Thu Apr 2 02:47:31 PM UTC 2026,5409570_1425,coppernode27
"sh -c 'amoclingo -e=/home/guests/mmacri/AMOSUM/benchmarks/GraphColouring/encoding-amosum-eo.asp -l=false -m=minfly -lg=cpp -i=""$0""'",5,/home/guests/mmacri/AMOSUM/benchmarks/GraphColouring/test-instances-gc/0051-graph_colouring-150-0_2880.asp,252,401401578020,22934125236,53982576386,1853,2891812706377,17092,3199329139271,2,120492789,0.098791,1204.95531933,1204.832218,1,78260,37564,112964,0.118599,1204.89,L3:0=fff;1=002,000c0000,Thu Apr 2 02:50:13 PM UTC 2026,5409570_1452,coppernode24
"sh -c 'amoclingo -e=/home/guests/mmacri/AMOSUM/benchmarks/GraphColouring/encoding-amosum-eo.asp -l=false -m=minfly -lg=cpp -i=""$0""'",5,/home/guests/mmacri/AMOSUM/benchmarks/GraphColouring/test-instances-gc/0001-graph_colouring-125-0_4800.asp,4,618724068776,5664756265,11256428107,849,1212493341424,18952,3536761839364,4,50520828,0.095515,505.222849287,505.115244,1,88956,39840,124852,0.103959,505.184,L3:0=010;1=fff,00000300,Thu Apr 2 12:28:12 PM UTC 2026,5409570_1204,coppernode27
"sh -c 'amoclingo -e=/home/guests/mmacri/AMOSUM/benchmarks/GraphColouring/encoding-amosum-eo.asp -l=false -m=minfly -lg=cpp -i=""$0""'",5,/home/guests/mmacri/AMOSUM/benchmarks/GraphColouring/test-instances-gc/0052-graph_colouring-150-0_4320.asp,258,1429018334646,34033918269,68001959744,1228,2891986723796,135364,5865120295760,4,120499855,0.3135,1205.006481425,1204.688317,1,541416,492288,605832,0.334227,1204.74,L3:0=fff;1=080,c0000000,Thu Apr 2 02:51:04 PM UTC 2026,5409570_1458,coppernode25
"sh -c 'amoclingo -e=/home/guests/mmacri/AMOSUM/benchmarks/GraphColouring/encoding-amosum-eo.asp -l=false -m=minfly -lg=cpp -i=""$0""'",5,/home/guests/mmacri/AMOSUM/benchmarks/GraphColouring/test-instances-gc/0011-graph_colouring-130-0_3744.asp,53,1207580284098,22907492135,41404925003,1913,2891578479388,28094,6949933653684,2,120482993,0.094758,1204.953774547,1204.739437,1,124808,75080,161260,0.102633,1204.81,L3:0=fff;1=002,000c0000,Thu Apr 2 12:29:23 PM UTC 2026,5409570_1253,coppernode26
"sh -c 'amoclingo -e=/home/guests/mmacri/AMOSUM/benchmarks/GraphColouring/encoding-amosum-eo.asp -l=false -m=minfly -lg=cpp -i=""$0""'",5,/home/guests/mmacri/AMOSUM/benchmarks/GraphColouring/test-instances-gc/0005-graph_colouring-125-0_4800.asp,24,699298918671,10444795380,19368646440,1045,1566644186818,20978,4021880676153,4,65277196,0.077274,652.787033912,652.696991,1,95596,47596,132168,0.085163,652.766,L3:0=008;1=fff,000000c0,Thu Apr 2 12:29:01 PM UTC 2026,5409570_1224,coppernode24
"sh -c 'amoclingo -e=/home/guests/mmacri/AMOSUM/benchmarks/GraphColouring/encoding-amosum-eo.asp -l=false -m=minfly -lg=cpp -i=""$0""'",5,/home/guests/mmacri/AMOSUM/benchmarks/GraphColouring/test-instances-gc/0012-graph_colouring-130-0_4992.asp,59,849671440743,10274147852,19180543412,1483,1781609357158,20530,4859711698362,6,74234104,0.084278,742.440908658,742.260093,1,94564,45300,130724,0.100162,742.321,L3:0=fff;1=002,000c0000,Thu Apr 2 12:29:53 PM UTC 2026,5409570_1259,coppernode30
"sh -c 'amoclingo -e=/home/guests/mmacri/AMOSUM/benchmarks/GraphColouring/encoding-amosum-eo.asp -l=false -m=minfly -lg=cpp -i=""$0""'",5,/home/guests/mmacri/AMOSUM/benchmarks/GraphColouring/test-instances-gc/0031-graph_colouring-140-0_1344.asp,151,140027076203,5970104273,15218607573,832,921725856128,14958,1103061875651,4,38405532,0.063105,384.069513872,383.995431,1,70504,36516,104600,0.067288,384.068,L3:0=fff;1=080,c0000000,Thu Apr 2 02:38:50 PM UTC 2026,5409570_1351,coppernode21
"sh -c 'amoclingo -e=/home/guests/mmacri/AMOSUM/benchmarks/GraphColouring/encoding-amosum-eo.asp -l=false -m=minfly -lg=cpp -i=""$0""'",5,/home/guests/mmacri/AMOSUM/benchmarks/GraphColouring/test-instances-gc/0026-graph_colouring-135-0_1296.asp,126,303217651603,21226046188,45196776557,1369,2303656483855,15799,2423073194660,6,95986191,0.068197,959.881611978,959.796336,1,73600,36244,107872,0.07834,959.863,L3:0=008;1=fff,000000c0,Thu Apr 2 12:40:01 PM UTC 2026,5409570_1326,coppernode24
"sh -c 'amoclingo -e=/home/guests/mmacri/AMOSUM/benchmarks/GraphColouring/encoding-amosum-eo.asp -l=false -m=minfly -lg=cpp -i=""$0""'",5,/home/guests/mmacri/AMOSUM/benchmarks/GraphColouring/test-instances-gc/0052-graph_colouring-150-0_7200.asp,260,19544854976,604374387,772808636,677,48683942569,40156,101634560232,4,2028627,0.126961,20.318121551,20.162221,1,165364,117252,204012,0.13212,20.2341,L3:0=fff;1=080,c0000000,Thu Apr 2 02:51:06 PM UTC 2026,5409570_1460,coppernode24
"sh -c 'amoclingo -e=/home/guests/mmacri/AMOSUM/benchmarks/GraphColouring/encoding-amosum-eo.asp -l=false -m=minfly -lg=cpp -i=""$0""'",5,/home/guests/mmacri/AMOSUM/benchmarks/GraphColouring/test-instances-gc/0044-graph_colouring-145-0_2784.asp,217,36846578218,554574644,1861558632,677,191718666739,14435,278563214690,6,7988442,0.050139,79.902686992,79.836578,1,67124,37308,101280,0.067678,79.8961,L3:0=fff;1=002,000c0000,Thu Apr 2 02:46:21 PM UTC 2026,5409570_1417,coppernode27
"sh -c 'amoclingo -e=/home/guests/mmacri/AMOSUM/benchmarks/GraphColouring/encoding-amosum-eo.asp -l=false -m=minfly -lg=cpp -i=""$0""'",5,/home/guests/mmacri/AMOSUM/benchmarks/GraphColouring/test-instances-gc/0057-graph_colouring-150-0_5760.asp,284,1343999877635,41189990436,84186731789,1249,2891983661825,130766,5349836104517,4,120499672,0.439168,1205.00861842,1204.560712,1,523244,473188,586328,0.447146,1204.63,L3:0=fff;1=040,30000000,Thu Apr 2 02:52:44 PM UTC 2026,5409570_1484,coppernode30
"sh -c 'amoclingo -e=/home/guests/mmacri/AMOSUM/benchmarks/GraphColouring/encoding-amosum-eo.asp -l=false -m=minfly -lg=cpp -i=""$0""'",5,/home/guests/mmacri/AMOSUM/benchmarks/GraphColouring/test-instances-gc/0034-graph_colouring-140-0_5376.asp,169,1090388415090,9366795823,18109867817,1293,2097463240672,20680,6221295771458,4,87394689,0.059374,873.980082738,873.890483,1,94124,44556,130196,0.075321,873.952,L3:0=fff;1=008,00c00000,Thu Apr 2 02:39:50 PM UTC 2026,5409570_1369,coppernode28
"sh -c 'amoclingo -e=/home/guests/mmacri/AMOSUM/benchmarks/GraphColouring/encoding-amosum-eo.asp -l=false -m=minfly -lg=cpp -i=""$0""'",5,/home/guests/mmacri/AMOSUM/benchmarks/GraphColouring/test-instances-gc/0038-graph_colouring-140-0_2688.asp,187,375683914892,25731637990,57481649061,1271,2891847026838,16339,3024041339913,4,120494055,0.071201,1204.955427387,1204.872001,1,75760,36516,110000,0.088771,1204.93,L3:0=fff;1=010,03000000,Thu Apr 2 02:41:40 PM UTC 2026,5409570_1387,coppernode27
"sh -c 'amoclingo -e=/home/guests/mmacri/AMOSUM/benchmarks/GraphColouring/encoding-amosum-eo.asp -l=false -m=minfly -lg=cpp -i=""$0""'",5,/home/guests/mmacri/AMOSUM/benchmarks/GraphColouring/test-instances-gc/0004-graph_colouring-125-0_1200.asp,16,10632202283,72871401,257772569,745,46618137200,13377,76093763071,5,1942563,0.056553,19.509429354,19.371577,1,65564,35248,99660,0.069813,19.4347,L3:0=008;1=fff,000000c0,Thu Apr 2 12:28:39 PM UTC 2026,5409570_1216,coppernode24
"sh -c 'amoclingo -e=/home/guests/mmacri/AMOSUM/benchmarks/GraphColouring/encoding-amosum-eo.asp -l=false -m=minfly -lg=cpp -i=""$0""'",5,/home/guests/mmacri/AMOSUM/benchmarks/GraphColouring/test-instances-gc/0013-graph_colouring-130-0_1248.asp,61,787085234,4664374,12057319,477,2295888697,12755,4448460931,2,95761,0.037806,0.968640764,0.922069,1,48700,35452,77380,0.05758,0.97905,L3:0=fff;1=010,03000000,Thu Apr 2 12:30:05 PM UTC 2026,5409570_1261,coppernode24
"sh -c 'amoclingo -e=/home/guests/mmacri/AMOSUM/benchmarks/GraphColouring/encoding-amosum-eo.asp -l=false -m=minfly -lg=cpp -i=""$0""'",5,/home/guests/mmacri/AMOSUM/benchmarks/GraphColouring/test-instances-gc/0023-graph_colouring-135-0_5184.asp,114,1389086661812,37420384715,69838716704,1704,2891726679732,112587,5589177349064,8,120489137,0.279975,1204.999798735,1204.615714,1,451764,403004,509896,0.284924,1204.69,L3:0=020;1=fff,00000c00,Thu Apr 2 12:36:53 PM UTC 2026,5409570_1314,coppernode28
"sh -c 'amoclingo -e=/home/guests/mmacri/AMOSUM/benchmarks/GraphColouring/encoding-amosum-eo.asp -l=false -m=minfly -lg=cpp -i=""$0""'",5,/home/guests/mmacri/AMOSUM/benchmarks/GraphColouring/test-instances-gc/0033-graph_colouring-140-0_4032.asp,163,1295075682993,18521095474,35109681778,1150,2891649873359,27654,7513325130613,2,120485827,0.121142,1204.956507892,1204.739832,1,120568,71828,157948,0.132812,1204.8,L3:0=010;1=fff,00000300,Thu Apr 2 02:39:32 PM UTC 2026,5409570_1363,coppernode27
"sh -c 'amoclingo -e=/home/guests/mmacri/AMOSUM/benchmarks/GraphColouring/encoding-amosum-eo.asp -l=false -m=minfly -lg=cpp -i=""$0""'",5,/home/guests/mmacri/AMOSUM/benchmarks/GraphColouring/test-instances-gc/0017-graph_colouring-130-0_6240.asp,85,2340740021,9677303,24213111,479,4289872078,13623,12940731416,4,178842,0.036237,1.799548534,1.75456,1,66372,35792,100124,0.04132,1.82593,L3:0=fff;1=080,c0000000,Thu Apr 2 12:30:54 PM UTC 2026,5409570_1285,coppernode26
"sh -c 'amoclingo -e=/home/guests/mmacri/AMOSUM/benchmarks/GraphColouring/encoding-amosum-eo.asp -l=false -m=minfly -lg=cpp -i=""$0""'",5,/home/guests/mmacri/AMOSUM/benchmarks/GraphColouring/test-instances-gc/0036-graph_colouring-140-0_6720.asp,180,3512114395,12978631,33860626,922,6326054690,14330,19586519616,6,263744,0.066615,2.759892375,2.574166,1,68040,36780,101652,0.0824,2.635,L3:0=020;1=fff,00000c00,Thu Apr 2 02:41:03 PM UTC 2026,5409570_1380,coppernode27
"sh -c 'amoclingo -e=/home/guests/mmacri/AMOSUM/benchmarks/GraphColouring/encoding-amosum-eo.asp -l=false -m=minfly -lg=cpp -i=""$0""'",5,/home/guests/mmacri/AMOSUM/benchmarks/GraphColouring/test-instances-gc/0024-graph_colouring-135-0_5184.asp,119,1334633622965,35485880987,60507649290,1744,2891726436011,99804,5659180260204,6,120489132,0.295504,1204.997615214,1204.60011,1,403180,355256,457300,0.308826,1204.66,L3:0=fff;1=020,0c000000,Thu Apr 2 12:38:37 PM UTC 2026,5409570_1319,coppernode22
"sh -c 'amoclingo -e=/home/guests/mmacri/AMOSUM/benchmarks/GraphColouring/encoding-amosum-eo.asp -l=false -m=minfly -lg=cpp -i=""$0""'",5,/home/guests/mmacri/AMOSUM/benchmarks/GraphColouring/test-instances-gc/0014-graph_colouring-130-0_1248.asp,66,389304632894,24254013778,55228548045,1319,2891827729837,16644,3128855675525,2,120493294,0.095644,1204.952641712,1204.840165,1,78304,35720,112128,0.107431,1204.9,L3:0=010;1=fff,00000300,Thu Apr 2 12:30:18 PM UTC 2026,5409570_1266,coppernode29
"sh -c 'amoclingo -e=/home/guests/mmacri/AMOSUM/benchmarks/GraphColouring/encoding-amosum-eo.asp -l=false -m=minfly -lg=cpp -i=""$0""'",5,/home/guests/mmacri/AMOSUM/benchmarks/GraphColouring/test-instances-gc/0003-graph_colouring-125-0_1200.asp,11,716037528,4460111,11393296,473,2021839784,12541,3978569967,5,84344,0.052648,0.853882041,0.792967,1,48712,34932,77380,0.068422,0.853765,L3:0=fff;1=004,00300000,Thu Apr 2 12:28:33 PM UTC 2026,5409570_1211,coppernode27
"sh -c 'amoclingo -e=/home/guests/mmacri/AMOSUM/benchmarks/GraphColouring/encoding-amosum-eo.asp -l=false -m=minfly -lg=cpp -i=""$0""'",5,/home/guests/mmacri/AMOSUM/benchmarks/GraphColouring/test-instances-gc/0018-graph_colouring-130-0_3744.asp,88,1230623303808,21794451274,40567369084,1383,2891534481758,27106,7090420335437,6,120480973,0.100318,1204.952493668,1204.71324,1,119536,70968,155816,0.105313,1204.79,L3:0=fff;1=040,30000000,Thu Apr 2 12:31:03 PM UTC 2026,5409570_1288,coppernode29
"sh -c 'amoclingo -e=/home/guests/mmacri/AMOSUM/benchmarks/GraphColouring/encoding-amosum-eo.asp -l=false -m=minfly -lg=cpp -i=""$0""'",5,/home/guests/mmacri/AMOSUM/benchmarks/GraphColouring/test-instances-gc/0033-graph_colouring-140-0_5376.asp,164,795070679303,10850015719,19935518559,1196,1732221574657,22210,4560535326961,6,72176364,0.066227,721.80664455,721.700796,1,99188,50552,135232,0.078742,721.765,L3:0=fff;1=040,30000000,Thu Apr 2 02:39:37 PM UTC 2026,5409570_1364,coppernode21
"sh -c 'amoclingo -e=/home/guests/mmacri/AMOSUM/benchmarks/GraphColouring/encoding-amosum-eo.asp -l=false -m=minfly -lg=cpp -i=""$0""'",5,/home/guests/mmacri/AMOSUM/benchmarks/GraphColouring/test-instances-gc/0023-graph_colouring-135-0_3888.asp,113,1498426825238,34440167376,76122984299,1692,2891715280414,119430,6020607983529,8,120488658,0.279695,1205.002317219,1204.610711,1,479092,430576,544004,0.30037,1204.67,L3:0=010;1=fff,00000300,Thu Apr 2 12:36:38 PM UTC 2026,5409570_1313,coppernode27
"sh -c 'amoclingo -e=/home/guests/mmacri/AMOSUM/benchmarks/GraphColouring/encoding-amosum-eo.asp -l=false -m=minfly -lg=cpp -i=""$0""'",5,/home/guests/mmacri/AMOSUM/benchmarks/GraphColouring/test-instances-gc/0017-graph_colouring-130-0_2496.asp,82,383676429042,25506841760,57072619930,1110,2891848903940,16113,3083675216976,2,120494081,0.045044,1204.952776563,1204.898534,1,75984,35716,109956,0.052949,1204.97,L3:0=fff;1=020,0c000000,Thu Apr 2 12:30:52 PM UTC 2026,5409570_1282,coppernode24
"sh -c 'amoclingo -e=/home/guests/mmacri/AMOSUM/benchmarks/GraphColouring/encoding-amosum-eo.asp -l=false -m=minfly -lg=cpp -i=""$0""'",5,/home/guests/mmacri/AMOSUM/benchmarks/GraphColouring/test-instances-gc/0058-graph_colouring-150-0_5760.asp,289,1333004145663,37185608947,68993020987,1314,2891901097606,115886,5594828226043,6,120496303,0.348115,1205.007536875,1204.617967,1,463596,413912,526172,0.363677,1204.68,L3:0=020;1=fff,00000c00,Thu Apr 2 02:52:49 PM UTC 2026,5409570_1489,coppernode30
"sh -c 'amoclingo -e=/home/guests/mmacri/AMOSUM/benchmarks/GraphColouring/encoding-amosum-eo.asp -l=false -m=minfly -lg=cpp -i=""$0""'",5,/home/guests/mmacri/AMOSUM/benchmarks/GraphColouring/test-instances-gc/0042-graph_colouring-145-0_6960.asp,210,4151799611,8704338,24931209,935,6916039501,13938,23008903418,4,288327,0.025266,3.006066864,2.861556,1,66220,37044,99704,0.044879,2.91817,L3:0=080;1=fff,0000c000,Thu Apr 2 02:45:39 PM UTC 2026,5409570_1410,coppernode27
"sh -c 'amoclingo -e=/home/guests/mmacri/AMOSUM/benchmarks/GraphColouring/encoding-amosum-eo.asp -l=false -m=minfly -lg=cpp -i=""$0""'",5,/home/guests/mmacri/AMOSUM/benchmarks/GraphColouring/test-instances-gc/0054-graph_colouring-150-0_2880.asp,267,380432862682,25692756059,58030622129,1241,2891846888013,16900,3061859077615,2,120494081,0.052201,1204.954917054,1204.891341,1,76792,37564,111000,0.060777,1204.96,L3:0=fff;1=080,c0000000,Thu Apr 2 02:51:27 PM UTC 2026,5409570_1467,coppernode24
"sh -c 'amoclingo -e=/home/guests/mmacri/AMOSUM/benchmarks/GraphColouring/encoding-amosum-eo.asp -l=false -m=minfly -lg=cpp -i=""$0""'",5,/home/guests/mmacri/AMOSUM/benchmarks/GraphColouring/test-instances-gc/0057-graph_colouring-150-0_4320.asp,283,73432003988,2135585701,6124013604,697,440549494580,15323,567406024242,4,18356426,0.074099,183.576823013,183.492338,1,71788,37832,105624,0.08333,183.56,L3:0=008;1=fff,000000c0,Thu Apr 2 02:52:43 PM UTC 2026,5409570_1483,coppernode29
"sh -c 'amoclingo -e=/home/guests/mmacri/AMOSUM/benchmarks/GraphColouring/encoding-amosum-eo.asp -l=false -m=minfly -lg=cpp -i=""$0""'",5,/home/guests/mmacri/AMOSUM/benchmarks/GraphColouring/test-instances-gc/0005-graph_colouring-125-0_3600.asp,23,1170293604285,24191494035,44219544391,1282,2891829867184,26329,6758467992859,2,120493386,0.092912,1204.952465729,1204.84376,1,114088,66244,150808,0.110484,1204.9,L3:0=004;1=fff,00000030,Thu Apr 2 12:29:01 PM UTC 2026,5409570_1223,coppernode29
"sh -c 'amoclingo -e=/home/guests/mmacri/AMOSUM/benchmarks/GraphColouring/encoding-amosum-eo.asp -l=false -m=minfly -lg=cpp -i=""$0""'",5,/home/guests/mmacri/AMOSUM/benchmarks/GraphColouring/test-instances-gc/0011-graph_colouring-130-0_4992.asp,54,1301519454081,18517735568,33758434607,2745,2841676057190,22405,7467546425528,8,118403947,0.091306,1184.199946977,1183.950739,1,102268,52920,138600,0.10567,1184.01,L3:0=fff;1=004,00300000,Thu Apr 2 12:29:28 PM UTC 2026,5409570_1254,coppernode29
"sh -c 'amoclingo -e=/home/guests/mmacri/AMOSUM/benchmarks/GraphColouring/encoding-amosum-eo.asp -l=false -m=minfly -lg=cpp -i=""$0""'",5,/home/guests/mmacri/AMOSUM/benchmarks/GraphColouring/test-instances-gc/0006-graph_colouring-125-0_4800.asp,29,396894672826,4144074332,8117049978,758,806975822468,19305,2272174621316,4,33624223,0.080167,336.255600487,336.16445,1,88888,40724,124756,0.088505,336.233,L3:0=010;1=fff,00000300,Thu Apr 2 12:29:05 PM UTC 2026,5409570_1229,coppernode23
"sh -c 'amoclingo -e=/home/guests/mmacri/AMOSUM/benchmarks/GraphColouring/encoding-amosum-eo.asp -l=false -m=minfly -lg=cpp -i=""$0""'",5,/home/guests/mmacri/AMOSUM/benchmarks/GraphColouring/test-instances-gc/0025-graph_colouring-135-0_1296.asp,121,375381574434,27046366886,59942458597,1519,2891598374738,16269,3034633584931,6,120483712,0.04097,1204.95183245,1204.800143,1,75528,36284,109988,0.053509,1204.86,L3:0=fff;1=040,30000000,Thu Apr 2 12:38:42 PM UTC 2026,5409570_1321,coppernode23
"sh -c 'amoclingo -e=/home/guests/mmacri/AMOSUM/benchmarks/GraphColouring/encoding-amosum-eo.asp -l=false -m=minfly -lg=cpp -i=""$0""'",5,/home/guests/mmacri/AMOSUM/benchmarks/GraphColouring/test-instances-gc/0032-graph_colouring-140-0_1344.asp,156,30015470721,374794853,1302487948,592,154251985175,13998,226419607241,4,6427310,0.064407,64.285661929,64.211179,1,66548,37104,99820,0.072969,64.2791,L3:0=002;1=fff,0000000c,Thu Apr 2 02:39:03 PM UTC 2026,5409570_1356,coppernode21
"sh -c 'amoclingo -e=/home/guests/mmacri/AMOSUM/benchmarks/GraphColouring/encoding-amosum-eo.asp -l=false -m=minfly -lg=cpp -i=""$0""'",5,/home/guests/mmacri/AMOSUM/benchmarks/GraphColouring/test-instances-gc/0051-graph_colouring-150-0_7200.asp,255,15260793825,417186136,546403914,943,36030544992,37024,79185464167,8,1501429,0.133763,15.14712449,14.884016,1,153172,104408,192076,0.149562,14.9449,L3:0=010;1=fff,00000300,Thu Apr 2 02:50:39 PM UTC 2026,5409570_1455,coppernode21
"sh -c 'amoclingo -e=/home/guests/mmacri/AMOSUM/benchmarks/GraphColouring/encoding-amosum-eo.asp -l=false -m=minfly -lg=cpp -i=""$0""'",5,/home/guests/mmacri/AMOSUM/benchmarks/GraphColouring/test-instances-gc/0045-graph_colouring-145-0_2784.asp,222,405351159508,23226446205,55062614390,1312,2891832020971,16777,3226948547016,2,120493489,0.060249,1204.956744382,1204.877746,1,77376,37016,110960,0.065222,1204.95,L3:0=040;1=fff,00003000,Thu Apr 2 02:46:43 PM UTC 2026,5409570_1422,coppernode23
"sh -c 'amoclingo -e=/home/guests/mmacri/AMOSUM/benchmarks/GraphColouring/encoding-amosum-eo.asp -l=false -m=minfly -lg=cpp -i=""$0""'",5,/home/guests/mmacri/AMOSUM/benchmarks/GraphColouring/test-instances-gc/0001-graph_colouring-125-0_3600.asp,3,1226712298926,21807940727,41291339689,2970,2891653782610,25432,7100929563581,6,120486619,0.100152,1204.952280738,1204.770006,1,111308,62316,146368,0.115986,1204.83,L3:0=080;1=fff,0000c000,Thu Apr 2 12:28:12 PM UTC 2026,5409570_1203,coppernode27
"sh -c 'amoclingo -e=/home/guests/mmacri/AMOSUM/benchmarks/GraphColouring/encoding-amosum-eo.asp -l=false -m=minfly -lg=cpp -i=""$0""'",5,/home/guests/mmacri/AMOSUM/benchmarks/GraphColouring/test-instances-gc/0002-graph_colouring-125-0_4800.asp,9,460380556344,5906582891,11168437522,780,987713892749,20051,2639838384686,4,41154965,0.092081,411.561336438,411.460069,1,92772,43640,129148,0.114679,411.514,L3:0=fff;1=010,03000000,Thu Apr 2 12:28:27 PM UTC 2026,5409570_1209,coppernode28
"sh -c 'amoclingo -e=/home/guests/mmacri/AMOSUM/benchmarks/GraphColouring/encoding-amosum-eo.asp -l=false -m=minfly -lg=cpp -i=""$0""'",5,/home/guests/mmacri/AMOSUM/benchmarks/GraphColouring/test-instances-gc/0046-graph_colouring-145-0_4176.asp,228,79686464483,2994194244,7592508000,704,503774977332,15223,618279960852,4,20990805,0.06696,209.921300979,209.843496,1,70336,37632,104744,0.084316,209.903,L3:0=fff;1=004,00300000,Thu Apr 2 02:47:35 PM UTC 2026,5409570_1428,coppernode27
"sh -c 'amoclingo -e=/home/guests/mmacri/AMOSUM/benchmarks/GraphColouring/encoding-amosum-eo.asp -l=false -m=minfly -lg=cpp -i=""$0""'",5,/home/guests/mmacri/AMOSUM/benchmarks/GraphColouring/test-instances-gc/0036-graph_colouring-140-0_2688.asp,177,390692240906,23440527391,55002152923,1710,2891584246668,16575,3127721352698,2,120483162,0.08093,1204.954992691,1204.754664,1,76560,36812,110764,0.08883,1204.82,L3:0=fff;1=010,03000000,Thu Apr 2 02:40:58 PM UTC 2026,5409570_1377,coppernode23
"sh -c 'amoclingo -e=/home/guests/mmacri/AMOSUM/benchmarks/GraphColouring/encoding-amosum-eo.asp -l=false -m=minfly -lg=cpp -i=""$0""'",5,/home/guests/mmacri/AMOSUM/benchmarks/GraphColouring/test-instances-gc/0020-graph_colouring-130-0_6240.asp,100,3138241511,14992424,37008984,740,5870865598,13866,17555534557,6,244745,0.058586,2.607145888,2.392013,1,67432,35464,101320,0.063646,2.46413,L3:0=fff;1=020,0c000000,Thu Apr 2 12:31:55 PM UTC 2026,5409570_1300,coppernode25
"sh -c 'amoclingo -e=/home/guests/mmacri/AMOSUM/benchmarks/GraphColouring/encoding-amosum-eo.asp -l=false -m=minfly -lg=cpp -i=""$0""'",5,/home/guests/mmacri/AMOSUM/benchmarks/GraphColouring/test-instances-gc/0040-graph_colouring-140-0_5376.asp,199,833779444150,7121824018,14017799796,1235,1605216390976,20762,4759570056485,4,66884438,0.061689,668.890141466,668.785462,1,93428,44240,128856,0.065891,668.859,L3:0=010;1=fff,00000300,Thu Apr 2 02:44:05 PM UTC 2026,5409570_1399,coppernode28
"sh -c 'amoclingo -e=/home/guests/mmacri/AMOSUM/benchmarks/GraphColouring/encoding-amosum-eo.asp -l=false -m=minfly -lg=cpp -i=""$0""'",5,/home/guests/mmacri/AMOSUM/benchmarks/GraphColouring/test-instances-gc/0019-graph_colouring-130-0_1248.asp,91,614899644,4337341,10694227,477,1613378975,12608,3259484020,5,67328,0.036066,0.683376853,0.639623,1,49024,35512,77268,0.051836,0.700438,L3:0=080;1=fff,0000c000,Thu Apr 2 12:31:13 PM UTC 2026,5409570_1291,coppernode24
"sh -c 'amoclingo -e=/home/guests/mmacri/AMOSUM/benchmarks/GraphColouring/encoding-amosum-eo.asp -l=false -m=minfly -lg=cpp -i=""$0""'",5,/home/guests/mmacri/AMOSUM/benchmarks/GraphColouring/test-instances-gc/0039-graph_colouring-140-0_4032.asp,193,1270123793785,19032098437,36338518706,1248,2891836747726,25651,7403828785453,2,120493612,0.089817,1204.953734611,1204.849456,1,110412,61968,146532,0.10578,1204.91,L3:0=fff;1=080,c0000000,Thu Apr 2 02:43:01 PM UTC 2026,5409570_1393,coppernode23
"sh -c 'amoclingo -e=/home/guests/mmacri/AMOSUM/benchmarks/GraphColouring/encoding-amosum-eo.asp -l=false -m=minfly -lg=cpp -i=""$0""'",5,/home/guests/mmacri/AMOSUM/benchmarks/GraphColouring/test-instances-gc/0015-graph_colouring-130-0_6240.asp,75,2256290505,6926931,19306694,907,4036358732,13402,12425872518,6,168324,0.054004,1.799795425,1.632696,1,65368,35964,99068,0.078112,1.68502,L3:0=fff;1=020,0c000000,Thu Apr 2 12:30:44 PM UTC 2026,5409570_1275,coppernode22
"sh -c 'amoclingo -e=/home/guests/mmacri/AMOSUM/benchmarks/GraphColouring/encoding-amosum-eo.asp -l=false -m=minfly -lg=cpp -i=""$0""'",5,/home/guests/mmacri/AMOSUM/benchmarks/GraphColouring/test-instances-gc/0042-graph_colouring-145-0_5568.asp,209,1439881411656,14801812879,27321534182,2101,2891745040569,22620,8210862124124,2,120490145,0.095668,1204.955174184,1204.80977,1,100464,51512,136584,0.095668,1204.89,L3:0=002;1=fff,0000000c,Thu Apr 2 02:45:28 PM UTC 2026,5409570_1409,coppernode22
"sh -c 'amoclingo -e=/home/guests/mmacri/AMOSUM/benchmarks/GraphColouring/encoding-amosum-eo.asp -l=false -m=minfly -lg=cpp -i=""$0""'",5,/home/guests/mmacri/AMOSUM/benchmarks/GraphColouring/test-instances-gc/0058-graph_colouring-150-0_7200.asp,290,12830777990,311147218,414279203,526,29419925942,33513,70893965152,4,1225939,0.088737,12.270537806,12.17279,1,140100,90336,177792,0.097443,12.2409,L3:0=fff;1=004,00300000,Thu Apr 2 02:52:53 PM UTC 2026,5409570_1490,coppernode29
"sh -c 'amoclingo -e=/home/guests/mmacri/AMOSUM/benchmarks/GraphColouring/encoding-amosum-eo.asp -l=false -m=minfly -lg=cpp -i=""$0""'",5,/home/guests/mmacri/AMOSUM/benchmarks/GraphColouring/test-instances-gc/0041-graph_colouring-145-0_4176.asp,203,1355705169804,17063232014,32642214566,1482,2891597136950,26246,7868990894343,5,120483657,0.065372,1204.954372718,1204.775089,1,114924,65560,150624,0.081854,1204.84,L3:0=080;1=fff,0000c000,Thu Apr 2 02:44:35 PM UTC 2026,5409570_1403,coppernode26
"sh -c 'amoclingo -e=/home/guests/mmacri/AMOSUM/benchmarks/GraphColouring/encoding-amosum-eo.asp -l=false -m=minfly -lg=cpp -i=""$0""'",5,/home/guests/mmacri/AMOSUM/benchmarks/GraphColouring/test-instances-gc/0055-graph_colouring-150-0_5760.asp,274,1328833840686,41926432343,87408268722,1402,2891895292017,127299,5391146538319,8,120496118,0.391251,1205.005730598,1204.57265,1,508316,459060,567564,0.404173,1204.64,L3:0=fff;1=004,00300000,Thu Apr 2 02:52:06 PM UTC 2026,5409570_1474,coppernode25
"sh -c 'amoclingo -e=/home/guests/mmacri/AMOSUM/benchmarks/GraphColouring/encoding-amosum-eo.asp -l=false -m=minfly -lg=cpp -i=""$0""'",5,/home/guests/mmacri/AMOSUM/benchmarks/GraphColouring/test-instances-gc/0027-graph_colouring-135-0_2592.asp,132,152025635150,6885505849,17557751660,805,1013850599177,15083,1202092918290,6,42244026,0.046121,422.451543482,422.396359,1,70832,36248,104996,0.07062,422.449,L3:0=004;1=fff,00000030,Thu Apr 2 12:41:38 PM UTC 2026,5409570_1332,coppernode28
"sh -c 'amoclingo -e=/home/guests/mmacri/AMOSUM/benchmarks/GraphColouring/encoding-amosum-eo.asp -l=false -m=minfly -lg=cpp -i=""$0""'",5,/home/guests/mmacri/AMOSUM/benchmarks/GraphColouring/test-instances-gc/0029-graph_colouring-135-0_6480.asp,145,8134377220,184887248,250687345,974,18959249410,26257,45064164913,9,790132,0.122393,8.067738032,7.782725,1,114244,64964,150304,0.128688,7.85423,L3:0=040;1=fff,00003000,Thu Apr 2 02:38:35 PM UTC 2026,5409570_1345,coppernode21
"sh -c 'amoclingo -e=/home/guests/mmacri/AMOSUM/benchmarks/GraphColouring/encoding-amosum-eo.asp -l=false -m=minfly -lg=cpp -i=""$0""'",5,/home/guests/mmacri/AMOSUM/benchmarks/GraphColouring/test-instances-gc/0006-graph_colouring-125-0_6000.asp,30,2235257190,6850305,18702761,473,4049877495,13107,12389509747,4,168840,0.049171,1.698851183,1.641509,1,64148,35176,98424,0.06646,1.70087,L3:0=fff;1=080,c0000000,Thu Apr 2 12:29:06 PM UTC 2026,5409570_1230,coppernode30
"sh -c 'amoclingo -e=/home/guests/mmacri/AMOSUM/benchmarks/GraphColouring/encoding-amosum-eo.asp -l=false -m=minfly -lg=cpp -i=""$0""'",5,/home/guests/mmacri/AMOSUM/benchmarks/GraphColouring/test-instances-gc/0010-graph_colouring-125-0_2400.asp,47,578611634,4170114,10362192,467,1498218035,12269,3038347353,4,62517,0.048559,0.634319774,0.578735,1,48948,34908,77380,0.060423,0.643638,L3:0=fff;1=004,00300000,Thu Apr 2 12:29:17 PM UTC 2026,5409570_1247,coppernode22
"sh -c 'amoclingo -e=/home/guests/mmacri/AMOSUM/benchmarks/GraphColouring/encoding-amosum-eo.asp -l=false -m=minfly -lg=cpp -i=""$0""'",5,/home/guests/mmacri/AMOSUM/benchmarks/GraphColouring/test-instances-gc/0028-graph_colouring-135-0_3888.asp,138,1468780904529,34464454641,70963904453,1701,2891678609284,124544,6012424347832,6,120487243,0.294952,1205.004257393,1204.581092,1,499724,450640,562932,0.307466,1204.65,L3:0=080;1=fff,0000c000,Thu Apr 2 12:42:46 PM UTC 2026,5409570_1338,coppernode22
"sh -c 'amoclingo -e=/home/guests/mmacri/AMOSUM/benchmarks/GraphColouring/encoding-amosum-eo.asp -l=false -m=minfly -lg=cpp -i=""$0""'",5,/home/guests/mmacri/AMOSUM/benchmarks/GraphColouring/test-instances-gc/0050-graph_colouring-145-0_1392.asp,246,395986121314,24212849996,55628245266,1230,2891818177024,16551,3159237874640,4,120492847,0.074726,1204.956472902,1204.855969,1,76524,37084,110256,0.087995,1204.92,L3:0=010;1=fff,00000300,Thu Apr 2 02:49:19 PM UTC 2026,5409570_1446,coppernode30
"sh -c 'amoclingo -e=/home/guests/mmacri/AMOSUM/benchmarks/GraphColouring/encoding-amosum-eo.asp -l=false -m=minfly -lg=cpp -i=""$0""'",5,/home/guests/mmacri/AMOSUM/benchmarks/GraphColouring/test-instances-gc/0047-graph_colouring-145-0_1392.asp,231,403066878584,22110518702,52955698157,1652,2891566112586,16989,3213778859173,2,120482374,0.089272,1204.954766817,1204.738739,1,78032,36772,112192,0.10676,1204.8,L3:0=fff;1=020,0c000000,Thu Apr 2 02:47:43 PM UTC 2026,5409570_1431,coppernode24
clingo /home/guests/mmacri/AMOSUM/benchmarks/GraphColouring/encoding-plain-amo.asp $instance,2,/home/guests/mmacri/AMOSUM/benchmarks/GraphColouring/test-instances-gc/0057-graph_colouring-150-0_5760.asp,284,1475445643836,9937385722,17402662658,1106,2891557460382,37229,9271206385423,1,120481979,0.111998,1204.944806253,1204.708716,1,163576,150064,195772,0.13146,1204.77,L3:0=fff;1=010,03000000,Thu Apr 2 11:47:44 AM UTC 2026,5409570_584,coppernode27
clingo /home/guests/mmacri/AMOSUM/benchmarks/GraphColouring/encoding-plain-amo.asp $instance,2,/home/guests/mmacri/AMOSUM/benchmarks/GraphColouring/test-instances-gc/0017-graph_colouring-130-0_3744.asp,83,1456898850967,9489793898,16201659485,888,2891743202189,45387,9696624044780,1,120489685,0.108,1204.942478092,1204.790023,1,145028,131416,172100,0.128336,1204.85,L3:0=fff;1=040,30000000,Thu Apr 2 11:27:38 AM UTC 2026,5409570_383,coppernode22
clingo /home/guests/mmacri/AMOSUM/benchmarks/GraphColouring/encoding-plain-amo.asp $instance,2,/home/guests/mmacri/AMOSUM/benchmarks/GraphColouring/test-instances-gc/0014-graph_colouring-130-0_2496.asp,67,1489267066782,8921152033,15372700318,800,2891800738216,70750,10643620976319,1,120492113,0.148,1204.948512234,1204.773844,1,155028,141416,177276,0.17962,1204.82,L3:0=040;1=fff,00003000,Thu Apr 2 11:27:38 AM UTC 2026,5409570_367,coppernode24
clingo /home/guests/mmacri/AMOSUM/benchmarks/GraphColouring/encoding-plain-amo.asp $instance,2,/home/guests/mmacri/AMOSUM/benchmarks/GraphColouring/test-instances-gc/0002-graph_colouring-125-0_6000.asp,10,1391334599767,12286207960,24783620009,989,2891651156341,22161,8030613862515,1,120485900,0.041757,1204.947733559,1204.818851,1,108504,95024,137628,0.057507,1204.88,L3:0=040;1=fff,00003000,Thu Apr 2 11:07:33 AM UTC 2026,5409570_310,coppernode26
clingo /home/guests/mmacri/AMOSUM/benchmarks/GraphColouring/encoding-plain-amo.asp $instance,2,/home/guests/mmacri/AMOSUM/benchmarks/GraphColouring/test-instances-gc/0018-graph_colouring-130-0_4992.asp,89,1476752562899,10481752344,19129076429,1143,2891614847833,30993,9045011452744,1,120484477,0.064001,1204.949565343,1204.782181,1,141004,127580,172216,0.082825,1204.84,L3:0=010;1=fff,00000300,Thu Apr 2 11:27:38 AM UTC 2026,5409570_389,coppernode22
clingo /home/guests/mmacri/AMOSUM/benchmarks/GraphColouring/encoding-plain-amo.asp $instance,2,/home/guests/mmacri/AMOSUM/benchmarks/GraphColouring/test-instances-gc/0002-graph_colouring-125-0_2400.asp,7,1481070181376,8988080646,15309520006,741,2891787016941,63258,10559284379755,1,120491436,0.099656,1204.950085854,1204.81586,1,151896,138284,174176,0.108026,1204.88,L3:0=fff;1=040,30000000,Thu Apr 2 11:07:33 AM UTC 2026,5409570_307,coppernode23
clingo /home/guests/mmacri/AMOSUM/benchmarks/GraphColouring/encoding-plain-amo.asp $instance,2,/home/guests/mmacri/AMOSUM/benchmarks/GraphColouring/test-instances-gc/0052-graph_colouring-150-0_7200.asp,260,1400050950718,11558469011,22118704837,1521,2891777206797,25450,8266620078081,1,120491332,0.071999,1204.947431493,1204.843358,1,122452,109104,152676,0.088242,1204.91,L3:0=004;1=fff,00000030,Thu Apr 2 11:47:44 AM UTC 2026,5409570_560,coppernode25
clingo /home/guests/mmacri/AMOSUM/benchmarks/GraphColouring/encoding-plain-amo.asp $instance,2,/home/guests/mmacri/AMOSUM/benchmarks/GraphColouring/test-instances-gc/0044-graph_colouring-145-0_2784.asp,217,1481567660862,8918368930,15587743952,797,2891507171672,59053,10643551558232,1,120479794,0.175999,1204.952445993,1204.623249,1,156108,142684,178956,0.19765,1204.68,L3:0=fff;1=010,03000000,Thu Apr 2 11:27:56 AM UTC 2026,5409570_517,coppernode28
clingo /home/guests/mmacri/AMOSUM/benchmarks/GraphColouring/encoding-plain-amo.asp $instance,2,/home/guests/mmacri/AMOSUM/benchmarks/GraphColouring/test-instances-gc/0023-graph_colouring-135-0_5184.asp,114,1483466381379,10136406954,18092388252,976,2891754202695,31422,9129143254372,1,120490133,0.087999,1204.943532367,1204.814384,1,142804,129188,172212,0.103525,1204.88,L3:0=fff;1=010,03000000,Thu Apr 2 11:27:38 AM UTC 2026,5409570_414,coppernode27
clingo /home/guests/mmacri/AMOSUM/benchmarks/GraphColouring/encoding-plain-amo.asp $instance,2,/home/guests/mmacri/AMOSUM/benchmarks/GraphColouring/test-instances-gc/0033-graph_colouring-140-0_4032.asp,163,1489734467303,9558960717,16426668532,912,2891720005714,48691,9932080410808,1,120488733,0.108,1204.949088157,1204.780873,1,154172,140792,179688,0.126882,1204.84,L3:0=040;1=fff,00003000,Thu Apr 2 11:27:39 AM UTC 2026,5409570_463,coppernode26
clingo /home/guests/mmacri/AMOSUM/benchmarks/GraphColouring/encoding-plain-amo.asp $instance,2,/home/guests/mmacri/AMOSUM/benchmarks/GraphColouring/test-instances-gc/0038-graph_colouring-140-0_2688.asp,187,1498068550038,8747218822,15290350078,750,2891791553473,69111,10746752656274,1,120491662,0.156001,1204.949439687,1204.762228,1,160432,147064,182680,0.178796,1204.82,L3:0=040;1=fff,00003000,Thu Apr 2 11:27:40 AM UTC 2026,5409570_487,coppernode25
clingo /home/guests/mmacri/AMOSUM/benchmarks/GraphColouring/encoding-plain-amo.asp $instance,2,/home/guests/mmacri/AMOSUM/benchmarks/GraphColouring/test-instances-gc/0034-graph_colouring-140-0_5376.asp,169,1477350399367,10153611170,17993191307,1114,2891764824147,34612,9153464681664,1,120490612,0.103999,1204.945888072,1204.80348,1,155244,141656,186204,0.120133,1204.87,L3:0=040;1=fff,00003000,Thu Apr 2 11:27:39 AM UTC 2026,5409570_469,coppernode30
clingo /home/guests/mmacri/AMOSUM/benchmarks/GraphColouring/encoding-plain-amo.asp $instance,2,/home/guests/mmacri/AMOSUM/benchmarks/GraphColouring/test-instances-gc/0006-graph_colouring-125-0_3600.asp,28,1470301289330,9594290199,16421631561,929,2891802556759,42782,9792537300783,1,120492190,0.107999,1204.948807522,1204.815202,1,142232,128616,169176,0.117923,1204.88,L3:0=020;1=fff,00000c00,Thu Apr 2 11:07:36 AM UTC 2026,5409570_328,coppernode27
clingo /home/guests/mmacri/AMOSUM/benchmarks/GraphColouring/encoding-plain-amo.asp $instance,2,/home/guests/mmacri/AMOSUM/benchmarks/GraphColouring/test-instances-gc/0052-graph_colouring-150-0_4320.asp,258,1477878966084,9030885343,15527122276,881,2891741756438,54166,9945315160547,1,120489653,0.109339,1204.949572329,1204.78811,1,160160,146652,185588,0.121565,1204.86,L3:0=010;1=fff,00000300,Thu Apr 2 11:47:44 AM UTC 2026,5409570_558,coppernode24
clingo /home/guests/mmacri/AMOSUM/benchmarks/GraphColouring/encoding-plain-amo.asp $instance,2,/home/guests/mmacri/AMOSUM/benchmarks/GraphColouring/test-instances-gc/0045-graph_colouring-145-0_6960.asp,225,1411803811200,11522321648,22309068136,964,2891829345838,22949,8339674694646,1,120493255,0.063999,1204.949556548,1204.86999,1,112712,99112,141084,0.072339,1204.94,L3:0=fff;1=080,c0000000,Thu Apr 2 11:29:13 AM UTC 2026,5409570_525,coppernode27
clingo /home/guests/mmacri/AMOSUM/benchmarks/GraphColouring/encoding-plain-amo.asp $instance,2,/home/guests/mmacri/AMOSUM/benchmarks/GraphColouring/test-instances-gc/0051-graph_colouring-150-0_2880.asp,252,1496270628926,8728484443,15079063094,723,2891810589176,65353,10773895021056,1,120492461,0.101994,1204.946557525,1204.823669,1,162488,149028,184312,0.126516,1204.88,L3:0=fff;1=040,30000000,Thu Apr 2 11:47:43 AM UTC 2026,5409570_552,coppernode22
clingo /home/guests/mmacri/AMOSUM/benchmarks/GraphColouring/encoding-plain-amo.asp $instance,2,/home/guests/mmacri/AMOSUM/benchmarks/GraphColouring/test-instances-gc/0005-graph_colouring-125-0_2400.asp,22,1482785224928,8768710207,15096481278,790,2891454001620,59261,10594524422360,1,120477576,0.138983,1204.948744745,1204.637915,1,146288,132676,168704,0.150865,1204.7,L3:0=fff;1=004,00300000,Thu Apr 2 11:07:35 AM UTC 2026,5409570_322,coppernode24
clingo /home/guests/mmacri/AMOSUM/benchmarks/GraphColouring/encoding-plain-amo.asp $instance,2,/home/guests/mmacri/AMOSUM/benchmarks/GraphColouring/test-instances-gc/0011-graph_colouring-130-0_6240.asp,55,1424909439373,11939455603,24285956705,931,2891792217083,23654,8172991222608,1,120491794,0.072,1204.941461895,1204.847809,1,114212,101060,145084,0.111413,1204.9,L3:0=fff;1=010,03000000,Thu Apr 2 11:27:37 AM UTC 2026,5409570_355,coppernode21
clingo /home/guests/mmacri/AMOSUM/benchmarks/GraphColouring/encoding-plain-amo.asp $instance,2,/home/guests/mmacri/AMOSUM/benchmarks/GraphColouring/test-instances-gc/0031-graph_colouring-140-0_1344.asp,151,887197607,1903774,4623216,17,1622828597,4577,6680456482,1,67623,0.008025,0.709520265,0.668794,1,37548,25144,59420,0.023361,0.732035,L3:0=002;1=fff,0000000c,Thu Apr 2 11:27:38 AM UTC 2026,5409570_451,coppernode30
clingo /home/guests/mmacri/AMOSUM/benchmarks/GraphColouring/encoding-plain-amo.asp $instance,2,/home/guests/mmacri/AMOSUM/benchmarks/GraphColouring/test-instances-gc/0026-graph_colouring-135-0_1296.asp,126,2112827641,6675053,14298776,18,3897428505,5821,15841440732,1,162398,0.012012,1.6802473,1.612648,1,43472,30388,64724,0.042641,1.66796,L3:0=040;1=fff,00003000,Thu Apr 2 11:27:38 AM UTC 2026,5409570_426,coppernode25
clingo /home/guests/mmacri/AMOSUM/benchmarks/GraphColouring/encoding-plain-amo.asp $instance,2,/home/guests/mmacri/AMOSUM/benchmarks/GraphColouring/test-instances-gc/0055-graph_colouring-150-0_4320.asp,273,1479048637509,8911877490,15536744259,1415,2891706131529,51517,9965085626777,1,120488255,0.141682,1204.942751274,1204.742408,1,156320,142788,180976,0.171985,1204.8,L3:0=fff;1=002,000c0000,Thu Apr 2 11:47:44 AM UTC 2026,5409570_573,coppernode26
clingo /home/guests/mmacri/AMOSUM/benchmarks/GraphColouring/encoding-plain-amo.asp $instance,2,/home/guests/mmacri/AMOSUM/benchmarks/GraphColouring/test-instances-gc/0041-graph_colouring-145-0_5568.asp,204,1490474722919,10066703689,17930838955,1056,2891741955933,34381,9213298429154,1,120489603,0.076,1204.95239263,1204.820902,1,157564,144060,189068,0.093492,1204.88,L3:0=fff;1=008,00c00000,Thu Apr 2 11:27:42 AM UTC 2026,5409570_504,coppernode30
clingo /home/guests/mmacri/AMOSUM/benchmarks/GraphColouring/encoding-plain-amo.asp $instance,2,/home/guests/mmacri/AMOSUM/benchmarks/GraphColouring/test-instances-gc/0015-graph_colouring-130-0_4992.asp,74,1481130207858,10314953169,18697628126,1015,2891804253686,30498,9098607132217,1,120492224,0.079321,1204.946617479,1204.843257,1,140844,127304,171564,0.087608,1204.92,L3:0=fff;1=020,0c000000,Thu Apr 2 11:27:37 AM UTC 2026,5409570_374,coppernode23
clingo /home/guests/mmacri/AMOSUM/benchmarks/GraphColouring/encoding-plain-amo.asp $instance,2,/home/guests/mmacri/AMOSUM/benchmarks/GraphColouring/test-instances-gc/0018-graph_colouring-130-0_6240.asp,90,1432714449694,11546616048,23519732092,1050,2891847043807,23586,8280566542429,1,120494016,0.058668,1204.945566426,1204.882646,1,115000,101656,144312,0.075751,1204.94,L3:0=020;1=fff,00000c00,Thu Apr 2 11:27:38 AM UTC 2026,5409570_390,coppernode30
clingo /home/guests/mmacri/AMOSUM/benchmarks/GraphColouring/encoding-plain-amo.asp $instance,2,/home/guests/mmacri/AMOSUM/benchmarks/GraphColouring/test-instances-gc/0056-graph_colouring-150-0_5760.asp,279,1478586737303,10047284648,17585359296,1064,2891693969647,38329,9278669739083,1,120487643,0.102049,1204.941182434,1204.775877,1,167080,153732,199140,0.135961,1204.83,L3:0=fff;1=080,c0000000,Thu Apr 2 11:47:44 AM UTC 2026,5409570_579,coppernode26
clingo /home/guests/mmacri/AMOSUM/benchmarks/GraphColouring/encoding-plain-amo.asp $instance,2,/home/guests/mmacri/AMOSUM/benchmarks/GraphColouring/test-instances-gc/0060-graph_colouring-150-0_2880.asp,297,1487998671789,8790841931,15368269091,765,2891689593460,69170,10703122370985,1,120487369,0.096,1204.946873307,1204.778892,1,163332,149716,185332,0.113749,1204.84,L3:0=fff;1=020,0c000000,Thu Apr 2 11:47:44 AM UTC 2026,5409570_597,coppernode29
clingo /home/guests/mmacri/AMOSUM/benchmarks/GraphColouring/encoding-plain-amo.asp $instance,2,/home/guests/mmacri/AMOSUM/benchmarks/GraphColouring/test-instances-gc/0039-graph_colouring-140-0_5376.asp,194,1478511168520,10253226412,18293395359,1777,2891720403398,32707,9089634445470,1,120488966,0.075998,1204.950709129,1204.81531,1,150100,136724,181244,0.087993,1204.88,L3:0=fff;1=002,000c0000,Thu Apr 2 11:27:41 AM UTC 2026,5409570_494,coppernode27
clingo /home/guests/mmacri/AMOSUM/benchmarks/GraphColouring/encoding-plain-amo.asp $instance,2,/home/guests/mmacri/AMOSUM/benchmarks/GraphColouring/test-instances-gc/0022-graph_colouring-135-0_2592.asp,107,1493667821643,9121603369,15754759576,780,2891740699146,59369,10694525280036,1,120489556,0.142488,1204.940962054,1204.754373,1,158208,144612,180264,0.163532,1204.82,L3:0=020;1=fff,00000c00,Thu Apr 2 11:27:38 AM UTC 2026,5409570_407,coppernode26
clingo /home/guests/mmacri/AMOSUM/benchmarks/GraphColouring/encoding-plain-amo.asp $instance,2,/home/guests/mmacri/AMOSUM/benchmarks/GraphColouring/test-instances-gc/0034-graph_colouring-140-0_6720.asp,170,1412751364646,12184891141,23914285812,970,2891811652452,24814,8220133281074,1,120492473,0.075117,1204.946595836,1204.85107,1,120080,106700,150524,0.086763,1204.92,L3:0=fff;1=020,0c000000,Thu Apr 2 11:27:39 AM UTC 2026,5409570_470,coppernode30
clingo /home/guests/mmacri/AMOSUM/benchmarks/GraphColouring/encoding-plain-amo.asp $instance,2,/home/guests/mmacri/AMOSUM/benchmarks/GraphColouring/test-instances-gc/0007-graph_colouring-125-0_1200.asp,31,527574505,1104212,2579482,27,978488052,3522,3962970484,0,40781,0.0,0.504075332,0.408493,1,34912,21300,56296,0.020333,0.46493,L3:0=002;1=fff,0000000c,Thu Apr 2 11:07:36 AM UTC 2026,5409570_331,coppernode25
clingo /home/guests/mmacri/AMOSUM/benchmarks/GraphColouring/encoding-plain-amo.asp $instance,2,/home/guests/mmacri/AMOSUM/benchmarks/GraphColouring/test-instances-gc/0010-graph_colouring-125-0_1200.asp,46,1837442036,4640593,10320167,11,3353295468,5233,13755999405,1,139724,0.004005,1.421667516,1.393912,1,41216,28132,62524,0.027759,1.44706,L3:0=fff;1=008,00c00000,Thu Apr 2 11:08:08 AM UTC 2026,5409570_346,coppernode22
clingo /home/guests/mmacri/AMOSUM/benchmarks/GraphColouring/encoding-plain-amo.asp $instance,2,/home/guests/mmacri/AMOSUM/benchmarks/GraphColouring/test-instances-gc/0048-graph_colouring-145-0_1392.asp,236,1403587005,3174001,7562752,19,2572452205,5108,10627885955,1,107191,0.006979,1.128977464,1.065523,1,41136,27524,62640,0.023662,1.1298,L3:0=fff;1=020,0c000000,Thu Apr 2 11:47:43 AM UTC 2026,5409570_536,coppernode22
clingo /home/guests/mmacri/AMOSUM/benchmarks/GraphColouring/encoding-plain-amo.asp $instance,2,/home/guests/mmacri/AMOSUM/benchmarks/GraphColouring/test-instances-gc/0049-graph_colouring-145-0_1392.asp,241,4768035936,12523005,28685490,23,8561096162,6761,36081856521,1,356719,0.015462,3.620928266,3.552332,1,46096,32732,67944,0.027255,3.62079,L3:0=fff;1=020,0c000000,Thu Apr 2 11:47:43 AM UTC 2026,5409570_541,coppernode23
clingo /home/guests/mmacri/AMOSUM/benchmarks/GraphColouring/encoding-plain-amo.asp $instance,2,/home/guests/mmacri/AMOSUM/benchmarks/GraphColouring/test-instances-gc/0030-graph_colouring-135-0_3888.asp,148,1495223708793,9106518037,15639455379,1456,2891782384144,47404,10039553115282,1,120491565,0.113391,1204.95023273,1204.804629,1,150044,136432,176700,0.125299,1204.87,L3:0=fff;1=002,000c0000,Thu Apr 2 11:27:38 AM UTC 2026,5409570_448,coppernode21
clingo /home/guests/mmacri/AMOSUM/benchmarks/GraphColouring/encoding-plain-amo.asp $instance,2,/home/guests/mmacri/AMOSUM/benchmarks/GraphColouring/test-instances-gc/0029-graph_colouring-135-0_2592.asp,142,1485542131899,8873328202,15441705019,779,2891728855474,57531,10613409677619,1,120489054,0.14,1204.946967343,1204.75184,1,155200,141784,177304,0.158946,1204.81,L3:0=010;1=fff,00000300,Thu Apr 2 11:27:38 AM UTC 2026,5409570_442,coppernode28
clingo /home/guests/mmacri/AMOSUM/benchmarks/GraphColouring/encoding-plain-amo.asp $instance,2,/home/guests/mmacri/AMOSUM/benchmarks/GraphColouring/test-instances-gc/0027-graph_colouring-135-0_6480.asp,135,1387721852169,12848533144,25835461248,980,2891549676050,23079,8043959607450,1,120481603,0.078257,1204.944721254,1204.739565,1,111996,98520,141584,0.08625,1204.81,L3:0=fff;1=020,0c000000,Thu Apr 2 11:27:39 AM UTC 2026,5409570_435,coppernode25
clingo /home/guests/mmacri/AMOSUM/benchmarks/GraphColouring/encoding-plain-amo.asp $instance,2,/home/guests/mmacri/AMOSUM/benchmarks/GraphColouring/test-instances-gc/0028-graph_colouring-135-0_3888.asp,138,1485948079116,9377757331,16065809650,1465,2891729382768,46953,9948362728831,1,120489255,0.123998,1204.946365115,1204.769925,1,150504,136960,177876,0.13993,1204.84,L3:0=fff;1=002,000c0000,Thu Apr 2 11:27:38 AM UTC 2026,5409570_438,coppernode28
clingo /home/guests/mmacri/AMOSUM/benchmarks/GraphColouring/encoding-plain-amo.asp $instance,2,/home/guests/mmacri/AMOSUM/benchmarks/GraphColouring/test-instances-gc/0027-graph_colouring-135-0_2592.asp,132,1477261360828,8810635570,15293293676,726,2891781705806,59648,10578289843606,1,120491206,0.128,1204.944640131,1204.78503,1,157760,144144,179496,0.143366,1204.85,L3:0=fff;1=010,03000000,Thu Apr 2 11:27:38 AM UTC 2026,5409570_432,coppernode29
clingo /home/guests/mmacri/AMOSUM/benchmarks/GraphColouring/encoding-plain-amo.asp $instance,2,/home/guests/mmacri/AMOSUM/benchmarks/GraphColouring/test-instances-gc/0029-graph_colouring-135-0_6480.asp,145,1406924474421,12390211105,24869659642,962,2891481574219,22878,8136495311838,1,120478755,0.071999,1204.943034759,1204.71601,1,110304,96840,140268,0.097643,1204.77,L3:0=fff;1=020,0c000000,Thu Apr 2 11:27:38 AM UTC 2026,5409570_445,coppernode29
clingo /home/guests/mmacri/AMOSUM/benchmarks/GraphColouring/encoding-plain-amo.asp $instance,2,/home/guests/mmacri/AMOSUM/benchmarks/GraphColouring/test-instances-gc/0009-graph_colouring-125-0_1200.asp,41,339870664,651604,1599682,9,643320031,3144,2538180751,1,26808,0.004038,0.295659131,0.264702,1,33112,19760,54492,0.017432,0.328254,L3:0=fff;1=010,03000000,Thu Apr 2 11:07:49 AM UTC 2026,5409570_341,coppernode28
clingo /home/guests/mmacri/AMOSUM/benchmarks/GraphColouring/encoding-plain-amo.asp $instance,2,/home/guests/mmacri/AMOSUM/benchmarks/GraphColouring/test-instances-gc/0008-graph_colouring-125-0_1200.asp,36,1373053028,3346646,7656853,20,2509695578,4729,10258953729,1,104577,0.0,1.108536714,1.046447,1,39444,26096,60796,0.013309,1.1099,L3:0=fff;1=040,30000000,Thu Apr 2 11:07:37 AM UTC 2026,5409570_336,coppernode24
clingo /home/guests/mmacri/AMOSUM/benchmarks/GraphColouring/encoding-plain-amo.asp $instance,2,/home/guests/mmacri/AMOSUM/benchmarks/GraphColouring/test-instances-gc/0050-graph_colouring-145-0_1392.asp,246,2107074914,4571438,10800410,11,3836598015,5805,16129550832,1,159862,0.00401,1.625841718,1.595232,1,44060,30448,65428,0.019417,1.65849,L3:0=fff;1=020,0c000000,Thu Apr 2 11:47:43 AM UTC 2026,5409570_546,coppernode24
clingo /home/guests/mmacri/AMOSUM/benchmarks/GraphColouring/encoding-plain-amo.asp $instance,2,/home/guests/mmacri/AMOSUM/benchmarks/GraphColouring/test-instances-gc/0047-graph_colouring-145-0_1392.asp,231,1481725445,2991567,7161903,11,2706298021,5330,11227744144,1,112766,0.004,1.152419454,1.124248,1,42184,28572,63412,0.02228,1.1872,L3:0=004;1=fff,00000030,Thu Apr 2 11:47:43 AM UTC 2026,5409570_531,coppernode21
clingo /home/guests/mmacri/AMOSUM/benchmarks/GraphColouring/encoding-plain-amo.asp $instance,2,/home/guests/mmacri/AMOSUM/benchmarks/GraphColouring/test-instances-gc/0039-graph_colouring-140-0_4032.asp,193,1485252906805,9656585476,16511321315,922,2891809042750,53429,9890028725870,1,120492454,0.119999,1204.950576565,1204.805548,1,157408,143792,183400,0.136507,1204.87,L3:0=080;1=fff,0000c000,Thu Apr 2 11:27:41 AM UTC 2026,5409570_493,coppernode29
clingo /home/guests/mmacri/AMOSUM/benchmarks/GraphColouring/encoding-plain-amo.asp $instance,2,/home/guests/mmacri/AMOSUM/benchmarks/GraphColouring/test-instances-gc/0040-graph_colouring-140-0_5376.asp,199,1466883330450,10760772868,19129565882,1014,2891772276993,33820,9023073145904,1,120490891,0.112,1204.952085138,1204.797994,1,151620,138192,182792,0.132557,1204.85,L3:0=fff;1=008,00c00000,Thu Apr 2 11:27:41 AM UTC 2026,5409570_499,coppernode26
clingo /home/guests/mmacri/AMOSUM/benchmarks/GraphColouring/encoding-plain-amo.asp $instance,2,/home/guests/mmacri/AMOSUM/benchmarks/GraphColouring/test-instances-gc/0036-graph_colouring-140-0_2688.asp,177,1482448976256,8880260862,15480861209,793,2891730040102,65868,10631564237914,1,120489118,0.124,1204.951447124,1204.768266,1,159264,145652,181176,0.142579,1204.83,L3:0=080;1=fff,0000c000,Thu Apr 2 11:27:39 AM UTC 2026,5409570_477,coppernode21
clingo /home/guests/mmacri/AMOSUM/benchmarks/GraphColouring/encoding-plain-amo.asp $instance,2,/home/guests/mmacri/AMOSUM/benchmarks/GraphColouring/test-instances-gc/0020-graph_colouring-130-0_6240.asp,100,1454376555666,11463264181,23368106832,928,2891803339808,22432,8369103564855,1,120492251,0.068,1204.946629794,1204.856588,1,110488,97032,140204,0.085069,1204.92,L3:0=fff;1=020,0c000000,Thu Apr 2 11:27:38 AM UTC 2026,5409570_400,coppernode21
clingo /home/guests/mmacri/AMOSUM/benchmarks/GraphColouring/encoding-plain-amo.asp $instance,2,/home/guests/mmacri/AMOSUM/benchmarks/GraphColouring/test-instances-gc/0041-graph_colouring-145-0_4176.asp,203,1492759854584,9619518181,16476899649,946,2891801068708,53212,9984465719846,1,120492220,0.14,1204.952210783,1204.78277,1,157436,143840,183060,0.155785,1204.84,L3:0=020;1=fff,00000c00,Thu Apr 2 11:27:42 AM UTC 2026,5409570_503,coppernode22
clingo /home/guests/mmacri/AMOSUM/benchmarks/GraphColouring/encoding-plain-amo.asp $instance,2,/home/guests/mmacri/AMOSUM/benchmarks/GraphColouring/test-instances-gc/0055-graph_colouring-150-0_5760.asp,274,1464497750515,9737109252,16814634215,1211,2891711847975,38602,9197842504036,1,120488524,0.127998,1204.944701198,1204.758549,1,165136,151740,197432,0.153606,1204.82,L3:0=010;1=fff,00000300,Thu Apr 2 11:47:44 AM UTC 2026,5409570_574,coppernode26
clingo /home/guests/mmacri/AMOSUM/benchmarks/GraphColouring/encoding-plain-amo.asp $instance,2,/home/guests/mmacri/AMOSUM/benchmarks/GraphColouring/test-instances-gc/0015-graph_colouring-130-0_3744.asp,73,1483638567651,9653930476,16568945730,996,2891764309501,41452,9879134743261,1,120490614,0.095787,1204.946683677,1204.811383,1,146996,133400,174848,0.100796,1204.89,L3:0=040;1=fff,00003000,Thu Apr 2 11:27:37 AM UTC 2026,5409570_373,coppernode23
clingo /home/guests/mmacri/AMOSUM/benchmarks/GraphColouring/encoding-plain-amo.asp $instance,2,/home/guests/mmacri/AMOSUM/benchmarks/GraphColouring/test-instances-gc/0016-graph_colouring-130-0_4992.asp,79,1472571720946,10245666619,18765357871,1024,2891501346816,27946,8959941610858,1,120479649,0.068,1204.940376114,1204.729887,1,131452,118052,161496,0.094667,1204.79,L3:0=fff;1=010,03000000,Thu Apr 2 11:27:38 AM UTC 2026,5409570_379,coppernode22
clingo /home/guests/mmacri/AMOSUM/benchmarks/GraphColouring/encoding-plain-amo.asp $instance,2,/home/guests/mmacri/AMOSUM/benchmarks/GraphColouring/test-instances-gc/0020-graph_colouring-130-0_2496.asp,97,1488072884506,8593226999,15023424078,1356,2891637478963,59519,10687864811216,1,120485386,0.140935,1204.945770025,1204.714287,1,152080,138468,173852,0.145122,1204.79,L3:0=fff;1=002,000c0000,Thu Apr 2 11:27:38 AM UTC 2026,5409570_397,coppernode24
clingo /home/guests/mmacri/AMOSUM/benchmarks/GraphColouring/encoding-plain-amo.asp $instance,2,/home/guests/mmacri/AMOSUM/benchmarks/GraphColouring/test-instances-gc/0058-graph_colouring-150-0_7200.asp,290,1330478708308,11569273858,22177756829,1046,2891707212272,23687,7865714701155,1,120488256,0.064,1204.942603186,1204.820049,1,114896,101508,144616,0.095636,1204.87,L3:0=020;1=fff,00000c00,Thu Apr 2 11:47:44 AM UTC 2026,5409570_590,coppernode25
clingo /home/guests/mmacri/AMOSUM/benchmarks/GraphColouring/encoding-plain-amo.asp $instance,2,/home/guests/mmacri/AMOSUM/benchmarks/GraphColouring/test-instances-gc/0042-graph_colouring-145-0_5568.asp,209,1481358482755,10288116543,18169365136,1163,2891653365820,34969,9192982885023,1,120486048,0.091999,1204.953190469,1204.770208,1,157784,144396,189224,0.105267,1204.83,L3:0=080;1=fff,0000c000,Thu Apr 2 11:27:44 AM UTC 2026,5409570_509,coppernode24
clingo /home/guests/mmacri/AMOSUM/benchmarks/GraphColouring/encoding-plain-amo.asp $instance,2,/home/guests/mmacri/AMOSUM/benchmarks/GraphColouring/test-instances-gc/0025-graph_colouring-135-0_1296.asp,121,2003237812,5272271,11856872,16,3651606100,5633,15166347737,1,152155,0.014968,1.573832556,1.507149,1,42932,29584,64288,0.043676,1.5622,L3:0=fff;1=004,00300000,Thu Apr 2 11:27:38 AM UTC 2026,5409570_421,coppernode25
clingo /home/guests/mmacri/AMOSUM/benchmarks/GraphColouring/encoding-plain-amo.asp $instance,2,/home/guests/mmacri/AMOSUM/benchmarks/GraphColouring/test-instances-gc/0032-graph_colouring-140-0_1344.asp,156,2840586879,7790843,17322294,32,5145372465,6319,21217036405,1,214400,0.015165,2.249011787,2.129568,1,45912,32300,67416,0.041596,2.1817,L3:0=fff;1=040,30000000,Thu Apr 2 11:27:39 AM UTC 2026,5409570_456,coppernode23
clingo /home/guests/mmacri/AMOSUM/benchmarks/GraphColouring/encoding-plain-amo.asp $instance,2,/home/guests/mmacri/AMOSUM/benchmarks/GraphColouring/test-instances-gc/0012-graph_colouring-130-0_3744.asp,58,1477945568037,9521382895,16404358633,1615,2891783333704,46030,9859068779219,1,120491695,0.149649,1204.948162963,1204.768234,1,148304,134808,175316,0.173169,1204.82,L3:0=002;1=fff,0000000c,Thu Apr 2 11:27:37 AM UTC 2026,5409570_358,coppernode22
clingo /home/guests/mmacri/AMOSUM/benchmarks/GraphColouring/encoding-plain-amo.asp $instance,2,/home/guests/mmacri/AMOSUM/benchmarks/GraphColouring/test-instances-gc/0046-graph_colouring-145-0_4176.asp,228,1492002647892,9534523590,16565640592,2706,2891770576287,51839,9953659224187,1,120491512,0.131998,1204.949532892,1204.783587,1,156708,143096,181816,0.147873,1204.85,L3:0=004;1=fff,00000030,Thu Apr 2 11:47:43 AM UTC 2026,5409570_528,coppernode22
clingo /home/guests/mmacri/AMOSUM/benchmarks/GraphColouring/encoding-plain-amo.asp $instance,2,/home/guests/mmacri/AMOSUM/benchmarks/GraphColouring/test-instances-gc/0051-graph_colouring-150-0_7200.asp,255,1380893332217,12683579038,24662045550,1041,2891762500700,23261,8114009577925,1,120490551,0.064,1204.94604826,1204.842386,1,113760,100348,143484,0.076228,1204.91,L3:0=040;1=fff,00003000,Thu Apr 2 11:47:43 AM UTC 2026,5409570_555,coppernode21
clingo /home/guests/mmacri/AMOSUM/benchmarks/GraphColouring/encoding-plain-amo.asp $instance,2,/home/guests/mmacri/AMOSUM/benchmarks/GraphColouring/test-instances-gc/0045-graph_colouring-145-0_2784.asp,222,1482712339024,8702691398,15221533349,754,2891741020305,64865,10676076649794,1,120489567,0.16,1204.952284646,1204.736785,1,159216,145604,181176,0.17665,1204.8,L3:0=fff;1=008,00c00000,Thu Apr 2 11:28:16 AM UTC 2026,5409570_522,coppernode22
clingo /home/guests/mmacri/AMOSUM/benchmarks/GraphColouring/encoding-plain-amo.asp $instance,2,/home/guests/mmacri/AMOSUM/benchmarks/GraphColouring/test-instances-gc/0011-graph_colouring-130-0_2496.asp,52,1487911295337,8774196137,15235202966,797,2891811106724,59351,10650473366027,1,120492488,0.104,1204.93949922,1204.820207,1,153484,139872,175404,0.132572,1204.88,L3:0=004;1=fff,00000030,Thu Apr 2 11:27:37 AM UTC 2026,5409570_352,coppernode21
clingo /home/guests/mmacri/AMOSUM/benchmarks/GraphColouring/encoding-plain-amo.asp $instance,2,/home/guests/mmacri/AMOSUM/benchmarks/GraphColouring/test-instances-gc/0005-graph_colouring-125-0_6000.asp,25,1402840272691,11695283283,23452846673,929,2891726954770,21927,8119184056235,1,120488990,0.073047,1204.946507247,1204.817807,1,108596,95020,137532,0.089027,1204.88,L3:0=fff;1=008,00c00000,Thu Apr 2 11:07:35 AM UTC 2026,5409570_325,coppernode28
clingo /home/guests/mmacri/AMOSUM/benchmarks/GraphColouring/encoding-plain-amo.asp $instance,2,/home/guests/mmacri/AMOSUM/benchmarks/GraphColouring/test-instances-gc/0033-graph_colouring-140-0_5376.asp,164,1479364960305,10123840768,18062606598,1146,2891741059464,33381,9148545141812,1,120489743,0.124616,1204.949869593,1204.77406,1,153144,139572,183888,0.137968,1204.84,L3:0=080;1=fff,0000c000,Thu Apr 2 11:27:39 AM UTC 2026,5409570_464,coppernode23
clingo /home/guests/mmacri/AMOSUM/benchmarks/GraphColouring/encoding-plain-amo.asp $instance,2,/home/guests/mmacri/AMOSUM/benchmarks/GraphColouring/test-instances-gc/0023-graph_colouring-135-0_3888.asp,113,1490701822673,9394693737,16099006473,1055,2891315606427,47283,9955609728424,1,120471948,0.104002,1204.944299717,1204.616373,1,150028,136412,176248,0.115599,1204.69,L3:0=008;1=fff,000000c0,Thu Apr 2 11:27:38 AM UTC 2026,5409570_413,coppernode27
clingo /home/guests/mmacri/AMOSUM/benchmarks/GraphColouring/encoding-plain-amo.asp $instance,2,/home/guests/mmacri/AMOSUM/benchmarks/GraphColouring/test-instances-gc/0024-graph_colouring-135-0_5184.asp,119,1477787765771,10266745407,18454645683,1654,2891695323377,32023,9080541612754,1,120487974,0.075999,1204.940780174,1204.805018,1,146748,133216,178436,0.084398,1204.88,L3:0=fff;1=002,000c0000,Thu Apr 2 11:27:38 AM UTC 2026,5409570_419,coppernode25
clingo /home/guests/mmacri/AMOSUM/benchmarks/GraphColouring/encoding-plain-amo.asp $instance,2,/home/guests/mmacri/AMOSUM/benchmarks/GraphColouring/test-instances-gc/0036-graph_colouring-140-0_6720.asp,180,1406878749823,12164822791,24352180933,931,2891800590330,24059,8147885562960,1,120491997,0.058708,1204.948028259,1204.862539,1,116916,103548,147880,0.074664,1204.92,L3:0=fff;1=004,00300000,Thu Apr 2 11:27:40 AM UTC 2026,5409570_480,coppernode30
clingo /home/guests/mmacri/AMOSUM/benchmarks/GraphColouring/encoding-plain-amo.asp $instance,2,/home/guests/mmacri/AMOSUM/benchmarks/GraphColouring/test-instances-gc/0057-graph_colouring-150-0_4320.asp,283,1484907182899,9150264851,15817036464,877,2891791021076,55863,9964630046457,1,120491683,0.148,1204.945985938,1204.769939,1,163360,149744,187780,0.181117,1204.82,L3:0=040;1=fff,00003000,Thu Apr 2 11:47:44 AM UTC 2026,5409570_583,coppernode27
clingo /home/guests/mmacri/AMOSUM/benchmarks/GraphColouring/encoding-plain-amo.asp $instance,2,/home/guests/mmacri/AMOSUM/benchmarks/GraphColouring/test-instances-gc/0017-graph_colouring-130-0_4992.asp,84,1461223573723,9991058732,18204861196,1012,2891791133731,32538,8951170423897,1,120491788,0.084,1204.947459548,1204.835366,1,138160,124692,167704,0.097661,1204.9,L3:0=fff;1=008,00c00000,Thu Apr 2 11:27:38 AM UTC 2026,5409570_384,coppernode21
clingo /home/guests/mmacri/AMOSUM/benchmarks/GraphColouring/encoding-plain-amo.asp $instance,2,/home/guests/mmacri/AMOSUM/benchmarks/GraphColouring/test-instances-gc/0004-graph_colouring-125-0_2400.asp,17,1480035999277,8782844891,14925173707,744,2891683369621,62256,10596742982586,1,120487104,0.099035,1204.949168596,1204.773218,1,149712,136100,171736,0.114866,1204.83,L3:0=fff;1=008,00c00000,Thu Apr 2 11:07:34 AM UTC 2026,5409570_317,coppernode25
clingo /home/guests/mmacri/AMOSUM/benchmarks/GraphColouring/encoding-plain-amo.asp $instance,2,/home/guests/mmacri/AMOSUM/benchmarks/GraphColouring/test-instances-gc/0012-graph_colouring-130-0_6240.asp,60,1430153122442,12349260594,24893025824,942,2891769419793,23055,8215004688880,1,120490797,0.050539,1204.943702012,1204.858578,1,113100,99508,142720,0.062016,1204.93,L3:0=fff;1=004,00300000,Thu Apr 2 11:27:37 AM UTC 2026,5409570_360,coppernode22
clingo /home/guests/mmacri/AMOSUM/benchmarks/GraphColouring/encoding-plain-amo.asp $instance,2,/home/guests/mmacri/AMOSUM/benchmarks/GraphColouring/test-instances-gc/0042-graph_colouring-145-0_6960.asp,210,1417916918664,11431507839,22552533953,938,2891796118943,23522,8277559477075,1,120491874,0.066891,1204.949056459,1204.853187,1,114820,101400,144484,0.082761,1204.91,L3:0=fff;1=040,30000000,Thu Apr 2 11:27:45 AM UTC 2026,5409570_510,coppernode24
clingo /home/guests/mmacri/AMOSUM/benchmarks/GraphColouring/encoding-plain-amo.asp $instance,2,/home/guests/mmacri/AMOSUM/benchmarks/GraphColouring/test-instances-gc/0054-graph_colouring-150-0_2880.asp,267,1486283441746,8556290904,14880176914,1192,2891774105021,65313,10727533606157,1,120491136,0.1542,1204.95192349,1204.758946,1,161924,148312,184000,0.170069,1204.82,L3:0=fff;1=002,000c0000,Thu Apr 2 11:47:44 AM UTC 2026,5409570_567,coppernode21
clingo /home/guests/mmacri/AMOSUM/benchmarks/GraphColouring/encoding-plain-amo.asp $instance,2,/home/guests/mmacri/AMOSUM/benchmarks/GraphColouring/test-instances-gc/0058-graph_colouring-150-0_5760.asp,289,1417527033596,9627232518,16998343659,1102,2891760325245,35848,8858060876802,1,120490432,0.095999,1204.944676348,1204.810074,1,162576,149128,194960,0.120567,1204.87,L3:0=fff;1=040,30000000,Thu Apr 2 11:47:44 AM UTC 2026,5409570_589,coppernode25
clingo /home/guests/mmacri/AMOSUM/benchmarks/GraphColouring/encoding-plain-amo.asp $instance,2,/home/guests/mmacri/AMOSUM/benchmarks/GraphColouring/test-instances-gc/0037-graph_colouring-140-0_5376.asp,184,1490618483943,9980451197,17788636503,1073,2891772834071,34561,9233157724211,1,120490937,0.093661,1204.951359365,1204.816983,1,155800,142268,187924,0.106972,1204.88,L3:0=fff;1=004,00300000,Thu Apr 2 11:27:40 AM UTC 2026,5409570_484,coppernode24
clingo /home/guests/mmacri/AMOSUM/benchmarks/GraphColouring/encoding-plain-amo.asp $instance,2,/home/guests/mmacri/AMOSUM/benchmarks/GraphColouring/test-instances-gc/0032-graph_colouring-140-0_6720.asp,160,1395175828544,12370931984,24381305034,1016,2891859026117,23383,8141205914344,0,120494553,0.062779,1204.947890384,1204.883633,1,114292,100836,143524,0.082777,1204.94,L3:0=020;1=fff,00000c00,Thu Apr 2 11:27:39 AM UTC 2026,5409570_460,coppernode21
clingo /home/guests/mmacri/AMOSUM/benchmarks/GraphColouring/encoding-plain-amo.asp $instance,2,/home/guests/mmacri/AMOSUM/benchmarks/GraphColouring/test-instances-gc/0024-graph_colouring-135-0_2592.asp,117,1474350246505,9192123694,15909604564,781,2891770716512,59256,10546173263160,1,120490804,0.134031,1204.939231692,1204.775389,1,156920,143476,179740,0.172449,1204.83,L3:0=080;1=fff,0000c000,Thu Apr 2 11:27:38 AM UTC 2026,5409570_417,coppernode26
clingo /home/guests/mmacri/AMOSUM/benchmarks/GraphColouring/encoding-plain-amo.asp $instance,2,/home/guests/mmacri/AMOSUM/benchmarks/GraphColouring/test-instances-gc/0001-graph_colouring-125-0_4800.asp,4,1425431280116,11059474574,19936043376,3171,2891684530481,27319,8789414650154,1,120487988,0.078082,1204.94733442,1204.802486,1,122500,108972,150060,0.0957,1204.86,L3:0=002;1=fff,0000000c,Thu Apr 2 11:07:32 AM UTC 2026,5409570_304,coppernode23
clingo /home/guests/mmacri/AMOSUM/benchmarks/GraphColouring/encoding-plain-amo.asp $instance,2,/home/guests/mmacri/AMOSUM/benchmarks/GraphColouring/test-instances-gc/0043-graph_colouring-145-0_5568.asp,214,1481851076192,9891750912,17675701422,1394,2890900911156,35512,9173554790117,1,120454734,0.089459,1204.9529611,1204.459719,1,159736,146352,191888,0.115722,1204.51,L3:0=010;1=fff,00000300,Thu Apr 2 11:27:48 AM UTC 2026,5409570_514,coppernode30
clingo /home/guests/mmacri/AMOSUM/benchmarks/GraphColouring/encoding-plain-amo.asp $instance,2,/home/guests/mmacri/AMOSUM/benchmarks/GraphColouring/test-instances-gc/0053-graph_colouring-150-0_4320.asp,263,1482027391930,9127954423,15635064712,970,2891518070592,57479,9958525408833,1,120480363,0.07685,1204.950184268,1204.72793,1,161612,147996,187892,0.086124,1204.8,L3:0=040;1=fff,00003000,Thu Apr 2 11:47:44 AM UTC 2026,5409570_563,coppernode29
clingo /home/guests/mmacri/AMOSUM/benchmarks/GraphColouring/encoding-plain-amo.asp $instance,2,/home/guests/mmacri/AMOSUM/benchmarks/GraphColouring/test-instances-gc/0003-graph_colouring-125-0_3600.asp,13,1477823028676,9387651777,16093864569,965,2891797762005,39673,9871342513665,1,120492056,0.078824,1204.948847569,1204.842608,1,144332,130720,172524,0.090628,1204.91,L3:0=080;1=fff,0000c000,Thu Apr 2 11:07:33 AM UTC 2026,5409570_313,coppernode23
clingo /home/guests/mmacri/AMOSUM/benchmarks/GraphColouring/encoding-plain-amo.asp $instance,2,/home/guests/mmacri/AMOSUM/benchmarks/GraphColouring/test-instances-gc/0013-graph_colouring-130-0_4992.asp,64,1479910646650,10034611333,18264712429,1010,2891644561997,30155,9076632897837,1,120485617,0.072,1204.947382782,1204.785672,1,135372,121844,163964,0.085525,1204.85,L3:0=fff;1=080,c0000000,Thu Apr 2 11:27:37 AM UTC 2026,5409570_364,coppernode22
clingo /home/guests/mmacri/AMOSUM/benchmarks/GraphColouring/encoding-plain-amo.asp $instance,2,/home/guests/mmacri/AMOSUM/benchmarks/GraphColouring/test-instances-gc/0004-graph_colouring-125-0_4800.asp,19,1423149652796,11825214130,21143223428,1175,2891712660487,27790,8760265519357,1,120488525,0.07491,1204.949163211,1204.81172,1,130276,116864,157852,0.084011,1204.88,L3:0=004;1=fff,00000030,Thu Apr 2 11:07:34 AM UTC 2026,5409570_319,coppernode26
clingo /home/guests/mmacri/AMOSUM/benchmarks/GraphColouring/encoding-plain-amo.asp $instance,2,/home/guests/mmacri/AMOSUM/benchmarks/GraphColouring/test-instances-gc/0016-graph_colouring-130-0_6240.asp,80,1401066649723,11769424935,23984947608,1069,2891769491457,22777,8123440981728,1,120490851,0.074738,1204.946439021,1204.834559,1,111852,98412,141492,0.092778,1204.9,L3:0=010;1=fff,00000300,Thu Apr 2 11:27:38 AM UTC 2026,5409570_380,coppernode21
clingo /home/guests/mmacri/AMOSUM/benchmarks/GraphColouring/encoding-plain-amo.asp $instance,2,/home/guests/mmacri/AMOSUM/benchmarks/GraphColouring/test-instances-gc/0058-graph_colouring-150-0_2880.asp,287,1442812535685,8423301429,14691776331,718,2891786207746,64041,10408145239289,1,120491391,0.12447,1204.944973339,1204.790827,1,164384,150772,186188,0.137212,1204.86,L3:0=fff;1=010,03000000,Thu Apr 2 11:47:44 AM UTC 2026,5409570_587,coppernode25
clingo /home/guests/mmacri/AMOSUM/benchmarks/GraphColouring/encoding-plain-amo.asp $instance,2,/home/guests/mmacri/AMOSUM/benchmarks/GraphColouring/test-instances-gc/0054-graph_colouring-150-0_5760.asp,269,1478808675296,9924493272,17435688987,1121,2891803855064,37781,9291509557801,1,120492257,0.105388,1204.950239467,1204.818357,1,166348,153004,198960,0.130152,1204.87,L3:0=fff;1=040,30000000,Thu Apr 2 11:47:44 AM UTC 2026,5409570_569,coppernode30
clingo /home/guests/mmacri/AMOSUM/benchmarks/GraphColouring/encoding-plain-amo.asp $instance,2,/home/guests/mmacri/AMOSUM/benchmarks/GraphColouring/test-instances-gc/0032-graph_colouring-140-0_4032.asp,158,1485232232396,9723452149,16580645578,842,2891733506480,51630,9908173310359,1,120489238,0.140894,1204.949507576,1204.752686,1,156588,143048,181864,0.162692,1204.81,L3:0=fff;1=040,30000000,Thu Apr 2 11:27:39 AM UTC 2026,5409570_458,coppernode27
clingo /home/guests/mmacri/AMOSUM/benchmarks/GraphColouring/encoding-plain-amo.asp $instance,2,/home/guests/mmacri/AMOSUM/benchmarks/GraphColouring/test-instances-gc/0025-graph_colouring-135-0_6480.asp,125,1386411619475,12478890751,25284037799,964,2891605066924,21168,8079822800291,1,120483906,0.057452,1204.93826309,1204.783207,1,105500,91976,134024,0.062439,1204.86,L3:0=fff;1=040,30000000,Thu Apr 2 11:27:38 AM UTC 2026,5409570_425,coppernode25
clingo /home/guests/mmacri/AMOSUM/benchmarks/GraphColouring/encoding-plain-amo.asp $instance,2,/home/guests/mmacri/AMOSUM/benchmarks/GraphColouring/test-instances-gc/0031-graph_colouring-140-0_2688.asp,152,1497512127974,8524289572,14910014075,831,2891773301318,72328,10774580665700,1,120490874,0.156,1204.948816785,1204.753401,1,159004,145768,181540,0.167537,1204.82,L3:0=004;1=fff,00000030,Thu Apr 2 11:27:38 AM UTC 2026,5409570_452,coppernode30
clingo /home/guests/mmacri/AMOSUM/benchmarks/GraphColouring/encoding-plain-amo.asp $instance,2,/home/guests/mmacri/AMOSUM/benchmarks/GraphColouring/test-instances-gc/0012-graph_colouring-130-0_1248.asp,56,1003358147,1919409,4963027,12,1810835391,4275,7552176253,1,75455,0.010466,0.776817944,0.744663,1,37876,24264,59268,0.048864,0.795499,L3:0=020;1=fff,00000c00,Thu Apr 2 11:27:37 AM UTC 2026,5409570_356,coppernode21
clingo /home/guests/mmacri/AMOSUM/benchmarks/GraphColouring/encoding-plain-amo.asp $instance,2,/home/guests/mmacri/AMOSUM/benchmarks/GraphColouring/test-instances-gc/0005-graph_colouring-125-0_1200.asp,21,704083893,1489313,3431595,14,1300250522,3939,5320479452,1,54181,0.0,0.581822685,0.542467,1,35980,22896,57376,0.018723,0.600275,L3:0=fff;1=008,00c00000,Thu Apr 2 11:07:35 AM UTC 2026,5409570_321,coppernode26
clingo /home/guests/mmacri/AMOSUM/benchmarks/GraphColouring/encoding-plain-amo.asp $instance,2,/home/guests/mmacri/AMOSUM/benchmarks/GraphColouring/test-instances-gc/0051-graph_colouring-150-0_1440.asp,251,5394319930,14687174,32711945,21,9846303455,7262,40816228459,1,410271,0.015891,4.14480112,4.087459,1,48812,35728,70356,0.041273,4.14436,L3:0=080;1=fff,0000c000,Thu Apr 2 11:47:43 AM UTC 2026,5409570_551,coppernode22
clingo /home/guests/mmacri/AMOSUM/benchmarks/GraphColouring/encoding-plain-amo.asp $instance,2,/home/guests/mmacri/AMOSUM/benchmarks/GraphColouring/test-instances-gc/0046-graph_colouring-145-0_1392.asp,226,637198050,1322317,3259691,21,1181061248,4184,4780390743,1,49217,0.012054,0.53820552,0.48077,1,37192,23844,58592,0.029772,0.5409,L3:0=fff;1=080,c0000000,Thu Apr 2 11:47:43 AM UTC 2026,5409570_526,coppernode23
clingo /home/guests/mmacri/AMOSUM/benchmarks/GraphColouring/encoding-plain-amo.asp $instance,2,/home/guests/mmacri/AMOSUM/benchmarks/GraphColouring/test-instances-gc/0035-graph_colouring-140-0_4032.asp,173,1492125919378,9387183574,16115713235,2768,2891652338458,45941,9964791225698,1,120486580,0.107999,1204.950072626,1204.759696,1,151220,137604,177364,0.116427,1204.83,L3:0=080;1=fff,0000c000,Thu Apr 2 11:27:39 AM UTC 2026,5409570_473,coppernode27
clingo /home/guests/mmacri/AMOSUM/benchmarks/GraphColouring/encoding-plain-amo.asp $instance,2,/home/guests/mmacri/AMOSUM/benchmarks/GraphColouring/test-instances-gc/0021-graph_colouring-135-0_5184.asp,104,1470422494268,10475199110,18956477934,2812,2891667134801,29420,8987222889349,1,120487136,0.079998,1204.936038349,1204.789727,1,135464,122140,164824,0.112455,1204.85,L3:0=fff;1=004,00300000,Thu Apr 2 11:27:38 AM UTC 2026,5409570_404,coppernode26
clingo /home/guests/mmacri/AMOSUM/benchmarks/GraphColouring/encoding-plain-amo.asp $instance,2,/home/guests/mmacri/AMOSUM/benchmarks/GraphColouring/test-instances-gc/0036-graph_colouring-140-0_5376.asp,179,1480100054801,10109483163,18001294069,1960,2891299478766,33990,9159113112244,1,120471531,0.103998,1204.949958703,1204.613776,1,153088,139576,184636,0.127901,1204.67,L3:0=002;1=fff,0000000c,Thu Apr 2 11:27:40 AM UTC 2026,5409570_479,coppernode30
clingo /home/guests/mmacri/AMOSUM/benchmarks/GraphColouring/encoding-plain-amo.asp $instance,2,/home/guests/mmacri/AMOSUM/benchmarks/GraphColouring/test-instances-gc/0040-graph_colouring-140-0_2688.asp,197,1469528348668,8964858001,15464646537,1845,2891676244204,63193,10524421079546,1,120487271,0.141861,1204.951491387,1204.733092,1,160500,146888,182952,0.168261,1204.78,L3:0=002;1=fff,0000000c,Thu Apr 2 11:27:41 AM UTC 2026,5409570_497,coppernode24
clingo /home/guests/mmacri/AMOSUM/benchmarks/GraphColouring/encoding-plain-amo.asp $instance,2,/home/guests/mmacri/AMOSUM/benchmarks/GraphColouring/test-instances-gc/0059-graph_colouring-150-0_5760.asp,294,1451599590342,9830617301,17251679244,1394,2891631508423,35452,9014045362068,1,120485235,0.139998,1204.953769176,1204.713218,1,160840,147484,192828,0.157323,1204.78,L3:0=004;1=fff,00000030,Thu Apr 2 11:47:44 AM UTC 2026,5409570_594,coppernode29
clingo /home/guests/mmacri/AMOSUM/benchmarks/GraphColouring/encoding-plain-amo.asp $instance,2,/home/guests/mmacri/AMOSUM/benchmarks/GraphColouring/test-instances-gc/0060-graph_colouring-150-0_7200.asp,300,1385447793474,12238930701,23822564822,2143,2891726267509,24053,8134590769049,1,120489405,0.082029,1204.946793269,1204.814513,1,116968,103524,146504,0.103531,1204.87,L3:0=002;1=fff,0000000c,Thu Apr 2 11:47:44 AM UTC 2026,5409570_600,coppernode28
clingo /home/guests/mmacri/AMOSUM/benchmarks/GraphColouring/encoding-plain-amo.asp $instance,2,/home/guests/mmacri/AMOSUM/benchmarks/GraphColouring/test-instances-gc/0019-graph_colouring-130-0_3744.asp,93,1437950218336,9003039459,15580907319,1874,2891742970589,42581,9593765531602,1,120490027,0.127998,1204.949387714,1204.773906,1,148308,134932,175932,0.14152,1204.84,L3:0=002;1=fff,0000000c,Thu Apr 2 11:27:38 AM UTC 2026,5409570_393,coppernode29
clingo /home/guests/mmacri/AMOSUM/benchmarks/GraphColouring/encoding-plain-amo.asp $instance,2,/home/guests/mmacri/AMOSUM/benchmarks/GraphColouring/test-instances-gc/0020-graph_colouring-130-0_4992.asp,99,1485557025642,10030795566,18323580267,1115,2891751081061,30963,9112212225992,1,120490093,0.052,1204.948463766,1204.850057,1,142872,129412,173180,0.071239,1204.91,L3:0=040;1=fff,00003000,Thu Apr 2 11:27:38 AM UTC 2026,5409570_399,coppernode21
clingo /home/guests/mmacri/AMOSUM/benchmarks/GraphColouring/encoding-plain-amo.asp $instance,2,/home/guests/mmacri/AMOSUM/benchmarks/GraphColouring/test-instances-gc/0016-graph_colouring-130-0_2496.asp,77,1472688390686,9197892239,15787112160,789,2891672804971,58535,10522695143341,1,120486778,0.133755,1204.941750399,1204.734867,1,152172,138624,175408,0.142155,1204.81,L3:0=040;1=fff,00003000,Thu Apr 2 11:27:38 AM UTC 2026,5409570_377,coppernode22
clingo /home/guests/mmacri/AMOSUM/benchmarks/GraphColouring/encoding-plain-amo.asp $instance,2,/home/guests/mmacri/AMOSUM/benchmarks/GraphColouring/test-instances-gc/0042-graph_colouring-145-0_2784.asp,207,1495715529901,8866589337,15492817255,1920,2891644028200,62162,10745646974750,1,120485766,0.110143,1204.952748219,1204.747619,1,164584,150972,186572,0.122004,1204.81,L3:0=fff;1=040,30000000,Thu Apr 2 11:27:44 AM UTC 2026,5409570_507,coppernode26
clingo /home/guests/mmacri/AMOSUM/benchmarks/GraphColouring/encoding-plain-amo.asp $instance,2,/home/guests/mmacri/AMOSUM/benchmarks/GraphColouring/test-instances-gc/0054-graph_colouring-150-0_7200.asp,270,1397368977865,11874836164,22632406581,983,2891804095548,24341,8265284584001,2,120492156,0.044,1204.947218814,1204.878358,1,117372,104116,147512,0.07068,1204.93,L3:0=fff;1=080,c0000000,Thu Apr 2 11:47:44 AM UTC 2026,5409570_570,coppernode30
clingo /home/guests/mmacri/AMOSUM/benchmarks/GraphColouring/encoding-plain-amo.asp $instance,2,/home/guests/mmacri/AMOSUM/benchmarks/GraphColouring/test-instances-gc/0028-graph_colouring-135-0_1296.asp,136,501868619,964550,2469650,27,929180723,3785,3801822830,0,38723,0.007915,0.476761526,0.37996,1,34968,21880,56688,0.012823,0.455639,L3:0=fff;1=010,03000000,Thu Apr 2 11:27:38 AM UTC 2026,5409570_436,coppernode30
clingo /home/guests/mmacri/AMOSUM/benchmarks/GraphColouring/encoding-plain-amo.asp $instance,2,/home/guests/mmacri/AMOSUM/benchmarks/GraphColouring/test-instances-gc/0029-graph_colouring-135-0_1296.asp,141,732241247,1369910,3428572,15,1332483755,4090,5521721823,1,55525,0.00802,0.596402398,0.547867,1,36612,23524,57952,0.025397,0.61048,L3:0=fff;1=040,30000000,Thu Apr 2 11:27:38 AM UTC 2026,5409570_441,coppernode28
clingo /home/guests/mmacri/AMOSUM/benchmarks/GraphColouring/encoding-plain-amo.asp $instance,2,/home/guests/mmacri/AMOSUM/benchmarks/GraphColouring/test-instances-gc/0008-graph_colouring-125-0_3600.asp,38,1457989042153,9566601873,16300913606,982,2891650883562,42235,9713015899116,1,120485969,0.103361,1204.950113371,1204.757018,1,143604,130144,170856,0.115816,1204.82,L3:0=020;1=fff,00000c00,Thu Apr 2 11:07:42 AM UTC 2026,5409570_338,coppernode24
clingo /home/guests/mmacri/AMOSUM/benchmarks/GraphColouring/encoding-plain-amo.asp $instance,2,/home/guests/mmacri/AMOSUM/benchmarks/GraphColouring/test-instances-gc/0050-graph_colouring-145-0_4176.asp,248,1484210053128,9235030361,15790256763,1899,2891754148913,54770,9927011736381,1,120490469,0.101864,1204.945999946,1204.804607,1,158724,145308,183908,0.140875,1204.85,L3:0=fff;1=002,000c0000,Thu Apr 2 11:47:43 AM UTC 2026,5409570_548,coppernode22
clingo /home/guests/mmacri/AMOSUM/benchmarks/GraphColouring/encoding-plain-amo.asp $instance,2,/home/guests/mmacri/AMOSUM/benchmarks/GraphColouring/test-instances-gc/0049-graph_colouring-145-0_2784.asp,242,1481635793739,8870435575,15345376493,775,2891657948517,61815,10655820034354,1,120486157,0.128,1204.949274412,1204.734429,1,162972,149360,184736,0.144444,1204.8,L3:0=040;1=fff,00003000,Thu Apr 2 11:47:43 AM UTC 2026,5409570_542,coppernode24
clingo /home/guests/mmacri/AMOSUM/benchmarks/GraphColouring/encoding-plain-amo.asp $instance,2,/home/guests/mmacri/AMOSUM/benchmarks/GraphColouring/test-instances-gc/0047-graph_colouring-145-0_6960.asp,235,1413562774119,11856023769,23306361951,943,2891798862194,23041,8282468786664,1,120492075,0.078878,1204.945751111,1204.843835,1,112936,99468,142016,0.086997,1204.91,L3:0=fff;1=080,c0000000,Thu Apr 2 11:47:43 AM UTC 2026,5409570_535,coppernode21
clingo /home/guests/mmacri/AMOSUM/benchmarks/GraphColouring/encoding-plain-amo.asp $instance,2,/home/guests/mmacri/AMOSUM/benchmarks/GraphColouring/test-instances-gc/0009-graph_colouring-125-0_6000.asp,45,1407460461623,11705141252,23340202721,1037,2891503238494,21541,8117020123251,1,120479808,0.064856,1204.946660464,1204.733869,1,106320,92920,135180,0.077392,1204.8,L3:0=020;1=fff,00000c00,Thu Apr 2 11:08:06 AM UTC 2026,5409570_345,coppernode29
clingo /home/guests/mmacri/AMOSUM/benchmarks/GraphColouring/encoding-plain-amo.asp $instance,2,/home/guests/mmacri/AMOSUM/benchmarks/GraphColouring/test-instances-gc/0007-graph_colouring-125-0_2400.asp,32,1473881489553,8678100120,15024074305,697,2891756991033,61159,10541001376088,1,120490162,0.143576,1204.949943868,1204.759346,1,147772,134160,169992,0.155407,1204.82,L3:0=fff;1=020,0c000000,Thu Apr 2 11:07:36 AM UTC 2026,5409570_332,coppernode26
clingo /home/guests/mmacri/AMOSUM/benchmarks/GraphColouring/encoding-plain-amo.asp $instance,2,/home/guests/mmacri/AMOSUM/benchmarks/GraphColouring/test-instances-gc/0010-graph_colouring-125-0_3600.asp,48,1471978720910,9208424789,15750386839,872,2891808878152,41473,9846417695044,1,120492434,0.076,1204.948795511,1204.849811,1,142496,128944,170104,0.089379,1204.91,L3:0=fff;1=008,00c00000,Thu Apr 2 11:08:10 AM UTC 2026,5409570_348,coppernode22
clingo /home/guests/mmacri/AMOSUM/benchmarks/GraphColouring/encoding-plain-amo.asp $instance,2,/home/guests/mmacri/AMOSUM/benchmarks/GraphColouring/test-instances-gc/0048-graph_colouring-145-0_4176.asp,238,1492543007596,9311946491,15988736061,1558,2891732572459,50922,9993709484796,1,120489416,0.111998,1204.950015857,1204.783258,1,159172,145560,184916,0.128888,1204.84,L3:0=fff;1=002,000c0000,Thu Apr 2 11:47:43 AM UTC 2026,5409570_538,coppernode23
clingo /home/guests/mmacri/AMOSUM/benchmarks/GraphColouring/encoding-plain-amo.asp $instance,2,/home/guests/mmacri/AMOSUM/benchmarks/GraphColouring/test-instances-gc/0047-graph_colouring-145-0_2784.asp,232,1476320736112,8543844336,14957846396,685,2891865111596,65480,10643976646250,0,120494751,0.138098,1204.947164752,1204.810825,1,160908,147296,183232,0.138098,1204.89,L3:0=fff;1=010,03000000,Thu Apr 2 11:47:43 AM UTC 2026,5409570_532,coppernode21
clingo /home/guests/mmacri/AMOSUM/benchmarks/GraphColouring/encoding-plain-amo.asp $instance,2,/home/guests/mmacri/AMOSUM/benchmarks/GraphColouring/test-instances-gc/0049-graph_colouring-145-0_6960.asp,245,1375265546024,11597095895,22683329872,943,2891797767700,24761,8089568632335,1,120492027,0.083274,1204.947285033,1204.838425,1,119500,106024,148864,0.102423,1204.9,L3:0=fff;1=008,00c00000,Thu Apr 2 11:47:43 AM UTC 2026,5409570_545,coppernode21
clingo /home/guests/mmacri/AMOSUM/benchmarks/GraphColouring/encoding-plain-amo.asp $instance,2,/home/guests/mmacri/AMOSUM/benchmarks/GraphColouring/test-instances-gc/0007-graph_colouring-125-0_6000.asp,35,1418735630593,11085364121,22083498410,1885,2891743038825,22196,8204116983865,1,120490077,0.067999,1204.947410735,1204.835116,1,109624,96220,138120,0.079832,1204.9,L3:0=002;1=fff,0000000c,Thu Apr 2 11:07:37 AM UTC 2026,5409570_335,coppernode25
clingo /home/guests/mmacri/AMOSUM/benchmarks/GraphColouring/encoding-plain-amo.asp $instance,2,/home/guests/mmacri/AMOSUM/benchmarks/GraphColouring/test-instances-gc/0009-graph_colouring-125-0_2400.asp,42,1481344579550,8982022131,15548259069,1909,2891704287772,63729,10557660576747,1,120488447,0.12391,1204.949790412,1204.75948,1,153388,139772,175660,0.132256,1204.83,L3:0=fff;1=004,00300000,Thu Apr 2 11:07:49 AM UTC 2026,5409570_342,coppernode29
clingo /home/guests/mmacri/AMOSUM/benchmarks/GraphColouring/encoding-plain-amo.asp $instance,2,/home/guests/mmacri/AMOSUM/benchmarks/GraphColouring/test-instances-gc/0030-graph_colouring-135-0_1296.asp,146,1171937200,2818756,6604209,25,2140619299,4795,8760599452,1,89199,0.010622,0.933475131,0.881974,1,38764,25804,60552,0.034212,0.938657,L3:0=fff;1=080,c0000000,Thu Apr 2 11:27:38 AM UTC 2026,5409570_446,coppernode24
clingo /home/guests/mmacri/AMOSUM/benchmarks/GraphColouring/encoding-plain-amo.asp $instance,2,/home/guests/mmacri/AMOSUM/benchmarks/GraphColouring/test-instances-gc/0027-graph_colouring-135-0_1296.asp,131,2581479796,7170713,15797577,26,4718672213,6162,19434148437,1,196620,0.004444,2.054450713,1.962488,1,45328,31712,66768,0.027988,2.02122,L3:0=080;1=fff,0000c000,Thu Apr 2 11:27:38 AM UTC 2026,5409570_431,coppernode29
clingo /home/guests/mmacri/AMOSUM/benchmarks/GraphColouring/encoding-plain-amo.asp $instance,2,/home/guests/mmacri/AMOSUM/benchmarks/GraphColouring/test-instances-gc/0059-graph_colouring-150-0_4320.asp,293,1468458721910,9023024401,15673476515,829,2891734017465,51774,9832362341288,1,120489241,0.147999,1204.94751927,1204.745246,1,160268,146872,186256,0.168465,1204.81,L3:0=fff;1=008,00c00000,Thu Apr 2 11:47:44 AM UTC 2026,5409570_593,coppernode29
clingo /home/guests/mmacri/AMOSUM/benchmarks/GraphColouring/encoding-plain-amo.asp $instance,2,/home/guests/mmacri/AMOSUM/benchmarks/GraphColouring/test-instances-gc/0019-graph_colouring-130-0_4992.asp,94,1478260511101,10220828957,18431440939,1309,2891596756382,30049,9105595615830,1,120483764,0.068333,1204.94661272,1204.769767,1,136452,123004,166768,0.084043,1204.83,L3:0=004;1=fff,00000030,Thu Apr 2 11:27:38 AM UTC 2026,5409570_394,coppernode24
clingo /home/guests/mmacri/AMOSUM/benchmarks/GraphColouring/encoding-plain-amo.asp $instance,2,/home/guests/mmacri/AMOSUM/benchmarks/GraphColouring/test-instances-gc/0014-graph_colouring-130-0_6240.asp,70,1434723878804,11381173703,22708980294,1659,2891764823496,25069,8349078869464,1,120490779,0.059505,1204.947414624,1204.849914,1,120760,107300,151692,0.075956,1204.91,L3:0=fff;1=002,000c0000,Thu Apr 2 11:27:37 AM UTC 2026,5409570_370,coppernode23
clingo /home/guests/mmacri/AMOSUM/benchmarks/GraphColouring/encoding-plain-amo.asp $instance,2,/home/guests/mmacri/AMOSUM/benchmarks/GraphColouring/test-instances-gc/0060-graph_colouring-150-0_5760.asp,299,1471158774522,10004861515,17589544347,3218,2891564105960,36872,9170606108728,1,120482865,0.099998,1204.947841673,1204.729558,1,163668,150324,195664,0.117447,1204.79,L3:0=fff;1=004,00300000,Thu Apr 2 11:47:44 AM UTC 2026,5409570_599,coppernode28
clingo /home/guests/mmacri/AMOSUM/benchmarks/GraphColouring/encoding-plain-amo.asp $instance,2,/home/guests/mmacri/AMOSUM/benchmarks/GraphColouring/test-instances-gc/0056-graph_colouring-150-0_2880.asp,277,1491582000732,8493459032,14877517850,752,2891665239873,67641,10815541349073,1,120486358,0.145982,1204.941472943,1204.718592,1,164740,151128,186924,0.185225,1204.77,L3:0=fff;1=010,03000000,Thu Apr 2 11:47:44 AM UTC 2026,5409570_577,coppernode26
clingo /home/guests/mmacri/AMOSUM/benchmarks/GraphColouring/encoding-plain-amo.asp $instance,2,/home/guests/mmacri/AMOSUM/benchmarks/GraphColouring/test-instances-gc/0040-graph_colouring-140-0_6720.asp,200,1395472383048,12145941001,24352499484,939,2891854362698,22883,8146818876219,0,120494292,0.074542,1204.948809278,1204.869667,1,112172,98832,141408,0.090308,1204.93,L3:0=fff;1=080,c0000000,Thu Apr 2 11:27:42 AM UTC 2026,5409570_500,coppernode29
clingo /home/guests/mmacri/AMOSUM/benchmarks/GraphColouring/encoding-plain-amo.asp $instance,2,/home/guests/mmacri/AMOSUM/benchmarks/GraphColouring/test-instances-gc/0021-graph_colouring-135-0_3888.asp,103,1478128404938,9516434230,16273502298,900,2891738922395,44506,9846170572671,1,120489537,0.094605,1204.939152918,1204.801463,1,151100,137680,179028,0.121573,1204.86,L3:0=008;1=fff,000000c0,Thu Apr 2 11:27:38 AM UTC 2026,5409570_403,coppernode26
clingo /home/guests/mmacri/AMOSUM/benchmarks/GraphColouring/encoding-plain-amo.asp $instance,2,/home/guests/mmacri/AMOSUM/benchmarks/GraphColouring/test-instances-gc/0035-graph_colouring-140-0_5376.asp,174,1473078353564,10122783239,18019535445,1060,2891685341795,32936,9107297716731,1,120487293,0.104,1204.950950624,1204.770597,1,148584,135060,178832,0.126586,1204.82,L3:0=fff;1=040,30000000,Thu Apr 2 11:27:39 AM UTC 2026,5409570_474,coppernode28
clingo /home/guests/mmacri/AMOSUM/benchmarks/GraphColouring/encoding-plain-amo.asp $instance,2,/home/guests/mmacri/AMOSUM/benchmarks/GraphColouring/test-instances-gc/0038-graph_colouring-140-0_6720.asp,190,1431807094599,11671146937,22896372489,970,2891751734790,25215,8309441568497,1,120490029,0.071072,1204.950381669,1204.830092,1,121648,108304,152588,0.088132,1204.89,L3:0=fff;1=008,00c00000,Thu Apr 2 11:27:41 AM UTC 2026,5409570_490,coppernode28
clingo /home/guests/mmacri/AMOSUM/benchmarks/GraphColouring/encoding-plain-amo.asp $instance,2,/home/guests/mmacri/AMOSUM/benchmarks/GraphColouring/test-instances-gc/0022-graph_colouring-135-0_5184.asp,109,1455005640303,10071653180,18247300302,1021,2891740532868,29275,8931840192690,1,120489572,0.095999,1204.946469835,1204.80116,1,137384,123956,168436,0.111598,1204.87,L3:0=fff;1=010,03000000,Thu Apr 2 11:27:38 AM UTC 2026,5409570_409,coppernode24
clingo /home/guests/mmacri/AMOSUM/benchmarks/GraphColouring/encoding-plain-amo.asp $instance,2,/home/guests/mmacri/AMOSUM/benchmarks/GraphColouring/test-instances-gc/0006-graph_colouring-125-0_1200.asp,26,1797532983,4164947,9332697,19,3270072395,5070,13575427469,1,136261,0.004089,1.386507222,1.359083,1,41040,27424,62384,0.024886,1.41494,L3:0=002;1=fff,0000000c,Thu Apr 2 11:07:35 AM UTC 2026,5409570_326,coppernode27
clingo /home/guests/mmacri/AMOSUM/benchmarks/GraphColouring/encoding-plain-amo.asp $instance,2,/home/guests/mmacri/AMOSUM/benchmarks/GraphColouring/test-instances-gc/0011-graph_colouring-130-0_1248.asp,51,543469928,1014299,2673839,10,999752435,3694,4075569599,1,41660,0.003988,0.421286466,0.41318,1,35244,21896,56648,0.032637,0.472199,L3:0=fff;1=002,000c0000,Thu Apr 2 11:27:37 AM UTC 2026,5409570_351,coppernode21
clingo /home/guests/mmacri/AMOSUM/benchmarks/GraphColouring/encoding-plain-amo.asp $instance,2,/home/guests/mmacri/AMOSUM/benchmarks/GraphColouring/test-instances-gc/0045-graph_colouring-145-0_1392.asp,221,3278568814,10631038,22594437,21,5983808049,6744,24741814270,1,249333,0.039264,2.56097114,2.454729,1,47760,34148,69224,0.054971,2.51527,L3:0=008;1=fff,000000c0,Thu Apr 2 11:28:15 AM UTC 2026,5409570_521,coppernode24
clingo /home/guests/mmacri/AMOSUM/benchmarks/GraphColouring/encoding-plain-amo.asp $instance,2,/home/guests/mmacri/AMOSUM/benchmarks/GraphColouring/test-instances-gc/0052-graph_colouring-150-0_1440.asp,256,2982632433,7979906,17665693,20,5404059743,6920,22743957209,1,225176,0.011798,2.311768464,2.240639,1,47740,34920,69152,0.031006,2.30004,L3:0=fff;1=020,0c000000,Thu Apr 2 11:47:43 AM UTC 2026,5409570_556,coppernode21
clingo /home/guests/mmacri/AMOSUM/benchmarks/GraphColouring/encoding-plain-amo.asp $instance,2,/home/guests/mmacri/AMOSUM/benchmarks/GraphColouring/test-instances-gc/0026-graph_colouring-135-0_3888.asp,128,1469945396467,9467105168,16143198091,1755,2891730784924,47190,9787537136091,1,120489378,0.132747,1204.943710658,1204.763324,1,148632,135016,175352,0.158094,1204.82,L3:0=fff;1=002,000c0000,Thu Apr 2 11:27:38 AM UTC 2026,5409570_428,coppernode29
clingo /home/guests/mmacri/AMOSUM/benchmarks/GraphColouring/encoding-plain-amo.asp $instance,2,/home/guests/mmacri/AMOSUM/benchmarks/GraphColouring/test-instances-gc/0031-graph_colouring-140-0_6720.asp,155,1418187589556,11401749137,21915430009,2430,2891741086496,24303,8292756047130,1,120489981,0.083081,1204.946667784,1204.818671,1,117936,104516,147648,0.100344,1204.88,L3:0=fff;1=002,000c0000,Thu Apr 2 11:27:39 AM UTC 2026,5409570_455,coppernode30
clingo /home/guests/mmacri/AMOSUM/benchmarks/GraphColouring/encoding-plain-amo.asp $instance,2,/home/guests/mmacri/AMOSUM/benchmarks/GraphColouring/test-instances-gc/0025-graph_colouring-135-0_2592.asp,122,1487446958314,9033041701,15665211014,754,2891865556905,58674,10632418321643,0,120494742,0.140001,1204.943442515,1204.808822,1,157408,143796,180044,0.167305,1204.87,L3:0=010;1=fff,00000300,Thu Apr 2 11:27:38 AM UTC 2026,5409570_422,coppernode25
clingo /home/guests/mmacri/AMOSUM/benchmarks/GraphColouring/encoding-plain-amo.asp $instance,2,/home/guests/mmacri/AMOSUM/benchmarks/GraphColouring/test-instances-gc/0053-graph_colouring-150-0_5760.asp,264,1473851864198,9902362424,17336558700,1172,2891831029060,38082,9260478091977,1,120493419,0.111999,1204.950965039,1204.823382,1,167024,153680,199596,0.119988,1204.89,L3:0=020;1=fff,00000c00,Thu Apr 2 11:47:44 AM UTC 2026,5409570_564,coppernode30
clingo /home/guests/mmacri/AMOSUM/benchmarks/GraphColouring/encoding-plain-amo.asp $instance,2,/home/guests/mmacri/AMOSUM/benchmarks/GraphColouring/test-instances-gc/0043-graph_colouring-145-0_4176.asp,213,1486571199686,9499018960,16522658098,1827,2891744480760,58550,9935678412521,1,120490079,0.13329,1204.952420404,1204.770089,1,158116,144504,182140,0.14515,1204.83,L3:0=002;1=fff,0000000c,Thu Apr 2 11:27:48 AM UTC 2026,5409570_513,coppernode25
clingo /home/guests/mmacri/AMOSUM/benchmarks/GraphColouring/encoding-plain-amo.asp $instance,2,/home/guests/mmacri/AMOSUM/benchmarks/GraphColouring/test-instances-gc/0001-graph_colouring-125-0_3600.asp,3,1475298853644,9428078941,16231005159,958,2891800858820,38212,9824900282258,1,120492109,0.099999,1204.946364573,1204.82232,1,144412,130840,171972,0.123687,1204.88,L3:0=010;1=fff,00000300,Thu Apr 2 11:07:32 AM UTC 2026,5409570_303,coppernode27
clingo /home/guests/mmacri/AMOSUM/benchmarks/GraphColouring/encoding-plain-amo.asp $instance,2,/home/guests/mmacri/AMOSUM/benchmarks/GraphColouring/test-instances-gc/0013-graph_colouring-130-0_3744.asp,63,1461345361450,9075211107,15643715326,910,2891785281216,43675,9766561794954,1,120491451,0.128,1204.948522488,1204.787701,1,146932,133320,174948,0.152208,1204.84,L3:0=fff;1=020,0c000000,Thu Apr 2 11:27:37 AM UTC 2026,5409570_363,coppernode22
clingo /home/guests/mmacri/AMOSUM/benchmarks/GraphColouring/encoding-plain-amo.asp $instance,2,/home/guests/mmacri/AMOSUM/benchmarks/GraphColouring/test-instances-gc/0003-graph_colouring-125-0_4800.asp,14,1430287425782,11242105659,20105612142,994,2891733334517,26783,8809758996324,1,120489229,0.047999,1204.946419939,1204.8455,1,122216,108844,149404,0.060848,1204.91,L3:0=fff;1=020,0c000000,Thu Apr 2 11:07:33 AM UTC 2026,5409570_314,coppernode30
clingo /home/guests/mmacri/AMOSUM/benchmarks/GraphColouring/encoding-plain-amo.asp $instance,2,/home/guests/mmacri/AMOSUM/benchmarks/GraphColouring/test-instances-gc/0018-graph_colouring-130-0_2496.asp,87,1493765782188,8998960569,15625718716,743,2891817792382,63962,10678865805067,1,120492698,0.164537,1204.947214149,1204.763591,1,150916,137300,172748,0.172681,1204.83,L3:0=fff;1=008,00c00000,Thu Apr 2 11:27:38 AM UTC 2026,5409570_387,coppernode27
clingo /home/guests/mmacri/AMOSUM/benchmarks/GraphColouring/encoding-plain-amo.asp $instance,2,/home/guests/mmacri/AMOSUM/benchmarks/GraphColouring/test-instances-gc/0014-graph_colouring-130-0_4992.asp,69,1485685240851,10070692214,18522104428,996,2891768440940,31525,9055465751478,1,120490825,0.092,1204.947878869,1204.818434,1,139408,125852,169424,0.109843,1204.88,L3:0=fff;1=080,c0000000,Thu Apr 2 11:27:37 AM UTC 2026,5409570_369,coppernode21
clingo /home/guests/mmacri/AMOSUM/benchmarks/GraphColouring/encoding-plain-amo.asp $instance,2,/home/guests/mmacri/AMOSUM/benchmarks/GraphColouring/test-instances-gc/0044-graph_colouring-145-0_5568.asp,219,1488393783691,10099921335,18103642775,1148,2891753027692,35418,9202149245933,1,120490197,0.125622,1204.952289239,1204.776778,1,159592,146076,192124,0.15722,1204.82,L3:0=008;1=fff,000000c0,Thu Apr 2 11:27:58 AM UTC 2026,5409570_519,coppernode29
clingo /home/guests/mmacri/AMOSUM/benchmarks/GraphColouring/encoding-plain-amo.asp $instance,2,/home/guests/mmacri/AMOSUM/benchmarks/GraphColouring/test-instances-gc/0002-graph_colouring-125-0_4800.asp,9,1429419848043,11096732906,20084417356,1041,2891777952789,29628,8798308940638,1,120491203,0.02,1204.944927865,1204.893144,1,129476,115876,156900,0.028643,1204.96,L3:0=004;1=fff,00000030,Thu Apr 2 11:07:33 AM UTC 2026,5409570_309,coppernode28
clingo /home/guests/mmacri/AMOSUM/benchmarks/GraphColouring/encoding-plain-amo.asp $instance,2,/home/guests/mmacri/AMOSUM/benchmarks/GraphColouring/test-instances-gc/0056-graph_colouring-150-0_7200.asp,280,1414772034861,11590713061,22224027535,1097,2891684671574,24423,8345196698563,1,120487323,0.083999,1204.9442935,1204.790012,1,118496,105008,147756,0.10094,1204.86,L3:0=008;1=fff,000000c0,Thu Apr 2 11:47:44 AM UTC 2026,5409570_580,coppernode27
clingo /home/guests/mmacri/AMOSUM/benchmarks/GraphColouring/encoding-plain-amo.asp $instance,2,/home/guests/mmacri/AMOSUM/benchmarks/GraphColouring/test-instances-gc/0037-graph_colouring-140-0_4032.asp,183,1493221269378,9385310759,16071097692,859,2891810069602,52300,9977452908004,1,120492431,0.136863,1204.951537414,1204.788527,1,153564,139948,179484,0.144744,1204.86,L3:0=fff;1=020,0c000000,Thu Apr 2 11:27:40 AM UTC 2026,5409570_483,coppernode27
clingo /home/guests/mmacri/AMOSUM/benchmarks/GraphColouring/encoding-plain-amo.asp $instance,2,/home/guests/mmacri/AMOSUM/benchmarks/GraphColouring/test-instances-gc/0022-graph_colouring-135-0_6480.asp,110,1402163927243,12281975247,24966328863,982,2891831785983,22389,8122196171377,1,120493405,0.037852,1204.942739149,1204.897655,1,110292,96868,140292,0.057359,1204.96,L3:0=008;1=fff,000000c0,Thu Apr 2 11:27:38 AM UTC 2026,5409570_410,coppernode28
clingo /home/guests/mmacri/AMOSUM/benchmarks/GraphColouring/encoding-plain-amo.asp $instance,2,/home/guests/mmacri/AMOSUM/benchmarks/GraphColouring/test-instances-gc/0034-graph_colouring-140-0_2688.asp,167,1481603985251,8735527152,15225343344,793,2891754056924,65506,10659621803019,1,120490118,0.135999,1204.950526091,1204.765854,1,158996,145432,180976,0.152955,1204.83,L3:0=004;1=fff,00000030,Thu Apr 2 11:27:39 AM UTC 2026,5409570_467,coppernode27
clingo /home/guests/mmacri/AMOSUM/benchmarks/GraphColouring/encoding-plain-amo.asp $instance,2,/home/guests/mmacri/AMOSUM/benchmarks/GraphColouring/test-instances-gc/0038-graph_colouring-140-0_5376.asp,189,1485910092270,10135825092,18010291289,1149,2891479665742,32892,9183611768391,1,120478797,0.12875,1204.952648437,1204.661044,1,151316,137792,183096,0.141466,1204.73,L3:0=040;1=fff,00003000,Thu Apr 2 11:27:41 AM UTC 2026,5409570_489,coppernode28
clingo /home/guests/mmacri/AMOSUM/benchmarks/GraphColouring/encoding-plain-amo.asp $instance,2,/home/guests/mmacri/AMOSUM/benchmarks/GraphColouring/test-instances-gc/0032-graph_colouring-140-0_2688.asp,157,1490166710120,9020717160,15669300056,793,2891726513531,66588,10684518781713,1,120488962,0.145687,1204.948275504,1204.744959,1,159660,146044,182292,0.154723,1204.82,L3:0=004;1=fff,00000030,Thu Apr 2 11:27:39 AM UTC 2026,5409570_457,coppernode28
clingo /home/guests/mmacri/AMOSUM/benchmarks/GraphColouring/encoding-plain-amo.asp $instance,2,/home/guests/mmacri/AMOSUM/benchmarks/GraphColouring/test-instances-gc/0024-graph_colouring-135-0_6480.asp,120,1405236021252,12140708772,24085572858,1071,2891644767006,24977,8198851329999,1,120485655,0.048,1204.941044123,1204.810304,1,120556,107212,151392,0.073427,1204.87,L3:0=008;1=fff,000000c0,Thu Apr 2 11:27:38 AM UTC 2026,5409570_420,coppernode25
clingo /home/guests/mmacri/AMOSUM/benchmarks/GraphColouring/encoding-plain-amo.asp $instance,2,/home/guests/mmacri/AMOSUM/benchmarks/GraphColouring/test-instances-gc/0005-graph_colouring-125-0_4800.asp,24,1407366900973,11508961357,20404577359,1038,2891781676607,26736,8721361601670,1,120491299,0.062166,1204.948045121,1204.851839,1,125644,112128,153932,0.067132,1204.92,L3:0=fff;1=008,00c00000,Thu Apr 2 11:07:35 AM UTC 2026,5409570_324,coppernode23
clingo /home/guests/mmacri/AMOSUM/benchmarks/GraphColouring/encoding-plain-amo.asp $instance,2,/home/guests/mmacri/AMOSUM/benchmarks/GraphColouring/test-instances-gc/0011-graph_colouring-130-0_3744.asp,53,1443217815044,9258563713,15899374311,867,2891847594374,40399,9624851226843,0,120494068,0.096,1204.941275822,1204.846009,1,146004,132860,175008,0.126196,1204.9,L3:0=fff;1=004,00300000,Thu Apr 2 11:27:37 AM UTC 2026,5409570_353,coppernode21
clingo /home/guests/mmacri/AMOSUM/benchmarks/GraphColouring/encoding-plain-amo.asp $instance,2,/home/guests/mmacri/AMOSUM/benchmarks/GraphColouring/test-instances-gc/0045-graph_colouring-145-0_4176.asp,223,1485147182377,9367954879,16185714554,886,2891641738787,55102,9948232597552,1,120485410,0.105566,1204.952442009,1204.749948,1,159776,146160,186048,0.117456,1204.82,L3:0=fff;1=040,30000000,Thu Apr 2 11:28:17 AM UTC 2026,5409570_523,coppernode29
clingo /home/guests/mmacri/AMOSUM/benchmarks/GraphColouring/encoding-plain-amo.asp $instance,2,/home/guests/mmacri/AMOSUM/benchmarks/GraphColouring/test-instances-gc/0051-graph_colouring-150-0_5760.asp,254,1480011028602,10084813782,17796587770,1267,2891436474760,36605,9245227818868,1,120477092,0.09079,1204.948841351,1204.681494,1,163340,149924,195352,0.109789,1204.74,L3:0=010;1=fff,00000300,Thu Apr 2 11:47:43 AM UTC 2026,5409570_554,coppernode22
clingo /home/guests/mmacri/AMOSUM/benchmarks/GraphColouring/encoding-plain-amo.asp $instance,2,/home/guests/mmacri/AMOSUM/benchmarks/GraphColouring/test-instances-gc/0046-graph_colouring-145-0_5568.asp,229,1478561007994,10010559350,17666049355,1061,2891863335411,35456,9205220715272,0,120494766,0.089212,1204.94839411,1204.859977,1,160764,147332,192560,0.110366,1204.92,L3:0=fff;1=004,00300000,Thu Apr 2 11:47:43 AM UTC 2026,5409570_529,coppernode22
clingo /home/guests/mmacri/AMOSUM/benchmarks/GraphColouring/encoding-plain-amo.asp $instance,2,/home/guests/mmacri/AMOSUM/benchmarks/GraphColouring/test-instances-gc/0012-graph_colouring-130-0_4992.asp,59,1464995971953,10364904304,18748230683,2864,2891712496838,30107,9042346649461,1,120489130,0.099999,1204.947481575,1204.793387,1,138324,124948,169004,0.116472,1204.86,L3:0=004;1=fff,00000030,Thu Apr 2 11:27:37 AM UTC 2026,5409570_359,coppernode22
clingo /home/guests/mmacri/AMOSUM/benchmarks/GraphColouring/encoding-plain-amo.asp $instance,2,/home/guests/mmacri/AMOSUM/benchmarks/GraphColouring/test-instances-gc/0024-graph_colouring-135-0_3888.asp,118,1472670669008,9870531055,16778351149,868,2891688755381,48635,9823800050527,1,120487369,0.075999,1204.936447066,1204.798752,1,150948,137376,176888,0.107964,1204.86,L3:0=fff;1=010,03000000,Thu Apr 2 11:27:38 AM UTC 2026,5409570_418,coppernode26
clingo /home/guests/mmacri/AMOSUM/benchmarks/GraphColouring/encoding-plain-amo.asp $instance,2,/home/guests/mmacri/AMOSUM/benchmarks/GraphColouring/test-instances-gc/0037-graph_colouring-140-0_1344.asp,181,899858711,1899835,4640387,13,1646310441,4424,6783280284,1,68601,0.01045,0.706068497,0.676106,1,37980,24892,59240,0.026358,0.737425,L3:0=fff;1=002,000c0000,Thu Apr 2 11:27:40 AM UTC 2026,5409570_481,coppernode27
clingo /home/guests/mmacri/AMOSUM/benchmarks/GraphColouring/encoding-plain-amo.asp $instance,2,/home/guests/mmacri/AMOSUM/benchmarks/GraphColouring/test-instances-gc/0023-graph_colouring-135-0_2592.asp,112,1503675045886,8735894286,15293982150,755,2891771604250,75626,10794907343463,1,120490793,0.148,1204.943823143,1204.761014,1,156328,142712,178228,0.175966,1204.82,L3:0=fff;1=004,00300000,Thu Apr 2 11:27:38 AM UTC 2026,5409570_412,coppernode27
clingo /home/guests/mmacri/AMOSUM/benchmarks/GraphColouring/encoding-plain-amo.asp $instance,2,/home/guests/mmacri/AMOSUM/benchmarks/GraphColouring/test-instances-gc/0033-graph_colouring-140-0_6720.asp,165,1396138891704,12237328334,23542068972,2370,2891704638122,24685,8219903915207,1,120488508,0.051038,1204.949051772,1204.836381,1,119552,106176,149716,0.060174,1204.9,L3:0=002;1=fff,0000000c,Thu Apr 2 11:27:39 AM UTC 2026,5409570_465,coppernode21
clingo /home/guests/mmacri/AMOSUM/benchmarks/GraphColouring/encoding-plain-amo.asp $instance,2,/home/guests/mmacri/AMOSUM/benchmarks/GraphColouring/test-instances-gc/0054-graph_colouring-150-0_1440.asp,266,2806287019,7392834,16762165,16,5226181400,6673,21322699972,1,217763,0.00801,2.224414025,2.170282,1,46960,33876,68344,0.019973,2.23571,L3:0=fff;1=010,03000000,Thu Apr 2 11:47:44 AM UTC 2026,5409570_566,coppernode24
clingo /home/guests/mmacri/AMOSUM/benchmarks/GraphColouring/encoding-plain-amo.asp $instance,2,/home/guests/mmacri/AMOSUM/benchmarks/GraphColouring/test-instances-gc/0043-graph_colouring-145-0_1392.asp,211,2914109698,8166090,17827497,26,5350346158,6499,22078373466,1,222942,0.027935,2.311248403,2.202149,1,46696,33084,68200,0.037184,2.26961,L3:0=002;1=fff,0000000c,Thu Apr 2 11:27:45 AM UTC 2026,5409570_511,coppernode25
clingo /home/guests/mmacri/AMOSUM/benchmarks/GraphColouring/encoding-plain-amo.asp $instance,2,/home/guests/mmacri/AMOSUM/benchmarks/GraphColouring/test-instances-gc/0001-graph_colouring-125-0_1200.asp,1,692638190,1536075,3578750,18,1282744530,3901,5250227332,1,53453,0.008048,0.595955578,0.527171,1,35568,22660,57180,0.045467,0.576651,L3:0=040;1=fff,00003000,Thu Apr 2 11:07:32 AM UTC 2026,5409570_301,coppernode30
clingo /home/guests/mmacri/AMOSUM/benchmarks/GraphColouring/encoding-plain-amo.asp $instance,2,/home/guests/mmacri/AMOSUM/benchmarks/GraphColouring/test-instances-gc/0058-graph_colouring-150-0_4320.asp,288,1440579331802,8734893877,14880572632,931,2891724935059,57282,9684773532192,1,120488966,0.144,1204.945597616,1204.745885,1,160500,146940,186152,0.163391,1204.81,L3:0=010;1=fff,00000300,Thu Apr 2 11:47:44 AM UTC 2026,5409570_588,coppernode25
clingo /home/guests/mmacri/AMOSUM/benchmarks/GraphColouring/encoding-plain-amo.asp $instance,2,/home/guests/mmacri/AMOSUM/benchmarks/GraphColouring/test-instances-gc/0013-graph_colouring-130-0_1248.asp,61,2300826467,6159082,13559725,14,4178487333,5817,17450029231,1,174108,0.014948,1.777366362,1.726734,1,43404,30056,64988,0.022947,1.80847,L3:0=080;1=fff,0000c000,Thu Apr 2 11:27:37 AM UTC 2026,5409570_361,coppernode21
clingo /home/guests/mmacri/AMOSUM/benchmarks/GraphColouring/encoding-plain-amo.asp $instance,2,/home/guests/mmacri/AMOSUM/benchmarks/GraphColouring/test-instances-gc/0004-graph_colouring-125-0_1200.asp,16,325110850,643188,1584825,16,606360191,3156,2420795681,1,25270,0.006204,0.297192413,0.247184,1,33384,19772,54764,0.018051,0.311976,L3:0=fff;1=004,00300000,Thu Apr 2 11:07:34 AM UTC 2026,5409570_316,coppernode24
clingo /home/guests/mmacri/AMOSUM/benchmarks/GraphColouring/encoding-plain-amo.asp $instance,2,/home/guests/mmacri/AMOSUM/benchmarks/GraphColouring/test-instances-gc/0017-graph_colouring-130-0_6240.asp,85,1389999457470,13505982421,27074265076,1587,2891725003530,22309,7953748080475,1,120489090,0.071999,1204.93504627,1204.820501,1,109964,96536,140336,0.099786,1204.88,L3:0=fff;1=002,000c0000,Thu Apr 2 11:27:38 AM UTC 2026,5409570_385,coppernode26
clingo /home/guests/mmacri/AMOSUM/benchmarks/GraphColouring/encoding-plain-amo.asp $instance,2,/home/guests/mmacri/AMOSUM/benchmarks/GraphColouring/test-instances-gc/0057-graph_colouring-150-0_2880.asp,282,1501071340030,8828801944,15387694744,753,2891760853165,69377,10770037349137,1,120490338,0.131999,1204.94570334,1204.772512,1,163804,150188,185624,0.164502,1204.82,L3:0=fff;1=004,00300000,Thu Apr 2 11:47:44 AM UTC 2026,5409570_582,coppernode27
clingo /home/guests/mmacri/AMOSUM/benchmarks/GraphColouring/encoding-plain-amo.asp $instance,2,/home/guests/mmacri/AMOSUM/benchmarks/GraphColouring/test-instances-gc/0029-graph_colouring-135-0_5184.asp,144,1464845896392,10034952373,17941664668,1248,2891601797035,29551,9000225441553,1,120483916,0.099998,1204.945095833,1204.739783,1,139032,125504,168588,0.118238,1204.8,L3:0=004;1=fff,00000030,Thu Apr 2 11:27:38 AM UTC 2026,5409570_444,coppernode29
clingo /home/guests/mmacri/AMOSUM/benchmarks/GraphColouring/encoding-plain-amo.asp $instance,2,/home/guests/mmacri/AMOSUM/benchmarks/GraphColouring/test-instances-gc/0027-graph_colouring-135-0_3888.asp,133,1473991000849,9522978058,16322001817,881,2891809430395,47254,9824698290352,1,120492418,0.108,1204.947573741,1204.81696,1,149616,136060,177720,0.12753,1204.88,L3:0=fff;1=040,30000000,Thu Apr 2 11:27:38 AM UTC 2026,5409570_433,coppernode30
clingo /home/guests/mmacri/AMOSUM/benchmarks/GraphColouring/encoding-plain-amo.asp $instance,2,/home/guests/mmacri/AMOSUM/benchmarks/GraphColouring/test-instances-gc/0028-graph_colouring-135-0_5184.asp,139,1477215925541,10112270739,18035388627,1051,2891738719496,32715,9141362110728,1,120489494,0.079999,1204.946772595,1204.816517,1,149024,135588,180640,0.099845,1204.88,L3:0=fff;1=020,0c000000,Thu Apr 2 11:27:38 AM UTC 2026,5409570_439,coppernode28
clingo /home/guests/mmacri/AMOSUM/benchmarks/GraphColouring/encoding-plain-amo.asp $instance,2,/home/guests/mmacri/AMOSUM/benchmarks/GraphColouring/test-instances-gc/0046-graph_colouring-145-0_6960.asp,230,1403132545363,12014357289,23718423673,933,2891693579761,23222,8205706847115,1,120487681,0.058807,1204.944989257,1204.819305,1,113756,100192,142580,0.067058,1204.89,L3:0=fff;1=004,00300000,Thu Apr 2 11:47:43 AM UTC 2026,5409570_530,coppernode21
clingo /home/guests/mmacri/AMOSUM/benchmarks/GraphColouring/encoding-plain-amo.asp $instance,2,/home/guests/mmacri/AMOSUM/benchmarks/GraphColouring/test-instances-gc/0050-graph_colouring-145-0_2784.asp,247,1484087224789,8767061757,15296457428,812,2891595957447,65644,10677271614742,1,120483592,0.147999,1204.94682117,1204.688726,1,159056,145656,182100,0.170274,1204.75,L3:0=008;1=fff,000000c0,Thu Apr 2 11:47:43 AM UTC 2026,5409570_547,coppernode22
clingo /home/guests/mmacri/AMOSUM/benchmarks/GraphColouring/encoding-plain-amo.asp $instance,2,/home/guests/mmacri/AMOSUM/benchmarks/GraphColouring/test-instances-gc/0008-graph_colouring-125-0_2400.asp,37,1476373602150,8842594224,15154977599,724,2891731997284,56668,10522308993149,1,120489133,0.107489,1204.949995341,1204.785141,1,152036,138584,174588,0.118766,1204.85,L3:0=fff;1=040,30000000,Thu Apr 2 11:07:39 AM UTC 2026,5409570_337,coppernode24
clingo /home/guests/mmacri/AMOSUM/benchmarks/GraphColouring/encoding-plain-amo.asp $instance,2,/home/guests/mmacri/AMOSUM/benchmarks/GraphColouring/test-instances-gc/0008-graph_colouring-125-0_6000.asp,40,1391298778630,12094076583,24126996031,1082,2891703696671,22026,8044656403290,1,120488131,0.059999,1204.947417768,1204.822691,1,108552,95168,138088,0.063941,1204.9,L3:0=010;1=fff,00000300,Thu Apr 2 11:07:46 AM UTC 2026,5409570_340,coppernode23
clingo /home/guests/mmacri/AMOSUM/benchmarks/GraphColouring/encoding-plain-amo.asp $instance,2,/home/guests/mmacri/AMOSUM/benchmarks/GraphColouring/test-instances-gc/0040-graph_colouring-140-0_4032.asp,198,1476306191057,9627008406,16531926737,857,2891798797891,52275,9822731057000,1,120491955,0.151999,1204.952860985,1204.769053,1,155320,141708,180948,0.16786,1204.83,L3:0=fff;1=040,30000000,Thu Apr 2 11:27:41 AM UTC 2026,5409570_498,coppernode23
clingo /home/guests/mmacri/AMOSUM/benchmarks/GraphColouring/encoding-plain-amo.asp $instance,2,/home/guests/mmacri/AMOSUM/benchmarks/GraphColouring/test-instances-gc/0021-graph_colouring-135-0_1296.asp,101,1272942047,3089238,7093689,16,2356622523,4861,9673078368,1,98198,0.008099,1.023575697,0.974529,1,39520,26696,60828,0.021852,1.0403,L3:0=fff;1=004,00300000,Thu Apr 2 11:27:38 AM UTC 2026,5409570_401,coppernode30
clingo /home/guests/mmacri/AMOSUM/benchmarks/GraphColouring/encoding-plain-amo.asp $instance,2,/home/guests/mmacri/AMOSUM/benchmarks/GraphColouring/test-instances-gc/0036-graph_colouring-140-0_1344.asp,176,771743614,1808281,4201679,18,1418086611,4245,5843206756,1,59092,0.016135,0.644966108,0.575387,1,37704,24092,59104,0.025268,0.643031,L3:0=fff;1=008,00c00000,Thu Apr 2 11:27:39 AM UTC 2026,5409570_476,coppernode25
clingo /home/guests/mmacri/AMOSUM/benchmarks/GraphColouring/encoding-plain-amo.asp $instance,2,/home/guests/mmacri/AMOSUM/benchmarks/GraphColouring/test-instances-gc/0039-graph_colouring-140-0_2688.asp,192,1472348351828,8791543362,15205076256,686,2891684238109,56471,10522657986955,1,120487114,0.112,1204.949901417,1204.76015,1,160532,146920,182396,0.128895,1204.82,L3:0=fff;1=008,00c00000,Thu Apr 2 11:27:41 AM UTC 2026,5409570_492,coppernode25
clingo /home/guests/mmacri/AMOSUM/benchmarks/GraphColouring/encoding-plain-amo.asp $instance,2,/home/guests/mmacri/AMOSUM/benchmarks/GraphColouring/test-instances-gc/0059-graph_colouring-150-0_1440.asp,291,8407676200,25486376,54578697,26,15269429180,8066,63682171900,1,636235,0.019984,6.426034131,6.34296,1,52568,38956,74100,0.037864,6.4078,L3:0=fff;1=080,c0000000,Thu Apr 2 11:47:44 AM UTC 2026,5409570_591,coppernode25
clingo /home/guests/mmacri/AMOSUM/benchmarks/GraphColouring/encoding-plain-amo.asp $instance,2,/home/guests/mmacri/AMOSUM/benchmarks/GraphColouring/test-instances-gc/0042-graph_colouring-145-0_4176.asp,208,1496240802326,9437946951,16226885976,1100,2890917705060,49058,10012148234551,1,120455391,0.131999,1204.951701204,1204.423482,1,156904,143376,181668,0.151746,1204.48,L3:0=020;1=fff,00000c00,Thu Apr 2 11:27:44 AM UTC 2026,5409570_508,coppernode27
clingo /home/guests/mmacri/AMOSUM/benchmarks/GraphColouring/encoding-plain-amo.asp $instance,2,/home/guests/mmacri/AMOSUM/benchmarks/GraphColouring/test-instances-gc/0016-graph_colouring-130-0_3744.asp,78,1469514196026,9860580028,16858568368,880,2891859017014,43856,9763590300901,0,120494607,0.116,1204.94495291,1204.83048,1,150080,136608,177468,0.13004,1204.9,L3:0=080;1=fff,0000c000,Thu Apr 2 11:27:38 AM UTC 2026,5409570_378,coppernode22
clingo /home/guests/mmacri/AMOSUM/benchmarks/GraphColouring/encoding-plain-amo.asp $instance,2,/home/guests/mmacri/AMOSUM/benchmarks/GraphColouring/test-instances-gc/0020-graph_colouring-130-0_1248.asp,96,315824011,591448,1545762,16,590048820,3233,2349180993,1,24591,0.002148,0.289245409,0.24444,1,33672,20060,55008,0.01933,0.306633,L3:0=080;1=fff,0000c000,Thu Apr 2 11:27:38 AM UTC 2026,5409570_396,coppernode24
clingo /home/guests/mmacri/AMOSUM/benchmarks/GraphColouring/encoding-plain-amo.asp $instance,2,/home/guests/mmacri/AMOSUM/benchmarks/GraphColouring/test-instances-gc/0015-graph_colouring-130-0_2496.asp,72,1481476933164,8930816200,15513927146,722,2891792319411,63485,10595388974709,1,120491640,0.132,1204.948952146,1204.785007,1,150156,136544,171988,0.155373,1204.84,L3:0=fff;1=004,00300000,Thu Apr 2 11:27:37 AM UTC 2026,5409570_372,coppernode23
clingo /home/guests/mmacri/AMOSUM/benchmarks/GraphColouring/encoding-plain-amo.asp $instance,2,/home/guests/mmacri/AMOSUM/benchmarks/GraphColouring/test-instances-gc/0055-graph_colouring-150-0_7200.asp,275,1409485572646,11725223100,22320283750,2755,2891725515090,24208,8349932335690,1,120489645,0.083999,1204.941649166,1204.810037,1,116248,102676,144740,0.108257,1204.87,L3:0=fff;1=004,00300000,Thu Apr 2 11:47:44 AM UTC 2026,5409570_575,coppernode26
clingo /home/guests/mmacri/AMOSUM/benchmarks/GraphColouring/encoding-plain-amo.asp $instance,2,/home/guests/mmacri/AMOSUM/benchmarks/GraphColouring/test-instances-gc/0041-graph_colouring-145-0_2784.asp,202,1487043337494,8923790008,15618048007,725,2891785060178,66248,10678191336572,1,120491337,0.179999,1204.951304288,1204.734598,1,160496,146884,182376,0.205024,1204.79,L3:0=fff;1=020,0c000000,Thu Apr 2 11:27:42 AM UTC 2026,5409570_502,coppernode26
clingo /home/guests/mmacri/AMOSUM/benchmarks/GraphColouring/encoding-plain-amo.asp $instance,2,/home/guests/mmacri/AMOSUM/benchmarks/GraphColouring/test-instances-gc/0056-graph_colouring-150-0_4320.asp,278,1480680841047,8808852650,15008743183,932,2891738411966,52782,9991331541735,1,120489519,0.117828,1204.943751879,1204.778555,1,160264,146924,187048,0.144008,1204.84,L3:0=080;1=fff,0000c000,Thu Apr 2 11:47:44 AM UTC 2026,5409570_578,coppernode26
clingo /home/guests/mmacri/AMOSUM/benchmarks/GraphColouring/encoding-plain-amo.asp $instance,2,/home/guests/mmacri/AMOSUM/benchmarks/GraphColouring/test-instances-gc/0060-graph_colouring-150-0_1440.asp,296,2188092986,5367886,12274442,17,4046587499,6069,16654874996,1,168614,0.016033,1.737211474,1.670766,1,45148,31532,66392,0.025194,1.74185,L3:0=010;1=fff,00000300,Thu Apr 2 11:47:44 AM UTC 2026,5409570_596,coppernode29
clingo /home/guests/mmacri/AMOSUM/benchmarks/GraphColouring/encoding-plain-amo.asp $instance,2,/home/guests/mmacri/AMOSUM/benchmarks/GraphColouring/test-instances-gc/0019-graph_colouring-130-0_1248.asp,91,1116227785,2474760,5935238,13,2055125741,4468,8460602597,1,85635,0.018567,0.878977809,0.838381,1,38408,25060,59724,0.031729,0.904296,L3:0=008;1=fff,000000c0,Thu Apr 2 11:27:38 AM UTC 2026,5409570_391,coppernode23
clingo /home/guests/mmacri/AMOSUM/benchmarks/GraphColouring/encoding-plain-amo.asp $instance,2,/home/guests/mmacri/AMOSUM/benchmarks/GraphColouring/test-instances-gc/0015-graph_colouring-130-0_6240.asp,75,1430932297717,12145849069,24410727964,998,2891764239366,23274,8232693604018,1,120490659,0.083199,1204.942290972,1204.824116,1,113916,100384,143984,0.103608,1204.89,L3:0=008;1=fff,000000c0,Thu Apr 2 11:27:38 AM UTC 2026,5409570_375,coppernode22
clingo /home/guests/mmacri/AMOSUM/benchmarks/GraphColouring/encoding-plain-amo.asp $instance,2,/home/guests/mmacri/AMOSUM/benchmarks/GraphColouring/test-instances-gc/0041-graph_colouring-145-0_6960.asp,205,1407625553655,12167980258,24519405682,2846,2891493427464,23072,8183794829142,1,120479988,0.052996,1204.949081392,1204.74859,1,112980,99604,142308,0.076732,1204.8,L3:0=002;1=fff,0000000c,Thu Apr 2 11:27:43 AM UTC 2026,5409570_505,coppernode27
clingo /home/guests/mmacri/AMOSUM/benchmarks/GraphColouring/encoding-plain-amo.asp $instance,2,/home/guests/mmacri/AMOSUM/benchmarks/GraphColouring/test-instances-gc/0055-graph_colouring-150-0_2880.asp,272,1473463807984,8452225760,14435973878,752,2891731599654,66764,10682034255260,1,120489162,0.132,1204.941950377,1204.760488,1,162680,149068,184284,0.151813,1204.83,L3:0=008;1=fff,000000c0,Thu Apr 2 11:47:44 AM UTC 2026,5409570_572,coppernode26
clingo /home/guests/mmacri/AMOSUM/benchmarks/GraphColouring/encoding-plain-amo.asp $instance,2,/home/guests/mmacri/AMOSUM/benchmarks/GraphColouring/test-instances-gc/0035-graph_colouring-140-0_1344.asp,171,871476753,2115775,4917364,20,1596928404,4353,6584976305,1,66545,0.003994,0.72004064,0.662071,1,37676,24592,58884,0.021565,0.721115,L3:0=fff;1=040,30000000,Thu Apr 2 11:27:39 AM UTC 2026,5409570_471,coppernode26
clingo /home/guests/mmacri/AMOSUM/benchmarks/GraphColouring/encoding-plain-amo.asp $instance,2,/home/guests/mmacri/AMOSUM/benchmarks/GraphColouring/test-instances-gc/0022-graph_colouring-135-0_1296.asp,106,684955743,1402907,3462268,14,1253050018,4012,5153004668,1,52214,0.024201,0.551398279,0.4986,1,36692,23272,58184,0.051179,0.562229,L3:0=fff;1=040,30000000,Thu Apr 2 11:27:38 AM UTC 2026,5409570_406,coppernode26
clingo /home/guests/mmacri/AMOSUM/benchmarks/GraphColouring/encoding-plain-amo.asp $instance,2,/home/guests/mmacri/AMOSUM/benchmarks/GraphColouring/test-instances-gc/0039-graph_colouring-140-0_6720.asp,195,1392390300306,12869497874,26044665132,1030,2891707458661,22890,8046653189957,1,120488305,0.088,1204.948949072,1204.79654,1,112232,98688,142096,0.092969,1204.87,L3:0=080;1=fff,0000c000,Thu Apr 2 11:27:41 AM UTC 2026,5409570_495,coppernode25
clingo /home/guests/mmacri/AMOSUM/benchmarks/GraphColouring/encoding-plain-amo.asp $instance,2,/home/guests/mmacri/AMOSUM/benchmarks/GraphColouring/test-instances-gc/0048-graph_colouring-145-0_6960.asp,240,1416329782013,11658746613,23041733760,1065,2891722236419,23135,8313524149440,1,120488877,0.089909,1204.946322029,1204.80012,1,111780,98416,141900,0.105353,1204.86,L3:0=040;1=fff,00003000,Thu Apr 2 11:47:43 AM UTC 2026,5409570_540,coppernode23
clingo /home/guests/mmacri/AMOSUM/benchmarks/GraphColouring/encoding-plain-amo.asp $instance,2,/home/guests/mmacri/AMOSUM/benchmarks/GraphColouring/test-instances-gc/0048-graph_colouring-145-0_2784.asp,237,1483510026441,8741484362,15134461661,760,2891822859258,62639,10649638469264,1,120492977,0.1093,1204.946161748,1204.821684,1,159744,146132,182512,0.131043,1204.88,L3:0=fff;1=080,c0000000,Thu Apr 2 11:47:43 AM UTC 2026,5409570_537,coppernode22
clingo /home/guests/mmacri/AMOSUM/benchmarks/GraphColouring/encoding-plain-amo.asp $instance,2,/home/guests/mmacri/AMOSUM/benchmarks/GraphColouring/test-instances-gc/0010-graph_colouring-125-0_2400.asp,47,1478824988384,8472836533,14644266262,781,2891512534829,55481,10586669995550,1,120480067,0.127902,1204.950854058,1204.67353,1,150112,136500,172228,0.14115,1204.74,L3:0=008;1=fff,000000c0,Thu Apr 2 11:08:10 AM UTC 2026,5409570_347,coppernode24
clingo /home/guests/mmacri/AMOSUM/benchmarks/GraphColouring/encoding-plain-amo.asp $instance,2,/home/guests/mmacri/AMOSUM/benchmarks/GraphColouring/test-instances-gc/0006-graph_colouring-125-0_6000.asp,30,1394524968492,12239326491,24629428256,962,2891668851029,21573,8036810952352,1,120486569,0.044,1204.947839194,1204.822901,1,106420,92932,135852,0.068195,1204.88,L3:0=fff;1=008,00c00000,Thu Apr 2 11:07:36 AM UTC 2026,5409570_330,coppernode26
clingo /home/guests/mmacri/AMOSUM/benchmarks/GraphColouring/encoding-plain-amo.asp $instance,2,/home/guests/mmacri/AMOSUM/benchmarks/GraphColouring/test-instances-gc/0027-graph_colouring-135-0_5184.asp,134,1468402788315,10359390854,18551837494,1122,2891709764586,32148,9053963307776,1,120488377,0.104,1204.945013688,1204.781067,1,147040,133536,177868,0.117225,1204.85,L3:0=010;1=fff,00000300,Thu Apr 2 11:27:38 AM UTC 2026,5409570_434,coppernode27
clingo /home/guests/mmacri/AMOSUM/benchmarks/GraphColouring/encoding-plain-amo.asp $instance,2,/home/guests/mmacri/AMOSUM/benchmarks/GraphColouring/test-instances-gc/0029-graph_colouring-135-0_3888.asp,143,1487548421984,9611843532,16368004357,965,2891329674712,42920,9939205157902,1,120472445,0.127998,1204.946622743,1204.598123,1,149752,136168,176264,0.144372,1204.66,L3:0=fff;1=080,c0000000,Thu Apr 2 11:27:38 AM UTC 2026,5409570_443,coppernode28
clingo /home/guests/mmacri/AMOSUM/benchmarks/GraphColouring/encoding-plain-amo.asp $instance,2,/home/guests/mmacri/AMOSUM/benchmarks/GraphColouring/test-instances-gc/0030-graph_colouring-135-0_5184.asp,149,1487844921224,10049158563,17948726386,1121,2891577658695,33086,9163550465311,1,120482939,0.087501,1204.947076071,1204.741946,1,143572,130248,172564,0.114867,1204.79,L3:0=020;1=fff,00000c00,Thu Apr 2 11:27:39 AM UTC 2026,5409570_449,coppernode28
clingo /home/guests/mmacri/AMOSUM/benchmarks/GraphColouring/encoding-plain-amo.asp $instance,2,/home/guests/mmacri/AMOSUM/benchmarks/GraphColouring/test-instances-gc/0002-graph_colouring-125-0_1200.asp,6,900531024,1957014,4624757,13,1652141889,4214,6718988005,1,68843,0.008011,0.712331799,0.681019,1,36824,24000,58220,0.008877,0.757015,L3:0=fff;1=002,000c0000,Thu Apr 2 11:07:33 AM UTC 2026,5409570_306,coppernode27
clingo /home/guests/mmacri/AMOSUM/benchmarks/GraphColouring/encoding-plain-amo.asp $instance,2,/home/guests/mmacri/AMOSUM/benchmarks/GraphColouring/test-instances-gc/0044-graph_colouring-145-0_1392.asp,216,1393235436,3096753,7402862,13,2553546118,5154,10550015539,1,106402,0.008013,1.084480749,1.05664,1,41432,27816,62756,0.03168,1.10953,L3:0=fff;1=004,00300000,Thu Apr 2 11:27:55 AM UTC 2026,5409570_516,coppernode29
clingo /home/guests/mmacri/AMOSUM/benchmarks/GraphColouring/encoding-plain-amo.asp $instance,2,/home/guests/mmacri/AMOSUM/benchmarks/GraphColouring/test-instances-gc/0053-graph_colouring-150-0_1440.asp,261,2106038091,4299225,10387379,24,3784819171,5979,15995536204,1,157708,0.024038,1.637227524,1.553666,1,44348,30996,65796,0.028269,1.62721,L3:0=fff;1=008,00c00000,Thu Apr 2 11:47:44 AM UTC 2026,5409570_561,coppernode27
clingo /home/guests/mmacri/AMOSUM/benchmarks/GraphColouring/encoding-plain-amo.asp $instance,2,/home/guests/mmacri/AMOSUM/benchmarks/GraphColouring/test-instances-gc/0003-graph_colouring-125-0_1200.asp,11,2310963292,6437424,13519508,8,4223439094,5683,17378365984,1,175980,0.018891,1.763564746,1.741479,1,43120,29768,64368,0.026807,1.8104,L3:0=020;1=fff,00000c00,Thu Apr 2 11:07:33 AM UTC 2026,5409570_311,coppernode27
clingo /home/guests/mmacri/AMOSUM/benchmarks/GraphColouring/encoding-plain-amo.asp $instance,2,/home/guests/mmacri/AMOSUM/benchmarks/GraphColouring/test-instances-gc/0014-graph_colouring-130-0_1248.asp,66,1085441159,2633237,6112095,17,1972477403,4561,8050988834,0,82192,0.012001,0.823128798,0.810528,1,38884,25360,60336,0.037988,0.865851,L3:0=002;1=fff,0000000c,Thu Apr 2 11:27:38 AM UTC 2026,5409570_366,coppernode24
clingo /home/guests/mmacri/AMOSUM/benchmarks/GraphColouring/encoding-plain-amo.asp $instance,2,/home/guests/mmacri/AMOSUM/benchmarks/GraphColouring/test-instances-gc/0018-graph_colouring-130-0_3744.asp,88,1484289535942,9617682900,16525887115,1135,2891791427830,41723,9903235648405,1,120491800,0.083999,1204.94439249,1204.835631,1,148016,134404,175160,0.092079,1204.91,L3:0=004;1=fff,00000030,Thu Apr 2 11:27:38 AM UTC 2026,5409570_388,coppernode25
clingo /home/guests/mmacri/AMOSUM/benchmarks/GraphColouring/encoding-plain-amo.asp $instance,2,/home/guests/mmacri/AMOSUM/benchmarks/GraphColouring/test-instances-gc/0017-graph_colouring-130-0_2496.asp,82,1446786235883,8686559926,15052617241,2041,2891623208622,58161,10337181421627,1,120485034,0.103998,1204.942718924,1204.747822,1,151484,137872,173904,0.128384,1204.81,L3:0=fff;1=002,000c0000,Thu Apr 2 11:27:38 AM UTC 2026,5409570_382,coppernode22
clingo /home/guests/mmacri/AMOSUM/benchmarks/GraphColouring/encoding-plain-amo.asp $instance,2,/home/guests/mmacri/AMOSUM/benchmarks/GraphColouring/test-instances-gc/0057-graph_colouring-150-0_7200.asp,285,1401470679178,11769240625,22886876167,1757,2891745001678,23662,8247541691450,1,120490083,0.049901,1204.943650328,1204.852071,1,115364,101952,145048,0.075227,1204.91,L3:0=fff;1=002,000c0000,Thu Apr 2 11:47:44 AM UTC 2026,5409570_585,coppernode25
clingo /home/guests/mmacri/AMOSUM/benchmarks/GraphColouring/encoding-plain-amo.asp $instance,2,/home/guests/mmacri/AMOSUM/benchmarks/GraphColouring/test-instances-gc/0038-graph_colouring-140-0_1344.asp,186,1497377277,3676352,8456595,18,2719451649,5337,11219303567,1,113317,0.0,1.178884595,1.133834,1,41628,28544,63040,0.016594,1.19361,L3:0=020;1=fff,00000c00,Thu Apr 2 11:27:40 AM UTC 2026,5409570_486,coppernode22
clingo /home/guests/mmacri/AMOSUM/benchmarks/GraphColouring/encoding-plain-amo.asp $instance,2,/home/guests/mmacri/AMOSUM/benchmarks/GraphColouring/test-instances-gc/0034-graph_colouring-140-0_4032.asp,168,1491196906951,9391413597,16060834101,838,2891768120329,48301,9975401023100,1,120490621,0.072,1204.94583576,1204.835357,1,154240,140640,179440,0.088135,1204.9,L3:0=fff;1=010,03000000,Thu Apr 2 11:27:39 AM UTC 2026,5409570_468,coppernode30
clingo /home/guests/mmacri/AMOSUM/benchmarks/GraphColouring/encoding-plain-amo.asp $instance,2,/home/guests/mmacri/AMOSUM/benchmarks/GraphColouring/test-instances-gc/0033-graph_colouring-140-0_2688.asp,162,1484542879967,8869815246,15376361871,1028,2891528617511,69508,10658235115112,1,120480808,0.159998,1204.950134964,1204.64942,1,159132,145520,181044,0.175848,1204.71,L3:0=004;1=fff,00000030,Thu Apr 2 11:27:39 AM UTC 2026,5409570_462,coppernode23
clingo /home/guests/mmacri/AMOSUM/benchmarks/GraphColouring/encoding-plain-amo.asp $instance,2,/home/guests/mmacri/AMOSUM/benchmarks/GraphColouring/test-instances-gc/0023-graph_colouring-135-0_6480.asp,115,1419330181609,12502844363,25503135495,1005,2891772659811,21577,8190598581046,1,120490968,0.071999,1204.943760114,1204.838924,1,107088,93624,137040,0.088997,1204.9,L3:0=040;1=fff,00003000,Thu Apr 2 11:27:38 AM UTC 2026,5409570_415,coppernode27
clingo /home/guests/mmacri/AMOSUM/benchmarks/GraphColouring/encoding-plain-amo.asp $instance,2,/home/guests/mmacri/AMOSUM/benchmarks/GraphColouring/test-instances-gc/0011-graph_colouring-130-0_4992.asp,54,1507804735232,9965242139,18620303128,1051,2891778441575,28309,9081877076469,1,120491208,0.071999,1204.936718752,1204.840552,1,123908,110296,152636,0.101861,1204.9,L3:0=008;1=fff,000000c0,Thu Apr 2 11:27:37 AM UTC 2026,5409570_354,coppernode21
clingo /home/guests/mmacri/AMOSUM/benchmarks/GraphColouring/encoding-plain-amo.asp $instance,2,/home/guests/mmacri/AMOSUM/benchmarks/GraphColouring/test-instances-gc/0005-graph_colouring-125-0_3600.asp,23,1469948848652,9526043374,16285890043,1025,2891535037247,45630,9798281815298,1,120481082,0.074764,1204.948388314,1204.737523,1,145208,131792,173580,0.09461,1204.79,L3:0=040;1=fff,00003000,Thu Apr 2 11:07:35 AM UTC 2026,5409570_323,coppernode28
clingo /home/guests/mmacri/AMOSUM/benchmarks/GraphColouring/encoding-plain-amo.asp $instance,2,/home/guests/mmacri/AMOSUM/benchmarks/GraphColouring/test-instances-gc/0051-graph_colouring-150-0_4320.asp,253,1493548153688,9306795796,16038686542,842,2891689459249,51757,10046606087436,1,120487398,0.131999,1204.949453197,1204.743064,1,158764,145152,184360,0.136031,1204.82,L3:0=fff;1=010,03000000,Thu Apr 2 11:47:43 AM UTC 2026,5409570_553,coppernode23
clingo /home/guests/mmacri/AMOSUM/benchmarks/GraphColouring/encoding-plain-amo.asp $instance,2,/home/guests/mmacri/AMOSUM/benchmarks/GraphColouring/test-instances-gc/0045-graph_colouring-145-0_5568.asp,224,1483333916371,10185585920,18117953345,1131,2891726881215,35243,9203544897509,1,120489116,0.111999,1204.953874452,1204.779797,1,159156,145812,191168,0.128579,1204.84,L3:0=008;1=fff,000000c0,Thu Apr 2 11:28:19 AM UTC 2026,5409570_524,coppernode24
clingo /home/guests/mmacri/AMOSUM/benchmarks/GraphColouring/encoding-plain-amo.asp $instance,2,/home/guests/mmacri/AMOSUM/benchmarks/GraphColouring/test-instances-gc/0052-graph_colouring-150-0_5760.asp,259,1470860606855,9757460814,16964720794,1936,2891765614777,36319,9207233450098,1,120490912,0.079998,1204.948792817,1204.830622,1,164088,150600,195916,0.09337,1204.9,L3:0=fff;1=002,000c0000,Thu Apr 2 11:47:44 AM UTC 2026,5409570_559,coppernode24
clingo /home/guests/mmacri/AMOSUM/benchmarks/GraphColouring/encoding-plain-amo.asp $instance,2,/home/guests/mmacri/AMOSUM/benchmarks/GraphColouring/test-instances-gc/0006-graph_colouring-125-0_4800.asp,29,1410950770206,11685971864,20763146558,1036,2891603971873,28235,8723291039397,1,120483880,0.078589,1204.949501386,1204.76185,1,131940,118404,161016,0.094443,1204.82,L3:0=fff;1=080,c0000000,Thu Apr 2 11:07:36 AM UTC 2026,5409570_329,coppernode29
clingo /home/guests/mmacri/AMOSUM/benchmarks/GraphColouring/encoding-plain-amo.asp $instance,2,/home/guests/mmacri/AMOSUM/benchmarks/GraphColouring/test-instances-gc/0026-graph_colouring-135-0_2592.asp,127,1490579750245,8990029587,15646367249,744,2891805655461,59559,10669238838014,1,120492205,0.104724,1204.941871681,1204.818717,1,156860,143428,179240,0.130491,1204.88,L3:0=fff;1=080,c0000000,Thu Apr 2 11:27:38 AM UTC 2026,5409570_427,coppernode25
clingo /home/guests/mmacri/AMOSUM/benchmarks/GraphColouring/encoding-plain-amo.asp $instance,2,/home/guests/mmacri/AMOSUM/benchmarks/GraphColouring/test-instances-gc/0030-graph_colouring-135-0_6480.asp,150,1436835555357,11605506390,22968353971,3161,2890852027672,23519,8323507983301,1,120453202,0.07077,1204.943839113,1204.461213,1,114972,101388,144904,0.088144,1204.52,L3:0=fff;1=004,00300000,Thu Apr 2 11:27:38 AM UTC 2026,5409570_450,coppernode28
clingo /home/guests/mmacri/AMOSUM/benchmarks/GraphColouring/encoding-plain-amo.asp $instance,2,/home/guests/mmacri/AMOSUM/benchmarks/GraphColouring/test-instances-gc/0052-graph_colouring-150-0_2880.asp,257,1491100714829,8606207403,14964157487,1152,2891562557805,68397,10777980529443,1,120482287,0.159998,1204.949598061,1204.663916,1,165820,152348,187388,0.159998,1204.74,L3:0=004;1=fff,00000030,Thu Apr 2 11:47:44 AM UTC 2026,5409570_557,coppernode24
clingo /home/guests/mmacri/AMOSUM/benchmarks/GraphColouring/encoding-plain-amo.asp $instance,2,/home/guests/mmacri/AMOSUM/benchmarks/GraphColouring/test-instances-gc/0044-graph_colouring-145-0_6960.asp,220,1401303533595,12305868965,24656828279,1045,2891784209462,24437,8189036966725,1,120491500,0.079999,1204.94918875,1204.835578,1,117700,104296,148260,0.106523,1204.89,L3:0=020;1=fff,00000c00,Thu Apr 2 11:28:11 AM UTC 2026,5409570_520,coppernode29
clingo /home/guests/mmacri/AMOSUM/benchmarks/GraphColouring/encoding-plain-amo.asp $instance,2,/home/guests/mmacri/AMOSUM/benchmarks/GraphColouring/test-instances-gc/0010-graph_colouring-125-0_6000.asp,50,1411341341872,11734156367,23426794022,1082,2891361500437,24741,8152263946851,1,120473805,0.031999,1204.947084871,1204.707671,1,119656,106280,150940,0.048817,1204.77,L3:0=fff;1=080,c0000000,Thu Apr 2 11:09:07 AM UTC 2026,5409570_350,coppernode27
clingo /home/guests/mmacri/AMOSUM/benchmarks/GraphColouring/encoding-plain-amo.asp $instance,2,/home/guests/mmacri/AMOSUM/benchmarks/GraphColouring/test-instances-gc/0006-graph_colouring-125-0_2400.asp,27,1468953176297,8790901434,15136280282,804,2891691337023,61578,10494380181028,1,120487557,0.103094,1204.948497398,1204.774057,1,147048,133580,169684,0.118947,1204.84,L3:0=080;1=fff,0000c000,Thu Apr 2 11:07:36 AM UTC 2026,5409570_327,coppernode25
clingo /home/guests/mmacri/AMOSUM/benchmarks/GraphColouring/encoding-plain-amo.asp $instance,2,/home/guests/mmacri/AMOSUM/benchmarks/GraphColouring/test-instances-gc/0025-graph_colouring-135-0_3888.asp,123,1475400930206,9596864379,16388077793,906,2891593374101,48423,9791919510688,1,120483415,0.100001,1204.941565346,1204.735659,1,152852,139240,178740,0.126791,1204.79,L3:0=fff;1=010,03000000,Thu Apr 2 11:27:38 AM UTC 2026,5409570_423,coppernode25
clingo /home/guests/mmacri/AMOSUM/benchmarks/GraphColouring/encoding-plain-amo.asp $instance,2,/home/guests/mmacri/AMOSUM/benchmarks/GraphColouring/test-instances-gc/0031-graph_colouring-140-0_5376.asp,154,1463453928384,9738620662,17281315199,1144,2891643007983,33626,9100617081981,1,120485548,0.121062,1204.948659573,1204.735828,1,153524,140036,184580,0.141595,1204.8,L3:0=080;1=fff,0000c000,Thu Apr 2 11:27:39 AM UTC 2026,5409570_454,coppernode30
clingo /home/guests/mmacri/AMOSUM/benchmarks/GraphColouring/encoding-plain-amo.asp $instance,2,/home/guests/mmacri/AMOSUM/benchmarks/GraphColouring/test-instances-gc/0026-graph_colouring-135-0_5184.asp,129,1474674882111,10342249133,18469844637,1121,2891707715296,31113,9068392177141,1,120488282,0.099999,1204.945537105,1204.783955,1,144304,130772,175988,0.11424,1204.85,L3:0=010;1=fff,00000300,Thu Apr 2 11:27:38 AM UTC 2026,5409570_429,coppernode29
clingo /home/guests/mmacri/AMOSUM/benchmarks/GraphColouring/encoding-plain-amo.asp $instance,2,/home/guests/mmacri/AMOSUM/benchmarks/GraphColouring/test-instances-gc/0044-graph_colouring-145-0_4176.asp,218,1490612955247,9563328710,16519700641,2019,2891767156372,53523,9966699415263,1,120491120,0.165584,1204.953194464,1204.744472,1,158812,145196,184264,0.185367,1204.8,L3:0=fff;1=004,00300000,Thu Apr 2 11:27:57 AM UTC 2026,5409570_518,coppernode29
clingo /home/guests/mmacri/AMOSUM/benchmarks/GraphColouring/encoding-plain-amo.asp $instance,2,/home/guests/mmacri/AMOSUM/benchmarks/GraphColouring/test-instances-gc/0057-graph_colouring-150-0_1440.asp,281,1783158834,3907296,9318026,23,3250373974,5683,13620594004,1,135440,0.019997,1.414712635,1.335035,1,43576,29960,64864,0.035751,1.39969,L3:0=010;1=fff,00000300,Thu Apr 2 11:47:44 AM UTC 2026,5409570_581,coppernode27
clingo /home/guests/mmacri/AMOSUM/benchmarks/GraphColouring/encoding-plain-amo.asp $instance,2,/home/guests/mmacri/AMOSUM/benchmarks/GraphColouring/test-instances-gc/0002-graph_colouring-125-0_3600.asp,8,1473195207563,9707662770,16599120497,862,2891757282920,42803,9779528184492,1,120490228,0.087095,1204.94714454,1204.816198,1,143276,129748,170328,0.103889,1204.88,L3:0=fff;1=040,30000000,Thu Apr 2 11:07:33 AM UTC 2026,5409570_308,coppernode27
clingo /home/guests/mmacri/AMOSUM/benchmarks/GraphColouring/encoding-plain-amo.asp $instance,2,/home/guests/mmacri/AMOSUM/benchmarks/GraphColouring/test-instances-gc/0018-graph_colouring-130-0_1248.asp,86,1008685697,2426482,5669103,28,1859895839,4366,7600656276,1,77504,0.004024,0.851717247,0.77169,1,38180,24564,59520,0.01333,0.840153,L3:0=080;1=fff,0000c000,Thu Apr 2 11:27:38 AM UTC 2026,5409570_386,coppernode27
clingo /home/guests/mmacri/AMOSUM/benchmarks/GraphColouring/encoding-plain-amo.asp $instance,2,/home/guests/mmacri/AMOSUM/benchmarks/GraphColouring/test-instances-gc/0014-graph_colouring-130-0_3744.asp,68,1475613740286,9742377399,16805094406,867,2891761310047,44851,9793451692021,1,120490389,0.091999,1204.94783746,1204.813044,1,148892,135556,176580,0.10829,1204.88,L3:0=fff;1=020,0c000000,Thu Apr 2 11:27:38 AM UTC 2026,5409570_368,coppernode24
clingo /home/guests/mmacri/AMOSUM/benchmarks/GraphColouring/encoding-plain-amo.asp $instance,2,/home/guests/mmacri/AMOSUM/benchmarks/GraphColouring/test-instances-gc/0003-graph_colouring-125-0_6000.asp,15,1415818630103,11875110010,24149244972,1015,2891660688568,22231,8134238444884,1,120486237,0.063999,1204.946164666,1204.799628,1,109644,96236,140024,0.081034,1204.86,L3:0=040;1=fff,00003000,Thu Apr 2 11:07:33 AM UTC 2026,5409570_315,coppernode30
clingo /home/guests/mmacri/AMOSUM/benchmarks/GraphColouring/encoding-plain-amo.asp $instance,2,/home/guests/mmacri/AMOSUM/benchmarks/GraphColouring/test-instances-gc/0013-graph_colouring-130-0_2496.asp,62,1483573985883,8650296274,15123321709,741,2891764525825,59549,10672729208654,1,120490488,0.127999,1204.946632601,1204.778043,1,151484,137872,173760,0.136204,1204.85,L3:0=fff;1=080,c0000000,Thu Apr 2 11:27:37 AM UTC 2026,5409570_362,coppernode23
clingo /home/guests/mmacri/AMOSUM/benchmarks/GraphColouring/encoding-plain-amo.asp $instance,2,/home/guests/mmacri/AMOSUM/benchmarks/GraphColouring/test-instances-gc/0043-graph_colouring-145-0_2784.asp,212,1486871548775,8753792857,15240368415,775,2891520744157,62008,10702717251941,1,120480452,0.131998,1204.952901216,1204.673207,1,159360,145748,181368,0.145352,1204.74,L3:0=020;1=fff,00000c00,Thu Apr 2 11:27:48 AM UTC 2026,5409570_512,coppernode24
clingo /home/guests/mmacri/AMOSUM/benchmarks/GraphColouring/encoding-plain-amo.asp $instance,2,/home/guests/mmacri/AMOSUM/benchmarks/GraphColouring/test-instances-gc/0053-graph_colouring-150-0_7200.asp,265,1406092661242,11723913429,22672853785,1035,2891853688910,23615,8268572397673,0,120494352,0.068,1204.945255099,1204.876767,1,115360,101772,144084,0.094861,1204.93,L3:0=008;1=fff,000000c0,Thu Apr 2 11:47:44 AM UTC 2026,5409570_565,coppernode28
clingo /home/guests/mmacri/AMOSUM/benchmarks/GraphColouring/encoding-plain-amo.asp $instance,2,/home/guests/mmacri/AMOSUM/benchmarks/GraphColouring/test-instances-gc/0001-graph_colouring-125-0_2400.asp,2,1482225224551,8787405246,15115803063,2002,2890053553746,55491,10598756878807,1,120419717,0.111999,1204.951309737,1204.088113,1,147208,133800,170296,0.139163,1204.14,L3:0=002;1=fff,0000000c,Thu Apr 2 11:07:32 AM UTC 2026,5409570_302,coppernode26
clingo /home/guests/mmacri/AMOSUM/benchmarks/GraphColouring/encoding-plain-amo.asp $instance,2,/home/guests/mmacri/AMOSUM/benchmarks/GraphColouring/test-instances-gc/0034-graph_colouring-140-0_1344.asp,166,2007577055,4789073,11243288,22,3630991382,5680,15163909634,1,151299,0.014995,1.550576471,1.498582,1,42988,29904,64268,0.018951,1.57144,L3:0=002;1=fff,0000000c,Thu Apr 2 11:27:39 AM UTC 2026,5409570_466,coppernode24
clingo /home/guests/mmacri/AMOSUM/benchmarks/GraphColouring/encoding-plain-amo.asp $instance,2,/home/guests/mmacri/AMOSUM/benchmarks/GraphColouring/test-instances-gc/0023-graph_colouring-135-0_1296.asp,111,445835551,894644,2247003,15,826512562,3624,3328503653,1,34443,0.012176,0.388777475,0.332834,1,35280,21664,56624,0.023735,0.403871,L3:0=004;1=fff,00000030,Thu Apr 2 11:27:38 AM UTC 2026,5409570_411,coppernode27
clingo /home/guests/mmacri/AMOSUM/benchmarks/GraphColouring/encoding-plain-amo.asp $instance,2,/home/guests/mmacri/AMOSUM/benchmarks/GraphColouring/test-instances-gc/0038-graph_colouring-140-0_4032.asp,188,1497266282309,9371815457,16060412713,932,2891627081464,50736,9977114368200,1,120484827,0.111998,1204.951492106,1204.737069,1,155088,141476,180032,0.131842,1204.79,L3:0=fff;1=008,00c00000,Thu Apr 2 11:27:41 AM UTC 2026,5409570_488,coppernode23
clingo /home/guests/mmacri/AMOSUM/benchmarks/GraphColouring/encoding-plain-amo.asp $instance,2,/home/guests/mmacri/AMOSUM/benchmarks/GraphColouring/test-instances-gc/0037-graph_colouring-140-0_2688.asp,182,1498109742625,8812215014,15536602659,1068,2891651729906,67383,10769185184411,1,120485951,0.155999,1204.952215259,1204.705417,1,156032,142420,177836,0.164631,1204.77,L3:0=004;1=fff,00000030,Thu Apr 2 11:27:40 AM UTC 2026,5409570_482,coppernode26
clingo /home/guests/mmacri/AMOSUM/benchmarks/GraphColouring/encoding-plain-amo.asp $instance,2,/home/guests/mmacri/AMOSUM/benchmarks/GraphColouring/test-instances-gc/0009-graph_colouring-125-0_3600.asp,43,1457144006925,9685623339,16545990237,930,2891684746592,38532,9704152628138,1,120487242,0.099073,1204.948896758,1204.774768,1,141556,127992,169440,0.114961,1204.84,L3:0=fff;1=010,03000000,Thu Apr 2 11:07:50 AM UTC 2026,5409570_343,coppernode28
clingo /home/guests/mmacri/AMOSUM/benchmarks/GraphColouring/encoding-plain-amo.asp $instance,2,/home/guests/mmacri/AMOSUM/benchmarks/GraphColouring/test-instances-gc/0007-graph_colouring-125-0_4800.asp,34,1418895305044,10799329133,19334228742,2858,2891537327051,27095,8754447962804,1,120481801,0.070001,1204.949507186,1204.751315,1,127704,114244,155612,0.092476,1204.81,L3:0=002;1=fff,0000000c,Thu Apr 2 11:07:37 AM UTC 2026,5409570_334,coppernode27
clingo /home/guests/mmacri/AMOSUM/benchmarks/GraphColouring/encoding-plain-amo.asp $instance,2,/home/guests/mmacri/AMOSUM/benchmarks/GraphColouring/test-instances-gc/0049-graph_colouring-145-0_5568.asp,244,1473194546892,10091054377,17835770460,1207,2891697400083,35766,9186503581363,1,120487888,0.065023,1204.949368033,1204.814684,1,160232,146820,192136,0.082966,1204.88,L3:0=010;1=fff,00000300,Thu Apr 2 11:47:43 AM UTC 2026,5409570_544,coppernode21
clingo /home/guests/mmacri/AMOSUM/benchmarks/GraphColouring/encoding-plain-amo.asp $instance,2,/home/guests/mmacri/AMOSUM/benchmarks/GraphColouring/test-instances-gc/0047-graph_colouring-145-0_4176.asp,233,1494287258775,9247229793,15898851690,1054,2891739979697,53694,10006621656850,1,120489615,0.132,1204.943984281,1204.76472,1,155720,142228,180816,0.141182,1204.84,L3:0=008;1=fff,000000c0,Thu Apr 2 11:47:43 AM UTC 2026,5409570_533,coppernode21
clingo /home/guests/mmacri/AMOSUM/benchmarks/GraphColouring/encoding-plain-amo.asp $instance,2,/home/guests/mmacri/AMOSUM/benchmarks/GraphColouring/test-instances-gc/0048-graph_colouring-145-0_5568.asp,239,1494246309337,9813606499,17448924891,1103,2891603544920,35918,9287819590478,1,120483904,0.101109,1204.947896553,1204.73879,1,160248,146800,192460,0.122444,1204.8,L3:0=fff;1=004,00300000,Thu Apr 2 11:47:43 AM UTC 2026,5409570_539,coppernode23
clingo /home/guests/mmacri/AMOSUM/benchmarks/GraphColouring/encoding-plain-amo.asp $instance,2,/home/guests/mmacri/AMOSUM/benchmarks/GraphColouring/test-instances-gc/0010-graph_colouring-125-0_4800.asp,49,1440833834039,10993275658,19958979651,1015,2891701956171,26155,8823175821055,1,120487961,0.063999,1204.948012605,1204.816991,1,122944,109328,150576,0.079845,1204.88,L3:0=fff;1=040,30000000,Thu Apr 2 11:08:11 AM UTC 2026,5409570_349,coppernode29
clingo /home/guests/mmacri/AMOSUM/benchmarks/GraphColouring/encoding-plain-amo.asp $instance,2,/home/guests/mmacri/AMOSUM/benchmarks/GraphColouring/test-instances-gc/0026-graph_colouring-135-0_6480.asp,130,1399486316009,12336799303,24949723835,929,2891689558166,21913,8098229325439,1,120487413,0.055999,1204.942590621,1204.819035,1,108416,94952,138300,0.065282,1204.89,L3:0=fff;1=008,00c00000,Thu Apr 2 11:27:38 AM UTC 2026,5409570_430,coppernode29
clingo /home/guests/mmacri/AMOSUM/benchmarks/GraphColouring/encoding-plain-amo.asp $instance,2,/home/guests/mmacri/AMOSUM/benchmarks/GraphColouring/test-instances-gc/0030-graph_colouring-135-0_2592.asp,147,1503051372944,8545462216,14942204927,3045,2891712894546,65593,10831488012852,1,120489111,0.123998,1204.950902644,1204.767661,1,155720,142108,177528,0.136463,1204.83,L3:0=002;1=fff,0000000c,Thu Apr 2 11:27:38 AM UTC 2026,5409570_447,coppernode23
clingo /home/guests/mmacri/AMOSUM/benchmarks/GraphColouring/encoding-plain-amo.asp $instance,2,/home/guests/mmacri/AMOSUM/benchmarks/GraphColouring/test-instances-gc/0060-graph_colouring-150-0_4320.asp,298,1493921770101,9306754115,15967947440,1422,2891848741786,57062,10022953549112,0,120494187,0.103999,1204.949248527,1204.839734,1,161044,147428,187220,0.124094,1204.9,L3:0=fff;1=002,000c0000,Thu Apr 2 11:47:44 AM UTC 2026,5409570_598,coppernode28
clingo /home/guests/mmacri/AMOSUM/benchmarks/GraphColouring/encoding-plain-amo.asp $instance,2,/home/guests/mmacri/AMOSUM/benchmarks/GraphColouring/test-instances-gc/0041-graph_colouring-145-0_1392.asp,201,2134280059,5450172,12406197,15,3882965874,5884,16257688674,1,161796,0.007209,1.659130611,1.611403,1,44332,30720,65704,0.028808,1.66605,L3:0=080;1=fff,0000c000,Thu Apr 2 11:27:42 AM UTC 2026,5409570_501,coppernode24
clingo /home/guests/mmacri/AMOSUM/benchmarks/GraphColouring/encoding-plain-amo.asp $instance,2,/home/guests/mmacri/AMOSUM/benchmarks/GraphColouring/test-instances-gc/0056-graph_colouring-150-0_1440.asp,276,1876162531,4441034,10533743,23,3394881688,5947,14182643077,1,141460,0.008065,1.479106701,1.407173,1,43224,30404,64972,0.035999,1.46337,L3:0=020;1=fff,00000c00,Thu Apr 2 11:47:44 AM UTC 2026,5409570_576,coppernode26
clingo /home/guests/mmacri/AMOSUM/benchmarks/GraphColouring/encoding-plain-amo.asp $instance,2,/home/guests/mmacri/AMOSUM/benchmarks/GraphColouring/test-instances-gc/0015-graph_colouring-130-0_1248.asp,71,498327895,981126,2476920,11,928730016,3686,3713997019,1,38700,0.015983,0.409130199,0.37161,1,34712,21892,55932,0.025176,0.442581,L3:0=020;1=fff,00000c00,Thu Apr 2 11:27:37 AM UTC 2026,5409570_371,coppernode23
clingo /home/guests/mmacri/AMOSUM/benchmarks/GraphColouring/encoding-plain-amo.asp $instance,2,/home/guests/mmacri/AMOSUM/benchmarks/GraphColouring/test-instances-gc/0019-graph_colouring-130-0_6240.asp,95,1375590937040,12269817936,24526324824,1025,2891741044117,22303,7903065943870,1,120489667,0.070508,1204.944797867,1204.827096,1,109012,95648,139192,0.091035,1204.89,L3:0=010;1=fff,00000300,Thu Apr 2 11:27:38 AM UTC 2026,5409570_395,coppernode24
clingo /home/guests/mmacri/AMOSUM/benchmarks/GraphColouring/encoding-plain-amo.asp $instance,2,/home/guests/mmacri/AMOSUM/benchmarks/GraphColouring/test-instances-gc/0059-graph_colouring-150-0_2880.asp,292,1496053187159,8656827841,15094370259,1754,2891748467919,61960,10774334845543,1,120490121,0.135998,1204.947567868,1204.767531,1,162980,149364,185000,0.153378,1204.83,L3:0=fff;1=002,000c0000,Thu Apr 2 11:47:44 AM UTC 2026,5409570_592,coppernode29
clingo /home/guests/mmacri/AMOSUM/benchmarks/GraphColouring/encoding-plain-amo.asp $instance,2,/home/guests/mmacri/AMOSUM/benchmarks/GraphColouring/test-instances-gc/0039-graph_colouring-140-0_1344.asp,191,2921229233,8996336,19190278,15,5397331738,6354,21982815651,1,224894,0.016016,2.2721915,2.233567,1,46420,32808,67748,0.019965,2.30629,L3:0=fff;1=040,30000000,Thu Apr 2 11:27:41 AM UTC 2026,5409570_491,coppernode26
clingo /home/guests/mmacri/AMOSUM/benchmarks/GraphColouring/encoding-plain-amo.asp $instance,2,/home/guests/mmacri/AMOSUM/benchmarks/GraphColouring/test-instances-gc/0022-graph_colouring-135-0_3888.asp,108,1471869603442,9845594667,16689469048,898,2891774844732,47995,9827626430108,1,120490964,0.08,1204.938405543,1204.83026,1,149428,136020,176076,0.111035,1204.89,L3:0=fff;1=080,c0000000,Thu Apr 2 11:27:38 AM UTC 2026,5409570_408,coppernode26
clingo /home/guests/mmacri/AMOSUM/benchmarks/GraphColouring/encoding-plain-amo.asp $instance,2,/home/guests/mmacri/AMOSUM/benchmarks/GraphColouring/test-instances-gc/0035-graph_colouring-140-0_6720.asp,175,1431399154360,11764414498,22990254453,1439,2890302865887,23810,8307472341136,1,120429821,0.052,1204.947373792,1204.248374,1,116100,102552,145992,0.064574,1204.31,L3:0=008;1=fff,000000c0,Thu Apr 2 11:27:39 AM UTC 2026,5409570_475,coppernode30
clingo /home/guests/mmacri/AMOSUM/benchmarks/GraphColouring/encoding-plain-amo.asp $instance,2,/home/guests/mmacri/AMOSUM/benchmarks/GraphColouring/test-instances-gc/0021-graph_colouring-135-0_2592.asp,102,1477899297186,8875078382,15381112396,1718,2891728596474,64698,10581280340916,1,120489387,0.134956,1204.940838755,1204.761307,1,156020,142408,177672,0.163161,1204.82,L3:0=002;1=fff,0000000c,Thu Apr 2 11:27:38 AM UTC 2026,5409570_402,coppernode26
clingo /home/guests/mmacri/AMOSUM/benchmarks/GraphColouring/encoding-plain-amo.asp $instance,2,/home/guests/mmacri/AMOSUM/benchmarks/GraphColouring/test-instances-gc/0036-graph_colouring-140-0_4032.asp,178,1486744543703,9640429092,16505056148,886,2891801916534,52020,9908787583374,1,120492157,0.148,1204.951288564,1204.774295,1,152920,139308,178028,0.171147,1204.83,L3:0=fff;1=080,c0000000,Thu Apr 2 11:27:40 AM UTC 2026,5409570_478,coppernode24
clingo /home/guests/mmacri/AMOSUM/benchmarks/GraphColouring/encoding-plain-amo.asp $instance,2,/home/guests/mmacri/AMOSUM/benchmarks/GraphColouring/test-instances-gc/0040-graph_colouring-140-0_1344.asp,196,2417979565,6565282,14619613,18,4408729842,6142,18331465850,1,183704,0.01605,1.904186807,1.821675,1,44868,31780,66308,0.032416,1.88197,L3:0=020;1=fff,00000c00,Thu Apr 2 11:27:41 AM UTC 2026,5409570_496,coppernode27
clingo /home/guests/mmacri/AMOSUM/benchmarks/GraphColouring/encoding-plain-amo.asp $instance,2,/home/guests/mmacri/AMOSUM/benchmarks/GraphColouring/test-instances-gc/0021-graph_colouring-135-0_6480.asp,105,1392112336910,12762378514,25300015791,1022,2891728384907,22482,8109562614419,1,120489135,0.074665,1204.938394936,1204.817955,1,110784,97228,139976,0.100792,1204.88,L3:0=010;1=fff,00000300,Thu Apr 2 11:27:38 AM UTC 2026,5409570_405,coppernode26
clingo /home/guests/mmacri/AMOSUM/benchmarks/GraphColouring/encoding-plain-amo.asp $instance,2,/home/guests/mmacri/AMOSUM/benchmarks/GraphColouring/test-instances-gc/0035-graph_colouring-140-0_2688.asp,172,1488883065755,8617047602,15081794679,2567,2891711749856,61014,10697974717670,1,120488984,0.179998,1204.950962383,1204.709842,1,158172,144560,179944,0.203618,1204.76,L3:0=008;1=fff,000000c0,Thu Apr 2 11:27:39 AM UTC 2026,5409570_472,coppernode23
clingo /home/guests/mmacri/AMOSUM/benchmarks/GraphColouring/encoding-plain-amo.asp $instance,2,/home/guests/mmacri/AMOSUM/benchmarks/GraphColouring/test-instances-gc/0055-graph_colouring-150-0_1440.asp,271,3451642467,9399533,20860429,28,6341999692,6780,26334445156,1,264260,0.011998,2.64423027,2.631229,1,47740,34128,69344,0.025873,2.69795,L3:0=002;1=fff,0000000c,Thu Apr 2 11:47:44 AM UTC 2026,5409570_571,coppernode26
clingo /home/guests/mmacri/AMOSUM/benchmarks/GraphColouring/encoding-plain-amo.asp $instance,2,/home/guests/mmacri/AMOSUM/benchmarks/GraphColouring/test-instances-gc/0042-graph_colouring-145-0_1392.asp,206,1970170454,5573646,12542477,39,3583875646,5827,14948325209,0,149344,0.023079,1.607958336,1.471047,1,43268,30448,64724,0.034934,1.5359,L3:0=002;1=fff,0000000c,Thu Apr 2 11:27:43 AM UTC 2026,5409570_506,coppernode25
clingo /home/guests/mmacri/AMOSUM/benchmarks/GraphColouring/encoding-plain-amo.asp $instance,2,/home/guests/mmacri/AMOSUM/benchmarks/GraphColouring/test-instances-gc/0020-graph_colouring-130-0_3744.asp,98,1473055040368,9368916841,16095440344,969,2891623371580,42996,9848984078437,1,120484727,0.083999,1204.948141404,1204.764228,1,145564,132092,173064,0.102294,1204.82,L3:0=040;1=fff,00003000,Thu Apr 2 11:27:38 AM UTC 2026,5409570_398,coppernode29
clingo /home/guests/mmacri/AMOSUM/benchmarks/GraphColouring/encoding-plain-amo.asp $instance,2,/home/guests/mmacri/AMOSUM/benchmarks/GraphColouring/test-instances-gc/0016-graph_colouring-130-0_1248.asp,76,2750337814,8361162,18242888,12,5027846229,6089,20698712513,1,209498,0.012002,2.123023738,2.083612,1,45044,31432,66484,0.034113,2.14413,L3:0=020;1=fff,00000c00,Thu Apr 2 11:27:38 AM UTC 2026,5409570_376,coppernode22
clingo /home/guests/mmacri/AMOSUM/benchmarks/GraphColouring/encoding-plain-amo.asp $instance,2,/home/guests/mmacri/AMOSUM/benchmarks/GraphColouring/test-instances-gc/0019-graph_colouring-130-0_2496.asp,92,1491063621712,8875809396,15524601583,753,2891617050593,63555,10674115144751,1,120484360,0.097274,1204.947874164,1204.747404,1,155544,141932,178156,0.109422,1204.81,L3:0=fff;1=010,03000000,Thu Apr 2 11:27:38 AM UTC 2026,5409570_392,coppernode23
clingo /home/guests/mmacri/AMOSUM/benchmarks/GraphColouring/encoding-plain-amo.asp $instance,2,/home/guests/mmacri/AMOSUM/benchmarks/GraphColouring/test-instances-gc/0059-graph_colouring-150-0_7200.asp,295,1379926814005,12132762744,23630061143,979,2891486338253,24051,8138250899402,1,120478973,0.051999,1204.9458059,1204.738856,1,116928,103504,146552,0.068202,1204.8,L3:0=fff;1=010,03000000,Thu Apr 2 11:47:44 AM UTC 2026,5409570_595,coppernode29
clingo /home/guests/mmacri/AMOSUM/benchmarks/GraphColouring/encoding-plain-amo.asp $instance,2,/home/guests/mmacri/AMOSUM/benchmarks/GraphColouring/test-instances-gc/0028-graph_colouring-135-0_6480.asp,140,1409693848114,11685728302,23294233659,2095,2891739451813,24889,8172648345605,1,120489938,0.075998,1204.943930054,1204.825953,1,120100,106544,150116,0.106917,1204.88,L3:0=002;1=fff,0000000c,Thu Apr 2 11:27:38 AM UTC 2026,5409570_440,coppernode28
clingo /home/guests/mmacri/AMOSUM/benchmarks/GraphColouring/encoding-plain-amo.asp $instance,2,/home/guests/mmacri/AMOSUM/benchmarks/GraphColouring/test-instances-gc/0028-graph_colouring-135-0_2592.asp,137,1501621726450,8774991830,15348684604,748,2891787366040,61900,10781832169452,1,120491389,0.099999,1204.949706928,1204.814912,1,155780,142164,177936,0.116829,1204.88,L3:0=fff;1=080,c0000000,Thu Apr 2 11:27:38 AM UTC 2026,5409570_437,coppernode30
clingo /home/guests/mmacri/AMOSUM/benchmarks/GraphColouring/encoding-plain-amo.asp $instance,2,/home/guests/mmacri/AMOSUM/benchmarks/GraphColouring/test-instances-gc/0007-graph_colouring-125-0_3600.asp,33,1465866755169,9186067295,15653773206,922,2891511670803,41287,9822452878807,1,120479963,0.072,1204.948480607,1204.728622,1,143336,129720,171444,0.081909,1204.8,L3:0=fff;1=008,00c00000,Thu Apr 2 11:07:37 AM UTC 2026,5409570_333,coppernode30
clingo /home/guests/mmacri/AMOSUM/benchmarks/GraphColouring/encoding-plain-amo.asp $instance,2,/home/guests/mmacri/AMOSUM/benchmarks/GraphColouring/test-instances-gc/0009-graph_colouring-125-0_4800.asp,44,1434888392360,11046872666,20219779393,1123,2891397903462,27052,8795215103463,1,120475387,0.061802,1204.947649899,1204.692756,1,121520,108096,149004,0.066761,1204.76,L3:0=008;1=fff,000000c0,Thu Apr 2 11:07:53 AM UTC 2026,5409570_344,coppernode29
clingo /home/guests/mmacri/AMOSUM/benchmarks/GraphColouring/encoding-plain-amo.asp $instance,2,/home/guests/mmacri/AMOSUM/benchmarks/GraphColouring/test-instances-gc/0047-graph_colouring-145-0_5568.asp,234,1495207180999,9870261866,17561633129,1073,2891767175541,34962,9266698421249,1,120490851,0.09786,1204.948105393,1204.812367,1,158664,145108,190576,0.11016,1204.88,L3:0=fff;1=040,30000000,Thu Apr 2 11:47:43 AM UTC 2026,5409570_534,coppernode21
clingo /home/guests/mmacri/AMOSUM/benchmarks/GraphColouring/encoding-plain-amo.asp $instance,2,/home/guests/mmacri/AMOSUM/benchmarks/GraphColouring/test-instances-gc/0049-graph_colouring-145-0_4176.asp,243,1476529983945,9467318255,16229371111,819,2891688968027,50577,9871091119322,1,120487370,0.088543,1204.949697686,1204.785799,1,155120,141508,179120,0.100685,1204.85,L3:0=fff;1=008,00c00000,Thu Apr 2 11:47:43 AM UTC 2026,5409570_543,coppernode24
clingo /home/guests/mmacri/AMOSUM/benchmarks/GraphColouring/encoding-plain-amo.asp $instance,2,/home/guests/mmacri/AMOSUM/benchmarks/GraphColouring/test-instances-gc/0050-graph_colouring-145-0_5568.asp,249,1493297686758,10023230178,17876562631,1140,2891736818732,34757,9244254840903,1,120489583,0.101392,1204.946467558,1204.795587,1,157204,143616,188760,0.12066,1204.86,L3:0=040;1=fff,00003000,Thu Apr 2 11:47:43 AM UTC 2026,5409570_549,coppernode22
clingo /home/guests/mmacri/AMOSUM/benchmarks/GraphColouring/encoding-plain-amo.asp $instance,2,/home/guests/mmacri/AMOSUM/benchmarks/GraphColouring/test-instances-gc/0008-graph_colouring-125-0_4800.asp,39,1422637458777,11140438050,20246655612,1051,2891799720285,27149,8707150698880,1,120492067,0.051999,1204.947843068,1204.869815,1,125040,111644,152264,0.072843,1204.93,L3:0=010;1=fff,00000300,Thu Apr 2 11:07:43 AM UTC 2026,5409570_339,coppernode30
clingo /home/guests/mmacri/AMOSUM/benchmarks/GraphColouring/encoding-plain-amo.asp $instance,2,/home/guests/mmacri/AMOSUM/benchmarks/GraphColouring/test-instances-gc/0024-graph_colouring-135-0_1296.asp,116,1621768424,3738749,8708508,12,2969409418,5211,12400548827,1,123729,0.014797,1.264896799,1.223079,1,41636,28020,63056,0.038329,1.28368,L3:0=fff;1=020,0c000000,Thu Apr 2 11:27:38 AM UTC 2026,5409570_416,coppernode27
clingo /home/guests/mmacri/AMOSUM/benchmarks/GraphColouring/encoding-plain-amo.asp $instance,2,/home/guests/mmacri/AMOSUM/benchmarks/GraphColouring/test-instances-gc/0033-graph_colouring-140-0_1344.asp,161,2965713150,9029984,19043424,21,5398777338,6487,22490484370,1,224957,0.015484,2.306880458,2.234696,1,46960,33348,68216,0.032261,2.29517,L3:0=080;1=fff,0000c000,Thu Apr 2 11:27:39 AM UTC 2026,5409570_461,coppernode24
clingo /home/guests/mmacri/AMOSUM/benchmarks/GraphColouring/encoding-plain-amo.asp $instance,2,/home/guests/mmacri/AMOSUM/benchmarks/GraphColouring/test-instances-gc/0037-graph_colouring-140-0_6720.asp,185,1430148196134,11253887501,21979437461,961,2891731359697,24287,8379704502189,1,120489167,0.082527,1204.946836801,1204.810526,1,117436,104092,146852,0.09773,1204.87,L3:0=fff;1=004,00300000,Thu Apr 2 11:27:40 AM UTC 2026,5409570_485,coppernode25
clingo /home/guests/mmacri/AMOSUM/benchmarks/GraphColouring/encoding-plain-amo.asp $instance,2,/home/guests/mmacri/AMOSUM/benchmarks/GraphColouring/test-instances-gc/0058-graph_colouring-150-0_1440.asp,286,2363237326,5786653,13374259,11,4494857795,6290,18071948739,0,187289,0.016018,1.873575972,1.857459,1,45376,32292,66700,0.023705,1.93218,L3:0=008;1=fff,000000c0,Thu Apr 2 11:47:44 AM UTC 2026,5409570_586,coppernode25
clingo /home/guests/mmacri/AMOSUM/benchmarks/GraphColouring/encoding-plain-amo.asp $instance,2,/home/guests/mmacri/AMOSUM/benchmarks/GraphColouring/test-instances-gc/0054-graph_colouring-150-0_4320.asp,268,1486564567960,9259540427,15930212422,3314,2891650878675,54640,10027636386850,1,120486610,0.115997,1204.950165845,1204.750812,1,160340,146868,186280,0.142464,1204.8,L3:0=002;1=fff,0000000c,Thu Apr 2 11:47:44 AM UTC 2026,5409570_568,coppernode23
clingo /home/guests/mmacri/AMOSUM/benchmarks/GraphColouring/encoding-plain-amo.asp $instance,2,/home/guests/mmacri/AMOSUM/benchmarks/GraphColouring/test-instances-gc/0004-graph_colouring-125-0_3600.asp,18,1468699671861,9540043604,16325847995,1383,2891220377698,37999,9792728431587,1,120468038,0.079999,1204.948342269,1204.601958,1,142272,128656,169912,0.096421,1204.66,L3:0=008;1=fff,000000c0,Thu Apr 2 11:07:34 AM UTC 2026,5409570_318,coppernode30
clingo /home/guests/mmacri/AMOSUM/benchmarks/GraphColouring/encoding-plain-amo.asp $instance,2,/home/guests/mmacri/AMOSUM/benchmarks/GraphColouring/test-instances-gc/0017-graph_colouring-130-0_1248.asp,81,588116192,1112772,2739933,15,1116176852,3869,4409946126,1,46513,0.008029,0.512978083,0.457688,1,35516,22696,56860,0.027796,0.516431,L3:0=004;1=fff,00000030,Thu Apr 2 11:27:38 AM UTC 2026,5409570_381,coppernode23
clingo /home/guests/mmacri/AMOSUM/benchmarks/GraphColouring/encoding-plain-amo.asp $instance,2,/home/guests/mmacri/AMOSUM/benchmarks/GraphColouring/test-instances-gc/0013-graph_colouring-130-0_6240.asp,65,1441473846647,11366420010,23303745918,943,2891709573411,23861,8229748534727,1,120488260,0.062742,1204.943441146,1204.820558,1,115512,102044,145096,0.097362,1204.87,L3:0=fff;1=008,00c00000,Thu Apr 2 11:27:38 AM UTC 2026,5409570_365,coppernode24
clingo /home/guests/mmacri/AMOSUM/benchmarks/GraphColouring/encoding-plain-amo.asp $instance,2,/home/guests/mmacri/AMOSUM/benchmarks/GraphColouring/test-instances-gc/0003-graph_colouring-125-0_2400.asp,12,1470786153932,8834595542,14992506536,2072,2891217108615,62190,10539013784020,1,120468143,0.151424,1204.949189294,1204.532869,1,150896,137284,173136,0.167238,1204.59,L3:0=002;1=fff,0000000c,Thu Apr 2 11:07:33 AM UTC 2026,5409570_312,coppernode21
clingo /home/guests/mmacri/AMOSUM/benchmarks/GraphColouring/encoding-plain-amo.asp $instance,2,/home/guests/mmacri/AMOSUM/benchmarks/GraphColouring/test-instances-gc/0001-graph_colouring-125-0_6000.asp,5,1382384120387,12360751694,24792832923,1022,2891784110128,21093,7978368438495,1,120491456,0.056873,1204.944439134,1204.859268,1,105180,91684,134040,0.075814,1204.92,L3:0=080;1=fff,0000c000,Thu Apr 2 11:07:33 AM UTC 2026,5409570_305,coppernode28
clingo /home/guests/mmacri/AMOSUM/benchmarks/GraphColouring/encoding-plain-amo.asp $instance,2,/home/guests/mmacri/AMOSUM/benchmarks/GraphColouring/test-instances-gc/0053-graph_colouring-150-0_2880.asp,262,1463522773334,8639045382,14922578404,1434,2891826021515,63638,10554149157625,1,120493358,0.175998,1204.95018586,1204.759161,1,165228,151612,186904,0.195084,1204.82,L3:0=002;1=fff,0000000c,Thu Apr 2 11:47:44 AM UTC 2026,5409570_562,coppernode29
clingo /home/guests/mmacri/AMOSUM/benchmarks/GraphColouring/encoding-plain-amo.asp $instance,2,/home/guests/mmacri/AMOSUM/benchmarks/GraphColouring/test-instances-gc/0043-graph_colouring-145-0_6960.asp,215,1393368495086,11705038049,23072181199,1024,2891802439112,23863,8187581801006,1,120492207,0.055999,1204.949934006,1204.867245,1,116124,102752,146276,0.075606,1204.92,L3:0=010;1=fff,00000300,Thu Apr 2 11:27:51 AM UTC 2026,5409570_515,coppernode23
clingo /home/guests/mmacri/AMOSUM/benchmarks/GraphColouring/encoding-plain-amo.asp $instance,2,/home/guests/mmacri/AMOSUM/benchmarks/GraphColouring/test-instances-gc/0031-graph_colouring-140-0_4032.asp,153,1497997524657,9268973066,15827303626,910,2891764376674,51999,10024733233021,1,120490580,0.092073,1204.948054247,1204.814291,1,153444,139844,179836,0.099771,1204.89,L3:0=080;1=fff,0000c000,Thu Apr 2 11:27:39 AM UTC 2026,5409570_453,coppernode28
clingo /home/guests/mmacri/AMOSUM/benchmarks/GraphColouring/encoding-plain-amo.asp $instance,2,/home/guests/mmacri/AMOSUM/benchmarks/GraphColouring/test-instances-gc/0025-graph_colouring-135-0_5184.asp,124,1480934693722,10345861321,18802916165,1108,2891729602691,29711,9056340565564,1,120489210,0.084,1204.941858931,1204.809828,1,138816,125248,169128,0.113588,1204.86,L3:0=020;1=fff,00000c00,Thu Apr 2 11:27:38 AM UTC 2026,5409570_424,coppernode25
clingo /home/guests/mmacri/AMOSUM/benchmarks/GraphColouring/encoding-plain-amo.asp $instance,2,/home/guests/mmacri/AMOSUM/benchmarks/GraphColouring/test-instances-gc/0032-graph_colouring-140-0_5376.asp,159,1473789104435,10357260810,18565616378,1120,2891712944352,33287,9085414419857,1,120488497,0.083999,1204.950734566,1204.802482,1,151600,138016,182420,0.096534,1204.87,L3:0=020;1=fff,00000c00,Thu Apr 2 11:27:39 AM UTC 2026,5409570_459,coppernode23
clingo /home/guests/mmacri/AMOSUM/benchmarks/GraphColouring/encoding-plain-amo.asp $instance,2,/home/guests/mmacri/AMOSUM/benchmarks/GraphColouring/test-instances-gc/0046-graph_colouring-145-0_2784.asp,227,1488648959543,8920648598,15491153335,1522,2891783165785,68960,10697647154289,1,120491647,0.159998,1204.9485259,1204.75826,1,157944,144344,180164,0.17561,1204.82,L3:0=002;1=fff,0000000c,Thu Apr 2 11:47:43 AM UTC 2026,5409570_527,coppernode22
clingo /home/guests/mmacri/AMOSUM/benchmarks/GraphColouring/encoding-plain-amo.asp $instance,2,/home/guests/mmacri/AMOSUM/benchmarks/GraphColouring/test-instances-gc/0050-graph_colouring-145-0_6960.asp,250,1385877473051,12112971452,23605560200,934,2891585971370,23412,8123321352336,1,120483164,0.067395,1204.942856749,1204.765505,1,114356,100936,144636,0.087084,1204.83,L3:0=fff;1=010,03000000,Thu Apr 2 11:47:43 AM UTC 2026,5409570_550,coppernode22
clingo /home/guests/mmacri/AMOSUM/benchmarks/GraphColouring/encoding-plain-amo.asp $instance,2,/home/guests/mmacri/AMOSUM/benchmarks/GraphColouring/test-instances-gc/0004-graph_colouring-125-0_6000.asp,20,1406927646270,11646807795,23544695182,1564,2891749349539,21507,8113819329309,1,120490114,0.041013,1204.94644719,1204.861484,1,106784,93344,136028,0.058567,1204.92,L3:0=fff;1=002,000c0000,Thu Apr 2 11:07:34 AM UTC 2026,5409570_320,coppernode27
clingo /home/guests/mmacri/AMOSUM/benchmarks/GraphColouring/encoding-plain-amo.asp $instance,2,/home/guests/mmacri/AMOSUM/benchmarks/GraphColouring/test-instances-gc/0012-graph_colouring-130-0_2496.asp,57,1487672609720,8772957130,15371630992,693,2891767324482,63272,10641425084445,1,120490723,0.12,1204.939741264,1204.78847,1,152484,138872,174416,0.141484,1204.86,L3:0=fff;1=040,30000000,Thu Apr 2 11:27:37 AM UTC 2026,5409570_357,coppernode21
"sh -c 'amoclingo -e=/home/guests/mmacri/AMOSUM/benchmarks/GraphColouring/encoding-amosum-eo.asp -l=true -m=minfly -lg=cpp -i=""$0""'",6,/home/guests/mmacri/AMOSUM/benchmarks/GraphColouring/test-instances-gc/0052-graph_colouring-150-0_5760.asp,259,1569605268003,14014703201,22881855585,1648,2891630148461,28148,8754410227869,2,120485090,0.104934,1204.954475703,1204.750362,1,122180,73048,159328,0.11906,1204.81,L3:0=080;1=fff,0000c000,Thu Apr 2 03:12:29 PM UTC 2026,5409570_1759,coppernode28
"sh -c 'amoclingo -e=/home/guests/mmacri/AMOSUM/benchmarks/GraphColouring/encoding-amosum-eo.asp -l=true -m=minfly -lg=cpp -i=""$0""'",6,/home/guests/mmacri/AMOSUM/benchmarks/GraphColouring/test-instances-gc/0051-graph_colouring-150-0_4320.asp,253,392482665776,23921228747,54756990671,1420,2891789087825,17246,3128078324312,2,120491707,0.074006,1204.954377245,1204.846403,1,79252,37640,113272,0.081936,1204.92,L3:0=080;1=fff,0000c000,Thu Apr 2 03:12:10 PM UTC 2026,5409570_1753,coppernode26
"sh -c 'amoclingo -e=/home/guests/mmacri/AMOSUM/benchmarks/GraphColouring/encoding-amosum-eo.asp -l=true -m=minfly -lg=cpp -i=""$0""'",6,/home/guests/mmacri/AMOSUM/benchmarks/GraphColouring/test-instances-gc/0045-graph_colouring-145-0_5568.asp,224,135006065284,3672648388,8335781018,1140,560408512836,17634,939805362767,4,23350588,0.069258,233.615831713,233.440385,1,81140,37048,115384,0.078467,233.508,L3:0=fff;1=010,03000000,Thu Apr 2 03:10:28 PM UTC 2026,5409570_1724,coppernode25
"sh -c 'amoclingo -e=/home/guests/mmacri/AMOSUM/benchmarks/GraphColouring/encoding-amosum-eo.asp -l=true -m=minfly -lg=cpp -i=""$0""'",6,/home/guests/mmacri/AMOSUM/benchmarks/GraphColouring/test-instances-gc/0026-graph_colouring-135-0_2592.asp,127,303205675814,17809902606,42094385075,1022,2165643744179,15753,2423005574381,4,90235489,0.06365,902.367756138,902.293992,1,73632,36304,107932,0.076263,902.359,L3:0=fff;1=010,03000000,Thu Apr 2 02:59:21 PM UTC 2026,5409570_1627,coppernode24
"sh -c 'amoclingo -e=/home/guests/mmacri/AMOSUM/benchmarks/GraphColouring/encoding-amosum-eo.asp -l=true -m=minfly -lg=cpp -i=""$0""'",6,/home/guests/mmacri/AMOSUM/benchmarks/GraphColouring/test-instances-gc/0030-graph_colouring-135-0_6480.asp,150,8584641066,30994269,68910072,483,14330041818,14417,47805946347,4,597204,0.05698,5.981761627,5.917115,1,69600,35456,103580,0.072749,5.9779,L3:0=004;1=fff,00000030,Thu Apr 2 03:01:46 PM UTC 2026,5409570_1650,coppernode29
"sh -c 'amoclingo -e=/home/guests/mmacri/AMOSUM/benchmarks/GraphColouring/encoding-amosum-eo.asp -l=true -m=minfly -lg=cpp -i=""$0""'",6,/home/guests/mmacri/AMOSUM/benchmarks/GraphColouring/test-instances-gc/0018-graph_colouring-130-0_1248.asp,86,401004197991,22313825236,53696909461,1212,2891847755116,16527,3213068646076,2,120494058,0.091123,1204.955156432,1204.851757,1,77684,35720,111740,0.114776,1204.9,L3:0=fff;1=008,00c00000,Thu Apr 2 02:57:01 PM UTC 2026,5409570_1586,coppernode29
"sh -c 'amoclingo -e=/home/guests/mmacri/AMOSUM/benchmarks/GraphColouring/encoding-amosum-eo.asp -l=true -m=minfly -lg=cpp -i=""$0""'",6,/home/guests/mmacri/AMOSUM/benchmarks/GraphColouring/test-instances-gc/0014-graph_colouring-130-0_3744.asp,68,387331954035,24460765944,55632641811,1171,2891847657059,16635,3112266525359,2,120494042,0.076312,1204.954220697,1204.866611,1,78168,35784,111764,0.103458,1204.92,L3:0=fff;1=008,00c00000,Thu Apr 2 02:55:36 PM UTC 2026,5409570_1568,coppernode27
"sh -c 'amoclingo -e=/home/guests/mmacri/AMOSUM/benchmarks/GraphColouring/encoding-amosum-eo.asp -l=true -m=minfly -lg=cpp -i=""$0""'",6,/home/guests/mmacri/AMOSUM/benchmarks/GraphColouring/test-instances-gc/0013-graph_colouring-130-0_2496.asp,62,786603458,4781126,12732536,627,2305209237,12770,4446915463,7,96173,0.045754,1.005730973,0.918447,1,62820,35456,96932,0.050669,0.989527,L3:0=004;1=fff,00000030,Thu Apr 2 02:55:25 PM UTC 2026,5409570_1562,coppernode28
"sh -c 'amoclingo -e=/home/guests/mmacri/AMOSUM/benchmarks/GraphColouring/encoding-amosum-eo.asp -l=true -m=minfly -lg=cpp -i=""$0""'",6,/home/guests/mmacri/AMOSUM/benchmarks/GraphColouring/test-instances-gc/0003-graph_colouring-125-0_6000.asp,15,644497132,4220744,10503637,468,1665832012,12235,3471280753,4,69515,0.063793,0.705539046,0.633298,1,49036,34992,77268,0.071724,0.702403,L3:0=002;1=fff,0000000c,Thu Apr 2 02:53:26 PM UTC 2026,5409570_1515,coppernode27
"sh -c 'amoclingo -e=/home/guests/mmacri/AMOSUM/benchmarks/GraphColouring/encoding-amosum-eo.asp -l=true -m=minfly -lg=cpp -i=""$0""'",6,/home/guests/mmacri/AMOSUM/benchmarks/GraphColouring/test-instances-gc/0002-graph_colouring-125-0_1200.asp,6,408855045201,22074509955,53243636576,1485,2891792152446,15982,3265978943120,2,120491870,0.055161,1204.955105387,1204.866838,1,76932,35264,110908,0.067662,1204.93,L3:0=010;1=fff,00000300,Thu Apr 2 02:53:21 PM UTC 2026,5409570_1506,coppernode26
"sh -c 'amoclingo -e=/home/guests/mmacri/AMOSUM/benchmarks/GraphColouring/encoding-amosum-eo.asp -l=true -m=minfly -lg=cpp -i=""$0""'",6,/home/guests/mmacri/AMOSUM/benchmarks/GraphColouring/test-instances-gc/0057-graph_colouring-150-0_7200.asp,285,6373239692,14648723,36188414,924,10207346936,14703,35189135172,4,425465,0.04962,4.357637891,4.208404,1,68236,37828,101864,0.062791,4.27178,L3:0=010;1=fff,00000300,Thu Apr 2 03:13:59 PM UTC 2026,5409570_1785,coppernode24
"sh -c 'amoclingo -e=/home/guests/mmacri/AMOSUM/benchmarks/GraphColouring/encoding-amosum-eo.asp -l=true -m=minfly -lg=cpp -i=""$0""'",6,/home/guests/mmacri/AMOSUM/benchmarks/GraphColouring/test-instances-gc/0044-graph_colouring-145-0_1392.asp,216,36847124942,571047762,1926324051,636,191142292358,14374,278565950200,4,7964412,0.060563,79.656789459,79.585907,1,66944,37280,101216,0.084309,79.639,L3:0=fff;1=002,000c0000,Thu Apr 2 03:09:29 PM UTC 2026,5409570_1716,coppernode23
"sh -c 'amoclingo -e=/home/guests/mmacri/AMOSUM/benchmarks/GraphColouring/encoding-amosum-eo.asp -l=true -m=minfly -lg=cpp -i=""$0""'",6,/home/guests/mmacri/AMOSUM/benchmarks/GraphColouring/test-instances-gc/0053-graph_colouring-150-0_1440.asp,261,374670491879,25988380139,57919039770,1184,2891850612035,16875,3020745575888,2,120494131,0.076322,1204.953718161,1204.867118,1,76600,37612,111116,0.098995,1204.92,L3:0=fff;1=008,00c00000,Thu Apr 2 03:12:37 PM UTC 2026,5409570_1761,coppernode30
"sh -c 'amoclingo -e=/home/guests/mmacri/AMOSUM/benchmarks/GraphColouring/encoding-amosum-eo.asp -l=true -m=minfly -lg=cpp -i=""$0""'",6,/home/guests/mmacri/AMOSUM/benchmarks/GraphColouring/test-instances-gc/0033-graph_colouring-140-0_2688.asp,162,406973758890,23572778223,55917989293,1494,2891540464449,16371,3250913204632,10,120481365,0.053854,1204.954841106,1204.762575,1,75788,36780,109704,0.085504,1204.81,L3:0=004;1=fff,00000030,Thu Apr 2 03:04:04 PM UTC 2026,5409570_1662,coppernode27
"sh -c 'amoclingo -e=/home/guests/mmacri/AMOSUM/benchmarks/GraphColouring/encoding-amosum-eo.asp -l=true -m=minfly -lg=cpp -i=""$0""'",6,/home/guests/mmacri/AMOSUM/benchmarks/GraphColouring/test-instances-gc/0023-graph_colouring-135-0_6480.asp,115,4465884815,10297171,27386435,482,7341193706,13685,24688121052,4,305981,0.064905,3.069618965,2.997161,1,66620,35780,100140,0.078365,3.06065,L3:0=fff;1=010,03000000,Thu Apr 2 02:58:11 PM UTC 2026,5409570_1615,coppernode28
"sh -c 'amoclingo -e=/home/guests/mmacri/AMOSUM/benchmarks/GraphColouring/encoding-amosum-eo.asp -l=true -m=minfly -lg=cpp -i=""$0""'",6,/home/guests/mmacri/AMOSUM/benchmarks/GraphColouring/test-instances-gc/0038-graph_colouring-140-0_1344.asp,186,373977682478,26518945649,57845250577,1156,2891864894352,16336,3010038394388,4,120494814,0.072891,1204.953935988,1204.877834,1,75868,36552,110000,0.086269,1204.94,L3:0=fff;1=010,03000000,Thu Apr 2 03:07:00 PM UTC 2026,5409570_1686,coppernode22
"sh -c 'amoclingo -e=/home/guests/mmacri/AMOSUM/benchmarks/GraphColouring/encoding-amosum-eo.asp -l=true -m=minfly -lg=cpp -i=""$0""'",6,/home/guests/mmacri/AMOSUM/benchmarks/GraphColouring/test-instances-gc/0034-graph_colouring-140-0_4032.asp,168,162984223422,7452893236,18651804359,1289,1077424373577,15235,1285090130286,6,44893013,0.06086,449.124181634,448.873286,1,72732,36848,106424,0.080871,448.931,L3:0=080;1=fff,0000c000,Thu Apr 2 03:04:41 PM UTC 2026,5409570_1668,coppernode26
"sh -c 'amoclingo -e=/home/guests/mmacri/AMOSUM/benchmarks/GraphColouring/encoding-amosum-eo.asp -l=true -m=minfly -lg=cpp -i=""$0""'",6,/home/guests/mmacri/AMOSUM/benchmarks/GraphColouring/test-instances-gc/0006-graph_colouring-125-0_2400.asp,27,812304076,4761111,12265374,472,2405494455,12689,4654801629,5,100326,0.033433,1.012139202,0.972063,1,62648,35188,96820,0.037403,1.04516,L3:0=fff;1=004,00300000,Thu Apr 2 02:54:10 PM UTC 2026,5409570_1527,coppernode24
"sh -c 'amoclingo -e=/home/guests/mmacri/AMOSUM/benchmarks/GraphColouring/encoding-amosum-eo.asp -l=true -m=minfly -lg=cpp -i=""$0""'",6,/home/guests/mmacri/AMOSUM/benchmarks/GraphColouring/test-instances-gc/0010-graph_colouring-125-0_6000.asp,50,627280928,4344835,11114785,630,1631977853,12126,3359832793,6,68124,0.056792,0.713594093,0.627259,1,47772,34924,76360,0.060728,0.699748,L3:0=040;1=fff,00003000,Thu Apr 2 02:54:56 PM UTC 2026,5409570_1550,coppernode24
"sh -c 'amoclingo -e=/home/guests/mmacri/AMOSUM/benchmarks/GraphColouring/encoding-amosum-eo.asp -l=true -m=minfly -lg=cpp -i=""$0""'",6,/home/guests/mmacri/AMOSUM/benchmarks/GraphColouring/test-instances-gc/0048-graph_colouring-145-0_6960.asp,240,795688321,4715233,11993159,504,2027021836,13167,4357570344,10,84575,0.042128,0.971108438,0.806187,1,51348,37040,79436,0.050053,0.875197,L3:0=080;1=fff,0000c000,Thu Apr 2 03:11:18 PM UTC 2026,5409570_1740,coppernode29
"sh -c 'amoclingo -e=/home/guests/mmacri/AMOSUM/benchmarks/GraphColouring/encoding-amosum-eo.asp -l=true -m=minfly -lg=cpp -i=""$0""'",6,/home/guests/mmacri/AMOSUM/benchmarks/GraphColouring/test-instances-gc/0048-graph_colouring-145-0_2784.asp,237,383463762442,25590806934,57235614345,1142,2891859182168,16642,3073899412604,2,120494611,0.049768,1204.95404431,1204.898947,1,76932,37044,110632,0.077434,1204.95,L3:0=fff;1=004,00300000,Thu Apr 2 03:11:12 PM UTC 2026,5409570_1737,coppernode21
"sh -c 'amoclingo -e=/home/guests/mmacri/AMOSUM/benchmarks/GraphColouring/encoding-amosum-eo.asp -l=true -m=minfly -lg=cpp -i=""$0""'",6,/home/guests/mmacri/AMOSUM/benchmarks/GraphColouring/test-instances-gc/0030-graph_colouring-135-0_5184.asp,149,1663895713026,11075447383,19373227257,1107,2891851299135,24162,9290650455143,2,120494186,0.061476,1204.953204404,1204.88306,1,107908,59488,144492,0.074857,1204.95,L3:0=fff;1=010,03000000,Thu Apr 2 03:01:46 PM UTC 2026,5409570_1649,coppernode27
"sh -c 'amoclingo -e=/home/guests/mmacri/AMOSUM/benchmarks/GraphColouring/encoding-amosum-eo.asp -l=true -m=minfly -lg=cpp -i=""$0""'",6,/home/guests/mmacri/AMOSUM/benchmarks/GraphColouring/test-instances-gc/0015-graph_colouring-130-0_1248.asp,71,387894315233,25136057650,56437317507,1523,2891847455812,16113,3123899661636,2,120494230,0.069228,1204.956301161,1204.876224,1,76196,35964,109856,0.077078,1204.94,L3:0=020;1=fff,00000c00,Thu Apr 2 02:55:50 PM UTC 2026,5409570_1571,coppernode22
"sh -c 'amoclingo -e=/home/guests/mmacri/AMOSUM/benchmarks/GraphColouring/encoding-amosum-eo.asp -l=true -m=minfly -lg=cpp -i=""$0""'",6,/home/guests/mmacri/AMOSUM/benchmarks/GraphColouring/test-instances-gc/0019-graph_colouring-130-0_6240.asp,95,714238041,4275403,10633552,480,1802309005,12456,3872531305,4,75192,0.064145,0.761753632,0.689818,1,48708,35456,77384,0.081619,0.750004,L3:0=fff;1=004,00300000,Thu Apr 2 02:57:28 PM UTC 2026,5409570_1595,coppernode28
"sh -c 'amoclingo -e=/home/guests/mmacri/AMOSUM/benchmarks/GraphColouring/encoding-amosum-eo.asp -l=true -m=minfly -lg=cpp -i=""$0""'",6,/home/guests/mmacri/AMOSUM/benchmarks/GraphColouring/test-instances-gc/0027-graph_colouring-135-0_5184.asp,134,1651311442952,11346633164,20495621424,1594,2891695316940,28952,9222163569633,2,120487792,0.09662,1204.981925317,1204.785239,1,125832,77544,161180,0.116391,1204.84,L3:0=008;1=fff,000000c0,Thu Apr 2 03:00:14 PM UTC 2026,5409570_1634,coppernode28
"sh -c 'amoclingo -e=/home/guests/mmacri/AMOSUM/benchmarks/GraphColouring/encoding-amosum-eo.asp -l=true -m=minfly -lg=cpp -i=""$0""'",6,/home/guests/mmacri/AMOSUM/benchmarks/GraphColouring/test-instances-gc/0029-graph_colouring-135-0_3888.asp,143,402195678265,24007169414,55565136301,1541,2891639933426,16477,3206866763595,2,120485466,0.076876,1204.95511138,1204.781646,1,77516,36228,110964,0.097161,1204.84,L3:0=fff;1=008,00c00000,Thu Apr 2 03:01:11 PM UTC 2026,5409570_1643,coppernode22
"sh -c 'amoclingo -e=/home/guests/mmacri/AMOSUM/benchmarks/GraphColouring/encoding-amosum-eo.asp -l=true -m=minfly -lg=cpp -i=""$0""'",6,/home/guests/mmacri/AMOSUM/benchmarks/GraphColouring/test-instances-gc/0041-graph_colouring-145-0_6960.asp,205,777139837,4591518,11562179,492,1975307864,13257,4228952137,4,82417,0.04979,0.83470728,0.776413,1,48492,37312,77388,0.063142,0.840094,L3:0=fff;1=002,000c0000,Thu Apr 2 03:08:50 PM UTC 2026,5409570_1705,coppernode25
"sh -c 'amoclingo -e=/home/guests/mmacri/AMOSUM/benchmarks/GraphColouring/encoding-amosum-eo.asp -l=true -m=minfly -lg=cpp -i=""$0""'",6,/home/guests/mmacri/AMOSUM/benchmarks/GraphColouring/test-instances-gc/0055-graph_colouring-150-0_2880.asp,272,387293079077,24379682123,54928242066,1229,2891843804033,16819,3084171536295,2,120493950,0.064667,1204.954472712,1204.877998,1,77348,37316,111076,0.068837,1204.95,L3:0=040;1=fff,00003000,Thu Apr 2 03:13:06 PM UTC 2026,5409570_1772,coppernode26
"sh -c 'amoclingo -e=/home/guests/mmacri/AMOSUM/benchmarks/GraphColouring/encoding-amosum-eo.asp -l=true -m=minfly -lg=cpp -i=""$0""'",6,/home/guests/mmacri/AMOSUM/benchmarks/GraphColouring/test-instances-gc/0056-graph_colouring-150-0_4320.asp,278,378418675835,26062069390,56434641217,1184,2891839845597,17051,3021945489150,4,120493826,0.082743,1204.954128132,1204.858375,1,78552,37020,112108,0.090634,1204.93,L3:0=040;1=fff,00003000,Thu Apr 2 03:13:25 PM UTC 2026,5409570_1778,coppernode22
"sh -c 'amoclingo -e=/home/guests/mmacri/AMOSUM/benchmarks/GraphColouring/encoding-amosum-eo.asp -l=true -m=minfly -lg=cpp -i=""$0""'",6,/home/guests/mmacri/AMOSUM/benchmarks/GraphColouring/test-instances-gc/0060-graph_colouring-150-0_1440.asp,296,105049030159,3762522900,9733677028,717,654930466725,15275,814386016605,4,27288954,0.052371,272.901043186,272.839707,1,70364,37844,104008,0.062448,272.906,L3:0=fff;1=020,0c000000,Thu Apr 2 03:14:23 PM UTC 2026,5409570_1796,coppernode26
"sh -c 'amoclingo -e=/home/guests/mmacri/AMOSUM/benchmarks/GraphColouring/encoding-amosum-eo.asp -l=true -m=minfly -lg=cpp -i=""$0""'",6,/home/guests/mmacri/AMOSUM/benchmarks/GraphColouring/test-instances-gc/0007-graph_colouring-125-0_4800.asp,34,45991138469,475730482,1347431767,564,150992906567,14524,310979539303,4,6291500,0.056677,62.927002449,62.860783,1,71388,34972,104952,0.08302,62.9113,L3:0=fff;1=080,c0000000,Thu Apr 2 02:54:16 PM UTC 2026,5409570_1534,coppernode30
"sh -c 'amoclingo -e=/home/guests/mmacri/AMOSUM/benchmarks/GraphColouring/encoding-amosum-eo.asp -l=true -m=minfly -lg=cpp -i=""$0""'",6,/home/guests/mmacri/AMOSUM/benchmarks/GraphColouring/test-instances-gc/0009-graph_colouring-125-0_3600.asp,43,969793627310,13646835171,31565429020,1172,2891861725981,22176,6531342897027,2,120494626,0.085366,1204.954931959,1204.863284,1,85324,36212,120296,0.101931,1204.92,L3:0=fff;1=008,00c00000,Thu Apr 2 02:54:32 PM UTC 2026,5409570_1543,coppernode28
"sh -c 'amoclingo -e=/home/guests/mmacri/AMOSUM/benchmarks/GraphColouring/encoding-amosum-eo.asp -l=true -m=minfly -lg=cpp -i=""$0""'",6,/home/guests/mmacri/AMOSUM/benchmarks/GraphColouring/test-instances-gc/0039-graph_colouring-140-0_6720.asp,195,679251461,4317911,10710460,492,1716486195,12979,3618258410,6,71633,0.043241,0.726094922,0.675317,1,48700,36772,77380,0.051169,0.744394,L3:0=002;1=fff,0000000c,Thu Apr 2 03:07:50 PM UTC 2026,5409570_1695,coppernode24
"sh -c 'amoclingo -e=/home/guests/mmacri/AMOSUM/benchmarks/GraphColouring/encoding-amosum-eo.asp -l=true -m=minfly -lg=cpp -i=""$0""'",6,/home/guests/mmacri/AMOSUM/benchmarks/GraphColouring/test-instances-gc/0035-graph_colouring-140-0_1344.asp,171,402042919602,24238930239,56673088375,1388,2891828181714,16396,3206898592081,2,120493376,0.069608,1204.9543513,1204.86655,1,75996,36304,110320,0.089288,1204.92,L3:0=004;1=fff,00000030,Thu Apr 2 03:05:24 PM UTC 2026,5409570_1671,coppernode24
"sh -c 'amoclingo -e=/home/guests/mmacri/AMOSUM/benchmarks/GraphColouring/encoding-amosum-eo.asp -l=true -m=minfly -lg=cpp -i=""$0""'",6,/home/guests/mmacri/AMOSUM/benchmarks/GraphColouring/test-instances-gc/0022-graph_colouring-135-0_1296.asp,106,192945278138,10048687545,24550203193,900,1355376230047,15398,1545609142819,4,56474332,0.068563,564.758778389,564.677112,1,73024,36512,107352,0.083676,564.739,L3:0=040;1=fff,00003000,Thu Apr 2 02:58:00 PM UTC 2026,5409570_1606,coppernode29
"sh -c 'amoclingo -e=/home/guests/mmacri/AMOSUM/benchmarks/GraphColouring/encoding-amosum-eo.asp -l=true -m=minfly -lg=cpp -i=""$0""'",6,/home/guests/mmacri/AMOSUM/benchmarks/GraphColouring/test-instances-gc/0010-graph_colouring-125-0_4800.asp,49,79531085472,884234676,2464762982,750,261719928747,14746,538486563696,4,10905157,0.066302,109.085430739,108.988096,1,72064,34932,105836,0.075268,109.056,L3:0=fff;1=040,30000000,Thu Apr 2 02:54:54 PM UTC 2026,5409570_1549,coppernode27
"sh -c 'amoclingo -e=/home/guests/mmacri/AMOSUM/benchmarks/GraphColouring/encoding-amosum-eo.asp -l=true -m=minfly -lg=cpp -i=""$0""'",6,/home/guests/mmacri/AMOSUM/benchmarks/GraphColouring/test-instances-gc/0009-graph_colouring-125-0_4800.asp,44,52762821018,582563813,1644398549,580,175308623982,14737,358819328902,6,7304671,0.088276,73.058634105,72.960776,1,71892,35232,105244,0.109977,73.016,L3:0=020;1=fff,00000c00,Thu Apr 2 02:54:35 PM UTC 2026,5409570_1544,coppernode22
"sh -c 'amoclingo -e=/home/guests/mmacri/AMOSUM/benchmarks/GraphColouring/encoding-amosum-eo.asp -l=true -m=minfly -lg=cpp -i=""$0""'",6,/home/guests/mmacri/AMOSUM/benchmarks/GraphColouring/test-instances-gc/0007-graph_colouring-125-0_3600.asp,33,1219359697187,12303681484,27862014853,947,2891945945876,45738,7549210224002,2,120498108,0.149288,1204.985753326,1204.834431,1,193304,144640,227764,0.161153,1204.9,L3:0=fff;1=040,30000000,Thu Apr 2 02:54:16 PM UTC 2026,5409570_1533,coppernode22
"sh -c 'amoclingo -e=/home/guests/mmacri/AMOSUM/benchmarks/GraphColouring/encoding-amosum-eo.asp -l=true -m=minfly -lg=cpp -i=""$0""'",6,/home/guests/mmacri/AMOSUM/benchmarks/GraphColouring/test-instances-gc/0039-graph_colouring-140-0_2688.asp,192,394561597108,22746398399,53385416610,3701,2891505498792,16581,3161047985704,2,120480509,0.06691,1204.954236342,1204.740875,1,76488,36776,110524,0.087375,1204.8,L3:0=fff;1=004,00300000,Thu Apr 2 03:07:39 PM UTC 2026,5409570_1692,coppernode28
"sh -c 'amoclingo -e=/home/guests/mmacri/AMOSUM/benchmarks/GraphColouring/encoding-amosum-eo.asp -l=true -m=minfly -lg=cpp -i=""$0""'",6,/home/guests/mmacri/AMOSUM/benchmarks/GraphColouring/test-instances-gc/0040-graph_colouring-140-0_4032.asp,198,373650117491,26571854338,58566009448,1360,2891799202939,16578,3014701795936,2,120492143,0.075919,1204.954256238,1204.848502,1,76736,37044,110548,0.080911,1204.92,L3:0=fff;1=008,00c00000,Thu Apr 2 03:08:01 PM UTC 2026,5409570_1698,coppernode21
"sh -c 'amoclingo -e=/home/guests/mmacri/AMOSUM/benchmarks/GraphColouring/encoding-amosum-eo.asp -l=true -m=minfly -lg=cpp -i=""$0""'",6,/home/guests/mmacri/AMOSUM/benchmarks/GraphColouring/test-instances-gc/0021-graph_colouring-135-0_1296.asp,101,398574947882,24186334670,56196640643,1211,2891763323536,16199,3187865283884,6,120490595,0.048159,1204.954555372,1204.860817,1,75444,36256,109892,0.060722,1204.93,L3:0=040;1=fff,00003000,Thu Apr 2 02:57:40 PM UTC 2026,5409570_1601,coppernode25
"sh -c 'amoclingo -e=/home/guests/mmacri/AMOSUM/benchmarks/GraphColouring/encoding-amosum-eo.asp -l=true -m=minfly -lg=cpp -i=""$0""'",6,/home/guests/mmacri/AMOSUM/benchmarks/GraphColouring/test-instances-gc/0036-graph_colouring-140-0_1344.asp,176,390574430468,24142145632,55320583039,2425,2891800813585,16577,3126731694961,2,120492527,0.043925,1204.953989968,1204.885122,1,76620,36756,110764,0.069846,1204.94,L3:0=fff;1=002,000c0000,Thu Apr 2 03:06:10 PM UTC 2026,5409570_1676,coppernode22
"sh -c 'amoclingo -e=/home/guests/mmacri/AMOSUM/benchmarks/GraphColouring/encoding-amosum-eo.asp -l=true -m=minfly -lg=cpp -i=""$0""'",6,/home/guests/mmacri/AMOSUM/benchmarks/GraphColouring/test-instances-gc/0008-graph_colouring-125-0_4800.asp,39,45805175890,543853610,1518919310,561,156375826760,14623,311754014395,4,6515802,0.044004,65.170432932,65.116209,1,71752,35248,105972,0.062313,65.1749,L3:0=008;1=fff,000000c0,Thu Apr 2 02:54:29 PM UTC 2026,5409570_1539,coppernode24
"sh -c 'amoclingo -e=/home/guests/mmacri/AMOSUM/benchmarks/GraphColouring/encoding-amosum-eo.asp -l=true -m=minfly -lg=cpp -i=""$0""'",6,/home/guests/mmacri/AMOSUM/benchmarks/GraphColouring/test-instances-gc/0055-graph_colouring-150-0_7200.asp,275,8206708383,40148791,83317284,656,14267977844,15764,45686556950,4,594623,0.070292,5.978647805,5.878333,1,73596,37308,107120,0.088004,5.93794,L3:0=008;1=fff,000000c0,Thu Apr 2 03:13:16 PM UTC 2026,5409570_1775,coppernode21
"sh -c 'amoclingo -e=/home/guests/mmacri/AMOSUM/benchmarks/GraphColouring/encoding-amosum-eo.asp -l=true -m=minfly -lg=cpp -i=""$0""'",6,/home/guests/mmacri/AMOSUM/benchmarks/GraphColouring/test-instances-gc/0041-graph_colouring-145-0_2784.asp,202,373259850065,25004183083,56146554359,1201,2891849508859,16921,3006441922946,2,120494240,0.072941,1204.953771568,1204.872272,1,78160,37048,111580,0.08205,1204.94,L3:0=080;1=fff,0000c000,Thu Apr 2 03:08:37 PM UTC 2026,5409570_1702,coppernode25
"sh -c 'amoclingo -e=/home/guests/mmacri/AMOSUM/benchmarks/GraphColouring/encoding-amosum-eo.asp -l=true -m=minfly -lg=cpp -i=""$0""'",6,/home/guests/mmacri/AMOSUM/benchmarks/GraphColouring/test-instances-gc/0059-graph_colouring-150-0_1440.asp,291,375795727033,26478019568,58787976627,1328,2891800453362,16712,3024753953506,2,120492093,0.076164,1204.95409387,1204.848261,1,76016,37568,110276,0.086085,1204.92,L3:0=fff;1=080,c0000000,Thu Apr 2 03:14:09 PM UTC 2026,5409570_1791,coppernode28
"sh -c 'amoclingo -e=/home/guests/mmacri/AMOSUM/benchmarks/GraphColouring/encoding-amosum-eo.asp -l=true -m=minfly -lg=cpp -i=""$0""'",6,/home/guests/mmacri/AMOSUM/benchmarks/GraphColouring/test-instances-gc/0042-graph_colouring-145-0_4176.asp,208,265957483670,14032514910,34381765519,1151,1833828489472,15998,2109675520848,4,76409889,0.067778,764.13533746,764.034314,1,74388,37016,107804,0.08519,764.093,L3:0=080;1=fff,0000c000,Thu Apr 2 03:08:57 PM UTC 2026,5409570_1708,coppernode23
"sh -c 'amoclingo -e=/home/guests/mmacri/AMOSUM/benchmarks/GraphColouring/encoding-amosum-eo.asp -l=true -m=minfly -lg=cpp -i=""$0""'",6,/home/guests/mmacri/AMOSUM/benchmarks/GraphColouring/test-instances-gc/0028-graph_colouring-135-0_5184.asp,139,1707488613966,9736478926,17613506306,1318,2891791446370,24210,9545544804542,2,120491731,0.102946,1204.953605854,1204.817763,1,108448,59444,144728,0.122883,1204.88,L3:0=fff;1=040,30000000,Thu Apr 2 03:00:39 PM UTC 2026,5409570_1639,coppernode24
"sh -c 'amoclingo -e=/home/guests/mmacri/AMOSUM/benchmarks/GraphColouring/encoding-amosum-eo.asp -l=true -m=minfly -lg=cpp -i=""$0""'",6,/home/guests/mmacri/AMOSUM/benchmarks/GraphColouring/test-instances-gc/0020-graph_colouring-130-0_3744.asp,98,435886122690,19757505465,50264440885,2364,2891751341574,16218,3428158839538,4,120490515,0.054194,1204.955824423,1204.855631,1,76852,35728,110740,0.06999,1204.92,L3:0=002;1=fff,0000000c,Thu Apr 2 02:57:30 PM UTC 2026,5409570_1598,coppernode25
"sh -c 'amoclingo -e=/home/guests/mmacri/AMOSUM/benchmarks/GraphColouring/encoding-amosum-eo.asp -l=true -m=minfly -lg=cpp -i=""$0""'",6,/home/guests/mmacri/AMOSUM/benchmarks/GraphColouring/test-instances-gc/0016-graph_colouring-130-0_1248.asp,76,420843046987,19445074845,49376262256,1731,2891831647174,16429,3345405460950,2,120493506,0.074683,1204.954857265,1204.863398,1,77504,36028,110984,0.083024,1204.93,L3:0=fff;1=002,000c0000,Thu Apr 2 02:56:08 PM UTC 2026,5409570_1576,coppernode30
"sh -c 'amoclingo -e=/home/guests/mmacri/AMOSUM/benchmarks/GraphColouring/encoding-amosum-eo.asp -l=true -m=minfly -lg=cpp -i=""$0""'",6,/home/guests/mmacri/AMOSUM/benchmarks/GraphColouring/test-instances-gc/0019-graph_colouring-130-0_2496.asp,92,615115853,4271616,10492306,473,1618573895,12593,3260141862,5,67539,0.041332,0.684961861,0.636299,1,48760,35512,77388,0.062888,0.691834,L3:0=fff;1=010,03000000,Thu Apr 2 02:57:19 PM UTC 2026,5409570_1592,coppernode24
"sh -c 'amoclingo -e=/home/guests/mmacri/AMOSUM/benchmarks/GraphColouring/encoding-amosum-eo.asp -l=true -m=minfly -lg=cpp -i=""$0""'",6,/home/guests/mmacri/AMOSUM/benchmarks/GraphColouring/test-instances-gc/0029-graph_colouring-135-0_5184.asp,144,1667249168406,11217344388,19587780523,1590,2891619019236,23592,9313488683717,4,120484608,0.086674,1204.954562143,1204.76332,1,106132,56884,142080,0.094575,1204.83,L3:0=020;1=fff,00000c00,Thu Apr 2 03:01:12 PM UTC 2026,5409570_1644,coppernode27
"sh -c 'amoclingo -e=/home/guests/mmacri/AMOSUM/benchmarks/GraphColouring/encoding-amosum-eo.asp -l=true -m=minfly -lg=cpp -i=""$0""'",6,/home/guests/mmacri/AMOSUM/benchmarks/GraphColouring/test-instances-gc/0027-graph_colouring-135-0_3888.asp,133,159459558117,7453335121,18707269642,837,1067331230872,15236,1262011459246,6,44472399,0.064835,444.736739869,444.661671,1,71444,36252,105752,0.082401,444.721,L3:0=010;1=fff,00000300,Thu Apr 2 02:59:38 PM UTC 2026,5409570_1633,coppernode27
"sh -c 'amoclingo -e=/home/guests/mmacri/AMOSUM/benchmarks/GraphColouring/encoding-amosum-eo.asp -l=true -m=minfly -lg=cpp -i=""$0""'",6,/home/guests/mmacri/AMOSUM/benchmarks/GraphColouring/test-instances-gc/0046-graph_colouring-145-0_6960.asp,230,713285215,4606061,11628157,652,1822413218,13257,3810447803,4,76058,0.052583,0.790677332,0.710647,1,51352,37572,79428,0.070257,0.770117,L3:0=fff;1=020,0c000000,Thu Apr 2 03:10:52 PM UTC 2026,5409570_1730,coppernode27
"sh -c 'amoclingo -e=/home/guests/mmacri/AMOSUM/benchmarks/GraphColouring/encoding-amosum-eo.asp -l=true -m=minfly -lg=cpp -i=""$0""'",6,/home/guests/mmacri/AMOSUM/benchmarks/GraphColouring/test-instances-gc/0050-graph_colouring-145-0_2784.asp,247,391012173671,24750498843,55698213452,1802,2891821983376,16499,3118562502337,2,120493283,0.067635,1204.954340784,1204.869248,1,76284,37044,110116,0.08741,1204.93,L3:0=fff;1=002,000c0000,Thu Apr 2 03:11:37 PM UTC 2026,5409570_1747,coppernode21
"sh -c 'amoclingo -e=/home/guests/mmacri/AMOSUM/benchmarks/GraphColouring/encoding-amosum-eo.asp -l=true -m=minfly -lg=cpp -i=""$0""'",6,/home/guests/mmacri/AMOSUM/benchmarks/GraphColouring/test-instances-gc/0023-graph_colouring-135-0_2592.asp,112,196581238108,5251346618,14990874889,794,1139938662535,15437,1517499786008,5,47497693,0.077405,474.985473295,474.901801,1,72408,35984,105892,0.097257,474.959,L3:0=fff;1=020,0c000000,Thu Apr 2 02:58:07 PM UTC 2026,5409570_1612,coppernode28
"sh -c 'amoclingo -e=/home/guests/mmacri/AMOSUM/benchmarks/GraphColouring/encoding-amosum-eo.asp -l=true -m=minfly -lg=cpp -i=""$0""'",6,/home/guests/mmacri/AMOSUM/benchmarks/GraphColouring/test-instances-gc/0033-graph_colouring-140-0_6720.asp,165,695858775,4504765,11653049,913,1776079274,12994,3729998503,4,74164,0.06151,0.856569142,0.68348,1,50820,36776,79448,0.074894,0.747283,L3:0=080;1=fff,0000c000,Thu Apr 2 03:04:16 PM UTC 2026,5409570_1665,coppernode29
"sh -c 'amoclingo -e=/home/guests/mmacri/AMOSUM/benchmarks/GraphColouring/encoding-amosum-eo.asp -l=true -m=minfly -lg=cpp -i=""$0""'",6,/home/guests/mmacri/AMOSUM/benchmarks/GraphColouring/test-instances-gc/0024-graph_colouring-135-0_3888.asp,118,395319593729,25007093132,56509236090,1850,2891820357527,16179,3156595674810,2,120493128,0.044174,1204.955151529,1204.890173,1,75372,36320,109644,0.056619,1204.95,L3:0=fff;1=002,000c0000,Thu Apr 2 02:58:28 PM UTC 2026,5409570_1618,coppernode26
"sh -c 'amoclingo -e=/home/guests/mmacri/AMOSUM/benchmarks/GraphColouring/encoding-amosum-eo.asp -l=true -m=minfly -lg=cpp -i=""$0""'",6,/home/guests/mmacri/AMOSUM/benchmarks/GraphColouring/test-instances-gc/0037-graph_colouring-140-0_1344.asp,181,391792226159,23123974404,53470415675,1404,2891834161647,16817,3142060529319,4,120493609,0.082629,1204.954355616,1204.856028,1,78724,36516,112744,0.104784,1204.91,L3:0=008;1=fff,000000c0,Thu Apr 2 03:06:48 PM UTC 2026,5409570_1681,coppernode27
"sh -c 'amoclingo -e=/home/guests/mmacri/AMOSUM/benchmarks/GraphColouring/encoding-amosum-eo.asp -l=true -m=minfly -lg=cpp -i=""$0""'",6,/home/guests/mmacri/AMOSUM/benchmarks/GraphColouring/test-instances-gc/0012-graph_colouring-130-0_2496.asp,57,21689566385,123480395,487029012,528,97696968433,13917,157463149786,5,4070834,0.059928,40.717869154,40.650739,1,67628,35516,100936,0.079588,40.7074,L3:0=010;1=fff,00000300,Thu Apr 2 02:55:16 PM UTC 2026,5409570_1557,coppernode28
"sh -c 'amoclingo -e=/home/guests/mmacri/AMOSUM/benchmarks/GraphColouring/encoding-amosum-eo.asp -l=true -m=minfly -lg=cpp -i=""$0""'",6,/home/guests/mmacri/AMOSUM/benchmarks/GraphColouring/test-instances-gc/0004-graph_colouring-125-0_6000.asp,20,620822641,4209531,10349838,474,1598792703,12251,3311165710,4,66727,0.033299,0.678200309,0.636227,1,48772,35256,77380,0.064907,0.681343,L3:0=080;1=fff,0000c000,Thu Apr 2 02:53:55 PM UTC 2026,5409570_1520,coppernode27
"sh -c 'amoclingo -e=/home/guests/mmacri/AMOSUM/benchmarks/GraphColouring/encoding-amosum-eo.asp -l=true -m=minfly -lg=cpp -i=""$0""'",6,/home/guests/mmacri/AMOSUM/benchmarks/GraphColouring/test-instances-gc/0001-graph_colouring-125-0_1200.asp,1,1705545286,8056093,24462494,483,6105198320,12957,11008145589,4,254495,0.063415,2.55575347,2.483686,1,62560,35172,96876,0.07677,2.54732,L3:0=020;1=fff,00000c00,Thu Apr 2 02:53:16 PM UTC 2026,5409570_1501,coppernode22
"sh -c 'amoclingo -e=/home/guests/mmacri/AMOSUM/benchmarks/GraphColouring/encoding-amosum-eo.asp -l=true -m=minfly -lg=cpp -i=""$0""'",6,/home/guests/mmacri/AMOSUM/benchmarks/GraphColouring/test-instances-gc/0057-graph_colouring-150-0_2880.asp,282,68945120558,1920304645,5567700677,650,406929948508,15119,533202313328,4,16955577,0.065602,169.565413252,169.492578,1,69836,37812,103636,0.083179,169.552,L3:0=fff;1=004,00300000,Thu Apr 2 03:13:30 PM UTC 2026,5409570_1782,coppernode22
"sh -c 'amoclingo -e=/home/guests/mmacri/AMOSUM/benchmarks/GraphColouring/encoding-amosum-eo.asp -l=true -m=minfly -lg=cpp -i=""$0""'",6,/home/guests/mmacri/AMOSUM/benchmarks/GraphColouring/test-instances-gc/0054-graph_colouring-150-0_1440.asp,266,374083424972,25733165261,56754037897,2206,2891795541865,16845,3009339612508,2,120492190,0.04998,1204.954266142,1204.87615,1,76652,37628,110816,0.077583,1204.93,L3:0=fff;1=002,000c0000,Thu Apr 2 03:12:53 PM UTC 2026,5409570_1766,coppernode29
"sh -c 'amoclingo -e=/home/guests/mmacri/AMOSUM/benchmarks/GraphColouring/encoding-amosum-eo.asp -l=true -m=minfly -lg=cpp -i=""$0""'",6,/home/guests/mmacri/AMOSUM/benchmarks/GraphColouring/test-instances-gc/0043-graph_colouring-145-0_1392.asp,211,172951925279,9599597253,22156440539,1043,1216698273739,15700,1373012549697,4,50696066,0.061954,506.99756171,506.901671,1,73164,37360,106516,0.081777,506.959,L3:0=020;1=fff,00000c00,Thu Apr 2 03:09:19 PM UTC 2026,5409570_1711,coppernode24
"sh -c 'amoclingo -e=/home/guests/mmacri/AMOSUM/benchmarks/GraphColouring/encoding-amosum-eo.asp -l=true -m=minfly -lg=cpp -i=""$0""'",6,/home/guests/mmacri/AMOSUM/benchmarks/GraphColouring/test-instances-gc/0058-graph_colouring-150-0_4320.asp,288,373180126715,26205515064,56400806352,1134,2891854469770,16912,2980837991026,2,120494315,0.070127,1204.955494701,1204.875168,1,77884,37640,111996,0.093743,1204.93,L3:0=fff;1=008,00c00000,Thu Apr 2 03:14:06 PM UTC 2026,5409570_1788,coppernode26
"sh -c 'amoclingo -e=/home/guests/mmacri/AMOSUM/benchmarks/GraphColouring/encoding-amosum-eo.asp -l=true -m=minfly -lg=cpp -i=""$0""'",6,/home/guests/mmacri/AMOSUM/benchmarks/GraphColouring/test-instances-gc/0032-graph_colouring-140-0_2688.asp,157,30015160837,360783787,1304947890,561,152637598801,13983,226417463659,4,6360025,0.066006,63.612337797,63.536749,1,66448,37016,99720,0.084185,63.5954,L3:0=fff;1=080,c0000000,Thu Apr 2 03:03:07 PM UTC 2026,5409570_1657,coppernode23
"sh -c 'amoclingo -e=/home/guests/mmacri/AMOSUM/benchmarks/GraphColouring/encoding-amosum-eo.asp -l=true -m=minfly -lg=cpp -i=""$0""'",6,/home/guests/mmacri/AMOSUM/benchmarks/GraphColouring/test-instances-gc/0024-graph_colouring-135-0_6480.asp,120,4181467137,20313201,45688111,489,7613152949,14659,23327024649,6,317322,0.03636,3.18357101,3.139159,1,69416,36248,103688,0.04567,3.2071,L3:0=002;1=fff,0000000c,Thu Apr 2 02:58:37 PM UTC 2026,5409570_1620,coppernode29
"sh -c 'amoclingo -e=/home/guests/mmacri/AMOSUM/benchmarks/GraphColouring/encoding-amosum-eo.asp -l=true -m=minfly -lg=cpp -i=""$0""'",6,/home/guests/mmacri/AMOSUM/benchmarks/GraphColouring/test-instances-gc/0004-graph_colouring-125-0_3600.asp,18,981730343906,13694717292,31085931107,1687,2891469656238,22090,6580677312240,8,120478442,0.070073,1204.955067184,1204.718053,1,85604,36984,120860,0.097229,1204.77,L3:0=010;1=fff,00000300,Thu Apr 2 02:53:54 PM UTC 2026,5409570_1518,coppernode24
"sh -c 'amoclingo -e=/home/guests/mmacri/AMOSUM/benchmarks/GraphColouring/encoding-amosum-eo.asp -l=true -m=minfly -lg=cpp -i=""$0""'",6,/home/guests/mmacri/AMOSUM/benchmarks/GraphColouring/test-instances-gc/0017-graph_colouring-130-0_1248.asp,81,387233310724,25446002606,57469179355,1271,2891853431542,16124,3112889995956,2,120494397,0.053649,1204.954775469,1204.89327,1,76116,35728,109908,0.073294,1204.95,L3:0=004;1=fff,00000030,Thu Apr 2 02:56:28 PM UTC 2026,5409570_1581,coppernode25
"sh -c 'amoclingo -e=/home/guests/mmacri/AMOSUM/benchmarks/GraphColouring/encoding-amosum-eo.asp -l=true -m=minfly -lg=cpp -i=""$0""'",6,/home/guests/mmacri/AMOSUM/benchmarks/GraphColouring/test-instances-gc/0003-graph_colouring-125-0_2400.asp,12,715645967,4477175,11469571,474,2024376275,12539,3977392675,5,84461,0.029986,0.854842842,0.816637,1,48772,34992,77392,0.047528,0.875945,L3:0=002;1=fff,0000000c,Thu Apr 2 02:53:24 PM UTC 2026,5409570_1512,coppernode27
"sh -c 'amoclingo -e=/home/guests/mmacri/AMOSUM/benchmarks/GraphColouring/encoding-amosum-eo.asp -l=true -m=minfly -lg=cpp -i=""$0""'",6,/home/guests/mmacri/AMOSUM/benchmarks/GraphColouring/test-instances-gc/0013-graph_colouring-130-0_6240.asp,65,671012873,4293615,10750303,474,1740014140,12383,3632007327,4,72612,0.044519,0.736453785,0.683718,1,48700,35452,77380,0.052435,0.752655,L3:0=008;1=fff,000000c0,Thu Apr 2 02:55:34 PM UTC 2026,5409570_1565,coppernode24
"sh -c 'amoclingo -e=/home/guests/mmacri/AMOSUM/benchmarks/GraphColouring/encoding-amosum-eo.asp -l=true -m=minfly -lg=cpp -i=""$0""'",6,/home/guests/mmacri/AMOSUM/benchmarks/GraphColouring/test-instances-gc/0046-graph_colouring-145-0_5568.asp,229,89424838861,2345770163,5353470159,1121,369515602733,17137,623092517763,4,15396729,0.071361,154.07884762,153.899553,1,78120,37608,112972,0.079267,153.968,L3:0=040;1=fff,00003000,Thu Apr 2 03:10:51 PM UTC 2026,5409570_1729,coppernode22
"sh -c 'amoclingo -e=/home/guests/mmacri/AMOSUM/benchmarks/GraphColouring/encoding-amosum-eo.asp -l=true -m=minfly -lg=cpp -i=""$0""'",6,/home/guests/mmacri/AMOSUM/benchmarks/GraphColouring/test-instances-gc/0045-graph_colouring-145-0_4176.asp,223,397596337324,23306125366,54069153196,1924,2891800549524,16776,3162433058092,2,120492314,0.060551,1204.954295591,1204.866223,1,77380,37036,111188,0.070404,1204.93,L3:0=fff;1=002,000c0000,Thu Apr 2 03:10:18 PM UTC 2026,5409570_1723,coppernode24
"sh -c 'amoclingo -e=/home/guests/mmacri/AMOSUM/benchmarks/GraphColouring/encoding-amosum-eo.asp -l=true -m=minfly -lg=cpp -i=""$0""'",6,/home/guests/mmacri/AMOSUM/benchmarks/GraphColouring/test-instances-gc/0051-graph_colouring-150-0_5760.asp,254,1658613466276,11151925354,19297782586,1351,2891839236216,30097,9259842709585,6,120493723,0.094131,1204.980615671,1204.846277,1,128796,80340,165712,0.115131,1204.9,L3:0=fff;1=004,00300000,Thu Apr 2 03:12:11 PM UTC 2026,5409570_1754,coppernode25
"sh -c 'amoclingo -e=/home/guests/mmacri/AMOSUM/benchmarks/GraphColouring/encoding-amosum-eo.asp -l=true -m=minfly -lg=cpp -i=""$0""'",6,/home/guests/mmacri/AMOSUM/benchmarks/GraphColouring/test-instances-gc/0032-graph_colouring-140-0_5376.asp,159,62503639114,1288513020,3083340646,636,238877277456,16417,432770291822,6,9953391,0.061274,99.626077132,99.47511,1,76092,37036,110536,0.077015,99.5359,L3:0=004;1=fff,00000030,Thu Apr 2 03:03:42 PM UTC 2026,5409570_1659,coppernode24
"sh -c 'amoclingo -e=/home/guests/mmacri/AMOSUM/benchmarks/GraphColouring/encoding-amosum-eo.asp -l=true -m=minfly -lg=cpp -i=""$0""'",6,/home/guests/mmacri/AMOSUM/benchmarks/GraphColouring/test-instances-gc/0004-graph_colouring-125-0_1200.asp,16,10631333854,50233994,186905592,519,45564032108,13386,76089029097,5,1898626,0.048529,18.996492199,18.939804,1,65668,35196,99676,0.072883,18.9923,L3:0=002;1=fff,0000000c,Thu Apr 2 02:53:27 PM UTC 2026,5409570_1516,coppernode27
"sh -c 'amoclingo -e=/home/guests/mmacri/AMOSUM/benchmarks/GraphColouring/encoding-amosum-eo.asp -l=true -m=minfly -lg=cpp -i=""$0""'",6,/home/guests/mmacri/AMOSUM/benchmarks/GraphColouring/test-instances-gc/0013-graph_colouring-130-0_1248.asp,61,785795254,4696582,12130554,495,2292544434,12775,4442616897,2,95627,0.095196,0.968976365,0.863249,1,48708,35456,77268,0.111081,0.924454,L3:0=004;1=fff,00000030,Thu Apr 2 02:55:24 PM UTC 2026,5409570_1561,coppernode28
"sh -c 'amoclingo -e=/home/guests/mmacri/AMOSUM/benchmarks/GraphColouring/encoding-amosum-eo.asp -l=true -m=minfly -lg=cpp -i=""$0""'",6,/home/guests/mmacri/AMOSUM/benchmarks/GraphColouring/test-instances-gc/0017-graph_colouring-130-0_6240.asp,85,637012013,4238471,10461037,480,1628169633,12522,3384567946,4,67940,0.045441,0.691307938,0.635997,1,48768,35780,77384,0.057322,0.701014,L3:0=fff;1=008,00c00000,Thu Apr 2 02:56:59 PM UTC 2026,5409570_1585,coppernode29
"sh -c 'amoclingo -e=/home/guests/mmacri/AMOSUM/benchmarks/GraphColouring/encoding-amosum-eo.asp -l=true -m=minfly -lg=cpp -i=""$0""'",6,/home/guests/mmacri/AMOSUM/benchmarks/GraphColouring/test-instances-gc/0031-graph_colouring-140-0_4032.asp,153,139297574944,5968918589,15527068524,1226,905810556351,15133,1098647574911,6,37742433,0.061815,377.550057565,377.36603,1,71252,36284,105296,0.077593,377.427,L3:0=080;1=fff,0000c000,Thu Apr 2 03:02:39 PM UTC 2026,5409570_1653,coppernode23
"sh -c 'amoclingo -e=/home/guests/mmacri/AMOSUM/benchmarks/GraphColouring/encoding-amosum-eo.asp -l=true -m=minfly -lg=cpp -i=""$0""'",6,/home/guests/mmacri/AMOSUM/benchmarks/GraphColouring/test-instances-gc/0025-graph_colouring-135-0_5184.asp,124,1640012814504,11841074285,20847981398,1548,2891610808648,26717,9155512466254,6,120484213,0.080912,1204.982296154,1204.764749,1,117016,69048,153604,0.102548,1204.82,L3:0=fff;1=008,00c00000,Thu Apr 2 02:59:04 PM UTC 2026,5409570_1624,coppernode24
"sh -c 'amoclingo -e=/home/guests/mmacri/AMOSUM/benchmarks/GraphColouring/encoding-amosum-eo.asp -l=true -m=minfly -lg=cpp -i=""$0""'",6,/home/guests/mmacri/AMOSUM/benchmarks/GraphColouring/test-instances-gc/0046-graph_colouring-145-0_2784.asp,227,83030459467,3320025921,8271853009,818,532555156749,15075,646507167315,4,22189982,0.039897,221.930113228,221.862783,1,69872,37580,103764,0.051809,221.928,L3:0=fff;1=020,0c000000,Thu Apr 2 03:10:41 PM UTC 2026,5409570_1727,coppernode26
"sh -c 'amoclingo -e=/home/guests/mmacri/AMOSUM/benchmarks/GraphColouring/encoding-amosum-eo.asp -l=true -m=minfly -lg=cpp -i=""$0""'",6,/home/guests/mmacri/AMOSUM/benchmarks/GraphColouring/test-instances-gc/0050-graph_colouring-145-0_6960.asp,250,808273778,4705575,12075402,645,2011028727,13199,4390169963,6,83914,0.066039,0.870745269,0.775849,1,51084,37040,79432,0.079469,0.839885,L3:0=fff;1=010,03000000,Thu Apr 2 03:12:07 PM UTC 2026,5409570_1750,coppernode29
"sh -c 'amoclingo -e=/home/guests/mmacri/AMOSUM/benchmarks/GraphColouring/encoding-amosum-eo.asp -l=true -m=minfly -lg=cpp -i=""$0""'",6,/home/guests/mmacri/AMOSUM/benchmarks/GraphColouring/test-instances-gc/0011-graph_colouring-130-0_3744.asp,53,980267299511,14896438313,32875411626,2058,2891572912661,26012,6590992670624,6,120482866,0.094129,1204.954322844,1204.739324,1,87716,38088,121840,0.102042,1204.81,L3:0=004;1=fff,00000030,Thu Apr 2 02:55:03 PM UTC 2026,5409570_1553,coppernode26
"sh -c 'amoclingo -e=/home/guests/mmacri/AMOSUM/benchmarks/GraphColouring/encoding-amosum-eo.asp -l=true -m=minfly -lg=cpp -i=""$0""'",6,/home/guests/mmacri/AMOSUM/benchmarks/GraphColouring/test-instances-gc/0005-graph_colouring-125-0_4800.asp,24,66971608879,769946337,2209447629,746,227804802792,14762,458074040608,4,9492072,0.069107,94.936142668,94.854153,1,71104,35256,105860,0.078282,94.922,L3:0=080;1=fff,0000c000,Thu Apr 2 02:53:59 PM UTC 2026,5409570_1524,coppernode27
"sh -c 'amoclingo -e=/home/guests/mmacri/AMOSUM/benchmarks/GraphColouring/encoding-amosum-eo.asp -l=true -m=minfly -lg=cpp -i=""$0""'",6,/home/guests/mmacri/AMOSUM/benchmarks/GraphColouring/test-instances-gc/0037-graph_colouring-140-0_6720.asp,185,681823470,4278311,10669333,489,1730196766,12877,3644528560,4,72190,0.052509,0.731961769,0.67161,1,48948,36492,77384,0.071431,0.730008,L3:0=fff;1=010,03000000,Thu Apr 2 03:06:58 PM UTC 2026,5409570_1685,coppernode22
"sh -c 'amoclingo -e=/home/guests/mmacri/AMOSUM/benchmarks/GraphColouring/encoding-amosum-eo.asp -l=true -m=minfly -lg=cpp -i=""$0""'",6,/home/guests/mmacri/AMOSUM/benchmarks/GraphColouring/test-instances-gc/0024-graph_colouring-135-0_1296.asp,116,401317576762,24089595799,56465350610,1149,2891860943106,16137,3208985867098,2,120494590,0.059248,1204.954619976,1204.889455,1,75136,36248,109496,0.076934,1204.95,L3:0=fff;1=010,03000000,Thu Apr 2 02:58:15 PM UTC 2026,5409570_1616,coppernode28
"sh -c 'amoclingo -e=/home/guests/mmacri/AMOSUM/benchmarks/GraphColouring/encoding-amosum-eo.asp -l=true -m=minfly -lg=cpp -i=""$0""'",6,/home/guests/mmacri/AMOSUM/benchmarks/GraphColouring/test-instances-gc/0033-graph_colouring-140-0_1344.asp,161,406322046450,23945006498,56518478373,1309,2891845190671,16428,3245528284499,2,120493972,0.088544,1204.955422437,1204.854044,1,75932,36820,109804,0.09765,1204.92,L3:0=008;1=fff,000000c0,Thu Apr 2 03:03:50 PM UTC 2026,5409570_1661,coppernode30
"sh -c 'amoclingo -e=/home/guests/mmacri/AMOSUM/benchmarks/GraphColouring/encoding-amosum-eo.asp -l=true -m=minfly -lg=cpp -i=""$0""'",6,/home/guests/mmacri/AMOSUM/benchmarks/GraphColouring/test-instances-gc/0012-graph_colouring-130-0_4992.asp,59,69607165111,897186935,2390932063,595,235326601662,15435,474054292695,6,9805416,0.068148,98.073802425,97.988206,1,74852,35456,109404,0.094822,98.0388,L3:0=fff;1=008,00c00000,Thu Apr 2 02:55:21 PM UTC 2026,5409570_1559,coppernode29
"sh -c 'amoclingo -e=/home/guests/mmacri/AMOSUM/benchmarks/GraphColouring/encoding-amosum-eo.asp -l=true -m=minfly -lg=cpp -i=""$0""'",6,/home/guests/mmacri/AMOSUM/benchmarks/GraphColouring/test-instances-gc/0053-graph_colouring-150-0_2880.asp,262,373133452876,25919696510,57805617646,1231,2891861462239,16943,3007986868790,2,120494638,0.044119,1204.954547804,1204.90554,1,76904,37636,111164,0.062885,1204.96,L3:0=fff;1=040,30000000,Thu Apr 2 03:12:45 PM UTC 2026,5409570_1762,coppernode25
"sh -c 'amoclingo -e=/home/guests/mmacri/AMOSUM/benchmarks/GraphColouring/encoding-amosum-eo.asp -l=true -m=minfly -lg=cpp -i=""$0""'",6,/home/guests/mmacri/AMOSUM/benchmarks/GraphColouring/test-instances-gc/0043-graph_colouring-145-0_6960.asp,215,714324524,4417567,11070279,496,1807878034,13199,3825223700,4,75426,0.057011,0.76494707,0.699382,1,48740,37340,77272,0.065362,0.76798,L3:0=fff;1=002,000c0000,Thu Apr 2 03:09:28 PM UTC 2026,5409570_1715,coppernode23
"sh -c 'amoclingo -e=/home/guests/mmacri/AMOSUM/benchmarks/GraphColouring/encoding-amosum-eo.asp -l=true -m=minfly -lg=cpp -i=""$0""'",6,/home/guests/mmacri/AMOSUM/benchmarks/GraphColouring/test-instances-gc/0058-graph_colouring-150-0_1440.asp,286,378948653218,25024855133,55838771686,1221,2891839463712,16841,3027185727194,2,120493779,0.089481,1204.954828883,1204.850768,1,77440,37564,111864,0.113064,1204.9,L3:0=010;1=fff,00000300,Thu Apr 2 03:14:04 PM UTC 2026,5409570_1786,coppernode24
"sh -c 'amoclingo -e=/home/guests/mmacri/AMOSUM/benchmarks/GraphColouring/encoding-amosum-eo.asp -l=true -m=minfly -lg=cpp -i=""$0""'",6,/home/guests/mmacri/AMOSUM/benchmarks/GraphColouring/test-instances-gc/0054-graph_colouring-150-0_4320.asp,268,373342226461,26336790346,58156028285,1203,2891842336125,17003,3005074958592,4,120493887,0.084168,1204.95450035,1204.857376,1,78240,37548,112404,0.106345,1204.91,L3:0=fff;1=020,0c000000,Thu Apr 2 03:12:57 PM UTC 2026,5409570_1768,coppernode22
"sh -c 'amoclingo -e=/home/guests/mmacri/AMOSUM/benchmarks/GraphColouring/encoding-amosum-eo.asp -l=true -m=minfly -lg=cpp -i=""$0""'",6,/home/guests/mmacri/AMOSUM/benchmarks/GraphColouring/test-instances-gc/0001-graph_colouring-125-0_6000.asp,5,626938379,4130141,10414637,471,1621729460,12227,3353739302,4,67667,0.038843,0.686729168,0.640094,1,48692,35176,77388,0.077052,0.679098,L3:0=fff;1=080,c0000000,Thu Apr 2 02:53:21 PM UTC 2026,5409570_1505,coppernode30
"sh -c 'amoclingo -e=/home/guests/mmacri/AMOSUM/benchmarks/GraphColouring/encoding-amosum-eo.asp -l=true -m=minfly -lg=cpp -i=""$0""'",6,/home/guests/mmacri/AMOSUM/benchmarks/GraphColouring/test-instances-gc/0028-graph_colouring-135-0_6480.asp,140,4524212372,10716105,27964950,654,7440376875,13827,24994088608,4,310139,0.062463,3.134844347,3.041697,1,67340,35960,100456,0.066662,3.11472,L3:0=fff;1=010,03000000,Thu Apr 2 03:01:04 PM UTC 2026,5409570_1640,coppernode23
"sh -c 'amoclingo -e=/home/guests/mmacri/AMOSUM/benchmarks/GraphColouring/encoding-amosum-eo.asp -l=true -m=minfly -lg=cpp -i=""$0""'",6,/home/guests/mmacri/AMOSUM/benchmarks/GraphColouring/test-instances-gc/0028-graph_colouring-135-0_2592.asp,137,428450680661,19348771414,49336030773,2391,2891795333666,16152,3406832874139,4,120492292,0.056188,1204.955095396,1204.870807,1,76628,36048,109944,0.065368,1204.94,L3:0=002;1=fff,0000000c,Thu Apr 2 03:00:20 PM UTC 2026,5409570_1637,coppernode21
"sh -c 'amoclingo -e=/home/guests/mmacri/AMOSUM/benchmarks/GraphColouring/encoding-amosum-eo.asp -l=true -m=minfly -lg=cpp -i=""$0""'",6,/home/guests/mmacri/AMOSUM/benchmarks/GraphColouring/test-instances-gc/0016-graph_colouring-130-0_3744.asp,78,947398459961,13637959100,31488454447,1673,2891612818106,22325,6470713311681,2,120484373,0.120182,1204.954873287,1204.727892,1,86004,37212,119936,0.136096,1204.79,L3:0=008;1=fff,000000c0,Thu Apr 2 02:56:16 PM UTC 2026,5409570_1578,coppernode25
"sh -c 'amoclingo -e=/home/guests/mmacri/AMOSUM/benchmarks/GraphColouring/encoding-amosum-eo.asp -l=true -m=minfly -lg=cpp -i=""$0""'",6,/home/guests/mmacri/AMOSUM/benchmarks/GraphColouring/test-instances-gc/0020-graph_colouring-130-0_1248.asp,96,17569005100,93768507,354006543,506,77905974016,13707,126578569562,7,3246200,0.059664,32.498094173,32.404633,1,65992,35500,99536,0.085222,32.4558,L3:0=fff;1=020,0c000000,Thu Apr 2 02:57:28 PM UTC 2026,5409570_1596,coppernode30
"sh -c 'amoclingo -e=/home/guests/mmacri/AMOSUM/benchmarks/GraphColouring/encoding-amosum-eo.asp -l=true -m=minfly -lg=cpp -i=""$0""'",6,/home/guests/mmacri/AMOSUM/benchmarks/GraphColouring/test-instances-gc/0015-graph_colouring-130-0_2496.asp,72,388714309808,24808496714,55951367462,1310,2891807865723,16084,3130684891041,4,120492425,0.071347,1204.955171343,1204.8559,1,76124,35716,109808,0.0763,1204.93,L3:0=fff;1=004,00300000,Thu Apr 2 02:55:52 PM UTC 2026,5409570_1572,coppernode24
"sh -c 'amoclingo -e=/home/guests/mmacri/AMOSUM/benchmarks/GraphColouring/encoding-amosum-eo.asp -l=true -m=minfly -lg=cpp -i=""$0""'",6,/home/guests/mmacri/AMOSUM/benchmarks/GraphColouring/test-instances-gc/0050-graph_colouring-145-0_5568.asp,249,170241331767,4296022602,9743691002,775,680007990410,17900,1179951939420,4,28333935,0.076139,283.354093069,283.265843,1,81944,37104,116384,0.082054,283.337,L3:0=fff;1=040,30000000,Thu Apr 2 03:12:00 PM UTC 2026,5409570_1749,coppernode21
"sh -c 'amoclingo -e=/home/guests/mmacri/AMOSUM/benchmarks/GraphColouring/encoding-amosum-eo.asp -l=true -m=minfly -lg=cpp -i=""$0""'",6,/home/guests/mmacri/AMOSUM/benchmarks/GraphColouring/test-instances-gc/0047-graph_colouring-145-0_5568.asp,234,211502444931,4358070188,10576064254,760,793832811186,17260,1456436474998,6,33076573,0.051998,330.776478124,330.716495,1,78884,36784,113156,0.063907,330.782,L3:0=fff;1=080,c0000000,Thu Apr 2 03:11:09 PM UTC 2026,5409570_1734,coppernode25
"sh -c 'amoclingo -e=/home/guests/mmacri/AMOSUM/benchmarks/GraphColouring/encoding-amosum-eo.asp -l=true -m=minfly -lg=cpp -i=""$0""'",6,/home/guests/mmacri/AMOSUM/benchmarks/GraphColouring/test-instances-gc/0049-graph_colouring-145-0_4176.asp,243,82374435713,2125014372,6330164706,666,484149517193,15096,636670679667,4,20173064,0.054918,201.742704838,201.677987,1,69920,37604,104076,0.066959,201.744,L3:0=fff;1=004,00300000,Thu Apr 2 03:11:27 PM UTC 2026,5409570_1743,coppernode23
"sh -c 'amoclingo -e=/home/guests/mmacri/AMOSUM/benchmarks/GraphColouring/encoding-amosum-eo.asp -l=true -m=minfly -lg=cpp -i=""$0""'",6,/home/guests/mmacri/AMOSUM/benchmarks/GraphColouring/test-instances-gc/0021-graph_colouring-135-0_6480.asp,105,3917300384,14491860,34834583,648,6868250937,14298,21743625434,4,286303,0.082332,2.906095694,2.783457,1,67940,36308,102100,0.083204,2.85933,L3:0=040;1=fff,00003000,Thu Apr 2 02:57:56 PM UTC 2026,5409570_1605,coppernode29
"sh -c 'amoclingo -e=/home/guests/mmacri/AMOSUM/benchmarks/GraphColouring/encoding-amosum-eo.asp -l=true -m=minfly -lg=cpp -i=""$0""'",6,/home/guests/mmacri/AMOSUM/benchmarks/GraphColouring/test-instances-gc/0035-graph_colouring-140-0_2688.asp,172,393912330364,25423530728,56694008905,1995,2891749871308,16275,3140129057703,2,120490310,0.069994,1204.95479545,1204.837,1,76724,36552,110816,0.089775,1204.89,L3:0=002;1=fff,0000000c,Thu Apr 2 03:05:34 PM UTC 2026,5409570_1672,coppernode22
"sh -c 'amoclingo -e=/home/guests/mmacri/AMOSUM/benchmarks/GraphColouring/encoding-amosum-eo.asp -l=true -m=minfly -lg=cpp -i=""$0""'",6,/home/guests/mmacri/AMOSUM/benchmarks/GraphColouring/test-instances-gc/0036-graph_colouring-140-0_4032.asp,178,388107926680,24573778935,55304671984,1321,2891805643094,16766,3103501937363,4,120492356,0.04815,1204.954019825,1204.878719,1,77452,36816,111544,0.062162,1204.94,L3:0=fff;1=080,c0000000,Thu Apr 2 03:06:34 PM UTC 2026,5409570_1678,coppernode22
"sh -c 'amoclingo -e=/home/guests/mmacri/AMOSUM/benchmarks/GraphColouring/encoding-amosum-eo.asp -l=true -m=minfly -lg=cpp -i=""$0""'",6,/home/guests/mmacri/AMOSUM/benchmarks/GraphColouring/test-instances-gc/0040-graph_colouring-140-0_1344.asp,196,373682625993,26566027321,57901667403,2261,2891788074951,16383,3014515696209,2,120492000,0.079447,1204.954375053,1204.844923,1,76032,37036,109748,0.089224,1204.91,L3:0=002;1=fff,0000000c,Thu Apr 2 03:07:52 PM UTC 2026,5409570_1696,coppernode24
"sh -c 'amoclingo -e=/home/guests/mmacri/AMOSUM/benchmarks/GraphColouring/encoding-amosum-eo.asp -l=true -m=minfly -lg=cpp -i=""$0""'",6,/home/guests/mmacri/AMOSUM/benchmarks/GraphColouring/test-instances-gc/0008-graph_colouring-125-0_6000.asp,40,606777092,4240125,10391361,476,1564973646,12233,3216399296,6,65309,0.068471,0.69652941,0.586805,1,48420,35192,77096,0.089402,0.642924,L3:0=fff;1=008,00c00000,Thu Apr 2 02:54:29 PM UTC 2026,5409570_1540,coppernode28
"sh -c 'amoclingo -e=/home/guests/mmacri/AMOSUM/benchmarks/GraphColouring/encoding-amosum-eo.asp -l=true -m=minfly -lg=cpp -i=""$0""'",6,/home/guests/mmacri/AMOSUM/benchmarks/GraphColouring/test-instances-gc/0008-graph_colouring-125-0_2400.asp,37,2359234531,11088042,36253600,633,8844884069,13011,15680628367,6,368656,0.069588,3.716817069,3.61936,1,64272,35192,98264,0.079812,3.68651,L3:0=fff;1=008,00c00000,Thu Apr 2 02:54:25 PM UTC 2026,5409570_1537,coppernode28
"sh -c 'amoclingo -e=/home/guests/mmacri/AMOSUM/benchmarks/GraphColouring/encoding-amosum-eo.asp -l=true -m=minfly -lg=cpp -i=""$0""'",6,/home/guests/mmacri/AMOSUM/benchmarks/GraphColouring/test-instances-gc/0059-graph_colouring-150-0_7200.asp,295,7985864624,43202762,90441016,926,14436299012,15720,44655938781,8,601661,0.082966,6.139780828,5.937196,1,73200,37576,107656,0.092148,6.00517,L3:0=fff;1=010,03000000,Thu Apr 2 03:14:22 PM UTC 2026,5409570_1795,coppernode25
"sh -c 'amoclingo -e=/home/guests/mmacri/AMOSUM/benchmarks/GraphColouring/encoding-amosum-eo.asp -l=true -m=minfly -lg=cpp -i=""$0""'",6,/home/guests/mmacri/AMOSUM/benchmarks/GraphColouring/test-instances-gc/0055-graph_colouring-150-0_1440.asp,271,395150561111,23532837340,54611145973,1593,2891592369617,16905,3148451581809,4,120483454,0.051466,1204.954012317,1204.787379,1,77624,37308,111312,0.06318,1204.85,L3:0=fff;1=080,c0000000,Thu Apr 2 03:13:05 PM UTC 2026,5409570_1771,coppernode27
"sh -c 'amoclingo -e=/home/guests/mmacri/AMOSUM/benchmarks/GraphColouring/encoding-amosum-eo.asp -l=true -m=minfly -lg=cpp -i=""$0""'",6,/home/guests/mmacri/AMOSUM/benchmarks/GraphColouring/test-instances-gc/0042-graph_colouring-145-0_1392.asp,206,267551834778,14174482812,34793753621,1666,1843888369510,15954,2123331897013,4,76829208,0.065389,768.313289911,768.230422,1,74120,37372,107652,0.07731,768.296,L3:0=fff;1=002,000c0000,Thu Apr 2 03:08:52 PM UTC 2026,5409570_1706,coppernode25
"sh -c 'amoclingo -e=/home/guests/mmacri/AMOSUM/benchmarks/GraphColouring/encoding-amosum-eo.asp -l=true -m=minfly -lg=cpp -i=""$0""'",6,/home/guests/mmacri/AMOSUM/benchmarks/GraphColouring/test-instances-gc/0059-graph_colouring-150-0_2880.asp,292,376657905450,26719719569,59180202699,2457,2891780991727,16708,3031892802407,2,120491671,0.084876,1204.954506072,1204.835633,1,76128,37544,110304,0.092807,1204.9,L3:0=fff;1=002,000c0000,Thu Apr 2 03:14:14 PM UTC 2026,5409570_1792,coppernode23
"sh -c 'amoclingo -e=/home/guests/mmacri/AMOSUM/benchmarks/GraphColouring/encoding-amosum-eo.asp -l=true -m=minfly -lg=cpp -i=""$0""'",6,/home/guests/mmacri/AMOSUM/benchmarks/GraphColouring/test-instances-gc/0060-graph_colouring-150-0_4320.asp,298,104653659012,2920865598,8669460037,714,619882922354,15352,811751716189,4,25828666,0.073831,258.297117901,258.215094,1,70796,37840,104580,0.089708,258.276,L3:0=fff;1=010,03000000,Thu Apr 2 03:14:29 PM UTC 2026,5409570_1798,coppernode25
"sh -c 'amoclingo -e=/home/guests/mmacri/AMOSUM/benchmarks/GraphColouring/encoding-amosum-eo.asp -l=true -m=minfly -lg=cpp -i=""$0""'",6,/home/guests/mmacri/AMOSUM/benchmarks/GraphColouring/test-instances-gc/0041-graph_colouring-145-0_1392.asp,201,375344260884,25582543881,56986061513,3340,2891512832387,16933,3023709849423,2,120480746,0.083746,1204.954459068,1204.731297,1,78260,37348,111724,0.095552,1204.8,L3:0=002;1=fff,0000000c,Thu Apr 2 03:08:36 PM UTC 2026,5409570_1701,coppernode30
"sh -c 'amoclingo -e=/home/guests/mmacri/AMOSUM/benchmarks/GraphColouring/encoding-amosum-eo.asp -l=true -m=minfly -lg=cpp -i=""$0""'",6,/home/guests/mmacri/AMOSUM/benchmarks/GraphColouring/test-instances-gc/0056-graph_colouring-150-0_1440.asp,276,388156536920,24625809887,55772236086,1339,2891851951752,16836,3100583581005,2,120494336,0.090019,1204.954942889,1204.855437,1,77652,37104,111120,0.098405,1204.92,L3:0=008;1=fff,000000c0,Thu Apr 2 03:13:22 PM UTC 2026,5409570_1776,coppernode21
"sh -c 'amoclingo -e=/home/guests/mmacri/AMOSUM/benchmarks/GraphColouring/encoding-amosum-eo.asp -l=true -m=minfly -lg=cpp -i=""$0""'",6,/home/guests/mmacri/AMOSUM/benchmarks/GraphColouring/test-instances-gc/0035-graph_colouring-140-0_6720.asp,175,713316863,4401639,11081194,484,1821270467,12838,3859667025,4,75984,0.060013,0.769871779,0.701887,1,48684,36228,77380,0.079914,0.759247,L3:0=fff;1=002,000c0000,Thu Apr 2 03:06:08 PM UTC 2026,5409570_1675,coppernode22
"sh -c 'amoclingo -e=/home/guests/mmacri/AMOSUM/benchmarks/GraphColouring/encoding-amosum-eo.asp -l=true -m=minfly -lg=cpp -i=""$0""'",6,/home/guests/mmacri/AMOSUM/benchmarks/GraphColouring/test-instances-gc/0021-graph_colouring-135-0_2592.asp,102,401085015729,24310841696,56415453568,1180,2891840747155,16186,3208388700968,2,120493752,0.068332,1204.955324312,1204.872099,1,76444,36284,109896,0.087807,1204.93,L3:0=fff;1=040,30000000,Thu Apr 2 02:57:44 PM UTC 2026,5409570_1602,coppernode23
"sh -c 'amoclingo -e=/home/guests/mmacri/AMOSUM/benchmarks/GraphColouring/encoding-amosum-eo.asp -l=true -m=minfly -lg=cpp -i=""$0""'",6,/home/guests/mmacri/AMOSUM/benchmarks/GraphColouring/test-instances-gc/0039-graph_colouring-140-0_1344.asp,191,394424370665,23490588000,54265409600,1171,2891843679375,16545,3159938358398,4,120493876,0.056669,1204.953855302,1204.884977,1,76472,37076,110328,0.079276,1204.94,L3:0=fff;1=020,0c000000,Thu Apr 2 03:07:30 PM UTC 2026,5409570_1691,coppernode23
"sh -c 'amoclingo -e=/home/guests/mmacri/AMOSUM/benchmarks/GraphColouring/encoding-amosum-eo.asp -l=true -m=minfly -lg=cpp -i=""$0""'",6,/home/guests/mmacri/AMOSUM/benchmarks/GraphColouring/test-instances-gc/0022-graph_colouring-135-0_3888.asp,108,196253804252,10363667194,24934762831,2067,1381854668861,15608,1570489083691,4,57577860,0.071041,575.837333154,575.70966,1,73884,36512,108120,0.076146,575.782,L3:0=fff;1=004,00300000,Thu Apr 2 02:58:02 PM UTC 2026,5409570_1608,coppernode28
"sh -c 'amoclingo -e=/home/guests/mmacri/AMOSUM/benchmarks/GraphColouring/encoding-amosum-eo.asp -l=true -m=minfly -lg=cpp -i=""$0""'",6,/home/guests/mmacri/AMOSUM/benchmarks/GraphColouring/test-instances-gc/0006-graph_colouring-125-0_6000.asp,30,616482842,4592262,11159229,633,1620112236,12226,3285896908,6,67622,0.062851,0.707977842,0.616141,1,47108,35176,75940,0.067826,0.687975,L3:0=fff;1=080,c0000000,Thu Apr 2 02:54:13 PM UTC 2026,5409570_1530,coppernode30
"sh -c 'amoclingo -e=/home/guests/mmacri/AMOSUM/benchmarks/GraphColouring/encoding-amosum-eo.asp -l=true -m=minfly -lg=cpp -i=""$0""'",6,/home/guests/mmacri/AMOSUM/benchmarks/GraphColouring/test-instances-gc/0010-graph_colouring-125-0_2400.asp,47,578402008,4213139,10422213,470,1498345079,12267,3036989571,4,62533,0.063815,0.635765363,0.563658,1,48948,34908,77388,0.07953,0.624276,L3:0=004;1=fff,00000030,Thu Apr 2 02:54:48 PM UTC 2026,5409570_1547,coppernode22
"sh -c 'amoclingo -e=/home/guests/mmacri/AMOSUM/benchmarks/GraphColouring/encoding-amosum-eo.asp -l=true -m=minfly -lg=cpp -i=""$0""'",6,/home/guests/mmacri/AMOSUM/benchmarks/GraphColouring/test-instances-gc/0048-graph_colouring-145-0_5568.asp,239,211852080340,3959359250,9824013217,810,781565748273,17220,1456199618239,4,32565488,0.069141,325.666493369,325.588396,1,79504,37048,113636,0.082516,325.652,L3:0=010;1=fff,00000300,Thu Apr 2 03:11:17 PM UTC 2026,5409570_1739,coppernode25
"sh -c 'amoclingo -e=/home/guests/mmacri/AMOSUM/benchmarks/GraphColouring/encoding-amosum-eo.asp -l=true -m=minfly -lg=cpp -i=""$0""'",6,/home/guests/mmacri/AMOSUM/benchmarks/GraphColouring/test-instances-gc/0049-graph_colouring-145-0_5568.asp,244,97002396111,2158140099,4958292201,663,374904652386,16634,665945240356,4,15621190,0.061897,156.223804543,156.152201,1,75936,37316,110824,0.07942,156.211,L3:0=fff;1=008,00c00000,Thu Apr 2 03:11:29 PM UTC 2026,5409570_1744,coppernode26
"sh -c 'amoclingo -e=/home/guests/mmacri/AMOSUM/benchmarks/GraphColouring/encoding-amosum-eo.asp -l=true -m=minfly -lg=cpp -i=""$0""'",6,/home/guests/mmacri/AMOSUM/benchmarks/GraphColouring/test-instances-gc/0047-graph_colouring-145-0_4176.asp,233,396043871339,22593532215,52790423272,1306,2891790674013,16998,3154710934633,4,120491784,0.081786,1204.955185075,1204.83796,1,78292,36776,112128,0.099425,1204.9,L3:0=004;1=fff,00000030,Thu Apr 2 03:11:05 PM UTC 2026,5409570_1733,coppernode29
"sh -c 'amoclingo -e=/home/guests/mmacri/AMOSUM/benchmarks/GraphColouring/encoding-amosum-eo.asp -l=true -m=minfly -lg=cpp -i=""$0""'",6,/home/guests/mmacri/AMOSUM/benchmarks/GraphColouring/test-instances-gc/0026-graph_colouring-135-0_6480.asp,130,4011231928,15123237,36308246,908,7066920506,14142,22244650808,6,294607,0.069997,3.060940443,2.879606,1,67084,36260,101416,0.081812,2.94429,L3:0=fff;1=010,03000000,Thu Apr 2 02:59:31 PM UTC 2026,5409570_1630,coppernode26
"sh -c 'amoclingo -e=/home/guests/mmacri/AMOSUM/benchmarks/GraphColouring/encoding-amosum-eo.asp -l=true -m=minfly -lg=cpp -i=""$0""'",6,/home/guests/mmacri/AMOSUM/benchmarks/GraphColouring/test-instances-gc/0030-graph_colouring-135-0_2592.asp,147,5808532384,36358661,116458600,490,24030924623,13486,40355572476,4,1001403,0.057083,10.021992977,9.95901,1,64724,35720,98472,0.078722,10.0141,L3:0=004;1=fff,00000030,Thu Apr 2 03:01:36 PM UTC 2026,5409570_1647,coppernode29
"sh -c 'amoclingo -e=/home/guests/mmacri/AMOSUM/benchmarks/GraphColouring/encoding-amosum-eo.asp -l=true -m=minfly -lg=cpp -i=""$0""'",6,/home/guests/mmacri/AMOSUM/benchmarks/GraphColouring/test-instances-gc/0019-graph_colouring-130-0_1248.asp,91,616976702,4431810,11337765,905,1641614112,12600,3269021650,4,68546,0.036386,0.790095272,0.652622,1,48484,35500,77028,0.048271,0.717657,L3:0=fff;1=010,03000000,Thu Apr 2 02:57:18 PM UTC 2026,5409570_1591,coppernode30
"sh -c 'amoclingo -e=/home/guests/mmacri/AMOSUM/benchmarks/GraphColouring/encoding-amosum-eo.asp -l=true -m=minfly -lg=cpp -i=""$0""'",6,/home/guests/mmacri/AMOSUM/benchmarks/GraphColouring/test-instances-gc/0015-graph_colouring-130-0_6240.asp,75,650046411,4238893,10356143,479,1658715681,12514,3466349379,4,69208,0.061255,0.703448524,0.632934,1,48428,35968,77380,0.077168,0.694258,L3:0=fff;1=002,000c0000,Thu Apr 2 02:56:07 PM UTC 2026,5409570_1575,coppernode30
"sh -c 'amoclingo -e=/home/guests/mmacri/AMOSUM/benchmarks/GraphColouring/encoding-amosum-eo.asp -l=true -m=minfly -lg=cpp -i=""$0""'",6,/home/guests/mmacri/AMOSUM/benchmarks/GraphColouring/test-instances-gc/0043-graph_colouring-145-0_2784.asp,212,172948935749,8528637229,21069687737,894,1183138425810,15762,1372994445004,4,49297703,0.06046,492.989260163,492.919253,1,73224,37288,106696,0.064419,492.992,L3:0=040;1=fff,00003000,Thu Apr 2 03:09:20 PM UTC 2026,5409570_1712,coppernode30
"sh -c 'amoclingo -e=/home/guests/mmacri/AMOSUM/benchmarks/GraphColouring/encoding-amosum-eo.asp -l=true -m=minfly -lg=cpp -i=""$0""'",6,/home/guests/mmacri/AMOSUM/benchmarks/GraphColouring/test-instances-gc/0053-graph_colouring-150-0_7200.asp,265,6365491283,18527099,44143214,916,10441699774,14999,35255875329,4,435215,0.03914,4.464174911,4.31661,1,69356,37548,103512,0.063505,4.36923,L3:0=fff;1=020,0c000000,Thu Apr 2 03:12:52 PM UTC 2026,5409570_1765,coppernode22
"sh -c 'amoclingo -e=/home/guests/mmacri/AMOSUM/benchmarks/GraphColouring/encoding-amosum-eo.asp -l=true -m=minfly -lg=cpp -i=""$0""'",6,/home/guests/mmacri/AMOSUM/benchmarks/GraphColouring/test-instances-gc/0002-graph_colouring-125-0_3600.asp,8,982832140084,13785034644,31984377985,2478,2891784702560,23134,6619729324908,2,120491949,0.100701,1204.954658516,1204.818873,1,85988,36444,120596,0.124435,1204.87,L3:0=fff;1=004,00300000,Thu Apr 2 02:53:22 PM UTC 2026,5409570_1508,coppernode29
"sh -c 'amoclingo -e=/home/guests/mmacri/AMOSUM/benchmarks/GraphColouring/encoding-amosum-eo.asp -l=true -m=minfly -lg=cpp -i=""$0""'",6,/home/guests/mmacri/AMOSUM/benchmarks/GraphColouring/test-instances-gc/0044-graph_colouring-145-0_4176.asp,218,37562825615,550201666,1913218280,759,195416808779,14331,284076164739,4,8142542,0.044776,81.459539888,81.383086,1,66728,37304,100920,0.044776,81.46,L3:0=004;1=fff,00000030,Thu Apr 2 03:09:43 PM UTC 2026,5409570_1718,coppernode29
"sh -c 'amoclingo -e=/home/guests/mmacri/AMOSUM/benchmarks/GraphColouring/encoding-amosum-eo.asp -l=true -m=minfly -lg=cpp -i=""$0""'",6,/home/guests/mmacri/AMOSUM/benchmarks/GraphColouring/test-instances-gc/0057-graph_colouring-150-0_1440.asp,281,68948795925,2028121337,5719924744,981,412680094256,15098,533228302445,4,17195233,0.054892,171.987935552,171.900075,1,70808,37832,104512,0.07465,171.957,L3:0=fff;1=004,00300000,Thu Apr 2 03:13:28 PM UTC 2026,5409570_1781,coppernode29
"sh -c 'amoclingo -e=/home/guests/mmacri/AMOSUM/benchmarks/GraphColouring/encoding-amosum-eo.asp -l=true -m=minfly -lg=cpp -i=""$0""'",6,/home/guests/mmacri/AMOSUM/benchmarks/GraphColouring/test-instances-gc/0001-graph_colouring-125-0_2400.asp,2,1705521897,7808724,25067098,477,6101550909,12971,11006906651,5,254340,0.072868,2.553403258,2.472787,1,63604,35204,96844,0.092794,2.53021,L3:0=010;1=fff,00000300,Thu Apr 2 02:53:18 PM UTC 2026,5409570_1502,coppernode26
"sh -c 'amoclingo -e=/home/guests/mmacri/AMOSUM/benchmarks/GraphColouring/encoding-amosum-eo.asp -l=true -m=minfly -lg=cpp -i=""$0""'",6,/home/guests/mmacri/AMOSUM/benchmarks/GraphColouring/test-instances-gc/0005-graph_colouring-125-0_3600.asp,23,973131299244,14109980396,32038841078,1232,2891850705413,22439,6545136331584,2,120494285,0.081416,1204.954671745,1204.864819,1,84584,36796,119772,0.09721,1204.93,L3:0=fff;1=010,03000000,Thu Apr 2 02:53:59 PM UTC 2026,5409570_1523,coppernode21
"sh -c 'amoclingo -e=/home/guests/mmacri/AMOSUM/benchmarks/GraphColouring/encoding-amosum-eo.asp -l=true -m=minfly -lg=cpp -i=""$0""'",6,/home/guests/mmacri/AMOSUM/benchmarks/GraphColouring/test-instances-gc/0011-graph_colouring-130-0_4992.asp,54,84309050992,1094673121,2983026673,1078,289550264523,15569,575556409760,6,12064824,0.067032,120.772260232,120.584575,1,75000,35456,109272,0.073136,120.656,L3:0=002;1=fff,0000000c,Thu Apr 2 02:55:11 PM UTC 2026,5409570_1554,coppernode29
"sh -c 'amoclingo -e=/home/guests/mmacri/AMOSUM/benchmarks/GraphColouring/encoding-amosum-eo.asp -l=true -m=minfly -lg=cpp -i=""$0""'",6,/home/guests/mmacri/AMOSUM/benchmarks/GraphColouring/test-instances-gc/0037-graph_colouring-140-0_2688.asp,182,393853799100,23285562527,53754331787,1668,2891392783713,16770,3158973151749,16,120475215,0.087331,1204.954794068,1204.669066,1,78588,36488,112616,0.092329,1204.74,L3:0=040;1=fff,00003000,Thu Apr 2 03:06:49 PM UTC 2026,5409570_1682,coppernode23
"sh -c 'amoclingo -e=/home/guests/mmacri/AMOSUM/benchmarks/GraphColouring/encoding-amosum-eo.asp -l=true -m=minfly -lg=cpp -i=""$0""'",6,/home/guests/mmacri/AMOSUM/benchmarks/GraphColouring/test-instances-gc/0034-graph_colouring-140-0_1344.asp,166,153585044054,6867370882,17182547050,822,1007806815069,15124,1209917439766,6,41992212,0.052216,419.936729389,419.872527,1,72520,36776,106176,0.072078,419.93,L3:0=080;1=fff,0000c000,Thu Apr 2 03:04:17 PM UTC 2026,5409570_1666,coppernode29
"sh -c 'amoclingo -e=/home/guests/mmacri/AMOSUM/benchmarks/GraphColouring/encoding-amosum-eo.asp -l=true -m=minfly -lg=cpp -i=""$0""'",6,/home/guests/mmacri/AMOSUM/benchmarks/GraphColouring/test-instances-gc/0023-graph_colouring-135-0_1296.asp,111,2481097305,10563515,35338240,488,9203296170,13341,16422835372,7,383570,0.052524,3.845320224,3.785465,1,63896,35720,97496,0.065138,3.85025,L3:0=fff;1=010,03000000,Thu Apr 2 02:58:06 PM UTC 2026,5409570_1611,coppernode28
"sh -c 'amoclingo -e=/home/guests/mmacri/AMOSUM/benchmarks/GraphColouring/encoding-amosum-eo.asp -l=true -m=minfly -lg=cpp -i=""$0""'",6,/home/guests/mmacri/AMOSUM/benchmarks/GraphColouring/test-instances-gc/0038-graph_colouring-140-0_4032.asp,188,379770758108,25918326279,58059386043,1562,2891627739111,16468,3057571264296,4,120484919,0.077196,1204.953961099,1204.776148,1,76524,36512,110548,0.085532,1204.84,L3:0=fff;1=040,30000000,Thu Apr 2 03:07:07 PM UTC 2026,5409570_1688,coppernode29
"sh -c 'amoclingo -e=/home/guests/mmacri/AMOSUM/benchmarks/GraphColouring/encoding-amosum-eo.asp -l=true -m=minfly -lg=cpp -i=""$0""'",6,/home/guests/mmacri/AMOSUM/benchmarks/GraphColouring/test-instances-gc/0006-graph_colouring-125-0_4800.asp,29,45990792207,440585550,1297737621,547,151522589371,14503,312905788886,4,6313569,0.068237,63.149116247,63.069717,1,70100,35188,104216,0.080166,63.135,L3:0=fff;1=004,00300000,Thu Apr 2 02:54:11 PM UTC 2026,5409570_1529,coppernode24
"sh -c 'amoclingo -e=/home/guests/mmacri/AMOSUM/benchmarks/GraphColouring/encoding-amosum-eo.asp -l=true -m=minfly -lg=cpp -i=""$0""'",6,/home/guests/mmacri/AMOSUM/benchmarks/GraphColouring/test-instances-gc/0052-graph_colouring-150-0_2880.asp,257,381642300955,24187781715,52178206255,2353,2891799803309,17357,3032426441994,2,120492384,0.07619,1204.953847126,1204.848149,1,79716,37316,113096,0.088991,1204.91,L3:0=fff;1=040,30000000,Thu Apr 2 03:12:26 PM UTC 2026,5409570_1757,coppernode26
"sh -c 'amoclingo -e=/home/guests/mmacri/AMOSUM/benchmarks/GraphColouring/encoding-amosum-eo.asp -l=true -m=minfly -lg=cpp -i=""$0""'",6,/home/guests/mmacri/AMOSUM/benchmarks/GraphColouring/test-instances-gc/0044-graph_colouring-145-0_6960.asp,220,724574519,4441667,11045630,499,1835589460,13244,3883087916,4,76585,0.053343,0.776097492,0.714571,1,48772,37368,77384,0.061269,0.783561,L3:0=fff;1=002,000c0000,Thu Apr 2 03:09:59 PM UTC 2026,5409570_1720,coppernode27
"sh -c 'amoclingo -e=/home/guests/mmacri/AMOSUM/benchmarks/GraphColouring/encoding-amosum-eo.asp -l=true -m=minfly -lg=cpp -i=""$0""'",6,/home/guests/mmacri/AMOSUM/benchmarks/GraphColouring/test-instances-gc/0026-graph_colouring-135-0_5184.asp,129,1576203345356,13572153530,23198157101,1652,2891597659340,24514,8815758718198,2,120483746,0.064414,1204.953836151,1204.777204,1,108140,60100,145672,0.072221,1204.85,L3:0=040;1=fff,00003000,Thu Apr 2 02:59:30 PM UTC 2026,5409570_1629,coppernode27
"sh -c 'amoclingo -e=/home/guests/mmacri/AMOSUM/benchmarks/GraphColouring/encoding-amosum-eo.asp -l=true -m=minfly -lg=cpp -i=""$0""'",6,/home/guests/mmacri/AMOSUM/benchmarks/GraphColouring/test-instances-gc/0014-graph_colouring-130-0_1248.asp,66,384769278076,24537894241,55125672382,1234,2891850911436,16617,3091395598722,2,120494252,0.077177,1204.955285056,1204.867294,1,78188,35716,112092,0.088875,1204.93,L3:0=008;1=fff,000000c0,Thu Apr 2 02:55:36 PM UTC 2026,5409570_1566,coppernode24
"sh -c 'amoclingo -e=/home/guests/mmacri/AMOSUM/benchmarks/GraphColouring/encoding-amosum-eo.asp -l=true -m=minfly -lg=cpp -i=""$0""'",6,/home/guests/mmacri/AMOSUM/benchmarks/GraphColouring/test-instances-gc/0003-graph_colouring-125-0_1200.asp,11,715820781,4676411,12098706,627,2037568803,12538,3978432974,6,85021,0.076677,0.880497227,0.77595,1,47904,34928,76008,0.097104,0.832004,L3:0=004;1=fff,00000030,Thu Apr 2 02:53:24 PM UTC 2026,5409570_1511,coppernode28
"sh -c 'amoclingo -e=/home/guests/mmacri/AMOSUM/benchmarks/GraphColouring/encoding-amosum-eo.asp -l=true -m=minfly -lg=cpp -i=""$0""'",6,/home/guests/mmacri/AMOSUM/benchmarks/GraphColouring/test-instances-gc/0018-graph_colouring-130-0_3744.asp,88,398674407392,22693558999,53248328999,1222,2891850929001,16496,3190857864333,2,120494295,0.033643,1204.955556261,1204.911594,1,77644,35720,111476,0.046088,1204.98,L3:0=010;1=fff,00000300,Thu Apr 2 02:57:06 PM UTC 2026,5409570_1588,coppernode28
"sh -c 'amoclingo -e=/home/guests/mmacri/AMOSUM/benchmarks/GraphColouring/encoding-amosum-eo.asp -l=true -m=minfly -lg=cpp -i=""$0""'",6,/home/guests/mmacri/AMOSUM/benchmarks/GraphColouring/test-instances-gc/0017-graph_colouring-130-0_2496.asp,82,387181740909,25325623267,57314067670,1538,2891637600376,16111,3112460406562,6,120485310,0.057672,1204.972711526,1204.799559,1,76144,35784,109964,0.065625,1204.87,L3:0=fff;1=040,30000000,Thu Apr 2 02:56:44 PM UTC 2026,5409570_1582,coppernode27
"sh -c 'amoclingo -e=/home/guests/mmacri/AMOSUM/benchmarks/GraphColouring/encoding-amosum-eo.asp -l=true -m=minfly -lg=cpp -i=""$0""'",6,/home/guests/mmacri/AMOSUM/benchmarks/GraphColouring/test-instances-gc/0025-graph_colouring-135-0_3888.asp,123,376389015940,26938271078,60293322125,1379,2891628917035,16445,3045327181441,6,120485025,0.074891,1204.954227765,1204.778292,1,76272,36232,110508,0.096741,1204.83,L3:0=080;1=fff,0000c000,Thu Apr 2 02:58:53 PM UTC 2026,5409570_1623,coppernode30
"sh -c 'amoclingo -e=/home/guests/mmacri/AMOSUM/benchmarks/GraphColouring/encoding-amosum-eo.asp -l=true -m=minfly -lg=cpp -i=""$0""'",6,/home/guests/mmacri/AMOSUM/benchmarks/GraphColouring/test-instances-gc/0031-graph_colouring-140-0_5376.asp,154,125185171772,2092402727,5207037827,1122,446963719273,16862,855301182629,4,18623745,0.065111,186.340869278,186.175204,1,77484,36576,112364,0.084071,186.234,L3:0=004;1=fff,00000030,Thu Apr 2 03:02:55 PM UTC 2026,5409570_1654,coppernode21
"sh -c 'amoclingo -e=/home/guests/mmacri/AMOSUM/benchmarks/GraphColouring/encoding-amosum-eo.asp -l=true -m=minfly -lg=cpp -i=""$0""'",6,/home/guests/mmacri/AMOSUM/benchmarks/GraphColouring/test-instances-gc/0005-graph_colouring-125-0_1200.asp,21,1476170159,7426935,22376329,631,5126327949,12941,9351186243,4,213726,0.062013,2.169564571,2.077975,1,62628,35196,96724,0.075466,2.14151,L3:0=fff;1=010,03000000,Thu Apr 2 02:53:56 PM UTC 2026,5409570_1521,coppernode21
"sh -c 'amoclingo -e=/home/guests/mmacri/AMOSUM/benchmarks/GraphColouring/encoding-amosum-eo.asp -l=true -m=minfly -lg=cpp -i=""$0""'",6,/home/guests/mmacri/AMOSUM/benchmarks/GraphColouring/test-instances-gc/0012-graph_colouring-130-0_1248.asp,56,19540535825,103550632,411392054,512,87108166665,13869,141445687822,5,3629618,0.044615,36.305162107,36.25387,1,67272,35452,100792,0.05798,36.3175,L3:0=fff;1=004,00300000,Thu Apr 2 02:55:15 PM UTC 2026,5409570_1556,coppernode24
"sh -c 'amoclingo -e=/home/guests/mmacri/AMOSUM/benchmarks/GraphColouring/encoding-amosum-eo.asp -l=true -m=minfly -lg=cpp -i=""$0""'",6,/home/guests/mmacri/AMOSUM/benchmarks/GraphColouring/test-instances-gc/0024-graph_colouring-135-0_5184.asp,119,1441724129134,17948670127,29333344650,1211,2891855547678,27197,8063844335570,6,120494431,0.088007,1204.954532416,1204.859253,1,118664,70676,157232,0.103786,1204.92,L3:0=020;1=fff,00000c00,Thu Apr 2 02:58:31 PM UTC 2026,5409570_1619,coppernode28
"sh -c 'amoclingo -e=/home/guests/mmacri/AMOSUM/benchmarks/GraphColouring/encoding-amosum-eo.asp -l=true -m=minfly -lg=cpp -i=""$0""'",6,/home/guests/mmacri/AMOSUM/benchmarks/GraphColouring/test-instances-gc/0036-graph_colouring-140-0_6720.asp,180,711667294,4532903,11793160,903,1825581738,12981,3839063421,8,76221,0.039191,0.866573568,0.726171,1,47920,36780,76368,0.051094,0.791327,L3:0=008;1=fff,000000c0,Thu Apr 2 03:06:46 PM UTC 2026,5409570_1680,coppernode27
"sh -c 'amoclingo -e=/home/guests/mmacri/AMOSUM/benchmarks/GraphColouring/encoding-amosum-eo.asp -l=true -m=minfly -lg=cpp -i=""$0""'",6,/home/guests/mmacri/AMOSUM/benchmarks/GraphColouring/test-instances-gc/0033-graph_colouring-140-0_5376.asp,164,85671215666,1687211715,4116296359,1056,324193020775,16426,592309379324,4,13508269,0.040786,135.202237397,135.045255,1,76476,36816,110664,0.06059,135.102,L3:0=010;1=fff,00000300,Thu Apr 2 03:04:14 PM UTC 2026,5409570_1664,coppernode22
"sh -c 'amoclingo -e=/home/guests/mmacri/AMOSUM/benchmarks/GraphColouring/encoding-amosum-eo.asp -l=true -m=minfly -lg=cpp -i=""$0""'",6,/home/guests/mmacri/AMOSUM/benchmarks/GraphColouring/test-instances-gc/0023-graph_colouring-135-0_3888.asp,113,752667118853,15735048064,39743923674,984,2891934582038,28342,4995451795466,4,120497719,0.110397,1204.983038077,1204.869216,1,123828,75056,158032,0.132169,1204.92,L3:0=080;1=fff,0000c000,Thu Apr 2 02:58:08 PM UTC 2026,5409570_1613,coppernode22
"sh -c 'amoclingo -e=/home/guests/mmacri/AMOSUM/benchmarks/GraphColouring/encoding-amosum-eo.asp -l=true -m=minfly -lg=cpp -i=""$0""'",6,/home/guests/mmacri/AMOSUM/benchmarks/GraphColouring/test-instances-gc/0042-graph_colouring-145-0_6960.asp,210,739553662,4480339,11334281,492,1876444037,13191,4001178780,4,78290,0.072036,0.792000987,0.713255,1,48956,37024,77400,0.077068,0.78515,L3:0=040;1=fff,00003000,Thu Apr 2 03:09:19 PM UTC 2026,5409570_1710,coppernode30
"sh -c 'amoclingo -e=/home/guests/mmacri/AMOSUM/benchmarks/GraphColouring/encoding-amosum-eo.asp -l=true -m=minfly -lg=cpp -i=""$0""'",6,/home/guests/mmacri/AMOSUM/benchmarks/GraphColouring/test-instances-gc/0054-graph_colouring-150-0_2880.asp,267,374672651759,25259984259,56651968382,1217,2891832510790,16845,3014254389847,4,120493438,0.060281,1204.954012592,1204.876851,1,76652,37612,110800,0.076086,1204.94,L3:0=020;1=fff,00000c00,Thu Apr 2 03:12:55 PM UTC 2026,5409570_1767,coppernode30
"sh -c 'amoclingo -e=/home/guests/mmacri/AMOSUM/benchmarks/GraphColouring/encoding-amosum-eo.asp -l=true -m=minfly -lg=cpp -i=""$0""'",6,/home/guests/mmacri/AMOSUM/benchmarks/GraphColouring/test-instances-gc/0058-graph_colouring-150-0_5760.asp,289,1600618783184,12326726507,20645457545,1165,2891838622908,25764,8950480596442,2,120493765,0.072419,1204.953215795,1204.86778,1,112596,63084,150184,0.076398,1204.94,L3:0=040;1=fff,00003000,Thu Apr 2 03:14:08 PM UTC 2026,5409570_1789,coppernode29
"sh -c 'amoclingo -e=/home/guests/mmacri/AMOSUM/benchmarks/GraphColouring/encoding-amosum-eo.asp -l=true -m=minfly -lg=cpp -i=""$0""'",6,/home/guests/mmacri/AMOSUM/benchmarks/GraphColouring/test-instances-gc/0057-graph_colouring-150-0_4320.asp,283,71054120778,2683586472,6854759512,667,449446963670,15266,548936326613,4,18727125,0.067875,187.282748222,187.205761,1,71660,37844,105372,0.0855,187.265,L3:0=fff;1=010,03000000,Thu Apr 2 03:13:31 PM UTC 2026,5409570_1783,coppernode26
"sh -c 'amoclingo -e=/home/guests/mmacri/AMOSUM/benchmarks/GraphColouring/encoding-amosum-eo.asp -l=true -m=minfly -lg=cpp -i=""$0""'",6,/home/guests/mmacri/AMOSUM/benchmarks/GraphColouring/test-instances-gc/0013-graph_colouring-130-0_4992.asp,64,108146545256,1341151419,3563898598,638,359809474092,15512,732621104731,4,14992219,0.055185,149.935269691,149.869489,1,75240,35252,109768,0.075043,149.927,L3:0=fff;1=080,c0000000,Thu Apr 2 02:55:32 PM UTC 2026,5409570_1564,coppernode29
"sh -c 'amoclingo -e=/home/guests/mmacri/AMOSUM/benchmarks/GraphColouring/encoding-amosum-eo.asp -l=true -m=minfly -lg=cpp -i=""$0""'",6,/home/guests/mmacri/AMOSUM/benchmarks/GraphColouring/test-instances-gc/0003-graph_colouring-125-0_3600.asp,13,1026380200354,13443795022,30652720022,1112,2891866409694,23112,6802511495342,2,120494850,0.066876,1204.955792286,1204.88442,1,103892,55060,138572,0.083261,1204.94,L3:0=fff;1=004,00300000,Thu Apr 2 02:53:25 PM UTC 2026,5409570_1513,coppernode22
"sh -c 'amoclingo -e=/home/guests/mmacri/AMOSUM/benchmarks/GraphColouring/encoding-amosum-eo.asp -l=true -m=minfly -lg=cpp -i=""$0""'",6,/home/guests/mmacri/AMOSUM/benchmarks/GraphColouring/test-instances-gc/0004-graph_colouring-125-0_4800.asp,19,45543760515,419377026,1244834272,764,148331496114,14585,308769332689,4,6180653,0.045701,61.878579629,61.763934,1,70288,34504,104640,0.058431,61.828,L3:0=040;1=fff,00003000,Thu Apr 2 02:53:54 PM UTC 2026,5409570_1519,coppernode24
"sh -c 'amoclingo -e=/home/guests/mmacri/AMOSUM/benchmarks/GraphColouring/encoding-amosum-eo.asp -l=true -m=minfly -lg=cpp -i=""$0""'",6,/home/guests/mmacri/AMOSUM/benchmarks/GraphColouring/test-instances-gc/0016-graph_colouring-130-0_6240.asp,80,689099569,4246489,10557754,481,1714840024,12551,3695359687,4,71557,0.049587,0.726120299,0.668147,1,49036,36052,77388,0.06539,0.72907,L3:0=004;1=fff,00000030,Thu Apr 2 02:56:26 PM UTC 2026,5409570_1580,coppernode25
"sh -c 'amoclingo -e=/home/guests/mmacri/AMOSUM/benchmarks/GraphColouring/encoding-amosum-eo.asp -l=true -m=minfly -lg=cpp -i=""$0""'",6,/home/guests/mmacri/AMOSUM/benchmarks/GraphColouring/test-instances-gc/0025-graph_colouring-135-0_1296.asp,121,376354316320,27282290903,60059856447,1809,2891815083083,16280,3042701041795,4,120492950,0.066608,1204.954716507,1204.866562,1,75956,36308,110016,0.0785,1204.93,L3:0=002;1=fff,0000000c,Thu Apr 2 02:58:41 PM UTC 2026,5409570_1621,coppernode29
"sh -c 'amoclingo -e=/home/guests/mmacri/AMOSUM/benchmarks/GraphColouring/encoding-amosum-eo.asp -l=true -m=minfly -lg=cpp -i=""$0""'",6,/home/guests/mmacri/AMOSUM/benchmarks/GraphColouring/test-instances-gc/0032-graph_colouring-140-0_1344.asp,156,30014728654,365389271,1312811438,600,153251706452,13999,226414824178,4,6385643,0.04828,63.867337421,63.810329,1,66648,37104,100096,0.053292,63.8818,L3:0=004;1=fff,00000030,Thu Apr 2 03:02:59 PM UTC 2026,5409570_1656,coppernode27
"sh -c 'amoclingo -e=/home/guests/mmacri/AMOSUM/benchmarks/GraphColouring/encoding-amosum-eo.asp -l=true -m=minfly -lg=cpp -i=""$0""'",6,/home/guests/mmacri/AMOSUM/benchmarks/GraphColouring/test-instances-gc/0051-graph_colouring-150-0_7200.asp,255,7455540855,25469743,57668207,947,12392679655,15323,41375740116,8,516517,0.068468,5.354079722,5.100196,1,71620,37612,105756,0.08183,5.16394,L3:0=fff;1=008,00c00000,Thu Apr 2 03:12:24 PM UTC 2026,5409570_1755,coppernode30
"sh -c 'amoclingo -e=/home/guests/mmacri/AMOSUM/benchmarks/GraphColouring/encoding-amosum-eo.asp -l=true -m=minfly -lg=cpp -i=""$0""'",6,/home/guests/mmacri/AMOSUM/benchmarks/GraphColouring/test-instances-gc/0045-graph_colouring-145-0_2784.asp,222,400524516431,23116815071,54229368643,1598,2891607759578,16744,3187254805678,4,120484097,0.106128,1204.954022361,1204.739231,1,77368,37100,110812,0.124954,1204.8,L3:0=fff;1=020,0c000000,Thu Apr 2 03:10:13 PM UTC 2026,5409570_1722,coppernode28
"sh -c 'amoclingo -e=/home/guests/mmacri/AMOSUM/benchmarks/GraphColouring/encoding-amosum-eo.asp -l=true -m=minfly -lg=cpp -i=""$0""'",6,/home/guests/mmacri/AMOSUM/benchmarks/GraphColouring/test-instances-gc/0046-graph_colouring-145-0_4176.asp,228,77627573141,2536936103,7034757320,1206,475803935450,15182,602848706366,6,19825413,0.06659,198.365474921,198.191035,1,70144,37604,104412,0.084239,198.251,L3:0=fff;1=002,000c0000,Thu Apr 2 03:10:50 PM UTC 2026,5409570_1728,coppernode23
"sh -c 'amoclingo -e=/home/guests/mmacri/AMOSUM/benchmarks/GraphColouring/encoding-amosum-eo.asp -l=true -m=minfly -lg=cpp -i=""$0""'",6,/home/guests/mmacri/AMOSUM/benchmarks/GraphColouring/test-instances-gc/0008-graph_colouring-125-0_3600.asp,38,982264964360,13496431888,30852193841,1232,2891842509482,23134,6609481593212,2,120493836,0.065216,1204.954878765,1204.875529,1,85044,36700,119828,0.073152,1204.94,L3:0=fff;1=008,00c00000,Thu Apr 2 02:54:25 PM UTC 2026,5409570_1538,coppernode23
"sh -c 'amoclingo -e=/home/guests/mmacri/AMOSUM/benchmarks/GraphColouring/encoding-amosum-eo.asp -l=true -m=minfly -lg=cpp -i=""$0""'",6,/home/guests/mmacri/AMOSUM/benchmarks/GraphColouring/test-instances-gc/0040-graph_colouring-140-0_5376.asp,199,55856078354,1150029417,2779255406,758,216371702578,16293,386905382761,4,9015662,0.066536,90.188918608,90.091493,1,75976,37040,110088,0.082412,90.1527,L3:0=004;1=fff,00000030,Thu Apr 2 03:08:12 PM UTC 2026,5409570_1699,coppernode29
"sh -c 'amoclingo -e=/home/guests/mmacri/AMOSUM/benchmarks/GraphColouring/encoding-amosum-eo.asp -l=true -m=minfly -lg=cpp -i=""$0""'",6,/home/guests/mmacri/AMOSUM/benchmarks/GraphColouring/test-instances-gc/0036-graph_colouring-140-0_2688.asp,177,384906464899,24704241517,55275024357,1150,2891867842267,16636,3079962161462,4,120494969,0.071443,1204.955428776,1204.880716,1,77004,36756,110976,0.091693,1204.94,L3:0=010;1=fff,00000300,Thu Apr 2 03:06:30 PM UTC 2026,5409570_1677,coppernode22
"sh -c 'amoclingo -e=/home/guests/mmacri/AMOSUM/benchmarks/GraphColouring/encoding-amosum-eo.asp -l=true -m=minfly -lg=cpp -i=""$0""'",6,/home/guests/mmacri/AMOSUM/benchmarks/GraphColouring/test-instances-gc/0020-graph_colouring-130-0_6240.asp,100,675588593,4248777,10599234,475,1723493861,12469,3642383862,4,71919,0.073526,0.730112387,0.647933,1,48772,35524,77380,0.085401,0.712929,L3:0=040;1=fff,00003000,Thu Apr 2 02:57:38 PM UTC 2026,5409570_1600,coppernode25
"sh -c 'amoclingo -e=/home/guests/mmacri/AMOSUM/benchmarks/GraphColouring/encoding-amosum-eo.asp -l=true -m=minfly -lg=cpp -i=""$0""'",6,/home/guests/mmacri/AMOSUM/benchmarks/GraphColouring/test-instances-gc/0039-graph_colouring-140-0_4032.asp,193,391233370079,23709653201,54387451333,1591,2891595997257,16845,3136301121390,2,120483612,0.080252,1204.954046831,1204.760186,1,77808,36832,111724,0.092794,1204.82,L3:0=fff;1=020,0c000000,Thu Apr 2 03:07:49 PM UTC 2026,5409570_1693,coppernode24
"sh -c 'amoclingo -e=/home/guests/mmacri/AMOSUM/benchmarks/GraphColouring/encoding-amosum-eo.asp -l=true -m=minfly -lg=cpp -i=""$0""'",6,/home/guests/mmacri/AMOSUM/benchmarks/GraphColouring/test-instances-gc/0007-graph_colouring-125-0_2400.asp,32,565112408,4207089,10274687,472,1453174379,12271,2944215139,5,60643,0.054284,0.616602944,0.554455,1,48692,34912,77376,0.07613,0.609667,L3:0=fff;1=080,c0000000,Thu Apr 2 02:54:15 PM UTC 2026,5409570_1532,coppernode30
"sh -c 'amoclingo -e=/home/guests/mmacri/AMOSUM/benchmarks/GraphColouring/encoding-amosum-eo.asp -l=true -m=minfly -lg=cpp -i=""$0""'",6,/home/guests/mmacri/AMOSUM/benchmarks/GraphColouring/test-instances-gc/0009-graph_colouring-125-0_6000.asp,45,616524234,4231705,10505516,472,1590167527,12217,3284631129,4,66359,0.057034,0.674986374,0.608767,1,48684,35172,77388,0.060968,0.681222,L3:0=004;1=fff,00000030,Thu Apr 2 02:54:45 PM UTC 2026,5409570_1545,coppernode22
"sh -c 'amoclingo -e=/home/guests/mmacri/AMOSUM/benchmarks/GraphColouring/encoding-amosum-eo.asp -l=true -m=minfly -lg=cpp -i=""$0""'",6,/home/guests/mmacri/AMOSUM/benchmarks/GraphColouring/test-instances-gc/0058-graph_colouring-150-0_7200.asp,290,6956851601,24056963,54280258,677,11648742900,15183,38591279982,4,485487,0.094783,4.888290007,4.762728,1,70868,37604,105300,0.114654,4.82001,L3:0=fff;1=002,000c0000,Thu Apr 2 03:14:09 PM UTC 2026,5409570_1790,coppernode23
"sh -c 'amoclingo -e=/home/guests/mmacri/AMOSUM/benchmarks/GraphColouring/encoding-amosum-eo.asp -l=true -m=minfly -lg=cpp -i=""$0""'",6,/home/guests/mmacri/AMOSUM/benchmarks/GraphColouring/test-instances-gc/0042-graph_colouring-145-0_5568.asp,209,153810657372,3559246937,8312456394,1162,603826825366,17681,1062294733115,6,25159689,0.059535,251.730363598,251.541335,1,80916,37052,115408,0.064647,251.613,L3:0=fff;1=010,03000000,Thu Apr 2 03:09:18 PM UTC 2026,5409570_1709,coppernode26
"sh -c 'amoclingo -e=/home/guests/mmacri/AMOSUM/benchmarks/GraphColouring/encoding-amosum-eo.asp -l=true -m=minfly -lg=cpp -i=""$0""'",6,/home/guests/mmacri/AMOSUM/benchmarks/GraphColouring/test-instances-gc/0041-graph_colouring-145-0_4176.asp,203,368837930882,26413095587,57215342541,1129,2891857010315,17192,2970027907544,2,120494371,0.067462,1204.953954594,1204.879084,1,79152,37288,112668,0.080885,1204.94,L3:0=fff;1=020,0c000000,Thu Apr 2 03:08:44 PM UTC 2026,5409570_1703,coppernode30
"sh -c 'amoclingo -e=/home/guests/mmacri/AMOSUM/benchmarks/GraphColouring/encoding-amosum-eo.asp -l=true -m=minfly -lg=cpp -i=""$0""'",6,/home/guests/mmacri/AMOSUM/benchmarks/GraphColouring/test-instances-gc/0055-graph_colouring-150-0_5760.asp,274,1565227274433,14408146046,23403321177,1314,2891842336187,28898,8714626945469,2,120494008,0.088242,1204.953821595,1204.854645,1,125168,76124,162380,0.092213,1204.93,L3:0=020;1=fff,00000c00,Thu Apr 2 03:13:10 PM UTC 2026,5409570_1774,coppernode25
"sh -c 'amoclingo -e=/home/guests/mmacri/AMOSUM/benchmarks/GraphColouring/encoding-amosum-eo.asp -l=true -m=minfly -lg=cpp -i=""$0""'",6,/home/guests/mmacri/AMOSUM/benchmarks/GraphColouring/test-instances-gc/0027-graph_colouring-135-0_2592.asp,132,152025064805,6860685010,17391086457,1350,1008910292941,15101,1202090119227,6,42038362,0.054784,420.404885634,420.332282,1,71504,36292,105260,0.072346,420.392,L3:0=002;1=fff,0000000c,Thu Apr 2 02:59:34 PM UTC 2026,5409570_1632,coppernode30
"sh -c 'amoclingo -e=/home/guests/mmacri/AMOSUM/benchmarks/GraphColouring/encoding-amosum-eo.asp -l=true -m=minfly -lg=cpp -i=""$0""'",6,/home/guests/mmacri/AMOSUM/benchmarks/GraphColouring/test-instances-gc/0029-graph_colouring-135-0_6480.asp,145,3433395594,7564426,20166913,906,5666043962,13644,18886402407,4,236244,0.048796,2.477670701,2.316484,1,66352,35984,99600,0.054487,2.38794,L3:0=004;1=fff,00000030,Thu Apr 2 03:01:22 PM UTC 2026,5409570_1645,coppernode29
"sh -c 'amoclingo -e=/home/guests/mmacri/AMOSUM/benchmarks/GraphColouring/encoding-amosum-eo.asp -l=true -m=minfly -lg=cpp -i=""$0""'",6,/home/guests/mmacri/AMOSUM/benchmarks/GraphColouring/test-instances-gc/0019-graph_colouring-130-0_3744.asp,93,997694889876,13495492301,30759061736,1228,2891853968876,24440,6701717736248,2,120494275,0.090773,1204.954788765,1204.854749,1,87076,37700,121992,0.100035,1204.92,L3:0=fff;1=010,03000000,Thu Apr 2 02:57:20 PM UTC 2026,5409570_1593,coppernode30
"sh -c 'amoclingo -e=/home/guests/mmacri/AMOSUM/benchmarks/GraphColouring/encoding-amosum-eo.asp -l=true -m=minfly -lg=cpp -i=""$0""'",6,/home/guests/mmacri/AMOSUM/benchmarks/GraphColouring/test-instances-gc/0020-graph_colouring-130-0_4992.asp,99,77711506230,1027973740,2778802200,1201,265911079709,15196,530377027683,6,11079900,0.074402,110.913895298,110.72758,1,72796,35432,107068,0.086265,110.793,L3:0=008;1=fff,000000c0,Thu Apr 2 02:57:37 PM UTC 2026,5409570_1599,coppernode23
"sh -c 'amoclingo -e=/home/guests/mmacri/AMOSUM/benchmarks/GraphColouring/encoding-amosum-eo.asp -l=true -m=minfly -lg=cpp -i=""$0""'",6,/home/guests/mmacri/AMOSUM/benchmarks/GraphColouring/test-instances-gc/0016-graph_colouring-130-0_2496.asp,77,420116462235,19843001824,49468473408,1690,2891616912496,16414,3339449551725,4,120484549,0.05083,1204.955338528,1204.798843,1,77496,36048,110712,0.058741,1204.87,L3:0=080;1=fff,0000c000,Thu Apr 2 02:56:15 PM UTC 2026,5409570_1577,coppernode21
"sh -c 'amoclingo -e=/home/guests/mmacri/AMOSUM/benchmarks/GraphColouring/encoding-amosum-eo.asp -l=true -m=minfly -lg=cpp -i=""$0""'",6,/home/guests/mmacri/AMOSUM/benchmarks/GraphColouring/test-instances-gc/0028-graph_colouring-135-0_3888.asp,138,423131206119,19622487294,49174392532,2266,2891803173401,16434,3360529317107,2,120492623,0.073982,1204.954952261,1204.856553,1,77896,35984,111204,0.085762,1204.92,L3:0=002;1=fff,0000000c,Thu Apr 2 03:00:24 PM UTC 2026,5409570_1638,coppernode28
"sh -c 'amoclingo -e=/home/guests/mmacri/AMOSUM/benchmarks/GraphColouring/encoding-amosum-eo.asp -l=true -m=minfly -lg=cpp -i=""$0""'",6,/home/guests/mmacri/AMOSUM/benchmarks/GraphColouring/test-instances-gc/0050-graph_colouring-145-0_1392.asp,246,396883300541,23745651108,55714118161,1165,2891845338209,16610,3166608346850,2,120493949,0.059938,1204.953860965,1204.882678,1,76976,37036,110468,0.076422,1204.94,L3:0=fff;1=080,c0000000,Thu Apr 2 03:11:35 PM UTC 2026,5409570_1746,coppernode24
"sh -c 'amoclingo -e=/home/guests/mmacri/AMOSUM/benchmarks/GraphColouring/encoding-amosum-eo.asp -l=true -m=minfly -lg=cpp -i=""$0""'",6,/home/guests/mmacri/AMOSUM/benchmarks/GraphColouring/test-instances-gc/0047-graph_colouring-145-0_1392.asp,231,394937611598,22161927739,52064311387,1138,2891849430598,16873,3147328531957,2,120494118,0.053073,1204.954071664,1204.890603,1,77972,36840,111592,0.068906,1204.95,L3:0=fff;1=020,0c000000,Thu Apr 2 03:10:54 PM UTC 2026,5409570_1731,coppernode27
"sh -c 'amoclingo -e=/home/guests/mmacri/AMOSUM/benchmarks/GraphColouring/encoding-amosum-eo.asp -l=true -m=minfly -lg=cpp -i=""$0""'",6,/home/guests/mmacri/AMOSUM/benchmarks/GraphColouring/test-instances-gc/0048-graph_colouring-145-0_1392.asp,236,385552347244,25456860541,57305835724,1168,2891848487103,16714,3091099142822,2,120494072,0.057112,1204.954855164,1204.886343,1,77264,37104,110952,0.072911,1204.95,L3:0=fff;1=004,00300000,Thu Apr 2 03:11:11 PM UTC 2026,5409570_1736,coppernode27
"sh -c 'amoclingo -e=/home/guests/mmacri/AMOSUM/benchmarks/GraphColouring/encoding-amosum-eo.asp -l=true -m=minfly -lg=cpp -i=""$0""'",6,/home/guests/mmacri/AMOSUM/benchmarks/GraphColouring/test-instances-gc/0049-graph_colouring-145-0_1392.asp,241,90999350956,2618336936,7500882501,718,543655497500,15010,706724888929,8,22652511,0.056762,226.577114138,226.471043,1,69576,37304,103812,0.074382,226.531,L3:0=080;1=fff,0000c000,Thu Apr 2 03:11:20 PM UTC 2026,5409570_1741,coppernode29
"sh -c 'amoclingo -e=/home/guests/mmacri/AMOSUM/benchmarks/GraphColouring/encoding-amosum-eo.asp -l=true -m=minfly -lg=cpp -i=""$0""'",6,/home/guests/mmacri/AMOSUM/benchmarks/GraphColouring/test-instances-gc/0029-graph_colouring-135-0_2592.asp,142,403177931111,23242402463,54637628031,1149,2891843683708,16314,3216670494073,4,120493885,0.076056,1204.954677078,1204.865266,1,76972,36284,110324,0.085109,1204.93,L3:0=fff;1=010,03000000,Thu Apr 2 03:01:08 PM UTC 2026,5409570_1642,coppernode23
"sh -c 'amoclingo -e=/home/guests/mmacri/AMOSUM/benchmarks/GraphColouring/encoding-amosum-eo.asp -l=true -m=minfly -lg=cpp -i=""$0""'",6,/home/guests/mmacri/AMOSUM/benchmarks/GraphColouring/test-instances-gc/0027-graph_colouring-135-0_6480.asp,135,4160610016,13099505,32271227,904,7087547077,14212,23030950126,6,295462,0.087464,3.056997302,2.870433,1,67816,36312,101852,0.096611,2.93798,L3:0=002;1=fff,0000000c,Thu Apr 2 03:00:16 PM UTC 2026,5409570_1635,coppernode21
"sh -c 'amoclingo -e=/home/guests/mmacri/AMOSUM/benchmarks/GraphColouring/encoding-amosum-eo.asp -l=true -m=minfly -lg=cpp -i=""$0""'",6,/home/guests/mmacri/AMOSUM/benchmarks/GraphColouring/test-instances-gc/0019-graph_colouring-130-0_4992.asp,94,85648167643,1039614330,2867439147,590,287374396328,15183,582698892351,4,11974076,0.040111,119.751463822,119.703033,1,73800,35452,108132,0.049297,119.771,L3:0=fff;1=010,03000000,Thu Apr 2 02:57:21 PM UTC 2026,5409570_1594,coppernode24
"sh -c 'amoclingo -e=/home/guests/mmacri/AMOSUM/benchmarks/GraphColouring/encoding-amosum-eo.asp -l=true -m=minfly -lg=cpp -i=""$0""'",6,/home/guests/mmacri/AMOSUM/benchmarks/GraphColouring/test-instances-gc/0014-graph_colouring-130-0_6240.asp,70,638247039,4454930,11197453,638,1638390741,12476,3395127859,6,68390,0.047958,0.716461689,0.638537,1,47720,35700,76356,0.063826,0.699689,L3:0=020;1=fff,00000c00,Thu Apr 2 02:55:48 PM UTC 2026,5409570_1570,coppernode22
"sh -c 'amoclingo -e=/home/guests/mmacri/AMOSUM/benchmarks/GraphColouring/encoding-amosum-eo.asp -l=true -m=minfly -lg=cpp -i=""$0""'",6,/home/guests/mmacri/AMOSUM/benchmarks/GraphColouring/test-instances-gc/0030-graph_colouring-135-0_3888.asp,148,1914289870936,5064378762,9891093208,1748,2891673144761,30055,10709466028176,2,120486877,0.105523,1204.982020978,1204.766799,1,131652,83316,167920,0.123783,1204.83,L3:0=004;1=fff,00000030,Thu Apr 2 03:01:37 PM UTC 2026,5409570_1648,coppernode30
"sh -c 'amoclingo -e=/home/guests/mmacri/AMOSUM/benchmarks/GraphColouring/encoding-amosum-eo.asp -l=true -m=minfly -lg=cpp -i=""$0""'",6,/home/guests/mmacri/AMOSUM/benchmarks/GraphColouring/test-instances-gc/0056-graph_colouring-150-0_5760.asp,279,1576501253415,13564325415,22246819929,1215,2891844332511,27287,8791267466304,2,120493967,0.076034,1204.95381149,1204.866647,1,118984,69984,155804,0.084411,1204.94,L3:0=010;1=fff,00000300,Thu Apr 2 03:13:27 PM UTC 2026,5409570_1779,coppernode26
"sh -c 'amoclingo -e=/home/guests/mmacri/AMOSUM/benchmarks/GraphColouring/encoding-amosum-eo.asp -l=true -m=minfly -lg=cpp -i=""$0""'",6,/home/guests/mmacri/AMOSUM/benchmarks/GraphColouring/test-instances-gc/0060-graph_colouring-150-0_2880.asp,297,105043629541,2846358110,8470154242,713,619023813396,15302,814358627528,4,25792851,0.044873,257.940369211,257.886123,1,70432,37828,104292,0.058225,257.95,L3:0=fff;1=010,03000000,Thu Apr 2 03:14:24 PM UTC 2026,5409570_1797,coppernode24
"sh -c 'amoclingo -e=/home/guests/mmacri/AMOSUM/benchmarks/GraphColouring/encoding-amosum-eo.asp -l=true -m=minfly -lg=cpp -i=""$0""'",6,/home/guests/mmacri/AMOSUM/benchmarks/GraphColouring/test-instances-gc/0055-graph_colouring-150-0_4320.asp,273,387233693509,24634654141,54827928223,2879,2891748326299,16860,3081420460344,2,120490709,0.086868,1204.953475763,1204.824302,1,77596,37316,111020,0.092648,1204.9,L3:0=002;1=fff,0000000c,Thu Apr 2 03:13:08 PM UTC 2026,5409570_1773,coppernode26
"sh -c 'amoclingo -e=/home/guests/mmacri/AMOSUM/benchmarks/GraphColouring/encoding-amosum-eo.asp -l=true -m=minfly -lg=cpp -i=""$0""'",6,/home/guests/mmacri/AMOSUM/benchmarks/GraphColouring/test-instances-gc/0041-graph_colouring-145-0_5568.asp,204,143320473737,4049789390,8898335367,768,593495644567,17641,997793387833,4,24729213,0.084043,247.305950693,247.210195,1,81392,37076,115324,0.114823,247.257,L3:0=004;1=fff,00000030,Thu Apr 2 03:08:50 PM UTC 2026,5409570_1704,coppernode23
"sh -c 'amoclingo -e=/home/guests/mmacri/AMOSUM/benchmarks/GraphColouring/encoding-amosum-eo.asp -l=true -m=minfly -lg=cpp -i=""$0""'",6,/home/guests/mmacri/AMOSUM/benchmarks/GraphColouring/test-instances-gc/0010-graph_colouring-125-0_3600.asp,48,1072121417093,13394290700,30128515293,2713,2891839546768,35810,6998160292996,2,120494318,0.125239,1204.982853586,1204.821143,1,153892,105224,188368,0.138392,1204.88,L3:0=004;1=fff,00000030,Thu Apr 2 02:54:49 PM UTC 2026,5409570_1548,coppernode22
"sh -c 'amoclingo -e=/home/guests/mmacri/AMOSUM/benchmarks/GraphColouring/encoding-amosum-eo.asp -l=true -m=minfly -lg=cpp -i=""$0""'",6,/home/guests/mmacri/AMOSUM/benchmarks/GraphColouring/test-instances-gc/0022-graph_colouring-135-0_2592.asp,107,192967504124,15108966460,28850152251,919,1540530694199,15441,1545735609964,6,64189030,0.052516,641.902539494,641.840719,1,73228,36556,107292,0.066755,641.904,L3:0=fff;1=020,0c000000,Thu Apr 2 02:58:02 PM UTC 2026,5409570_1607,coppernode30
"sh -c 'amoclingo -e=/home/guests/mmacri/AMOSUM/benchmarks/GraphColouring/encoding-amosum-eo.asp -l=true -m=minfly -lg=cpp -i=""$0""'",6,/home/guests/mmacri/AMOSUM/benchmarks/GraphColouring/test-instances-gc/0034-graph_colouring-140-0_6720.asp,170,675735193,4458478,11513690,908,1723703960,12890,3602856193,4,71974,0.08039,0.835409609,0.642361,1,50872,36832,79432,0.092897,0.706558,L3:0=004;1=fff,00000030,Thu Apr 2 03:05:22 PM UTC 2026,5409570_1670,coppernode24
"sh -c 'amoclingo -e=/home/guests/mmacri/AMOSUM/benchmarks/GraphColouring/encoding-amosum-eo.asp -l=true -m=minfly -lg=cpp -i=""$0""'",6,/home/guests/mmacri/AMOSUM/benchmarks/GraphColouring/test-instances-gc/0039-graph_colouring-140-0_5376.asp,194,81815981977,1608388554,3870686376,816,308502965463,16573,565635615022,4,12854474,0.067328,128.580637264,128.480117,1,76804,36780,111144,0.077442,128.547,L3:0=fff;1=002,000c0000,Thu Apr 2 03:07:50 PM UTC 2026,5409570_1694,coppernode27
"sh -c 'amoclingo -e=/home/guests/mmacri/AMOSUM/benchmarks/GraphColouring/encoding-amosum-eo.asp -l=true -m=minfly -lg=cpp -i=""$0""'",6,/home/guests/mmacri/AMOSUM/benchmarks/GraphColouring/test-instances-gc/0009-graph_colouring-125-0_2400.asp,42,1795031376,8206135,25879677,475,6439632166,12992,11646131332,4,268430,0.039145,2.695164975,2.647314,1,62880,35172,97016,0.060871,2.70245,L3:0=020;1=fff,00000c00,Thu Apr 2 02:54:31 PM UTC 2026,5409570_1542,coppernode22
"sh -c 'amoclingo -e=/home/guests/mmacri/AMOSUM/benchmarks/GraphColouring/encoding-amosum-eo.asp -l=true -m=minfly -lg=cpp -i=""$0""'",6,/home/guests/mmacri/AMOSUM/benchmarks/GraphColouring/test-instances-gc/0007-graph_colouring-125-0_6000.asp,35,624592662,4452367,11224391,900,1637724440,12187,3330460195,6,68384,0.034229,0.808766033,0.652864,1,47976,34904,75764,0.050712,0.713292,L3:0=fff;1=008,00c00000,Thu Apr 2 02:54:24 PM UTC 2026,5409570_1535,coppernode23
"sh -c 'amoclingo -e=/home/guests/mmacri/AMOSUM/benchmarks/GraphColouring/encoding-amosum-eo.asp -l=true -m=minfly -lg=cpp -i=""$0""'",6,/home/guests/mmacri/AMOSUM/benchmarks/GraphColouring/test-instances-gc/0045-graph_colouring-145-0_6960.asp,225,756175047,4520457,11308326,496,1906573900,13216,4089069638,4,79548,0.055757,0.805054856,0.742215,1,48768,37100,77384,0.078476,0.796894,L3:0=040;1=fff,00003000,Thu Apr 2 03:10:35 PM UTC 2026,5409570_1725,coppernode29
"sh -c 'amoclingo -e=/home/guests/mmacri/AMOSUM/benchmarks/GraphColouring/encoding-amosum-eo.asp -l=true -m=minfly -lg=cpp -i=""$0""'",6,/home/guests/mmacri/AMOSUM/benchmarks/GraphColouring/test-instances-gc/0051-graph_colouring-150-0_2880.asp,252,399599496646,22650385390,54150499685,1382,2891802612557,17104,3184651871847,2,120492249,0.076245,1204.954165998,1204.84984,1,77388,37572,111656,0.085027,1204.92,L3:0=020;1=fff,00000c00,Thu Apr 2 03:12:09 PM UTC 2026,5409570_1752,coppernode21
"sh -c 'amoclingo -e=/home/guests/mmacri/AMOSUM/benchmarks/GraphColouring/encoding-amosum-eo.asp -l=true -m=minfly -lg=cpp -i=""$0""'",6,/home/guests/mmacri/AMOSUM/benchmarks/GraphColouring/test-instances-gc/0052-graph_colouring-150-0_4320.asp,258,394184735462,23188755600,53443842780,1146,2891864536151,17499,3137869268191,2,120494752,0.080461,1204.954380429,1204.870108,1,80224,37312,113596,0.096933,1204.93,L3:0=fff;1=020,0c000000,Thu Apr 2 03:12:27 PM UTC 2026,5409570_1758,coppernode25
"sh -c 'amoclingo -e=/home/guests/mmacri/AMOSUM/benchmarks/GraphColouring/encoding-amosum-eo.asp -l=true -m=minfly -lg=cpp -i=""$0""'",6,/home/guests/mmacri/AMOSUM/benchmarks/GraphColouring/test-instances-gc/0003-graph_colouring-125-0_4800.asp,14,83457777747,871778516,2526255200,621,278828971037,14925,567593762542,6,11618038,0.065938,116.206047188,116.116709,1,72796,34988,106472,0.089666,116.17,L3:0=004;1=fff,00000030,Thu Apr 2 02:53:25 PM UTC 2026,5409570_1514,coppernode28
"sh -c 'amoclingo -e=/home/guests/mmacri/AMOSUM/benchmarks/GraphColouring/encoding-amosum-eo.asp -l=true -m=minfly -lg=cpp -i=""$0""'",6,/home/guests/mmacri/AMOSUM/benchmarks/GraphColouring/test-instances-gc/0013-graph_colouring-130-0_3744.asp,63,1013617068663,13634821605,30553682953,1351,2891853286347,24505,6767757842061,2,120494377,0.085926,1204.955595445,1204.860595,1,87008,37768,121684,0.106424,1204.92,L3:0=004;1=fff,00000030,Thu Apr 2 02:55:27 PM UTC 2026,5409570_1563,coppernode28
"sh -c 'amoclingo -e=/home/guests/mmacri/AMOSUM/benchmarks/GraphColouring/encoding-amosum-eo.asp -l=true -m=minfly -lg=cpp -i=""$0""'",6,/home/guests/mmacri/AMOSUM/benchmarks/GraphColouring/test-instances-gc/0018-graph_colouring-130-0_2496.asp,87,398718370855,22645929821,53499072299,1231,2891843160368,16524,3194242315165,2,120493917,0.088696,1204.954866848,1204.852572,1,77656,35720,111696,0.097861,1204.92,L3:0=008;1=fff,000000c0,Thu Apr 2 02:57:01 PM UTC 2026,5409570_1587,coppernode29
"sh -c 'amoclingo -e=/home/guests/mmacri/AMOSUM/benchmarks/GraphColouring/encoding-amosum-eo.asp -l=true -m=minfly -lg=cpp -i=""$0""'",6,/home/guests/mmacri/AMOSUM/benchmarks/GraphColouring/test-instances-gc/0014-graph_colouring-130-0_4992.asp,69,52008062037,622414774,1735333516,567,176409880556,15138,354577351383,4,7350552,0.033207,73.517538827,73.474641,1,72360,35720,106384,0.03411,73.5509,L3:0=008;1=fff,000000c0,Thu Apr 2 02:55:47 PM UTC 2026,5409570_1569,coppernode29
"sh -c 'amoclingo -e=/home/guests/mmacri/AMOSUM/benchmarks/GraphColouring/encoding-amosum-eo.asp -l=true -m=minfly -lg=cpp -i=""$0""'",6,/home/guests/mmacri/AMOSUM/benchmarks/GraphColouring/test-instances-gc/0031-graph_colouring-140-0_1344.asp,151,140019205702,5841050986,15310749194,780,908354914056,15014,1103015602471,4,37848392,0.064488,378.495496624,378.421385,1,71988,36512,105768,0.086399,378.477,L3:0=004;1=fff,00000030,Thu Apr 2 03:01:53 PM UTC 2026,5409570_1651,coppernode29
"sh -c 'amoclingo -e=/home/guests/mmacri/AMOSUM/benchmarks/GraphColouring/encoding-amosum-eo.asp -l=true -m=minfly -lg=cpp -i=""$0""'",6,/home/guests/mmacri/AMOSUM/benchmarks/GraphColouring/test-instances-gc/0026-graph_colouring-135-0_1296.asp,126,303199986790,17708090252,41661130876,1019,2151538122603,15814,2422972667612,6,89647744,0.070362,896.486715964,896.409937,1,73948,36248,108024,0.090045,896.468,L3:0=fff;1=080,c0000000,Thu Apr 2 02:59:12 PM UTC 2026,5409570_1626,coppernode28
"sh -c 'amoclingo -e=/home/guests/mmacri/AMOSUM/benchmarks/GraphColouring/encoding-amosum-eo.asp -l=true -m=minfly -lg=cpp -i=""$0""'",6,/home/guests/mmacri/AMOSUM/benchmarks/GraphColouring/test-instances-gc/0052-graph_colouring-150-0_7200.asp,260,8734633556,49043180,100053982,502,15487308014,16128,48664667447,4,645408,0.053153,6.464377965,6.403061,1,74888,37288,108696,0.065777,6.46784,L3:0=fff;1=008,00c00000,Thu Apr 2 03:12:30 PM UTC 2026,5409570_1760,coppernode30
"sh -c 'amoclingo -e=/home/guests/mmacri/AMOSUM/benchmarks/GraphColouring/encoding-amosum-eo.asp -l=true -m=minfly -lg=cpp -i=""$0""'",6,/home/guests/mmacri/AMOSUM/benchmarks/GraphColouring/test-instances-gc/0044-graph_colouring-145-0_2784.asp,217,36847399761,560455831,1878884325,749,191510920878,14438,278567466608,4,7979775,0.068988,79.832559108,79.731574,1,67296,37368,101276,0.086502,79.7909,L3:0=fff;1=020,0c000000,Thu Apr 2 03:09:32 PM UTC 2026,5409570_1717,coppernode27
"sh -c 'amoclingo -e=/home/guests/mmacri/AMOSUM/benchmarks/GraphColouring/encoding-amosum-eo.asp -l=true -m=minfly -lg=cpp -i=""$0""'",6,/home/guests/mmacri/AMOSUM/benchmarks/GraphColouring/test-instances-gc/0002-graph_colouring-125-0_2400.asp,7,413164093653,22184382739,53745219879,1183,2891858019661,16072,3301545822403,2,120494415,0.071332,1204.955253472,1204.875577,1,77232,35500,111268,0.083231,1204.94,L3:0=fff;1=004,00300000,Thu Apr 2 02:53:22 PM UTC 2026,5409570_1507,coppernode30
"sh -c 'amoclingo -e=/home/guests/mmacri/AMOSUM/benchmarks/GraphColouring/encoding-amosum-eo.asp -l=true -m=minfly -lg=cpp -i=""$0""'",6,/home/guests/mmacri/AMOSUM/benchmarks/GraphColouring/test-instances-gc/0057-graph_colouring-150-0_5760.asp,284,1789065027086,7168129613,13158194386,1187,2891856074332,24764,9978778215165,2,120494355,0.074233,1204.954120178,1204.872227,1,109016,59108,145924,0.090099,1204.93,L3:0=fff;1=004,00300000,Thu Apr 2 03:13:36 PM UTC 2026,5409570_1784,coppernode30
"sh -c 'amoclingo -e=/home/guests/mmacri/AMOSUM/benchmarks/GraphColouring/encoding-amosum-eo.asp -l=true -m=minfly -lg=cpp -i=""$0""'",6,/home/guests/mmacri/AMOSUM/benchmarks/GraphColouring/test-instances-gc/0011-graph_colouring-130-0_1248.asp,51,417318042746,22303155379,52812826851,1191,2891847447689,16139,3296520455462,2,120494144,0.060382,1204.955985,1204.883356,1,77328,35452,111460,0.077816,1204.94,L3:0=040;1=fff,00003000,Thu Apr 2 02:54:58 PM UTC 2026,5409570_1551,coppernode24
"sh -c 'amoclingo -e=/home/guests/mmacri/AMOSUM/benchmarks/GraphColouring/encoding-amosum-eo.asp -l=true -m=minfly -lg=cpp -i=""$0""'",6,/home/guests/mmacri/AMOSUM/benchmarks/GraphColouring/test-instances-gc/0006-graph_colouring-125-0_1200.asp,26,809141736,4716462,12438999,473,2394123192,12679,4636691595,5,99863,0.050078,1.009211654,0.950534,1,61680,35256,95816,0.062576,1.01482,L3:0=002;1=fff,0000000c,Thu Apr 2 02:54:08 PM UTC 2026,5409570_1526,coppernode27
"sh -c 'amoclingo -e=/home/guests/mmacri/AMOSUM/benchmarks/GraphColouring/encoding-amosum-eo.asp -l=true -m=minfly -lg=cpp -i=""$0""'",6,/home/guests/mmacri/AMOSUM/benchmarks/GraphColouring/test-instances-gc/0038-graph_colouring-140-0_2688.asp,187,381355583039,25741293523,58302770413,1241,2891847491869,16356,3070769078788,2,120494110,0.061444,1204.955040709,1204.882129,1,75944,36516,110008,0.077223,1204.94,L3:0=010;1=fff,00000300,Thu Apr 2 03:07:03 PM UTC 2026,5409570_1687,coppernode27
"sh -c 'amoclingo -e=/home/guests/mmacri/AMOSUM/benchmarks/GraphColouring/encoding-amosum-eo.asp -l=true -m=minfly -lg=cpp -i=""$0""'",6,/home/guests/mmacri/AMOSUM/benchmarks/GraphColouring/test-instances-gc/0034-graph_colouring-140-0_5376.asp,169,85186091507,1402551202,3497461149,612,304853263385,16258,583100571133,6,12702371,0.063483,127.034673612,126.962569,1,75540,36756,109760,0.081047,127.022,L3:0=fff;1=010,03000000,Thu Apr 2 03:04:51 PM UTC 2026,5409570_1669,coppernode22
"sh -c 'amoclingo -e=/home/guests/mmacri/AMOSUM/benchmarks/GraphColouring/encoding-amosum-eo.asp -l=true -m=minfly -lg=cpp -i=""$0""'",6,/home/guests/mmacri/AMOSUM/benchmarks/GraphColouring/test-instances-gc/0023-graph_colouring-135-0_5184.asp,114,1714836933369,9435631213,17228361587,1623,2891542661641,23892,9585079393791,4,120481533,0.095433,1204.953257915,1204.724477,1,107256,58568,143472,0.105541,1204.79,L3:0=fff;1=080,c0000000,Thu Apr 2 02:58:10 PM UTC 2026,5409570_1614,coppernode21
"sh -c 'amoclingo -e=/home/guests/mmacri/AMOSUM/benchmarks/GraphColouring/encoding-amosum-eo.asp -l=true -m=minfly -lg=cpp -i=""$0""'",6,/home/guests/mmacri/AMOSUM/benchmarks/GraphColouring/test-instances-gc/0033-graph_colouring-140-0_4032.asp,163,401155831648,23758112584,55788228426,1597,2891575784575,16553,3202163240872,4,120482762,0.06511,1204.954110748,1204.766765,1,76540,36752,110460,0.083996,1204.83,L3:0=fff;1=080,c0000000,Thu Apr 2 03:04:11 PM UTC 2026,5409570_1663,coppernode23
"sh -c 'amoclingo -e=/home/guests/mmacri/AMOSUM/benchmarks/GraphColouring/encoding-amosum-eo.asp -l=true -m=minfly -lg=cpp -i=""$0""'",6,/home/guests/mmacri/AMOSUM/benchmarks/GraphColouring/test-instances-gc/0044-graph_colouring-145-0_5568.asp,219,95048196029,2049739640,4858214498,666,365471293370,17016,655160351353,4,15228151,0.054645,152.29423794,152.229346,1,77672,37316,112500,0.064725,152.296,L3:0=020;1=fff,00000c00,Thu Apr 2 03:09:52 PM UTC 2026,5409570_1719,coppernode26
"sh -c 'amoclingo -e=/home/guests/mmacri/AMOSUM/benchmarks/GraphColouring/encoding-amosum-eo.asp -l=true -m=minfly -lg=cpp -i=""$0""'",6,/home/guests/mmacri/AMOSUM/benchmarks/GraphColouring/test-instances-gc/0056-graph_colouring-150-0_7200.asp,280,10946751569,60336813,120935813,657,19461924177,16039,61140139402,4,811033,0.051117,8.140844676,8.06187,1,74588,37084,108364,0.067025,8.12317,L3:0=fff;1=004,00300000,Thu Apr 2 03:13:27 PM UTC 2026,5409570_1780,coppernode30
"sh -c 'amoclingo -e=/home/guests/mmacri/AMOSUM/benchmarks/GraphColouring/encoding-amosum-eo.asp -l=true -m=minfly -lg=cpp -i=""$0""'",6,/home/guests/mmacri/AMOSUM/benchmarks/GraphColouring/test-instances-gc/0001-graph_colouring-125-0_3600.asp,3,964149156454,12466647427,29033299202,1296,2891844370593,22253,6498017193851,2,120493991,0.108906,1204.954033256,1204.833206,1,84972,36748,119576,0.124011,1204.9,L3:0=008;1=fff,000000c0,Thu Apr 2 02:53:18 PM UTC 2026,5409570_1503,coppernode26
"sh -c 'amoclingo -e=/home/guests/mmacri/AMOSUM/benchmarks/GraphColouring/encoding-amosum-eo.asp -l=true -m=minfly -lg=cpp -i=""$0""'",6,/home/guests/mmacri/AMOSUM/benchmarks/GraphColouring/test-instances-gc/0053-graph_colouring-150-0_5760.asp,264,1635597253946,11646364450,19697632902,1187,2891853345276,25296,9135529125791,2,120494378,0.082349,1204.953691334,1204.864963,1,110412,61748,147228,0.094242,1204.93,L3:0=fff;1=020,0c000000,Thu Apr 2 03:12:51 PM UTC 2026,5409570_1764,coppernode21
"sh -c 'amoclingo -e=/home/guests/mmacri/AMOSUM/benchmarks/GraphColouring/encoding-amosum-eo.asp -l=true -m=minfly -lg=cpp -i=""$0""'",6,/home/guests/mmacri/AMOSUM/benchmarks/GraphColouring/test-instances-gc/0043-graph_colouring-145-0_4176.asp,213,159688207408,7950600647,19457976234,893,1103493491769,15789,1266502606757,4,45979171,0.060928,459.804522101,459.733325,1,73464,37288,107016,0.080694,459.79,L3:0=010;1=fff,00000300,Thu Apr 2 03:09:24 PM UTC 2026,5409570_1713,coppernode30
"sh -c 'amoclingo -e=/home/guests/mmacri/AMOSUM/benchmarks/GraphColouring/encoding-amosum-eo.asp -l=true -m=minfly -lg=cpp -i=""$0""'",6,/home/guests/mmacri/AMOSUM/benchmarks/GraphColouring/test-instances-gc/0002-graph_colouring-125-0_4800.asp,9,36949405346,323564093,986625730,539,120083224864,14541,250846352034,4,5003583,0.059862,50.047542644,49.978411,1,71320,35500,105476,0.071775,50.0436,L3:0=fff;1=080,c0000000,Thu Apr 2 02:53:22 PM UTC 2026,5409570_1509,coppernode30
"sh -c 'amoclingo -e=/home/guests/mmacri/AMOSUM/benchmarks/GraphColouring/encoding-amosum-eo.asp -l=true -m=minfly -lg=cpp -i=""$0""'",6,/home/guests/mmacri/AMOSUM/benchmarks/GraphColouring/test-instances-gc/0006-graph_colouring-125-0_3600.asp,28,1060006676873,13222179631,30715786684,2103,2891867450893,41693,6912980947306,2,120495229,0.160395,1204.985643679,1204.796064,1,172636,123664,208228,0.177943,1204.86,L3:0=002;1=fff,0000000c,Thu Apr 2 02:54:10 PM UTC 2026,5409570_1528,coppernode27
"sh -c 'amoclingo -e=/home/guests/mmacri/AMOSUM/benchmarks/GraphColouring/encoding-amosum-eo.asp -l=true -m=minfly -lg=cpp -i=""$0""'",6,/home/guests/mmacri/AMOSUM/benchmarks/GraphColouring/test-instances-gc/0022-graph_colouring-135-0_6480.asp,110,2777702441,6009159,16256785,920,4668109907,13370,15206289241,6,194663,0.041987,2.064310653,1.908064,1,65156,36552,99148,0.057737,1.96878,L3:0=080;1=fff,0000c000,Thu Apr 2 02:58:05 PM UTC 2026,5409570_1610,coppernode22
"sh -c 'amoclingo -e=/home/guests/mmacri/AMOSUM/benchmarks/GraphColouring/encoding-amosum-eo.asp -l=true -m=minfly -lg=cpp -i=""$0""'",6,/home/guests/mmacri/AMOSUM/benchmarks/GraphColouring/test-instances-gc/0034-graph_colouring-140-0_2688.asp,167,153583734221,6506918026,16737795053,981,989494250415,15076,1209909833755,4,41229204,0.059545,412.334181495,412.235649,1,71220,36832,104960,0.068801,412.303,L3:0=080;1=fff,0000c000,Thu Apr 2 03:04:18 PM UTC 2026,5409570_1667,coppernode24
"sh -c 'amoclingo -e=/home/guests/mmacri/AMOSUM/benchmarks/GraphColouring/encoding-amosum-eo.asp -l=true -m=minfly -lg=cpp -i=""$0""'",6,/home/guests/mmacri/AMOSUM/benchmarks/GraphColouring/test-instances-gc/0038-graph_colouring-140-0_5376.asp,189,121088535454,2452467502,5825934633,709,453464315254,17042,833548827978,2,18894553,0.053455,188.958557558,188.894669,1,78916,36512,113624,0.057428,188.968,L3:0=040;1=fff,00003000,Thu Apr 2 03:07:25 PM UTC 2026,5409570_1689,coppernode29
"sh -c 'amoclingo -e=/home/guests/mmacri/AMOSUM/benchmarks/GraphColouring/encoding-amosum-eo.asp -l=true -m=minfly -lg=cpp -i=""$0""'",6,/home/guests/mmacri/AMOSUM/benchmarks/GraphColouring/test-instances-gc/0037-graph_colouring-140-0_4032.asp,183,387307038029,23819132456,53875832034,1285,2891847317076,17017,3104260506087,6,120494239,0.064073,1204.953536989,1204.879957,1,78564,36756,112520,0.065938,1204.96,L3:0=008;1=fff,000000c0,Thu Apr 2 03:06:51 PM UTC 2026,5409570_1683,coppernode22
"sh -c 'amoclingo -e=/home/guests/mmacri/AMOSUM/benchmarks/GraphColouring/encoding-amosum-eo.asp -l=true -m=minfly -lg=cpp -i=""$0""'",6,/home/guests/mmacri/AMOSUM/benchmarks/GraphColouring/test-instances-gc/0011-graph_colouring-130-0_6240.asp,55,661870959,4256504,10459670,473,1682893590,12442,3545229709,4,70227,0.057348,0.712503878,0.647132,1,48768,35516,77384,0.065237,0.715877,L3:0=010;1=fff,00000300,Thu Apr 2 02:55:15 PM UTC 2026,5409570_1555,coppernode28
"sh -c 'amoclingo -e=/home/guests/mmacri/AMOSUM/benchmarks/GraphColouring/encoding-amosum-eo.asp -l=true -m=minfly -lg=cpp -i=""$0""'",6,/home/guests/mmacri/AMOSUM/benchmarks/GraphColouring/test-instances-gc/0005-graph_colouring-125-0_2400.asp,22,1474541121,6666115,20164084,476,5061678550,12902,9343866199,5,211014,0.037332,2.121274999,2.074998,1,62592,35196,96832,0.046483,2.14258,L3:0=080;1=fff,0000c000,Thu Apr 2 02:53:56 PM UTC 2026,5409570_1522,coppernode27
"sh -c 'amoclingo -e=/home/guests/mmacri/AMOSUM/benchmarks/GraphColouring/encoding-amosum-eo.asp -l=true -m=minfly -lg=cpp -i=""$0""'",6,/home/guests/mmacri/AMOSUM/benchmarks/GraphColouring/test-instances-gc/0045-graph_colouring-145-0_1392.asp,221,400193279268,23005871464,53925395962,1904,2891809869366,16738,3184539607937,2,120492691,0.048416,1204.954391756,1204.881867,1,77116,37044,110660,0.061535,1204.95,L3:0=fff;1=002,000c0000,Thu Apr 2 03:10:01 PM UTC 2026,5409570_1721,coppernode27
"sh -c 'amoclingo -e=/home/guests/mmacri/AMOSUM/benchmarks/GraphColouring/encoding-amosum-eo.asp -l=true -m=minfly -lg=cpp -i=""$0""'",6,/home/guests/mmacri/AMOSUM/benchmarks/GraphColouring/test-instances-gc/0052-graph_colouring-150-0_1440.asp,256,394070788629,23338661968,52913245151,1239,2891844991730,17523,3134277782862,2,120494004,0.052604,1204.954696343,1204.890184,1,80256,37376,113828,0.065902,1204.95,L3:0=020;1=fff,00000c00,Thu Apr 2 03:12:25 PM UTC 2026,5409570_1756,coppernode26
"sh -c 'amoclingo -e=/home/guests/mmacri/AMOSUM/benchmarks/GraphColouring/encoding-amosum-eo.asp -l=true -m=minfly -lg=cpp -i=""$0""'",6,/home/guests/mmacri/AMOSUM/benchmarks/GraphColouring/test-instances-gc/0031-graph_colouring-140-0_6720.asp,155,681008470,4409719,11463131,906,1743306981,12815,3646567664,4,72792,0.045628,0.825015234,0.685181,1,48392,36516,77036,0.058991,0.748916,L3:0=004;1=fff,00000030,Thu Apr 2 03:02:57 PM UTC 2026,5409570_1655,coppernode27
"sh -c 'amoclingo -e=/home/guests/mmacri/AMOSUM/benchmarks/GraphColouring/encoding-amosum-eo.asp -l=true -m=minfly -lg=cpp -i=""$0""'",6,/home/guests/mmacri/AMOSUM/benchmarks/GraphColouring/test-instances-gc/0025-graph_colouring-135-0_2592.asp,122,374533992691,27517854912,59965565814,1227,2891853898733,16288,3027596392245,2,120494376,0.069222,1204.954720865,1204.877052,1,75768,36252,109864,0.074204,1204.95,L3:0=040;1=fff,00003000,Thu Apr 2 02:58:49 PM UTC 2026,5409570_1622,coppernode21
"sh -c 'amoclingo -e=/home/guests/mmacri/AMOSUM/benchmarks/GraphColouring/encoding-amosum-eo.asp -l=true -m=minfly -lg=cpp -i=""$0""'",6,/home/guests/mmacri/AMOSUM/benchmarks/GraphColouring/test-instances-gc/0017-graph_colouring-130-0_3744.asp,83,387641788870,25537660693,57325214843,1350,2891774416160,16330,3113061542956,4,120491012,0.065999,1204.954893108,1204.847349,1,76932,35780,110840,0.086361,1204.9,L3:0=fff;1=020,0c000000,Thu Apr 2 02:56:50 PM UTC 2026,5409570_1583,coppernode29
"sh -c 'amoclingo -e=/home/guests/mmacri/AMOSUM/benchmarks/GraphColouring/encoding-amosum-eo.asp -l=true -m=minfly -lg=cpp -i=""$0""'",6,/home/guests/mmacri/AMOSUM/benchmarks/GraphColouring/test-instances-gc/0002-graph_colouring-125-0_6000.asp,10,613014774,4187803,10335030,473,1576909639,12233,3255098231,4,65811,0.057513,0.66844012,0.602716,1,48712,35460,77380,0.079998,0.657461,L3:0=002;1=fff,0000000c,Thu Apr 2 02:53:23 PM UTC 2026,5409570_1510,coppernode27
"sh -c 'amoclingo -e=/home/guests/mmacri/AMOSUM/benchmarks/GraphColouring/encoding-amosum-eo.asp -l=true -m=minfly -lg=cpp -i=""$0""'",6,/home/guests/mmacri/AMOSUM/benchmarks/GraphColouring/test-instances-gc/0014-graph_colouring-130-0_2496.asp,67,391534204223,23941644462,55506686328,3040,2891759809630,16598,3147319429736,2,120491053,0.098831,1204.954543279,1204.814746,1,78148,35724,112160,0.118399,1204.87,L3:0=080;1=fff,0000c000,Thu Apr 2 02:55:36 PM UTC 2026,5409570_1567,coppernode27
"sh -c 'amoclingo -e=/home/guests/mmacri/AMOSUM/benchmarks/GraphColouring/encoding-amosum-eo.asp -l=true -m=minfly -lg=cpp -i=""$0""'",6,/home/guests/mmacri/AMOSUM/benchmarks/GraphColouring/test-instances-gc/0018-graph_colouring-130-0_4992.asp,89,60405454524,696698524,1920891193,632,200601146793,15396,410543793244,6,8358547,0.0894,83.599168537,83.498413,1,73696,35780,107608,0.09735,83.5676,L3:0=002;1=fff,0000000c,Thu Apr 2 02:57:13 PM UTC 2026,5409570_1589,coppernode29
"sh -c 'amoclingo -e=/home/guests/mmacri/AMOSUM/benchmarks/GraphColouring/encoding-amosum-eo.asp -l=true -m=minfly -lg=cpp -i=""$0""'",6,/home/guests/mmacri/AMOSUM/benchmarks/GraphColouring/test-instances-gc/0026-graph_colouring-135-0_3888.asp,128,313925741253,18194336485,43192318510,2858,2220766138829,15910,2506538302141,4,92532869,0.073143,925.479161071,925.258026,1,73992,36284,108432,0.077095,925.331,L3:0=008;1=fff,000000c0,Thu Apr 2 02:59:28 PM UTC 2026,5409570_1628,coppernode23
"sh -c 'amoclingo -e=/home/guests/mmacri/AMOSUM/benchmarks/GraphColouring/encoding-amosum-eo.asp -l=true -m=minfly -lg=cpp -i=""$0""'",6,/home/guests/mmacri/AMOSUM/benchmarks/GraphColouring/test-instances-gc/0060-graph_colouring-150-0_5760.asp,299,1594435969951,12602824994,20940972538,1170,2891844409981,26353,8899783105544,2,120493906,0.103003,1204.953090778,1204.838377,1,113956,65104,151196,0.114941,1204.9,L3:0=fff;1=008,00c00000,Thu Apr 2 03:14:31 PM UTC 2026,5409570_1799,coppernode23
"sh -c 'amoclingo -e=/home/guests/mmacri/AMOSUM/benchmarks/GraphColouring/encoding-amosum-eo.asp -l=true -m=minfly -lg=cpp -i=""$0""'",6,/home/guests/mmacri/AMOSUM/benchmarks/GraphColouring/test-instances-gc/0056-graph_colouring-150-0_2880.asp,277,382243454981,25791000457,56821976419,1374,2891791730899,16892,3051893215084,2,120491854,0.059842,1204.954113011,1204.860667,1,77832,37052,111164,0.072409,1204.93,L3:0=008;1=fff,000000c0,Thu Apr 2 03:13:23 PM UTC 2026,5409570_1777,coppernode26
"sh -c 'amoclingo -e=/home/guests/mmacri/AMOSUM/benchmarks/GraphColouring/encoding-amosum-eo.asp -l=true -m=minfly -lg=cpp -i=""$0""'",6,/home/guests/mmacri/AMOSUM/benchmarks/GraphColouring/test-instances-gc/0040-graph_colouring-140-0_6720.asp,200,721888525,4602082,12107595,921,1858034759,13107,3894984160,8,77575,0.058729,0.897424548,0.720589,1,51088,37048,79448,0.068052,0.788822,L3:0=080;1=fff,0000c000,Thu Apr 2 03:08:36 PM UTC 2026,5409570_1700,coppernode25
"sh -c 'amoclingo -e=/home/guests/mmacri/AMOSUM/benchmarks/GraphColouring/encoding-amosum-eo.asp -l=true -m=minfly -lg=cpp -i=""$0""'",6,/home/guests/mmacri/AMOSUM/benchmarks/GraphColouring/test-instances-gc/0059-graph_colouring-150-0_4320.asp,293,374144107376,26777036424,58953408284,2719,2891553944075,16703,3012261275236,2,120482315,0.045907,1204.954047094,1204.782709,1,76044,37572,110284,0.064083,1204.84,L3:0=002;1=fff,0000000c,Thu Apr 2 03:14:15 PM UTC 2026,5409570_1793,coppernode27
"sh -c 'amoclingo -e=/home/guests/mmacri/AMOSUM/benchmarks/GraphColouring/encoding-amosum-eo.asp -l=true -m=minfly -lg=cpp -i=""$0""'",6,/home/guests/mmacri/AMOSUM/benchmarks/GraphColouring/test-instances-gc/0010-graph_colouring-125-0_1200.asp,46,578707488,4239112,10448161,470,1502262138,12274,3038250414,7,62696,0.041271,0.65409609,0.587899,1,47900,34908,76240,0.053173,0.653036,L3:0=004;1=fff,00000030,Thu Apr 2 02:54:47 PM UTC 2026,5409570_1546,coppernode22
"sh -c 'amoclingo -e=/home/guests/mmacri/AMOSUM/benchmarks/GraphColouring/encoding-amosum-eo.asp -l=true -m=minfly -lg=cpp -i=""$0""'",6,/home/guests/mmacri/AMOSUM/benchmarks/GraphColouring/test-instances-gc/0007-graph_colouring-125-0_1200.asp,31,566098336,4332409,10993789,630,1461810083,12308,2948947713,8,61024,0.030406,0.657336478,0.58262,1,47980,34908,75768,0.047119,0.642741,L3:0=fff;1=040,30000000,Thu Apr 2 02:54:14 PM UTC 2026,5409570_1531,coppernode22
"sh -c 'amoclingo -e=/home/guests/mmacri/AMOSUM/benchmarks/GraphColouring/encoding-amosum-eo.asp -l=true -m=minfly -lg=cpp -i=""$0""'",6,/home/guests/mmacri/AMOSUM/benchmarks/GraphColouring/test-instances-gc/0038-graph_colouring-140-0_6720.asp,190,713472609,4627623,11718259,484,1832698652,12920,3857201264,6,76461,0.060345,0.774655607,0.706543,1,48680,36488,77384,0.079125,0.764514,L3:0=fff;1=020,0c000000,Thu Apr 2 03:07:29 PM UTC 2026,5409570_1690,coppernode23
"sh -c 'amoclingo -e=/home/guests/mmacri/AMOSUM/benchmarks/GraphColouring/encoding-amosum-eo.asp -l=true -m=minfly -lg=cpp -i=""$0""'",6,/home/guests/mmacri/AMOSUM/benchmarks/GraphColouring/test-instances-gc/0022-graph_colouring-135-0_5184.asp,109,1627520102728,11352401566,20278949086,1136,2891845171516,24379,9114606885027,2,120493920,0.092303,1204.954161492,1204.84984,1,108176,59136,144224,0.10116,1204.92,L3:0=fff;1=080,c0000000,Thu Apr 2 02:58:03 PM UTC 2026,5409570_1609,coppernode29
"sh -c 'amoclingo -e=/home/guests/mmacri/AMOSUM/benchmarks/GraphColouring/encoding-amosum-eo.asp -l=true -m=minfly -lg=cpp -i=""$0""'",6,/home/guests/mmacri/AMOSUM/benchmarks/GraphColouring/test-instances-gc/0021-graph_colouring-135-0_3888.asp,103,398640838416,24444975660,55967553077,1193,2891804704126,16320,3187732612189,6,120492302,0.067943,1204.955152652,1204.85792,1,75808,36224,110248,0.085457,1204.92,L3:0=020;1=fff,00000c00,Thu Apr 2 02:57:45 PM UTC 2026,5409570_1603,coppernode23
"sh -c 'amoclingo -e=/home/guests/mmacri/AMOSUM/benchmarks/GraphColouring/encoding-amosum-eo.asp -l=true -m=minfly -lg=cpp -i=""$0""'",6,/home/guests/mmacri/AMOSUM/benchmarks/GraphColouring/test-instances-gc/0035-graph_colouring-140-0_5376.asp,174,159718920958,3258691551,7857782548,1161,598048720950,16866,1100083084259,6,24918933,0.092133,249.302817655,249.101052,1,78052,36248,113048,0.109757,249.161,L3:0=fff;1=020,0c000000,Thu Apr 2 03:06:03 PM UTC 2026,5409570_1674,coppernode28
"sh -c 'amoclingo -e=/home/guests/mmacri/AMOSUM/benchmarks/GraphColouring/encoding-amosum-eo.asp -l=true -m=minfly -lg=cpp -i=""$0""'",6,/home/guests/mmacri/AMOSUM/benchmarks/GraphColouring/test-instances-gc/0047-graph_colouring-145-0_2784.asp,232,398953873579,22621918303,52951553349,1627,2891613306546,16938,3180207494191,2,120484386,0.051953,1204.95504486,1204.7954,1,78012,36780,111916,0.063829,1204.86,L3:0=010;1=fff,00000300,Thu Apr 2 03:11:01 PM UTC 2026,5409570_1732,coppernode21
"sh -c 'amoclingo -e=/home/guests/mmacri/AMOSUM/benchmarks/GraphColouring/encoding-amosum-eo.asp -l=true -m=minfly -lg=cpp -i=""$0""'",6,/home/guests/mmacri/AMOSUM/benchmarks/GraphColouring/test-instances-gc/0049-graph_colouring-145-0_6960.asp,245,727504061,4534172,11156910,496,1840529239,13239,3900451867,4,76792,0.057296,0.778710763,0.713016,1,48436,37300,77380,0.062403,0.785039,L3:0=fff;1=080,c0000000,Thu Apr 2 03:11:33 PM UTC 2026,5409570_1745,coppernode24
"sh -c 'amoclingo -e=/home/guests/mmacri/AMOSUM/benchmarks/GraphColouring/encoding-amosum-eo.asp -l=true -m=minfly -lg=cpp -i=""$0""'",6,/home/guests/mmacri/AMOSUM/benchmarks/GraphColouring/test-instances-gc/0048-graph_colouring-145-0_4176.asp,238,381902926980,25897930634,57839251034,1194,2891844748589,16830,3058864595441,4,120493983,0.051269,1204.954222226,1204.89142,1,77656,37096,111288,0.05915,1204.96,L3:0=080;1=fff,0000c000,Thu Apr 2 03:11:13 PM UTC 2026,5409570_1738,coppernode24
"sh -c 'amoclingo -e=/home/guests/mmacri/AMOSUM/benchmarks/GraphColouring/encoding-amosum-eo.asp -l=true -m=minfly -lg=cpp -i=""$0""'",6,/home/guests/mmacri/AMOSUM/benchmarks/GraphColouring/test-instances-gc/0015-graph_colouring-130-0_4992.asp,74,47214836915,608230190,1644371097,569,162877221883,15317,322963590297,4,6786688,0.062823,67.87820086,67.806354,1,73208,35780,107372,0.076156,67.8695,L3:0=010;1=fff,00000300,Thu Apr 2 02:55:58 PM UTC 2026,5409570_1574,coppernode28
"sh -c 'amoclingo -e=/home/guests/mmacri/AMOSUM/benchmarks/GraphColouring/encoding-amosum-eo.asp -l=true -m=minfly -lg=cpp -i=""$0""'",6,/home/guests/mmacri/AMOSUM/benchmarks/GraphColouring/test-instances-gc/0018-graph_colouring-130-0_6240.asp,90,655178467,4430576,11424631,908,1692550117,12510,3501599807,4,70669,0.077503,0.809687754,0.632762,1,47724,35716,76360,0.105185,0.681833,L3:0=fff;1=010,03000000,Thu Apr 2 02:57:18 PM UTC 2026,5409570_1590,coppernode24
"sh -c 'amoclingo -e=/home/guests/mmacri/AMOSUM/benchmarks/GraphColouring/encoding-amosum-eo.asp -l=true -m=minfly -lg=cpp -i=""$0""'",6,/home/guests/mmacri/AMOSUM/benchmarks/GraphColouring/test-instances-gc/0030-graph_colouring-135-0_1296.asp,146,5808869273,27086909,98628253,487,23513534250,13474,40356651219,5,979837,0.041706,9.806473099,9.758718,1,64736,35720,98372,0.059247,9.81822,L3:0=004;1=fff,00000030,Thu Apr 2 03:01:25 PM UTC 2026,5409570_1646,coppernode29
"sh -c 'amoclingo -e=/home/guests/mmacri/AMOSUM/benchmarks/GraphColouring/encoding-amosum-eo.asp -l=true -m=minfly -lg=cpp -i=""$0""'",6,/home/guests/mmacri/AMOSUM/benchmarks/GraphColouring/test-instances-gc/0027-graph_colouring-135-0_1296.asp,131,152026446666,7447475463,18009471037,831,1047620081627,15094,1202098744928,6,43651111,0.0543,436.524338094,436.458994,1,72452,36260,106284,0.062231,436.528,L3:0=fff;1=010,03000000,Thu Apr 2 02:59:34 PM UTC 2026,5409570_1631,coppernode26
"sh -c 'amoclingo -e=/home/guests/mmacri/AMOSUM/benchmarks/GraphColouring/encoding-amosum-eo.asp -l=true -m=minfly -lg=cpp -i=""$0""'",6,/home/guests/mmacri/AMOSUM/benchmarks/GraphColouring/test-instances-gc/0015-graph_colouring-130-0_3744.asp,73,394811180602,24048079609,55384428184,1223,2891855805829,16250,3173810828888,2,120494430,0.075115,1204.955419511,1204.872208,1,76620,35984,110616,0.088442,1204.94,L3:0=040;1=fff,00003000,Thu Apr 2 02:55:55 PM UTC 2026,5409570_1573,coppernode28
"sh -c 'amoclingo -e=/home/guests/mmacri/AMOSUM/benchmarks/GraphColouring/encoding-amosum-eo.asp -l=true -m=minfly -lg=cpp -i=""$0""'",6,/home/guests/mmacri/AMOSUM/benchmarks/GraphColouring/test-instances-gc/0016-graph_colouring-130-0_4992.asp,79,49037755983,638874920,1775878346,640,171531940690,15211,337378952840,6,7147333,0.055233,71.48678612,71.420316,1,72784,35992,106748,0.063202,71.4897,L3:0=002;1=fff,0000000c,Thu Apr 2 02:56:18 PM UTC 2026,5409570_1579,coppernode25
"sh -c 'amoclingo -e=/home/guests/mmacri/AMOSUM/benchmarks/GraphColouring/encoding-amosum-eo.asp -l=true -m=minfly -lg=cpp -i=""$0""'",6,/home/guests/mmacri/AMOSUM/benchmarks/GraphColouring/test-instances-gc/0020-graph_colouring-130-0_2496.asp,97,17568620699,93932594,373279495,571,78121040135,13724,126577271325,5,3255174,0.044926,32.562239765,32.508895,1,65816,35516,99572,0.057519,32.5735,L3:0=fff;1=004,00300000,Thu Apr 2 02:57:29 PM UTC 2026,5409570_1597,coppernode28
"sh -c 'amoclingo -e=/home/guests/mmacri/AMOSUM/benchmarks/GraphColouring/encoding-amosum-eo.asp -l=true -m=minfly -lg=cpp -i=""$0""'",6,/home/guests/mmacri/AMOSUM/benchmarks/GraphColouring/test-instances-gc/0028-graph_colouring-135-0_1296.asp,136,431162246842,19157085077,49463646245,1669,2891422341878,16179,3429090399368,6,120476480,0.059214,1204.955250731,1204.709159,1,76780,35984,110124,0.067124,1204.78,L3:0=020;1=fff,00000c00,Thu Apr 2 03:00:17 PM UTC 2026,5409570_1636,coppernode29
"sh -c 'amoclingo -e=/home/guests/mmacri/AMOSUM/benchmarks/GraphColouring/encoding-amosum-eo.asp -l=true -m=minfly -lg=cpp -i=""$0""'",6,/home/guests/mmacri/AMOSUM/benchmarks/GraphColouring/test-instances-gc/0029-graph_colouring-135-0_1296.asp,141,402610654486,23283898336,54904260159,1160,2891862387417,16318,3212033928719,4,120494665,0.093207,1204.95416523,1204.856318,1,77032,36308,110288,0.10452,1204.92,L3:0=fff;1=040,30000000,Thu Apr 2 03:01:06 PM UTC 2026,5409570_1641,coppernode28
"sh -c 'amoclingo -e=/home/guests/mmacri/AMOSUM/benchmarks/GraphColouring/encoding-amosum-eo.asp -l=true -m=minfly -lg=cpp -i=""$0""'",6,/home/guests/mmacri/AMOSUM/benchmarks/GraphColouring/test-instances-gc/0049-graph_colouring-145-0_2784.asp,242,91005715441,3252677715,8371365254,1048,570754305226,15019,706754836002,4,23781709,0.068576,237.83635143,237.750818,1,69636,37580,103816,0.080398,237.816,L3:0=fff;1=004,00300000,Thu Apr 2 03:11:25 PM UTC 2026,5409570_1742,coppernode26
"sh -c 'amoclingo -e=/home/guests/mmacri/AMOSUM/benchmarks/GraphColouring/encoding-amosum-eo.asp -l=true -m=minfly -lg=cpp -i=""$0""'",6,/home/guests/mmacri/AMOSUM/benchmarks/GraphColouring/test-instances-gc/0047-graph_colouring-145-0_6960.asp,235,819068148,4638750,11958144,647,2043940179,13116,4482000042,4,85290,0.056571,0.883599601,0.7991,1,51076,36772,79428,0.072448,0.860312,L3:0=080;1=fff,0000c000,Thu Apr 2 03:11:11 PM UTC 2026,5409570_1735,coppernode24
"sh -c 'amoclingo -e=/home/guests/mmacri/AMOSUM/benchmarks/GraphColouring/encoding-amosum-eo.asp -l=true -m=minfly -lg=cpp -i=""$0""'",6,/home/guests/mmacri/AMOSUM/benchmarks/GraphColouring/test-instances-gc/0050-graph_colouring-145-0_4176.asp,248,397944271053,23929914122,55529362453,1164,2891844350727,16615,3173643190886,2,120493942,0.072376,1204.95442759,1204.869839,1,76824,37100,110516,0.086338,1204.93,L3:0=010;1=fff,00000300,Thu Apr 2 03:11:43 PM UTC 2026,5409570_1748,coppernode29
"sh -c 'amoclingo -e=/home/guests/mmacri/AMOSUM/benchmarks/GraphColouring/encoding-amosum-eo.asp -l=true -m=minfly -lg=cpp -i=""$0""'",6,/home/guests/mmacri/AMOSUM/benchmarks/GraphColouring/test-instances-gc/0008-graph_colouring-125-0_1200.asp,36,2356571463,10282320,34583162,474,8778109115,13011,15667111264,5,365862,0.037686,3.668600748,3.623019,1,64256,35188,98152,0.053465,3.68384,L3:0=008;1=fff,000000c0,Thu Apr 2 02:54:24 PM UTC 2026,5409570_1536,coppernode24
"sh -c 'amoclingo -e=/home/guests/mmacri/AMOSUM/benchmarks/GraphColouring/encoding-amosum-eo.asp -l=true -m=minfly -lg=cpp -i=""$0""'",6,/home/guests/mmacri/AMOSUM/benchmarks/GraphColouring/test-instances-gc/0009-graph_colouring-125-0_1200.asp,41,797402436,4810967,12588290,470,2356728510,12693,4549300371,5,98293,0.041933,0.994322794,0.943027,1,61692,35192,95588,0.046132,1.01615,L3:0=fff;1=008,00c00000,Thu Apr 2 02:54:30 PM UTC 2026,5409570_1541,coppernode28
"sh -c 'amoclingo -e=/home/guests/mmacri/AMOSUM/benchmarks/GraphColouring/encoding-amosum-eo.asp -l=true -m=minfly -lg=cpp -i=""$0""'",6,/home/guests/mmacri/AMOSUM/benchmarks/GraphColouring/test-instances-gc/0036-graph_colouring-140-0_5376.asp,179,76152161357,1549412111,3724198817,1138,288155098533,16498,526127760498,4,12006698,0.067437,120.171657528,120.003256,1,76848,36760,111212,0.08498,120.063,L3:0=002;1=fff,0000000c,Thu Apr 2 03:06:36 PM UTC 2026,5409570_1679,coppernode30
"sh -c 'amoclingo -e=/home/guests/mmacri/AMOSUM/benchmarks/GraphColouring/encoding-amosum-eo.asp -l=true -m=minfly -lg=cpp -i=""$0""'",6,/home/guests/mmacri/AMOSUM/benchmarks/GraphColouring/test-instances-gc/0040-graph_colouring-140-0_2688.asp,197,377921733944,25854670585,57801687478,1373,2891781393136,16433,3049541369468,2,120491378,0.06536,1204.954191609,1204.851247,1,76212,37076,109888,0.077929,1204.92,L3:0=010;1=fff,00000300,Thu Apr 2 03:07:55 PM UTC 2026,5409570_1697,coppernode23
"sh -c 'amoclingo -e=/home/guests/mmacri/AMOSUM/benchmarks/GraphColouring/encoding-amosum-eo.asp -l=true -m=minfly -lg=cpp -i=""$0""'",6,/home/guests/mmacri/AMOSUM/benchmarks/GraphColouring/test-instances-gc/0035-graph_colouring-140-0_4032.asp,173,396026353923,24798992299,56512375277,1686,2891584511055,16606,3152376671426,2,120483213,0.065651,1204.954834074,1204.769185,1,76948,36252,111244,0.070653,1204.84,L3:0=004;1=fff,00000030,Thu Apr 2 03:06:02 PM UTC 2026,5409570_1673,coppernode21
"sh -c 'amoclingo -e=/home/guests/mmacri/AMOSUM/benchmarks/GraphColouring/encoding-amosum-eo.asp -l=true -m=minfly -lg=cpp -i=""$0""'",6,/home/guests/mmacri/AMOSUM/benchmarks/GraphColouring/test-instances-gc/0021-graph_colouring-135-0_5184.asp,104,1494772917530,15759963117,26005518103,1609,2891570326479,25700,8362620988756,4,120482542,0.08686,1204.955011078,1204.742866,1,113028,64716,150576,0.102602,1204.8,L3:0=fff;1=080,c0000000,Thu Apr 2 02:57:47 PM UTC 2026,5409570_1604,coppernode26
"sh -c 'amoclingo -e=/home/guests/mmacri/AMOSUM/benchmarks/GraphColouring/encoding-amosum-eo.asp -l=true -m=minfly -lg=cpp -i=""$0""'",6,/home/guests/mmacri/AMOSUM/benchmarks/GraphColouring/test-instances-gc/0042-graph_colouring-145-0_2784.asp,207,267551197846,14371572234,34720403259,990,1852369936191,15940,2123330244629,4,77182435,0.072644,771.833252654,771.753652,1,73996,37048,107640,0.088499,771.815,L3:0=fff;1=008,00c00000,Thu Apr 2 03:08:53 PM UTC 2026,5409570_1707,coppernode25
"sh -c 'amoclingo -e=/home/guests/mmacri/AMOSUM/benchmarks/GraphColouring/encoding-amosum-eo.asp -l=true -m=minfly -lg=cpp -i=""$0""'",6,/home/guests/mmacri/AMOSUM/benchmarks/GraphColouring/test-instances-gc/0054-graph_colouring-150-0_7200.asp,270,6539155990,16699143,40718499,505,10622644264,14832,36194987454,4,442726,0.048763,4.437729548,4.380775,1,68728,37636,102576,0.057178,4.44973,L3:0=020;1=fff,00000c00,Thu Apr 2 03:13:05 PM UTC 2026,5409570_1770,coppernode25
"sh -c 'amoclingo -e=/home/guests/mmacri/AMOSUM/benchmarks/GraphColouring/encoding-amosum-eo.asp -l=true -m=minfly -lg=cpp -i=""$0""'",6,/home/guests/mmacri/AMOSUM/benchmarks/GraphColouring/test-instances-gc/0059-graph_colouring-150-0_5760.asp,294,1516267278917,15200896660,24464492305,1320,2891809136938,28424,8465067480071,2,120492507,0.099612,1204.9539652,1204.828674,1,122264,73760,160292,0.109714,1204.9,L3:0=fff;1=040,30000000,Thu Apr 2 03:14:21 PM UTC 2026,5409570_1794,coppernode22
"sh -c 'amoclingo -e=/home/guests/mmacri/AMOSUM/benchmarks/GraphColouring/encoding-amosum-eo.asp -l=true -m=minfly -lg=cpp -i=""$0""'",6,/home/guests/mmacri/AMOSUM/benchmarks/GraphColouring/test-instances-gc/0060-graph_colouring-150-0_7200.asp,300,7916286952,31579332,70178664,502,13572418015,15546,44088617455,4,565621,0.06963,5.665886298,5.588657,1,71452,37832,105616,0.093441,5.64191,L3:0=fff;1=008,00c00000,Thu Apr 2 03:14:38 PM UTC 2026,5409570_1800,coppernode28
"sh -c 'amoclingo -e=/home/guests/mmacri/AMOSUM/benchmarks/GraphColouring/encoding-amosum-eo.asp -l=true -m=minfly -lg=cpp -i=""$0""'",6,/home/guests/mmacri/AMOSUM/benchmarks/GraphColouring/test-instances-gc/0025-graph_colouring-135-0_6480.asp,125,4075189786,12812510,32407433,644,6982801107,14076,22584658899,4,291070,0.063644,2.95035224,2.849898,1,67152,36248,101048,0.073467,2.91695,L3:0=fff;1=080,c0000000,Thu Apr 2 02:59:08 PM UTC 2026,5409570_1625,coppernode28
"sh -c 'amoclingo -e=/home/guests/mmacri/AMOSUM/benchmarks/GraphColouring/encoding-amosum-eo.asp -l=true -m=minfly -lg=cpp -i=""$0""'",6,/home/guests/mmacri/AMOSUM/benchmarks/GraphColouring/test-instances-gc/0031-graph_colouring-140-0_2688.asp,152,140017522379,5859703023,15214395136,1213,911606149618,15013,1102995526388,6,37983894,0.089745,379.968153675,379.753312,1,71996,36520,105760,0.107316,379.813,L3:0=080;1=fff,0000c000,Thu Apr 2 03:02:15 PM UTC 2026,5409570_1652,coppernode25
"sh -c 'amoclingo -e=/home/guests/mmacri/AMOSUM/benchmarks/GraphColouring/encoding-amosum-eo.asp -l=true -m=minfly -lg=cpp -i=""$0""'",6,/home/guests/mmacri/AMOSUM/benchmarks/GraphColouring/test-instances-gc/0017-graph_colouring-130-0_4992.asp,84,46226361016,601278962,1677995129,739,162130905434,15121,317242335419,4,6755606,0.077199,67.592250881,67.481727,1,72476,35780,106144,0.082226,67.5543,L3:0=fff;1=010,03000000,Thu Apr 2 02:56:58 PM UTC 2026,5409570_1584,coppernode28
"sh -c 'amoclingo -e=/home/guests/mmacri/AMOSUM/benchmarks/GraphColouring/encoding-amosum-eo.asp -l=true -m=minfly -lg=cpp -i=""$0""'",6,/home/guests/mmacri/AMOSUM/benchmarks/GraphColouring/test-instances-gc/0012-graph_colouring-130-0_6240.asp,60,694127260,4272397,10699019,476,1757735523,12430,3750412786,4,73345,0.0409,0.743467889,0.694278,1,48708,35456,77268,0.053511,0.758165,L3:0=004;1=fff,00000030,Thu Apr 2 02:55:22 PM UTC 2026,5409570_1560,coppernode28
"sh -c 'amoclingo -e=/home/guests/mmacri/AMOSUM/benchmarks/GraphColouring/encoding-amosum-eo.asp -l=true -m=minfly -lg=cpp -i=""$0""'",6,/home/guests/mmacri/AMOSUM/benchmarks/GraphColouring/test-instances-gc/0004-graph_colouring-125-0_2400.asp,17,10632746778,48485699,188714259,680,45505974040,13383,76096589145,5,1896231,0.048058,18.995702076,18.916764,1,65704,35256,99700,0.060598,18.9812,L3:0=002;1=fff,0000000c,Thu Apr 2 02:53:47 PM UTC 2026,5409570_1517,coppernode27
"sh -c 'amoclingo -e=/home/guests/mmacri/AMOSUM/benchmarks/GraphColouring/encoding-amosum-eo.asp -l=true -m=minfly -lg=cpp -i=""$0""'",6,/home/guests/mmacri/AMOSUM/benchmarks/GraphColouring/test-instances-gc/0032-graph_colouring-140-0_4032.asp,158,28407507128,417802757,1373309326,995,147372357066,14049,214078457797,10,6140708,0.058812,61.538434756,61.351841,1,67036,37096,100320,0.076319,61.4112,L3:0=080;1=fff,0000c000,Thu Apr 2 03:03:16 PM UTC 2026,5409570_1658,coppernode24
"sh -c 'amoclingo -e=/home/guests/mmacri/AMOSUM/benchmarks/GraphColouring/encoding-amosum-eo.asp -l=true -m=minfly -lg=cpp -i=""$0""'",6,/home/guests/mmacri/AMOSUM/benchmarks/GraphColouring/test-instances-gc/0051-graph_colouring-150-0_1440.asp,251,394559925334,22719260380,53482454429,1206,2891843308256,17112,3143243936115,2,120493883,0.07844,1204.955162399,1204.863156,1,77644,37568,111844,0.095991,1204.92,L3:0=fff;1=010,03000000,Thu Apr 2 03:12:09 PM UTC 2026,5409570_1751,coppernode29
"sh -c 'amoclingo -e=/home/guests/mmacri/AMOSUM/benchmarks/GraphColouring/encoding-amosum-eo.asp -l=true -m=minfly -lg=cpp -i=""$0""'",6,/home/guests/mmacri/AMOSUM/benchmarks/GraphColouring/test-instances-gc/0046-graph_colouring-145-0_1392.asp,226,83031159434,2689382262,7550804518,680,507065260050,15077,646515991581,4,21127906,0.061405,211.290405162,211.220232,1,69880,37364,104040,0.083794,211.275,L3:0=040;1=fff,00003000,Thu Apr 2 03:10:37 PM UTC 2026,5409570_1726,coppernode29
"sh -c 'amoclingo -e=/home/guests/mmacri/AMOSUM/benchmarks/GraphColouring/encoding-amosum-eo.asp -l=true -m=minfly -lg=cpp -i=""$0""'",6,/home/guests/mmacri/AMOSUM/benchmarks/GraphColouring/test-instances-gc/0012-graph_colouring-130-0_3744.asp,58,993512093683,14256916536,32025464281,1496,2891612380260,23831,6661591330134,4,120484199,0.07489,1204.954451162,1204.771371,1,100256,50852,134588,0.086197,1204.84,L3:0=fff;1=080,c0000000,Thu Apr 2 02:55:19 PM UTC 2026,5409570_1558,coppernode30
"sh -c 'amoclingo -e=/home/guests/mmacri/AMOSUM/benchmarks/GraphColouring/encoding-amosum-eo.asp -l=true -m=minfly -lg=cpp -i=""$0""'",6,/home/guests/mmacri/AMOSUM/benchmarks/GraphColouring/test-instances-gc/0032-graph_colouring-140-0_6720.asp,160,685165614,4599143,11786400,915,1742794213,13049,3639364087,4,72767,0.059634,0.842601797,0.671417,1,51068,37024,79432,0.070898,0.736921,L3:0=008;1=fff,000000c0,Thu Apr 2 03:03:49 PM UTC 2026,5409570_1660,coppernode30
"sh -c 'amoclingo -e=/home/guests/mmacri/AMOSUM/benchmarks/GraphColouring/encoding-amosum-eo.asp -l=true -m=minfly -lg=cpp -i=""$0""'",6,/home/guests/mmacri/AMOSUM/benchmarks/GraphColouring/test-instances-gc/0024-graph_colouring-135-0_2592.asp,117,403504806598,24132570748,56831246072,3587,2891731631461,16095,3227067103735,2,120489972,0.079253,1204.955457895,1204.823887,1,74844,36284,109316,0.091083,1204.89,L3:0=002;1=fff,0000000c,Thu Apr 2 02:58:17 PM UTC 2026,5409570_1617,coppernode23
"sh -c 'amoclingo -e=/home/guests/mmacri/AMOSUM/benchmarks/GraphColouring/encoding-amosum-eo.asp -l=true -m=minfly -lg=cpp -i=""$0""'",6,/home/guests/mmacri/AMOSUM/benchmarks/GraphColouring/test-instances-gc/0037-graph_colouring-140-0_5376.asp,184,96920632791,1633854041,4026000206,1058,350104894386,16720,664957506762,4,14587908,0.073889,145.983560954,145.808838,1,77560,36524,112096,0.082377,145.878,L3:0=fff;1=010,03000000,Thu Apr 2 03:06:52 PM UTC 2026,5409570_1684,coppernode26
"sh -c 'amoclingo -e=/home/guests/mmacri/AMOSUM/benchmarks/GraphColouring/encoding-amosum-eo.asp -l=true -m=minfly -lg=cpp -i=""$0""'",6,/home/guests/mmacri/AMOSUM/benchmarks/GraphColouring/test-instances-gc/0005-graph_colouring-125-0_6000.asp,25,619290538,4233098,10472519,479,1594937838,12197,3298902536,8,66566,0.045344,0.694502147,0.622323,1,47920,35196,76244,0.061125,0.68315,L3:0=002;1=fff,0000000c,Thu Apr 2 02:54:06 PM UTC 2026,5409570_1525,coppernode27
"sh -c 'amoclingo -e=/home/guests/mmacri/AMOSUM/benchmarks/GraphColouring/encoding-amosum-eo.asp -l=true -m=minfly -lg=cpp -i=""$0""'",6,/home/guests/mmacri/AMOSUM/benchmarks/GraphColouring/test-instances-gc/0011-graph_colouring-130-0_2496.asp,52,425576404175,21301440831,52260005821,1738,2891794536063,16130,3363687790599,6,120492012,0.052698,1204.955561617,1204.870565,1,77360,35516,111496,0.086938,1204.91,L3:0=fff;1=002,000c0000,Thu Apr 2 02:55:00 PM UTC 2026,5409570_1552,coppernode28
"sh -c 'amoclingo -e=/home/guests/mmacri/AMOSUM/benchmarks/GraphColouring/encoding-amosum-eo.asp -l=true -m=minfly -lg=cpp -i=""$0""'",6,/home/guests/mmacri/AMOSUM/benchmarks/GraphColouring/test-instances-gc/0058-graph_colouring-150-0_2880.asp,287,379175843170,25549116178,56604300219,1157,2891856447909,16854,3029070276519,2,120494504,0.071332,1204.954056378,1204.876847,1,77452,37572,111880,0.083229,1204.94,L3:0=fff;1=010,03000000,Thu Apr 2 03:14:04 PM UTC 2026,5409570_1787,coppernode21
"sh -c 'amoclingo -e=/home/guests/mmacri/AMOSUM/benchmarks/GraphColouring/encoding-amosum-eo.asp -l=true -m=minfly -lg=cpp -i=""$0""'",6,/home/guests/mmacri/AMOSUM/benchmarks/GraphColouring/test-instances-gc/0054-graph_colouring-150-0_5760.asp,269,1745122876109,8225614373,14739392515,1524,2891611968254,26770,9738406992018,2,120484303,0.116823,1204.953432653,1204.729434,1,117380,67604,152648,0.130094,1204.79,L3:0=004;1=fff,00000030,Thu Apr 2 03:12:58 PM UTC 2026,5409570_1769,coppernode23
"sh -c 'amoclingo -e=/home/guests/mmacri/AMOSUM/benchmarks/GraphColouring/encoding-amosum-eo.asp -l=true -m=minfly -lg=cpp -i=""$0""'",6,/home/guests/mmacri/AMOSUM/benchmarks/GraphColouring/test-instances-gc/0001-graph_colouring-125-0_4800.asp,4,51252626824,542059460,1575732430,575,170948081746,14682,349262047686,4,7122980,0.039898,71.24193132,71.19222,1,70784,35172,105448,0.048542,71.2601,L3:0=020;1=fff,00000c00,Thu Apr 2 02:53:19 PM UTC 2026,5409570_1504,coppernode22
"sh -c 'amoclingo -e=/home/guests/mmacri/AMOSUM/benchmarks/GraphColouring/encoding-amosum-eo.asp -l=true -m=minfly -lg=cpp -i=""$0""'",6,/home/guests/mmacri/AMOSUM/benchmarks/GraphColouring/test-instances-gc/0043-graph_colouring-145-0_5568.asp,214,122977931724,2849002297,6598227277,697,478638652085,17611,848854466610,4,19943456,0.047646,199.446409618,199.389689,1,80560,37312,114808,0.06443,199.45,L3:0=fff;1=040,30000000,Thu Apr 2 03:09:25 PM UTC 2026,5409570_1714,coppernode25
"sh -c 'amoclingo -e=/home/guests/mmacri/AMOSUM/benchmarks/GraphColouring/encoding-amosum-eo.asp -l=true -m=minfly -lg=cpp -i=""$0""'",6,/home/guests/mmacri/AMOSUM/benchmarks/GraphColouring/test-instances-gc/0053-graph_colouring-150-0_4320.asp,263,369861186599,26179259215,57769232750,1139,2891856791353,16885,2984122543851,2,120494365,0.063578,1204.953808855,1204.88285,1,76520,37552,110736,0.080073,1204.94,L3:0=fff;1=040,30000000,Thu Apr 2 03:12:50 PM UTC 2026,5409570_1763,coppernode30
sh -c 'gringo --output=smodels /home/guests/mmacri/AMOSUM/benchmarks/GraphColouring/encoding-plain-amo.asp $0 | wasp',1,/home/guests/mmacri/AMOSUM/benchmarks/GraphColouring/test-instances-gc/0004-graph_colouring-125-0_6000.asp,20,1231162554888,38234761075,58507679142,1012,2892061252886,312911,6558983995666,3,120502984,1.142542,1205.031085344,1203.889344,1,1259744,1245180,1283344,1.18729,1203.97,L3:0=fff;1=008,00c00000,Thu Apr 2 10:47:25 AM UTC 2026,5409570_20,coppernode22
sh -c 'gringo --output=smodels /home/guests/mmacri/AMOSUM/benchmarks/GraphColouring/encoding-plain-amo.asp $0 | wasp',1,/home/guests/mmacri/AMOSUM/benchmarks/GraphColouring/test-instances-gc/0012-graph_colouring-130-0_2496.asp,57,1110240228580,47903297439,69063191562,1988,2892119962357,368392,5841511957565,2,120505801,1.418027,1205.06861802,1203.643723,1,1476504,1462196,1504136,1.47353,1203.69,L3:0=002;1=fff,0000000c,Thu Apr 2 10:47:25 AM UTC 2026,5409570_57,coppernode25
sh -c 'gringo --output=smodels /home/guests/mmacri/AMOSUM/benchmarks/GraphColouring/encoding-plain-amo.asp $0 | wasp',1,/home/guests/mmacri/AMOSUM/benchmarks/GraphColouring/test-instances-gc/0050-graph_colouring-145-0_1392.asp,246,1426686370,3309888,10376335,103,2628966472,9979,9030952521,3,109557,0.031882,1.107729826,1.064584,1,51152,36588,70060,0.067513,1.12963,L3:0=fff;1=008,00c00000,Thu Apr 2 11:07:32 AM UTC 2026,5409570_246,coppernode25
sh -c 'gringo --output=smodels /home/guests/mmacri/AMOSUM/benchmarks/GraphColouring/encoding-plain-amo.asp $0 | wasp',1,/home/guests/mmacri/AMOSUM/benchmarks/GraphColouring/test-instances-gc/0047-graph_colouring-145-0_1392.asp,231,1831123426,5196749,16024517,63,3313652101,9959,11423780699,3,138079,0.027606,1.380466637,1.353995,1,51348,36784,70196,0.058266,1.41321,L3:0=004;1=fff,00000030,Thu Apr 2 11:07:32 AM UTC 2026,5409570_231,coppernode26
sh -c 'gringo --output=smodels /home/guests/mmacri/AMOSUM/benchmarks/GraphColouring/encoding-plain-amo.asp $0 | wasp',1,/home/guests/mmacri/AMOSUM/benchmarks/GraphColouring/test-instances-gc/0027-graph_colouring-135-0_2592.asp,132,1242777623851,43823719540,68367949286,1125,2892234571160,404896,6368412935862,1,120510119,1.266411,1205.094117194,1203.835896,1,1623432,1609112,1647972,1.32936,1203.88,L3:0=fff;1=008,00c00000,Thu Apr 2 10:47:26 AM UTC 2026,5409570_132,coppernode30
sh -c 'gringo --output=smodels /home/guests/mmacri/AMOSUM/benchmarks/GraphColouring/encoding-plain-amo.asp $0 | wasp',1,/home/guests/mmacri/AMOSUM/benchmarks/GraphColouring/test-instances-gc/0029-graph_colouring-135-0_6480.asp,145,1247487324338,39269492291,59709985421,1022,2892220313538,316524,6600176503322,3,120509625,1.107997,1205.105310483,1203.989491,1,1272716,1258580,1297912,1.13678,1204.04,L3:0=004;1=fff,00000030,Thu Apr 2 10:47:26 AM UTC 2026,5409570_145,coppernode23
sh -c 'gringo --output=smodels /home/guests/mmacri/AMOSUM/benchmarks/GraphColouring/encoding-plain-amo.asp $0 | wasp',1,/home/guests/mmacri/AMOSUM/benchmarks/GraphColouring/test-instances-gc/0028-graph_colouring-135-0_3888.asp,138,1440501057567,38252947738,64649910657,1104,2892044045755,292533,7441645219151,2,120502267,1.188669,1205.034589559,1203.835618,1,1171252,1157024,1196468,1.23597,1203.9,L3:0=fff;1=040,30000000,Thu Apr 2 10:47:26 AM UTC 2026,5409570_138,coppernode30
sh -c 'gringo --output=smodels /home/guests/mmacri/AMOSUM/benchmarks/GraphColouring/encoding-plain-amo.asp $0 | wasp',1,/home/guests/mmacri/AMOSUM/benchmarks/GraphColouring/test-instances-gc/0058-graph_colouring-150-0_7200.asp,290,1275396373652,41801094571,63829120295,1645,2892217151414,347455,6780089541368,3,120509627,1.183807,1205.126917511,1203.915309,1,1393620,1379052,1417708,1.20813,1203.98,L3:0=002;1=fff,0000000c,Thu Apr 2 11:07:32 AM UTC 2026,5409570_290,coppernode30
sh -c 'gringo --output=smodels /home/guests/mmacri/AMOSUM/benchmarks/GraphColouring/encoding-plain-amo.asp $0 | wasp',1,/home/guests/mmacri/AMOSUM/benchmarks/GraphColouring/test-instances-gc/0042-graph_colouring-145-0_5568.asp,209,1795164480589,34342119702,76689410553,1028,2892456001736,523320,8275496058464,2,120519492,1.740127,1205.200471633,1203.456082,1,2074828,2060724,2112748,1.76926,1203.51,L3:0=040;1=fff,00003000,Thu Apr 2 11:07:31 AM UTC 2026,5409570_209,coppernode24
sh -c 'gringo --output=smodels /home/guests/mmacri/AMOSUM/benchmarks/GraphColouring/encoding-plain-amo.asp $0 | wasp',1,/home/guests/mmacri/AMOSUM/benchmarks/GraphColouring/test-instances-gc/0017-graph_colouring-130-0_1248.asp,81,1472536379,3958651,11943146,95,2691853604,8388,9258705326,4,112179,0.026911,1.115619508,1.096687,1,44536,30216,63864,0.095691,1.15112,L3:0=040;1=fff,00003000,Thu Apr 2 10:47:26 AM UTC 2026,5409570_81,coppernode26
sh -c 'gringo --output=smodels /home/guests/mmacri/AMOSUM/benchmarks/GraphColouring/encoding-plain-amo.asp $0 | wasp',1,/home/guests/mmacri/AMOSUM/benchmarks/GraphColouring/test-instances-gc/0004-graph_colouring-125-0_3600.asp,18,1244720973206,42944073564,64235591786,1040,2892095070960,324149,6572359919627,2,120504397,1.295231,1205.037173384,1203.750729,1,1304748,1290184,1327784,1.34127,1203.83,L3:0=fff;1=004,00300000,Thu Apr 2 10:47:25 AM UTC 2026,5409570_18,coppernode22
sh -c 'gringo --output=smodels /home/guests/mmacri/AMOSUM/benchmarks/GraphColouring/encoding-plain-amo.asp $0 | wasp',1,/home/guests/mmacri/AMOSUM/benchmarks/GraphColouring/test-instances-gc/0041-graph_colouring-145-0_4176.asp,203,1474320467464,35998171194,61933484606,1101,2892258314872,424976,7783882859522,3,120511229,1.516294,1205.122042544,1203.59787,1,1709136,1694572,1731436,1.53349,1203.67,L3:0=020;1=fff,00000c00,Thu Apr 2 11:07:31 AM UTC 2026,5409570_203,coppernode23
sh -c 'gringo --output=smodels /home/guests/mmacri/AMOSUM/benchmarks/GraphColouring/encoding-plain-amo.asp $0 | wasp',1,/home/guests/mmacri/AMOSUM/benchmarks/GraphColouring/test-instances-gc/0055-graph_colouring-150-0_5760.asp,274,1707953744846,35869156946,76844820978,994,2892544732480,740116,7981565312752,2,120523186,2.000027,1205.241147264,1203.232819,1,2948212,2934012,2980188,2.02044,1203.31,L3:0=020;1=fff,00000c00,Thu Apr 2 11:07:32 AM UTC 2026,5409570_274,coppernode28
sh -c 'gringo --output=smodels /home/guests/mmacri/AMOSUM/benchmarks/GraphColouring/encoding-plain-amo.asp $0 | wasp',1,/home/guests/mmacri/AMOSUM/benchmarks/GraphColouring/test-instances-gc/0013-graph_colouring-130-0_6240.asp,65,1118422084161,43877784519,63562439037,1193,2892228931183,442340,5915044175973,2,120510127,1.691146,1205.098119589,1203.412507,1,1761512,1747108,1789656,1.72193,1203.48,L3:0=020;1=fff,00000c00,Thu Apr 2 10:47:25 AM UTC 2026,5409570_65,coppernode25
sh -c 'gringo --output=smodels /home/guests/mmacri/AMOSUM/benchmarks/GraphColouring/encoding-plain-amo.asp $0 | wasp',1,/home/guests/mmacri/AMOSUM/benchmarks/GraphColouring/test-instances-gc/0003-graph_colouring-125-0_2400.asp,12,1199226556128,45338798283,68173750146,1059,2892176582164,330413,6215651163618,1,120507854,1.289426,1205.07529819,1203.791639,1,1329428,1314864,1351816,1.35291,1203.84,L3:0=fff;1=040,30000000,Thu Apr 2 10:47:25 AM UTC 2026,5409570_12,coppernode21
sh -c 'gringo --output=smodels /home/guests/mmacri/AMOSUM/benchmarks/GraphColouring/encoding-plain-amo.asp $0 | wasp',1,/home/guests/mmacri/AMOSUM/benchmarks/GraphColouring/test-instances-gc/0040-graph_colouring-140-0_5376.asp,199,1813925937955,35252685507,81117538690,1028,2892412277106,532122,8064547428382,3,120517693,1.684182,1205.190360081,1203.494021,1,2089324,2074760,2128192,1.70936,1203.55,L3:0=008;1=fff,000000c0,Thu Apr 2 11:07:31 AM UTC 2026,5409570_199,coppernode22
sh -c 'gringo --output=smodels /home/guests/mmacri/AMOSUM/benchmarks/GraphColouring/encoding-plain-amo.asp $0 | wasp',1,/home/guests/mmacri/AMOSUM/benchmarks/GraphColouring/test-instances-gc/0036-graph_colouring-140-0_2688.asp,177,1350963399983,40848079246,65608928084,1036,2892212108287,426708,7049338784428,3,120509278,1.555745,1205.134507169,1203.53789,1,1712496,1697932,1736768,1.58362,1203.6,L3:0=004;1=fff,00000030,Thu Apr 2 11:07:31 AM UTC 2026,5409570_177,coppernode21
sh -c 'gringo --output=smodels /home/guests/mmacri/AMOSUM/benchmarks/GraphColouring/encoding-plain-amo.asp $0 | wasp',1,/home/guests/mmacri/AMOSUM/benchmarks/GraphColouring/test-instances-gc/0020-graph_colouring-130-0_6240.asp,100,1121838567284,43908665207,63341200993,1789,2892207487018,404713,6014790513749,1,120509255,1.570644,1205.099903186,1203.52504,1,1621864,1607624,1650420,1.58245,1203.61,L3:0=fff;1=002,000c0000,Thu Apr 2 10:47:26 AM UTC 2026,5409570_100,coppernode28
sh -c 'gringo --output=smodels /home/guests/mmacri/AMOSUM/benchmarks/GraphColouring/encoding-plain-amo.asp $0 | wasp',1,/home/guests/mmacri/AMOSUM/benchmarks/GraphColouring/test-instances-gc/0039-graph_colouring-140-0_4032.asp,193,1446641506798,36621470875,63107819383,1085,2892260945587,400557,7536229659882,3,120511338,1.367911,1205.129407778,1203.746545,1,1608076,1593512,1631888,1.38026,1203.82,L3:0=fff;1=010,03000000,Thu Apr 2 11:07:31 AM UTC 2026,5409570_193,coppernode22
sh -c 'gringo --output=smodels /home/guests/mmacri/AMOSUM/benchmarks/GraphColouring/encoding-plain-amo.asp $0 | wasp',1,/home/guests/mmacri/AMOSUM/benchmarks/GraphColouring/test-instances-gc/0007-graph_colouring-125-0_3600.asp,33,1395779946629,37601443281,62871991361,2975,2891937994674,291239,7218261459358,1,120498570,1.006658,1205.025605962,1203.977724,1,1170764,1156436,1194164,1.04561,1204.05,L3:0=008;1=fff,000000c0,Thu Apr 2 10:47:25 AM UTC 2026,5409570_33,coppernode23
sh -c 'gringo --output=smodels /home/guests/mmacri/AMOSUM/benchmarks/GraphColouring/encoding-plain-amo.asp $0 | wasp',1,/home/guests/mmacri/AMOSUM/benchmarks/GraphColouring/test-instances-gc/0009-graph_colouring-125-0_4800.asp,44,1486843348319,40076810547,74358399329,1707,2892279143155,530768,6914273936009,1,120512224,1.886898,1205.172998097,1203.238162,1,2092088,2077524,2130696,1.96194,1203.28,L3:0=fff;1=002,000c0000,Thu Apr 2 10:47:25 AM UTC 2026,5409570_44,coppernode24
sh -c 'gringo --output=smodels /home/guests/mmacri/AMOSUM/benchmarks/GraphColouring/encoding-plain-amo.asp $0 | wasp',1,/home/guests/mmacri/AMOSUM/benchmarks/GraphColouring/test-instances-gc/0051-graph_colouring-150-0_7200.asp,255,1359295493807,38244517527,61921913808,1055,2892113198172,318730,7130813252254,3,120505114,1.193586,1205.122165914,1203.858949,1,1280440,1265876,1304200,1.20577,1203.93,L3:0=fff;1=010,03000000,Thu Apr 2 11:07:32 AM UTC 2026,5409570_255,coppernode23
sh -c 'gringo --output=smodels /home/guests/mmacri/AMOSUM/benchmarks/GraphColouring/encoding-plain-amo.asp $0 | wasp',1,/home/guests/mmacri/AMOSUM/benchmarks/GraphColouring/test-instances-gc/0045-graph_colouring-145-0_2784.asp,222,1322954957150,40949106882,65393220743,975,2892262927289,426973,6905772657691,3,120511311,1.403848,1205.133840936,1203.710444,1,1714852,1700284,1738344,1.42755,1203.78,L3:0=fff;1=010,03000000,Thu Apr 2 11:07:32 AM UTC 2026,5409570_222,coppernode27
sh -c 'gringo --output=smodels /home/guests/mmacri/AMOSUM/benchmarks/GraphColouring/encoding-plain-amo.asp $0 | wasp',1,/home/guests/mmacri/AMOSUM/benchmarks/GraphColouring/test-instances-gc/0008-graph_colouring-125-0_4800.asp,39,1624052784090,38313900069,79320345353,955,2892382353475,534536,7246855467646,3,120516363,1.675888,1205.177527315,1203.489717,1,2106984,2092748,2145816,1.7264,1203.54,L3:0=040;1=fff,00003000,Thu Apr 2 10:47:25 AM UTC 2026,5409570_39,coppernode23
sh -c 'gringo --output=smodels /home/guests/mmacri/AMOSUM/benchmarks/GraphColouring/encoding-plain-amo.asp $0 | wasp',1,/home/guests/mmacri/AMOSUM/benchmarks/GraphColouring/test-instances-gc/0046-graph_colouring-145-0_4176.asp,228,1508744105100,37001399590,65652234596,1066,2892165670558,427287,7782080352280,5,120507346,1.408374,1205.127847365,1203.666688,1,1709784,1695436,1733240,1.42555,1203.73,L3:0=fff;1=040,30000000,Thu Apr 2 11:07:32 AM UTC 2026,5409570_228,coppernode22
sh -c 'gringo --output=smodels /home/guests/mmacri/AMOSUM/benchmarks/GraphColouring/encoding-plain-amo.asp $0 | wasp',1,/home/guests/mmacri/AMOSUM/benchmarks/GraphColouring/test-instances-gc/0025-graph_colouring-135-0_1296.asp,121,38154100072,851730669,1499909287,133,79232901506,78561,213398627575,1,3301409,0.208277,33.025818598,32.80746,1,325464,311032,345716,0.275885,32.866,L3:0=020;1=fff,00000c00,Thu Apr 2 10:47:26 AM UTC 2026,5409570_121,coppernode29
sh -c 'gringo --output=smodels /home/guests/mmacri/AMOSUM/benchmarks/GraphColouring/encoding-plain-amo.asp $0 | wasp',1,/home/guests/mmacri/AMOSUM/benchmarks/GraphColouring/test-instances-gc/0032-graph_colouring-140-0_1344.asp,156,675948038,1468978,4585795,95,1280735140,6928,4305912165,3,53379,0.007858,0.595109098,0.526931,1,38200,24428,60284,0.025418,0.586094,L3:0=fff;1=004,00300000,Thu Apr 2 10:47:27 AM UTC 2026,5409570_156,coppernode24
sh -c 'gringo --output=smodels /home/guests/mmacri/AMOSUM/benchmarks/GraphColouring/encoding-plain-amo.asp $0 | wasp',1,/home/guests/mmacri/AMOSUM/benchmarks/GraphColouring/test-instances-gc/0042-graph_colouring-145-0_6960.asp,210,1257402036817,42161389060,65031625616,1143,2892013526057,375354,6579063281665,3,120500983,1.247724,1205.133547417,1203.764007,1,1502908,1488344,1533092,1.26348,1203.83,L3:0=fff;1=020,0c000000,Thu Apr 2 11:07:31 AM UTC 2026,5409570_210,coppernode24
sh -c 'gringo --output=smodels /home/guests/mmacri/AMOSUM/benchmarks/GraphColouring/encoding-plain-amo.asp $0 | wasp',1,/home/guests/mmacri/AMOSUM/benchmarks/GraphColouring/test-instances-gc/0054-graph_colouring-150-0_2880.asp,267,1407689383327,40698053532,67665690212,1656,2892260426223,426012,7360125011078,3,120511416,1.571996,1205.129738709,1203.544151,1,1710824,1696256,1733740,1.59506,1203.62,L3:0=fff;1=002,000c0000,Thu Apr 2 11:07:32 AM UTC 2026,5409570_267,coppernode28
sh -c 'gringo --output=smodels /home/guests/mmacri/AMOSUM/benchmarks/GraphColouring/encoding-plain-amo.asp $0 | wasp',1,/home/guests/mmacri/AMOSUM/benchmarks/GraphColouring/test-instances-gc/0058-graph_colouring-150-0_5760.asp,289,1759514992793,34648679476,76610741287,2291,2891833918375,729363,8131280360642,3,120493786,2.09973,1205.23777345,1202.840287,1,2898936,2884368,2934724,2.11324,1202.91,L3:0=fff;1=002,000c0000,Thu Apr 2 11:07:32 AM UTC 2026,5409570_289,coppernode30
sh -c 'gringo --output=smodels /home/guests/mmacri/AMOSUM/benchmarks/GraphColouring/encoding-plain-amo.asp $0 | wasp',1,/home/guests/mmacri/AMOSUM/benchmarks/GraphColouring/test-instances-gc/0016-graph_colouring-130-0_1248.asp,76,1127276259,3070248,9213308,92,2154105337,7932,7200733708,1,89772,0.018915,0.892722301,0.880574,1,42392,28884,61468,0.063558,0.967917,L3:0=fff;1=008,00c00000,Thu Apr 2 10:47:26 AM UTC 2026,5409570_76,coppernode26
sh -c 'gringo --output=smodels /home/guests/mmacri/AMOSUM/benchmarks/GraphColouring/encoding-plain-amo.asp $0 | wasp',1,/home/guests/mmacri/AMOSUM/benchmarks/GraphColouring/test-instances-gc/0020-graph_colouring-130-0_3744.asp,98,1404666123574,38018654025,63206628465,1091,2892067575656,289546,7348144794890,2,120503213,1.230647,1205.031241622,1203.803874,1,1165408,1150840,1187532,1.26358,1203.88,L3:0=fff;1=080,c0000000,Thu Apr 2 10:47:26 AM UTC 2026,5409570_98,coppernode27
sh -c 'gringo --output=smodels /home/guests/mmacri/AMOSUM/benchmarks/GraphColouring/encoding-plain-amo.asp $0 | wasp',1,/home/guests/mmacri/AMOSUM/benchmarks/GraphColouring/test-instances-gc/0057-graph_colouring-150-0_4320.asp,283,1545104766622,35560492892,63958948420,1125,2892272731983,426976,8019461602136,3,120511793,1.364004,1205.119168744,1203.755523,1,1713260,1698692,1735776,1.3949,1203.81,L3:0=010;1=fff,00000300,Thu Apr 2 11:07:32 AM UTC 2026,5409570_283,coppernode29
sh -c 'gringo --output=smodels /home/guests/mmacri/AMOSUM/benchmarks/GraphColouring/encoding-plain-amo.asp $0 | wasp',1,/home/guests/mmacri/AMOSUM/benchmarks/GraphColouring/test-instances-gc/0019-graph_colouring-130-0_2496.asp,92,1167625699985,45083774721,66389477485,1002,2892041164860,311569,6129421897725,3,120502097,1.114319,1205.0207477,1203.908722,1,1250408,1235844,1275412,1.16194,1203.99,L3:0=fff;1=010,03000000,Thu Apr 2 10:47:26 AM UTC 2026,5409570_92,coppernode27
sh -c 'gringo --output=smodels /home/guests/mmacri/AMOSUM/benchmarks/GraphColouring/encoding-plain-amo.asp $0 | wasp',1,/home/guests/mmacri/AMOSUM/benchmarks/GraphColouring/test-instances-gc/0024-graph_colouring-135-0_5184.asp,119,1717141838080,34978199807,76893901437,1017,2892197152968,534120,7834054518858,2,120508651,1.699129,1205.107389,1203.389698,1,2096936,2082476,2136356,1.76736,1203.45,L3:0=010;1=fff,00000300,Thu Apr 2 10:47:26 AM UTC 2026,5409570_119,coppernode29
sh -c 'gringo --output=smodels /home/guests/mmacri/AMOSUM/benchmarks/GraphColouring/encoding-plain-amo.asp $0 | wasp',1,/home/guests/mmacri/AMOSUM/benchmarks/GraphColouring/test-instances-gc/0036-graph_colouring-140-0_6720.asp,180,1302880915457,37347588158,59497966307,1042,2892294705733,337894,6897935948781,3,120512760,1.304003,1205.135488207,1203.825341,1,1346580,1332088,1372836,1.33737,1203.88,L3:0=fff;1=010,03000000,Thu Apr 2 11:07:31 AM UTC 2026,5409570_180,coppernode21
sh -c 'gringo --output=smodels /home/guests/mmacri/AMOSUM/benchmarks/GraphColouring/encoding-plain-amo.asp $0 | wasp',1,/home/guests/mmacri/AMOSUM/benchmarks/GraphColouring/test-instances-gc/0033-graph_colouring-140-0_5376.asp,164,1777046994299,35038219715,75434947411,1121,2892105506640,527872,8326465422910,3,120504759,1.713304,1205.184902225,1203.335905,1,2082580,2068012,2121324,1.73162,1203.39,L3:0=fff;1=020,0c000000,Thu Apr 2 10:47:28 AM UTC 2026,5409570_164,coppernode30
sh -c 'gringo --output=smodels /home/guests/mmacri/AMOSUM/benchmarks/GraphColouring/encoding-plain-amo.asp $0 | wasp',1,/home/guests/mmacri/AMOSUM/benchmarks/GraphColouring/test-instances-gc/0023-graph_colouring-135-0_3888.asp,113,1441389795589,37229490417,63183460940,2139,2891875915520,290624,7502686538860,3,120495648,1.142725,1204.995273033,1203.818111,1,1168192,1153632,1192116,1.1981,1203.89,L3:0=002;1=fff,0000000c,Thu Apr 2 10:47:26 AM UTC 2026,5409570_113,coppernode29
sh -c 'gringo --output=smodels /home/guests/mmacri/AMOSUM/benchmarks/GraphColouring/encoding-plain-amo.asp $0 | wasp',1,/home/guests/mmacri/AMOSUM/benchmarks/GraphColouring/test-instances-gc/0038-graph_colouring-140-0_2688.asp,187,1240680154602,44677816381,69146850261,1048,2892204934779,450413,6458969121760,3,120508923,1.355987,1205.151056978,1203.735064,1,1807676,1793112,1831564,1.36937,1203.8,L3:0=fff;1=080,c0000000,Thu Apr 2 11:07:31 AM UTC 2026,5409570_187,coppernode23
sh -c 'gringo --output=smodels /home/guests/mmacri/AMOSUM/benchmarks/GraphColouring/encoding-plain-amo.asp $0 | wasp',1,/home/guests/mmacri/AMOSUM/benchmarks/GraphColouring/test-instances-gc/0034-graph_colouring-140-0_5376.asp,169,1761819672591,36860667166,78454719813,1222,2892312609696,528919,8004052483792,3,120513454,1.701781,1205.201347633,1203.434093,1,2083728,2069164,2120440,1.70967,1203.5,L3:0=fff;1=008,00c00000,Thu Apr 2 10:47:29 AM UTC 2026,5409570_169,coppernode26
sh -c 'gringo --output=smodels /home/guests/mmacri/AMOSUM/benchmarks/GraphColouring/encoding-plain-amo.asp $0 | wasp',1,/home/guests/mmacri/AMOSUM/benchmarks/GraphColouring/test-instances-gc/0023-graph_colouring-135-0_5184.asp,114,1729362691721,38262273141,81589981623,1652,2892119234340,527073,7709333626233,1,120505540,1.634284,1205.10572476,1203.424324,1,2081088,2066536,2118408,1.70425,1203.48,L3:0=fff;1=002,000c0000,Thu Apr 2 10:47:26 AM UTC 2026,5409570_114,coppernode29
sh -c 'gringo --output=smodels /home/guests/mmacri/AMOSUM/benchmarks/GraphColouring/encoding-plain-amo.asp $0 | wasp',1,/home/guests/mmacri/AMOSUM/benchmarks/GraphColouring/test-instances-gc/0033-graph_colouring-140-0_4032.asp,163,1481796010628,36400954441,63233060403,2560,2892185762232,400703,7736073005723,3,120508644,1.454326,1205.117178906,1203.633411,1,1610048,1595484,1633376,1.48442,1203.68,L3:0=002;1=fff,0000000c,Thu Apr 2 10:47:28 AM UTC 2026,5409570_163,coppernode21
sh -c 'gringo --output=smodels /home/guests/mmacri/AMOSUM/benchmarks/GraphColouring/encoding-plain-amo.asp $0 | wasp',1,/home/guests/mmacri/AMOSUM/benchmarks/GraphColouring/test-instances-gc/0052-graph_colouring-150-0_7200.asp,260,1375450436201,39039012971,64033460088,1226,2892317724972,364733,7145813785291,3,120513745,1.441432,1205.143547206,1203.696722,1,1456800,1442236,1486812,1.48041,1203.74,L3:0=004;1=fff,00000030,Thu Apr 2 11:07:32 AM UTC 2026,5409570_260,coppernode24
sh -c 'gringo --output=smodels /home/guests/mmacri/AMOSUM/benchmarks/GraphColouring/encoding-plain-amo.asp $0 | wasp',1,/home/guests/mmacri/AMOSUM/benchmarks/GraphColouring/test-instances-gc/0044-graph_colouring-145-0_2784.asp,217,1391533240585,40064765257,65856067213,1281,2892272535080,426297,7306904669484,3,120511859,1.463956,1205.131107412,1203.65621,1,1711812,1697244,1734572,1.51417,1203.7,L3:0=004;1=fff,00000030,Thu Apr 2 11:07:32 AM UTC 2026,5409570_217,coppernode27
sh -c 'gringo --output=smodels /home/guests/mmacri/AMOSUM/benchmarks/GraphColouring/encoding-plain-amo.asp $0 | wasp',1,/home/guests/mmacri/AMOSUM/benchmarks/GraphColouring/test-instances-gc/0015-graph_colouring-130-0_1248.asp,71,101100359,326737,1131545,112,244896380,2979,618547271,3,10224,0.019707,0.100722094,0.08428,1,13368,13868,26908,0.059419,0.169563,L3:0=002;1=fff,0000000c,Thu Apr 2 10:47:26 AM UTC 2026,5409570_71,coppernode26
sh -c 'gringo --output=smodels /home/guests/mmacri/AMOSUM/benchmarks/GraphColouring/encoding-plain-amo.asp $0 | wasp',1,/home/guests/mmacri/AMOSUM/benchmarks/GraphColouring/test-instances-gc/0057-graph_colouring-150-0_5760.asp,284,1830877534878,34442438705,82324227182,975,2892472464371,719040,8167646184962,3,120520037,1.980243,1205.24491299,1203.221498,1,2865056,2850488,2899124,2.00582,1203.28,L3:0=fff;1=020,0c000000,Thu Apr 2 11:07:32 AM UTC 2026,5409570_284,coppernode29
sh -c 'gringo --output=smodels /home/guests/mmacri/AMOSUM/benchmarks/GraphColouring/encoding-plain-amo.asp $0 | wasp',1,/home/guests/mmacri/AMOSUM/benchmarks/GraphColouring/test-instances-gc/0019-graph_colouring-130-0_6240.asp,95,1118035903617,44103391911,63905048943,1037,2892118221542,404466,5873450288900,1,120505366,1.393299,1205.054454135,1203.662717,1,1608536,1594384,1638796,1.46513,1203.71,L3:0=040;1=fff,00003000,Thu Apr 2 10:47:26 AM UTC 2026,5409570_95,coppernode27
sh -c 'gringo --output=smodels /home/guests/mmacri/AMOSUM/benchmarks/GraphColouring/encoding-plain-amo.asp $0 | wasp',1,/home/guests/mmacri/AMOSUM/benchmarks/GraphColouring/test-instances-gc/0031-graph_colouring-140-0_1344.asp,151,12050147638,134256664,302490135,69,22537613405,36490,71419301077,2,939089,0.112025,9.445059404,9.279919,1,157248,143252,176444,0.128031,9.34265,L3:0=020;1=fff,00000c00,Thu Apr 2 10:47:26 AM UTC 2026,5409570_151,coppernode24
sh -c 'gringo --output=smodels /home/guests/mmacri/AMOSUM/benchmarks/GraphColouring/encoding-plain-amo.asp $0 | wasp',1,/home/guests/mmacri/AMOSUM/benchmarks/GraphColouring/test-instances-gc/0026-graph_colouring-135-0_1296.asp,126,1486249283,3555992,11374500,98,2740570323,9915,9386012310,1,114210,0.035675,1.15208246,1.108123,1,50920,36480,69908,0.098117,1.17231,L3:0=fff;1=080,c0000000,Thu Apr 2 10:47:26 AM UTC 2026,5409570_126,coppernode29
sh -c 'gringo --output=smodels /home/guests/mmacri/AMOSUM/benchmarks/GraphColouring/encoding-plain-amo.asp $0 | wasp',1,/home/guests/mmacri/AMOSUM/benchmarks/GraphColouring/test-instances-gc/0009-graph_colouring-125-0_3600.asp,43,1466266063179,37205893442,64639393488,1765,2892067274583,290079,7609689730030,1,120503506,1.226633,1205.066159168,1203.811483,1,1168048,1153484,1191988,1.25909,1203.89,L3:0=002;1=fff,0000000c,Thu Apr 2 10:47:25 AM UTC 2026,5409570_43,coppernode24
sh -c 'gringo --output=smodels /home/guests/mmacri/AMOSUM/benchmarks/GraphColouring/encoding-plain-amo.asp $0 | wasp',1,/home/guests/mmacri/AMOSUM/benchmarks/GraphColouring/test-instances-gc/0007-graph_colouring-125-0_4800.asp,34,1564061154570,39154872584,77908339464,986,2892263857227,534527,7131668579991,1,120511379,1.73822,1205.165540014,1203.376702,1,2104164,2089600,2143260,1.77696,1203.44,L3:0=fff;1=008,00c00000,Thu Apr 2 10:47:25 AM UTC 2026,5409570_34,coppernode23
sh -c 'gringo --output=smodels /home/guests/mmacri/AMOSUM/benchmarks/GraphColouring/encoding-plain-amo.asp $0 | wasp',1,/home/guests/mmacri/AMOSUM/benchmarks/GraphColouring/test-instances-gc/0045-graph_colouring-145-0_6960.asp,225,1354569173775,37965955326,60657919591,2793,2892158233010,309443,7218664465058,2,120507593,1.069839,1205.104674727,1204.007649,1,1243476,1228908,1268308,1.0865,1204.08,L3:0=080;1=fff,0000c000,Thu Apr 2 11:07:32 AM UTC 2026,5409570_225,coppernode27
sh -c 'gringo --output=smodels /home/guests/mmacri/AMOSUM/benchmarks/GraphColouring/encoding-plain-amo.asp $0 | wasp',1,/home/guests/mmacri/AMOSUM/benchmarks/GraphColouring/test-instances-gc/0051-graph_colouring-150-0_2880.asp,252,1345294292575,41685428160,66414791815,963,2892295859916,427747,7068895442989,3,120512686,1.457627,1205.125389964,1203.671201,1,1716588,1702024,1741092,1.47359,1203.75,L3:0=fff;1=080,c0000000,Thu Apr 2 11:07:32 AM UTC 2026,5409570_252,coppernode25
sh -c 'gringo --output=smodels /home/guests/mmacri/AMOSUM/benchmarks/GraphColouring/encoding-plain-amo.asp $0 | wasp',1,/home/guests/mmacri/AMOSUM/benchmarks/GraphColouring/test-instances-gc/0010-graph_colouring-125-0_4800.asp,49,1507136713919,38587960974,73130916463,937,2892473567482,529343,7038843599942,2,120520213,1.598454,1205.19823888,1203.604902,1,2102540,2087976,2141600,1.62488,1203.67,L3:0=010;1=fff,00000300,Thu Apr 2 10:47:25 AM UTC 2026,5409570_49,coppernode24
sh -c 'gringo --output=smodels /home/guests/mmacri/AMOSUM/benchmarks/GraphColouring/encoding-plain-amo.asp $0 | wasp',1,/home/guests/mmacri/AMOSUM/benchmarks/GraphColouring/test-instances-gc/0052-graph_colouring-150-0_4320.asp,258,1529235676114,35654012632,63822936775,1200,2892092025096,427688,7965304903592,3,120504267,1.343993,1205.119613791,1203.70067,1,1716404,1701836,1738944,1.36014,1203.76,L3:0=020;1=fff,00000c00,Thu Apr 2 11:07:32 AM UTC 2026,5409570_258,coppernode30
sh -c 'gringo --output=smodels /home/guests/mmacri/AMOSUM/benchmarks/GraphColouring/encoding-plain-amo.asp $0 | wasp',1,/home/guests/mmacri/AMOSUM/benchmarks/GraphColouring/test-instances-gc/0022-graph_colouring-135-0_2592.asp,107,1179800531299,45772108580,67561473716,1118,2892284239775,453495,6201976127488,4,120512297,1.33452,1205.133154899,1203.791148,1,1818112,1803544,1842740,1.36518,1203.85,L3:0=020;1=fff,00000c00,Thu Apr 2 10:47:26 AM UTC 2026,5409570_107,coppernode28
sh -c 'gringo --output=smodels /home/guests/mmacri/AMOSUM/benchmarks/GraphColouring/encoding-plain-amo.asp $0 | wasp',1,/home/guests/mmacri/AMOSUM/benchmarks/GraphColouring/test-instances-gc/0034-graph_colouring-140-0_6720.asp,170,1337824663920,36487488508,57905619441,1142,2892242935237,305253,7127539347263,3,120510529,1.084709,1205.112977652,1204.022393,1,1228816,1214512,1252332,1.10355,1204.08,L3:0=fff;1=080,c0000000,Thu Apr 2 10:47:30 AM UTC 2026,5409570_170,coppernode29
sh -c 'gringo --output=smodels /home/guests/mmacri/AMOSUM/benchmarks/GraphColouring/encoding-plain-amo.asp $0 | wasp',1,/home/guests/mmacri/AMOSUM/benchmarks/GraphColouring/test-instances-gc/0039-graph_colouring-140-0_5376.asp,194,1714473644674,36198278025,76905098468,972,2892444418920,527042,7808009643508,3,120518978,1.821548,1205.200527373,1203.369678,1,2078584,2064020,2116168,1.84658,1203.43,L3:0=040;1=fff,00003000,Thu Apr 2 11:07:31 AM UTC 2026,5409570_194,coppernode22
sh -c 'gringo --output=smodels /home/guests/mmacri/AMOSUM/benchmarks/GraphColouring/encoding-plain-amo.asp $0 | wasp',1,/home/guests/mmacri/AMOSUM/benchmarks/GraphColouring/test-instances-gc/0056-graph_colouring-150-0_5760.asp,279,1738278186857,36254960525,77309847264,1780,2891604167597,749617,8055588420521,3,120484187,2.195608,1205.249958502,1202.648264,1,2975332,2961060,3011464,2.2297,1202.7,L3:0=004;1=fff,00000030,Thu Apr 2 11:07:32 AM UTC 2026,5409570_279,coppernode29
sh -c 'gringo --output=smodels /home/guests/mmacri/AMOSUM/benchmarks/GraphColouring/encoding-plain-amo.asp $0 | wasp',1,/home/guests/mmacri/AMOSUM/benchmarks/GraphColouring/test-instances-gc/0060-graph_colouring-150-0_2880.asp,297,1391310426906,42009338403,68728376747,1013,2892288857331,426964,7222986271268,3,120512393,1.308362,1205.1277728,1203.817468,1,1714820,1700256,1736952,1.32764,1203.88,L3:0=fff;1=020,0c000000,Thu Apr 2 11:07:32 AM UTC 2026,5409570_297,coppernode25
sh -c 'gringo --output=smodels /home/guests/mmacri/AMOSUM/benchmarks/GraphColouring/encoding-plain-amo.asp $0 | wasp',1,/home/guests/mmacri/AMOSUM/benchmarks/GraphColouring/test-instances-gc/0014-graph_colouring-130-0_3744.asp,68,1304738812548,42152034717,65665411558,1019,2892183163115,335257,6849320434680,1,120508022,1.258292,1205.087075706,1203.823682,1,1348608,1334044,1372216,1.301,1203.88,L3:0=fff;1=040,30000000,Thu Apr 2 10:47:25 AM UTC 2026,5409570_68,coppernode25
sh -c 'gringo --output=smodels /home/guests/mmacri/AMOSUM/benchmarks/GraphColouring/encoding-plain-amo.asp $0 | wasp',1,/home/guests/mmacri/AMOSUM/benchmarks/GraphColouring/test-instances-gc/0018-graph_colouring-130-0_1248.asp,86,637436084,1100196,3516686,85,1314462334,5939,4211871112,1,54786,0.026246,0.542525205,0.523353,1,35428,20860,54220,0.094388,0.580738,L3:0=fff;1=002,000c0000,Thu Apr 2 10:47:26 AM UTC 2026,5409570_86,coppernode27
sh -c 'gringo --output=smodels /home/guests/mmacri/AMOSUM/benchmarks/GraphColouring/encoding-plain-amo.asp $0 | wasp',1,/home/guests/mmacri/AMOSUM/benchmarks/GraphColouring/test-instances-gc/0055-graph_colouring-150-0_4320.asp,273,1520255959721,36329953938,64760996755,1122,2892238171303,427645,7893277251425,4,120510334,1.512003,1205.109993471,1203.59307,1,1711744,1697176,1734868,1.54351,1203.66,L3:0=fff;1=020,0c000000,Thu Apr 2 11:07:32 AM UTC 2026,5409570_273,coppernode28
sh -c 'gringo --output=smodels /home/guests/mmacri/AMOSUM/benchmarks/GraphColouring/encoding-plain-amo.asp $0 | wasp',1,/home/guests/mmacri/AMOSUM/benchmarks/GraphColouring/test-instances-gc/0041-graph_colouring-145-0_5568.asp,204,1722156770316,35769418944,75975725136,1003,2892295214179,526047,8070161995547,3,120512679,1.690001,1205.20098279,1203.438024,1,2085904,2071340,2118548,1.71224,1203.5,L3:0=fff;1=004,00300000,Thu Apr 2 11:07:31 AM UTC 2026,5409570_204,coppernode23
sh -c 'gringo --output=smodels /home/guests/mmacri/AMOSUM/benchmarks/GraphColouring/encoding-plain-amo.asp $0 | wasp',1,/home/guests/mmacri/AMOSUM/benchmarks/GraphColouring/test-instances-gc/0003-graph_colouring-125-0_6000.asp,15,1079127638693,45088347869,65575392010,1863,2892167431641,430869,5604879132318,1,120507771,1.422808,1205.093850343,1203.657801,1,1715132,1700608,1744756,1.48395,1203.72,L3:0=002;1=fff,0000000c,Thu Apr 2 10:47:25 AM UTC 2026,5409570_15,coppernode22
sh -c 'gringo --output=smodels /home/guests/mmacri/AMOSUM/benchmarks/GraphColouring/encoding-plain-amo.asp $0 | wasp',1,/home/guests/mmacri/AMOSUM/benchmarks/GraphColouring/test-instances-gc/0013-graph_colouring-130-0_2496.asp,62,1136766818682,46688040609,67687971904,1150,2892264817664,376452,6016173340835,7,120511450,1.443602,1205.122005675,1203.672255,1,1501628,1487064,1530884,1.49136,1203.73,L3:0=fff;1=008,00c00000,Thu Apr 2 10:47:25 AM UTC 2026,5409570_62,coppernode25
sh -c 'gringo --output=smodels /home/guests/mmacri/AMOSUM/benchmarks/GraphColouring/encoding-plain-amo.asp $0 | wasp',1,/home/guests/mmacri/AMOSUM/benchmarks/GraphColouring/test-instances-gc/0029-graph_colouring-135-0_2592.asp,142,1196237892640,43743944685,66039560818,993,2892353528355,413142,6256296564846,1,120515215,1.40768,1205.162506808,1203.745909,1,1659876,1645312,1684328,1.41971,1203.81,L3:0=fff;1=008,00c00000,Thu Apr 2 10:47:26 AM UTC 2026,5409570_142,coppernode21
sh -c 'gringo --output=smodels /home/guests/mmacri/AMOSUM/benchmarks/GraphColouring/encoding-plain-amo.asp $0 | wasp',1,/home/guests/mmacri/AMOSUM/benchmarks/GraphColouring/test-instances-gc/0027-graph_colouring-135-0_6480.asp,135,1463134698745,30626618892,55007790086,1362,2892061114719,293043,7639784407912,2,120503058,0.986545,1205.030413491,1204.047143,1,1176292,1161724,1201636,1.02023,1204.12,L3:0=020;1=fff,00000c00,Thu Apr 2 10:47:26 AM UTC 2026,5409570_135,coppernode30
sh -c 'gringo --output=smodels /home/guests/mmacri/AMOSUM/benchmarks/GraphColouring/encoding-plain-amo.asp $0 | wasp',1,/home/guests/mmacri/AMOSUM/benchmarks/GraphColouring/test-instances-gc/0030-graph_colouring-135-0_3888.asp,148,1380817149997,38809823150,63519076160,1119,2892191393972,289882,7227906068803,3,120508479,1.064329,1205.103656624,1204.022154,1,1166868,1152304,1190452,1.08103,1204.08,L3:0=010;1=fff,00000300,Thu Apr 2 10:47:26 AM UTC 2026,5409570_148,coppernode22
sh -c 'gringo --output=smodels /home/guests/mmacri/AMOSUM/benchmarks/GraphColouring/encoding-plain-amo.asp $0 | wasp',1,/home/guests/mmacri/AMOSUM/benchmarks/GraphColouring/test-instances-gc/0002-graph_colouring-125-0_2400.asp,7,1126856385674,47659156497,68593524032,1148,2892209188104,357065,5949166350344,1,120509182,1.343865,1205.087880726,1203.749821,1,1431864,1417308,1461812,1.3882,1203.81,L3:0=010;1=fff,00000300,Thu Apr 2 10:47:25 AM UTC 2026,5409570_7,coppernode21
sh -c 'gringo --output=smodels /home/guests/mmacri/AMOSUM/benchmarks/GraphColouring/encoding-plain-amo.asp $0 | wasp',1,/home/guests/mmacri/AMOSUM/benchmarks/GraphColouring/test-instances-gc/0010-graph_colouring-125-0_6000.asp,50,1107601044655,43654456688,63623302536,1201,2892303971827,460214,5771976606732,1,120513111,1.759997,1205.129934157,1203.373235,1,1829440,1814880,1859552,1.82181,1203.43,L3:0=fff;1=010,03000000,Thu Apr 2 10:47:25 AM UTC 2026,5409570_50,coppernode24
sh -c 'gringo --output=smodels /home/guests/mmacri/AMOSUM/benchmarks/GraphColouring/encoding-plain-amo.asp $0 | wasp',1,/home/guests/mmacri/AMOSUM/benchmarks/GraphColouring/test-instances-gc/0006-graph_colouring-125-0_2400.asp,27,1017722101079,52055309315,72263274891,1125,2892360638211,405858,5329110439797,2,120515627,1.550397,1205.154159538,1203.607456,1,1619608,1605044,1647356,1.56833,1203.67,L3:0=080;1=fff,0000c000,Thu Apr 2 10:47:25 AM UTC 2026,5409570_27,coppernode22
sh -c 'gringo --output=smodels /home/guests/mmacri/AMOSUM/benchmarks/GraphColouring/encoding-plain-amo.asp $0 | wasp',1,/home/guests/mmacri/AMOSUM/benchmarks/GraphColouring/test-instances-gc/0048-graph_colouring-145-0_1392.asp,236,4979674895,23590096,66190773,68,8848953334,20437,30587794073,3,368721,0.059814,3.731955368,3.628447,1,92336,78880,111444,0.086919,3.6961,L3:0=fff;1=020,0c000000,Thu Apr 2 11:07:32 AM UTC 2026,5409570_236,coppernode26
sh -c 'gringo --output=smodels /home/guests/mmacri/AMOSUM/benchmarks/GraphColouring/encoding-plain-amo.asp $0 | wasp',1,/home/guests/mmacri/AMOSUM/benchmarks/GraphColouring/test-instances-gc/0049-graph_colouring-145-0_1392.asp,241,4890267588,25835062,71373924,72,8330467415,16634,29352510798,2,347120,0.041581,3.464957576,3.430575,1,76928,63156,95896,0.073024,3.49517,L3:0=002;1=fff,0000000c,Thu Apr 2 11:07:32 AM UTC 2026,5409570_241,coppernode25
sh -c 'gringo --output=smodels /home/guests/mmacri/AMOSUM/benchmarks/GraphColouring/encoding-plain-amo.asp $0 | wasp',1,/home/guests/mmacri/AMOSUM/benchmarks/GraphColouring/test-instances-gc/0030-graph_colouring-135-0_1296.asp,146,1204767187,2945597,9144078,75,2240271779,9661,7707536557,3,93355,0.021525,0.939653327,0.912935,1,45008,35376,64504,0.045784,0.971478,L3:0=080;1=fff,0000c000,Thu Apr 2 10:47:26 AM UTC 2026,5409570_146,coppernode23
sh -c 'gringo --output=smodels /home/guests/mmacri/AMOSUM/benchmarks/GraphColouring/encoding-plain-amo.asp $0 | wasp',1,/home/guests/mmacri/AMOSUM/benchmarks/GraphColouring/test-instances-gc/0027-graph_colouring-135-0_1296.asp,131,1904755147,5285836,16386406,92,3397071775,10766,11865634240,1,141562,0.035722,1.406889637,1.380899,1,52628,39936,71868,0.075519,1.4477,L3:0=008;1=fff,000000c0,Thu Apr 2 10:47:26 AM UTC 2026,5409570_131,coppernode30
sh -c 'gringo --output=smodels /home/guests/mmacri/AMOSUM/benchmarks/GraphColouring/encoding-plain-amo.asp $0 | wasp',1,/home/guests/mmacri/AMOSUM/benchmarks/GraphColouring/test-instances-gc/0002-graph_colouring-125-0_4800.asp,9,1613744511153,38328056289,78830772099,1033,2892385321847,536046,7249610941164,7,120516485,1.839788,1205.160244222,1203.326968,1,2104060,2089516,2146660,1.89448,1203.39,L3:0=020;1=fff,00000c00,Thu Apr 2 10:47:25 AM UTC 2026,5409570_9,coppernode21
sh -c 'gringo --output=smodels /home/guests/mmacri/AMOSUM/benchmarks/GraphColouring/encoding-plain-amo.asp $0 | wasp',1,/home/guests/mmacri/AMOSUM/benchmarks/GraphColouring/test-instances-gc/0047-graph_colouring-145-0_2784.asp,232,1262201412273,43855162862,66724616012,2833,2892257926024,490233,6723306709910,3,120511651,1.800018,1205.171434488,1203.317254,1,1970288,1955724,1993052,1.83371,1203.38,L3:0=fff;1=004,00300000,Thu Apr 2 11:07:32 AM UTC 2026,5409570_232,coppernode26
sh -c 'gringo --output=smodels /home/guests/mmacri/AMOSUM/benchmarks/GraphColouring/encoding-plain-amo.asp $0 | wasp',1,/home/guests/mmacri/AMOSUM/benchmarks/GraphColouring/test-instances-gc/0049-graph_colouring-145-0_6960.asp,245,1276896216362,39796306738,62136211466,1048,2892236635208,341259,6714240710813,2,120510319,1.248003,1205.110871497,1203.857114,1,1372312,1357908,1398120,1.28641,1203.92,L3:0=010;1=fff,00000300,Thu Apr 2 11:07:32 AM UTC 2026,5409570_245,coppernode25
sh -c 'gringo --output=smodels /home/guests/mmacri/AMOSUM/benchmarks/GraphColouring/encoding-plain-amo.asp $0 | wasp',1,/home/guests/mmacri/AMOSUM/benchmarks/GraphColouring/test-instances-gc/0011-graph_colouring-130-0_4992.asp,54,1612431635859,38287711806,77891066699,942,2892414564361,531471,7327104897796,1,120517637,1.714504,1205.175762117,1203.463791,1,2100216,2085652,2139476,1.76997,1203.53,L3:0=fff;1=040,30000000,Thu Apr 2 10:47:25 AM UTC 2026,5409570_54,coppernode24
sh -c 'gringo --output=smodels /home/guests/mmacri/AMOSUM/benchmarks/GraphColouring/encoding-plain-amo.asp $0 | wasp',1,/home/guests/mmacri/AMOSUM/benchmarks/GraphColouring/test-instances-gc/0005-graph_colouring-125-0_3600.asp,23,1285992196220,41651849656,63969864201,1082,2892089440935,324920,6794273058673,1,120504278,1.179114,1205.044744359,1203.865453,1,1307212,1292648,1331468,1.23335,1203.93,L3:0=020;1=fff,00000c00,Thu Apr 2 10:47:25 AM UTC 2026,5409570_23,coppernode22
sh -c 'gringo --output=smodels /home/guests/mmacri/AMOSUM/benchmarks/GraphColouring/encoding-plain-amo.asp $0 | wasp',1,/home/guests/mmacri/AMOSUM/benchmarks/GraphColouring/test-instances-gc/0001-graph_colouring-125-0_3600.asp,3,1252173746972,42397476564,64985934220,1268,2892112395450,327019,6587376849740,1,120505198,1.307763,1205.049554945,1203.74521,1,1315260,1301060,1339528,1.36683,1203.81,L3:0=004;1=fff,00000030,Thu Apr 2 10:47:25 AM UTC 2026,5409570_3,coppernode21
sh -c 'gringo --output=smodels /home/guests/mmacri/AMOSUM/benchmarks/GraphColouring/encoding-plain-amo.asp $0 | wasp',1,/home/guests/mmacri/AMOSUM/benchmarks/GraphColouring/test-instances-gc/0048-graph_colouring-145-0_4176.asp,238,1502489075709,37433072559,65513347727,2337,2892157426242,426113,7839157794881,3,120507289,1.545339,1205.122975352,1203.525942,1,1709844,1695280,1733196,1.58232,1203.58,L3:0=fff;1=040,30000000,Thu Apr 2 11:07:32 AM UTC 2026,5409570_238,coppernode26
sh -c 'gringo --output=smodels /home/guests/mmacri/AMOSUM/benchmarks/GraphColouring/encoding-plain-amo.asp $0 | wasp',1,/home/guests/mmacri/AMOSUM/benchmarks/GraphColouring/test-instances-gc/0006-graph_colouring-125-0_4800.asp,29,1661333531680,37625138586,80698635424,3186,2892226961979,532831,7238798221330,4,120510555,1.510682,1205.140875433,1203.59513,1,2096936,2082696,2139096,1.5404,1203.67,L3:0=002;1=fff,0000000c,Thu Apr 2 10:47:25 AM UTC 2026,5409570_29,coppernode23
sh -c 'gringo --output=smodels /home/guests/mmacri/AMOSUM/benchmarks/GraphColouring/encoding-plain-amo.asp $0 | wasp',1,/home/guests/mmacri/AMOSUM/benchmarks/GraphColouring/test-instances-gc/0038-graph_colouring-140-0_6720.asp,190,1251710360460,41634684454,63174258672,2976,2892225486450,386679,6596663682865,3,120510591,1.472317,1205.146014446,1203.634813,1,1542164,1527600,1570692,1.48873,1203.7,L3:0=004;1=fff,00000030,Thu Apr 2 11:07:31 AM UTC 2026,5409570_190,coppernode22
sh -c 'gringo --output=smodels /home/guests/mmacri/AMOSUM/benchmarks/GraphColouring/encoding-plain-amo.asp $0 | wasp',1,/home/guests/mmacri/AMOSUM/benchmarks/GraphColouring/test-instances-gc/0022-graph_colouring-135-0_5184.asp,109,1717851356586,35742259305,77187270525,1006,2892376407011,524769,7854712227058,3,120516118,1.697225,1205.167928198,1203.465625,1,2083232,2068664,2116624,1.73476,1203.52,L3:0=040;1=fff,00003000,Thu Apr 2 10:47:26 AM UTC 2026,5409570_109,coppernode28
sh -c 'gringo --output=smodels /home/guests/mmacri/AMOSUM/benchmarks/GraphColouring/encoding-plain-amo.asp $0 | wasp',1,/home/guests/mmacri/AMOSUM/benchmarks/GraphColouring/test-instances-gc/0021-graph_colouring-135-0_3888.asp,103,1547177455624,35947025580,64021492234,1175,2892036761151,289577,8051096992205,4,120502014,1.078631,1205.018491174,1203.944565,1,1165216,1150816,1188260,1.10866,1204.01,L3:0=008;1=fff,000000c0,Thu Apr 2 10:47:26 AM UTC 2026,5409570_103,coppernode28
sh -c 'gringo --output=smodels /home/guests/mmacri/AMOSUM/benchmarks/GraphColouring/encoding-plain-amo.asp $0 | wasp',1,/home/guests/mmacri/AMOSUM/benchmarks/GraphColouring/test-instances-gc/0035-graph_colouring-140-0_5376.asp,174,1698089141492,36632537363,74121425227,2213,2892387046472,520269,8018439859479,2,120517016,1.552028,1205.190531462,1203.615436,1,2070128,2055560,2106760,1.55707,1203.69,L3:0=fff;1=004,00300000,Thu Apr 2 10:47:44 AM UTC 2026,5409570_174,coppernode29
sh -c 'gringo --output=smodels /home/guests/mmacri/AMOSUM/benchmarks/GraphColouring/encoding-plain-amo.asp $0 | wasp',1,/home/guests/mmacri/AMOSUM/benchmarks/GraphColouring/test-instances-gc/0018-graph_colouring-130-0_3744.asp,88,1509998631524,36649279357,65080148546,973,2891962191758,290401,7825623348230,1,120498789,1.090249,1204.986135516,1203.899698,1,1167404,1152980,1190848,1.16253,1203.95,L3:0=fff;1=004,00300000,Thu Apr 2 10:47:26 AM UTC 2026,5409570_88,coppernode27
sh -c 'gringo --output=smodels /home/guests/mmacri/AMOSUM/benchmarks/GraphColouring/encoding-plain-amo.asp $0 | wasp',1,/home/guests/mmacri/AMOSUM/benchmarks/GraphColouring/test-instances-gc/0003-graph_colouring-125-0_1200.asp,11,685193153,1130958,3663249,91,1325646553,5217,4438286442,1,55251,0.01976,0.548016622,0.534073,1,32452,18064,51604,0.080247,0.592575,L3:0=040;1=fff,00003000,Thu Apr 2 10:47:25 AM UTC 2026,5409570_11,coppernode21
sh -c 'gringo --output=smodels /home/guests/mmacri/AMOSUM/benchmarks/GraphColouring/encoding-plain-amo.asp $0 | wasp',1,/home/guests/mmacri/AMOSUM/benchmarks/GraphColouring/test-instances-gc/0014-graph_colouring-130-0_1248.asp,66,135751873,340727,1227201,76,313553113,3371,864764905,2,13081,0.011713,0.124644752,0.12055,1,25004,14084,43912,0.049683,0.187164,L3:0=fff;1=020,0c000000,Thu Apr 2 10:47:25 AM UTC 2026,5409570_66,coppernode25
sh -c 'gringo --output=smodels /home/guests/mmacri/AMOSUM/benchmarks/GraphColouring/encoding-plain-amo.asp $0 | wasp',1,/home/guests/mmacri/AMOSUM/benchmarks/GraphColouring/test-instances-gc/0060-graph_colouring-150-0_5760.asp,299,1770647598482,35254007286,78903076089,1103,2892062293080,722502,8072899694537,3,120503079,2.049549,1205.255672795,1202.982077,1,2860128,2845564,2895796,2.06942,1203.04,L3:0=fff;1=080,c0000000,Thu Apr 2 11:07:32 AM UTC 2026,5409570_299,coppernode24
sh -c 'gringo --output=smodels /home/guests/mmacri/AMOSUM/benchmarks/GraphColouring/encoding-plain-amo.asp $0 | wasp',1,/home/guests/mmacri/AMOSUM/benchmarks/GraphColouring/test-instances-gc/0056-graph_colouring-150-0_2880.asp,277,1326378490406,41479176208,64988800031,1012,2892324600591,429365,7022589785198,3,120513901,1.397359,1205.141858775,1203.743295,1,1726552,1711984,1749756,1.43119,1203.8,L3:0=fff;1=080,c0000000,Thu Apr 2 11:07:32 AM UTC 2026,5409570_277,coppernode28
sh -c 'gringo --output=smodels /home/guests/mmacri/AMOSUM/benchmarks/GraphColouring/encoding-plain-amo.asp $0 | wasp',1,/home/guests/mmacri/AMOSUM/benchmarks/GraphColouring/test-instances-gc/0040-graph_colouring-140-0_6720.asp,200,1350881616623,34472543194,55820686450,1259,2892220408020,291109,7204710553291,3,120509676,1.124001,1205.095688438,1203.974368,1,1173876,1159312,1197716,1.1636,1204.02,L3:0=fff;1=020,0c000000,Thu Apr 2 11:07:31 AM UTC 2026,5409570_200,coppernode22
sh -c 'gringo --output=smodels /home/guests/mmacri/AMOSUM/benchmarks/GraphColouring/encoding-plain-amo.asp $0 | wasp',1,/home/guests/mmacri/AMOSUM/benchmarks/GraphColouring/test-instances-gc/0017-graph_colouring-130-0_2496.asp,82,1211421014952,45059147159,67249925038,2291,2892042113841,334481,6336006354984,7,120502493,1.250714,1205.07686591,1203.77357,1,1342020,1327456,1367692,1.3118,1203.84,L3:0=fff;1=040,30000000,Thu Apr 2 10:47:26 AM UTC 2026,5409570_82,coppernode26
sh -c 'gringo --output=smodels /home/guests/mmacri/AMOSUM/benchmarks/GraphColouring/encoding-plain-amo.asp $0 | wasp',1,/home/guests/mmacri/AMOSUM/benchmarks/GraphColouring/test-instances-gc/0059-graph_colouring-150-0_4320.asp,293,1582827124405,34423827010,64787259485,1326,2891455849012,427806,8145002213682,3,120477753,1.44164,1205.104397477,1203.337692,1,1714852,1700284,1739024,1.46401,1203.4,L3:0=fff;1=010,03000000,Thu Apr 2 11:07:32 AM UTC 2026,5409570_293,coppernode30
sh -c 'gringo --output=smodels /home/guests/mmacri/AMOSUM/benchmarks/GraphColouring/encoding-plain-amo.asp $0 | wasp',1,/home/guests/mmacri/AMOSUM/benchmarks/GraphColouring/test-instances-gc/0031-graph_colouring-140-0_6720.asp,155,1213941806272,41193483828,62744873240,1045,2892262653981,386505,6387566375353,3,120511399,1.436002,1205.13899521,1203.679657,1,1533772,1519204,1563396,1.44812,1203.74,L3:0=010;1=fff,00000300,Thu Apr 2 10:47:27 AM UTC 2026,5409570_155,coppernode27
sh -c 'gringo --output=smodels /home/guests/mmacri/AMOSUM/benchmarks/GraphColouring/encoding-plain-amo.asp $0 | wasp',1,/home/guests/mmacri/AMOSUM/benchmarks/GraphColouring/test-instances-gc/0025-graph_colouring-135-0_2592.asp,122,1260150386816,42434985004,64848734552,965,2892055739709,391189,6612716393078,1,120502676,1.182282,1205.04563024,1203.84658,1,1571560,1557148,1594580,1.25286,1203.91,L3:0=fff;1=020,0c000000,Thu Apr 2 10:47:26 AM UTC 2026,5409570_122,coppernode29
sh -c 'gringo --output=smodels /home/guests/mmacri/AMOSUM/benchmarks/GraphColouring/encoding-plain-amo.asp $0 | wasp',1,/home/guests/mmacri/AMOSUM/benchmarks/GraphColouring/test-instances-gc/0026-graph_colouring-135-0_3888.asp,128,1371538937111,40669189487,65852833230,1836,2892015103999,335035,7139343460143,1,120501204,1.290579,1205.068894681,1203.7245,1,1345740,1331360,1370612,1.3456,1203.78,L3:0=fff;1=002,000c0000,Thu Apr 2 10:47:26 AM UTC 2026,5409570_128,coppernode30
sh -c 'gringo --output=smodels /home/guests/mmacri/AMOSUM/benchmarks/GraphColouring/encoding-plain-amo.asp $0 | wasp',1,/home/guests/mmacri/AMOSUM/benchmarks/GraphColouring/test-instances-gc/0045-graph_colouring-145-0_1392.asp,221,805560289,1570679,4666436,64,1545936317,6970,5236272242,6,64427,0.007699,0.665417077,0.637316,1,39308,24740,58232,0.035351,0.702253,L3:0=020;1=fff,00000c00,Thu Apr 2 11:07:32 AM UTC 2026,5409570_221,coppernode27
sh -c 'gringo --output=smodels /home/guests/mmacri/AMOSUM/benchmarks/GraphColouring/encoding-plain-amo.asp $0 | wasp',1,/home/guests/mmacri/AMOSUM/benchmarks/GraphColouring/test-instances-gc/0052-graph_colouring-150-0_1440.asp,256,12964219770,124633145,285962296,124,23748770535,39955,77622660512,3,989555,0.087944,9.976548003,9.808634,1,170604,156840,189828,0.112079,9.86386,L3:0=010;1=fff,00000300,Thu Apr 2 11:07:32 AM UTC 2026,5409570_256,coppernode30
sh -c 'gringo --output=smodels /home/guests/mmacri/AMOSUM/benchmarks/GraphColouring/encoding-plain-amo.asp $0 | wasp',1,/home/guests/mmacri/AMOSUM/benchmarks/GraphColouring/test-instances-gc/0010-graph_colouring-125-0_2400.asp,47,1146143333868,46876838776,68636540410,1089,2892163236825,357689,6026001341995,1,120507270,1.375905,1205.110922302,1203.698692,1,1431212,1416648,1458920,1.42607,1203.76,L3:0=008;1=fff,000000c0,Thu Apr 2 10:47:25 AM UTC 2026,5409570_47,coppernode24
sh -c 'gringo --output=smodels /home/guests/mmacri/AMOSUM/benchmarks/GraphColouring/encoding-plain-amo.asp $0 | wasp',1,/home/guests/mmacri/AMOSUM/benchmarks/GraphColouring/test-instances-gc/0006-graph_colouring-125-0_6000.asp,30,1111449476931,44699305115,65835895128,1654,2892154578175,449335,5731934676977,1,120507034,1.589947,1205.111849661,1203.482741,1,1784848,1770284,1815352,1.64356,1203.54,L3:0=fff;1=002,000c0000,Thu Apr 2 10:47:25 AM UTC 2026,5409570_30,coppernode23
sh -c 'gringo --output=smodels /home/guests/mmacri/AMOSUM/benchmarks/GraphColouring/encoding-plain-amo.asp $0 | wasp',1,/home/guests/mmacri/AMOSUM/benchmarks/GraphColouring/test-instances-gc/0022-graph_colouring-135-0_6480.asp,110,1239328828956,39363522702,60676175072,1033,2892063062215,336721,6567593178546,6,120503015,1.219995,1205.114237987,1203.812376,1,1341196,1326876,1366848,1.26525,1203.86,L3:0=fff;1=040,30000000,Thu Apr 2 10:47:26 AM UTC 2026,5409570_110,coppernode28
sh -c 'gringo --output=smodels /home/guests/mmacri/AMOSUM/benchmarks/GraphColouring/encoding-plain-amo.asp $0 | wasp',1,/home/guests/mmacri/AMOSUM/benchmarks/GraphColouring/test-instances-gc/0034-graph_colouring-140-0_2688.asp,167,1245054322900,44379213758,68022620075,1023,2892216753267,442676,6505090397670,3,120509403,1.524535,1205.147945204,1203.570027,1,1776436,1761872,1800220,1.54034,1203.63,L3:0=fff;1=004,00300000,Thu Apr 2 10:47:28 AM UTC 2026,5409570_167,coppernode24
sh -c 'gringo --output=smodels /home/guests/mmacri/AMOSUM/benchmarks/GraphColouring/encoding-plain-amo.asp $0 | wasp',1,/home/guests/mmacri/AMOSUM/benchmarks/GraphColouring/test-instances-gc/0038-graph_colouring-140-0_5376.asp,189,1741231413015,36245856101,78488456749,1000,2892463364365,525364,7973329342243,3,120519724,1.569551,1205.213733204,1203.629227,1,2080156,2065592,2115768,1.57777,1203.7,L3:0=fff;1=004,00300000,Thu Apr 2 11:07:31 AM UTC 2026,5409570_189,coppernode22
sh -c 'gringo --output=smodels /home/guests/mmacri/AMOSUM/benchmarks/GraphColouring/encoding-plain-amo.asp $0 | wasp',1,/home/guests/mmacri/AMOSUM/benchmarks/GraphColouring/test-instances-gc/0037-graph_colouring-140-0_4032.asp,183,1446092744998,37646394207,64787270666,1108,2892150970520,402034,7467715362959,3,120506796,1.415993,1205.118535972,1203.652844,1,1615324,1600952,1638228,1.43548,1203.72,L3:0=020;1=fff,00000c00,Thu Apr 2 11:07:31 AM UTC 2026,5409570_183,coppernode21
sh -c 'gringo --output=smodels /home/guests/mmacri/AMOSUM/benchmarks/GraphColouring/encoding-plain-amo.asp $0 | wasp',1,/home/guests/mmacri/AMOSUM/benchmarks/GraphColouring/test-instances-gc/0019-graph_colouring-130-0_1248.asp,91,135111589,305840,1064377,84,306743984,3255,862549392,1,12796,0.018311,0.123707781,0.111211,1,22188,14080,41232,0.081483,0.168676,L3:0=010;1=fff,00000300,Thu Apr 2 10:47:26 AM UTC 2026,5409570_91,coppernode27
sh -c 'gringo --output=smodels /home/guests/mmacri/AMOSUM/benchmarks/GraphColouring/encoding-plain-amo.asp $0 | wasp',1,/home/guests/mmacri/AMOSUM/benchmarks/GraphColouring/test-instances-gc/0044-graph_colouring-145-0_5568.asp,219,1830878669151,33066721179,79116898402,952,2892440483449,527232,8269581039746,5,120518766,1.611629,1205.192029464,1203.577329,1,2080196,2065628,2112164,1.66507,1203.62,L3:0=008;1=fff,000000c0,Thu Apr 2 11:07:32 AM UTC 2026,5409570_219,coppernode27
sh -c 'gringo --output=smodels /home/guests/mmacri/AMOSUM/benchmarks/GraphColouring/encoding-plain-amo.asp $0 | wasp',1,/home/guests/mmacri/AMOSUM/benchmarks/GraphColouring/test-instances-gc/0056-graph_colouring-150-0_7200.asp,280,1365849087863,38384536966,62401806868,1060,2892260634844,333971,7172721907066,2,120511244,1.267502,1205.118841144,1203.845034,1,1338348,1323780,1363460,1.29864,1203.9,L3:0=fff;1=008,00c00000,Thu Apr 2 11:07:32 AM UTC 2026,5409570_280,coppernode29
sh -c 'gringo --output=smodels /home/guests/mmacri/AMOSUM/benchmarks/GraphColouring/encoding-plain-amo.asp $0 | wasp',1,/home/guests/mmacri/AMOSUM/benchmarks/GraphColouring/test-instances-gc/0015-graph_colouring-130-0_6240.asp,75,1272155249521,38603654915,60928987363,1119,2892125650109,342342,6663231260758,1,120505716,1.346631,1205.058981288,1203.712699,1,1358460,1343896,1385632,1.40177,1203.79,L3:0=008;1=fff,000000c0,Thu Apr 2 10:47:26 AM UTC 2026,5409570_75,coppernode26
sh -c 'gringo --output=smodels /home/guests/mmacri/AMOSUM/benchmarks/GraphColouring/encoding-plain-amo.asp $0 | wasp',1,/home/guests/mmacri/AMOSUM/benchmarks/GraphColouring/test-instances-gc/0053-graph_colouring-150-0_5760.asp,264,1752475057291,34694773904,77095886447,1061,2892451995463,725362,8090203406388,3,120519241,2.195982,1205.23536416,1202.997714,1,2894600,2880036,2930004,2.21753,1203.06,L3:0=fff;1=010,03000000,Thu Apr 2 11:07:32 AM UTC 2026,5409570_264,coppernode24
sh -c 'gringo --output=smodels /home/guests/mmacri/AMOSUM/benchmarks/GraphColouring/encoding-plain-amo.asp $0 | wasp',1,/home/guests/mmacri/AMOSUM/benchmarks/GraphColouring/test-instances-gc/0043-graph_colouring-145-0_4176.asp,213,1488861648478,35187408236,61992231794,1182,2892252106422,425837,7829518050200,3,120511047,1.491428,1205.127618453,1203.620846,1,1710468,1695904,1733620,1.51419,1203.68,L3:0=fff;1=008,00c00000,Thu Apr 2 11:07:32 AM UTC 2026,5409570_213,coppernode21
sh -c 'gringo --output=smodels /home/guests/mmacri/AMOSUM/benchmarks/GraphColouring/encoding-plain-amo.asp $0 | wasp',1,/home/guests/mmacri/AMOSUM/benchmarks/GraphColouring/test-instances-gc/0020-graph_colouring-130-0_1248.asp,96,333364389,594413,1917066,80,678314137,4261,2153172076,5,28279,0.014077,0.279068989,0.270421,1,27484,14084,46500,0.101295,0.306992,L3:0=fff;1=040,30000000,Thu Apr 2 10:47:26 AM UTC 2026,5409570_96,coppernode27
sh -c 'gringo --output=smodels /home/guests/mmacri/AMOSUM/benchmarks/GraphColouring/encoding-plain-amo.asp $0 | wasp',1,/home/guests/mmacri/AMOSUM/benchmarks/GraphColouring/test-instances-gc/0016-graph_colouring-130-0_3744.asp,78,1416425281613,38526405993,62519870393,1045,2892062891662,290388,7423028405876,1,120503004,1.05829,1205.033784443,1203.973549,1,1169636,1155072,1194520,1.10155,1204.06,L3:0=fff;1=010,03000000,Thu Apr 2 10:47:26 AM UTC 2026,5409570_78,coppernode26
sh -c 'gringo --output=smodels /home/guests/mmacri/AMOSUM/benchmarks/GraphColouring/encoding-plain-amo.asp $0 | wasp',1,/home/guests/mmacri/AMOSUM/benchmarks/GraphColouring/test-instances-gc/0058-graph_colouring-150-0_2880.asp,287,1422836976421,39422858164,66506817441,2817,2892120468400,426550,7442981392848,3,120506114,1.483007,1205.1380681,1203.577203,1,1713740,1699176,1737440,1.51197,1203.63,L3:0=008;1=fff,000000c0,Thu Apr 2 11:07:32 AM UTC 2026,5409570_287,coppernode23
sh -c 'gringo --output=smodels /home/guests/mmacri/AMOSUM/benchmarks/GraphColouring/encoding-plain-amo.asp $0 | wasp',1,/home/guests/mmacri/AMOSUM/benchmarks/GraphColouring/test-instances-gc/0054-graph_colouring-150-0_5760.asp,269,1786939630334,33624628196,77657990443,3098,2892445498541,735630,8162034751964,3,120519563,2.276059,1205.237531635,1202.917701,1,2924160,2909596,2955136,2.30946,1202.98,L3:0=fff;1=004,00300000,Thu Apr 2 11:07:32 AM UTC 2026,5409570_269,coppernode28
sh -c 'gringo --output=smodels /home/guests/mmacri/AMOSUM/benchmarks/GraphColouring/encoding-plain-amo.asp $0 | wasp',1,/home/guests/mmacri/AMOSUM/benchmarks/GraphColouring/test-instances-gc/0015-graph_colouring-130-0_2496.asp,72,1198679792317,44987712731,66807832877,1360,2892126511187,334927,6271516262118,4,120505749,1.25185,1205.067118302,1203.807556,1,1343788,1329224,1367004,1.32528,1203.86,L3:0=fff;1=002,000c0000,Thu Apr 2 10:47:26 AM UTC 2026,5409570_72,coppernode26
sh -c 'gringo --output=smodels /home/guests/mmacri/AMOSUM/benchmarks/GraphColouring/encoding-plain-amo.asp $0 | wasp',1,/home/guests/mmacri/AMOSUM/benchmarks/GraphColouring/test-instances-gc/0043-graph_colouring-145-0_5568.asp,214,1806774890387,35621830036,80965039738,1762,2892380310284,525325,8072364438904,3,120516495,1.725258,1205.204080047,1203.442181,1,2081736,2067168,2119356,1.73538,1203.51,L3:0=002;1=fff,0000000c,Thu Apr 2 11:07:32 AM UTC 2026,5409570_214,coppernode29
sh -c 'gringo --output=smodels /home/guests/mmacri/AMOSUM/benchmarks/GraphColouring/encoding-plain-amo.asp $0 | wasp',1,/home/guests/mmacri/AMOSUM/benchmarks/GraphColouring/test-instances-gc/0053-graph_colouring-150-0_4320.asp,263,1509914163304,36150322348,64834604634,1002,2892306195931,428596,7771397061308,2,120513192,1.405747,1205.133316507,1203.72795,1,1716656,1702092,1740456,1.4333,1203.78,L3:0=010;1=fff,00000300,Thu Apr 2 11:07:32 AM UTC 2026,5409570_263,coppernode24
sh -c 'gringo --output=smodels /home/guests/mmacri/AMOSUM/benchmarks/GraphColouring/encoding-plain-amo.asp $0 | wasp',1,/home/guests/mmacri/AMOSUM/benchmarks/GraphColouring/test-instances-gc/0032-graph_colouring-140-0_6720.asp,160,1451515045113,31100279117,54037327305,1677,2892133384921,290565,7748953757609,3,120506125,1.099493,1205.073633784,1203.963304,1,1171564,1156996,1194740,1.11607,1204.02,L3:0=fff;1=002,000c0000,Thu Apr 2 10:47:27 AM UTC 2026,5409570_160,coppernode27
sh -c 'gringo --output=smodels /home/guests/mmacri/AMOSUM/benchmarks/GraphColouring/encoding-plain-amo.asp $0 | wasp',1,/home/guests/mmacri/AMOSUM/benchmarks/GraphColouring/test-instances-gc/0024-graph_colouring-135-0_2592.asp,117,1176023609934,44965102341,67717143082,1094,2892084810552,434683,6109999637111,5,120504069,1.42257,1205.066090711,1203.619786,1,1741340,1726772,1766000,1.47423,1203.69,L3:0=008;1=fff,000000c0,Thu Apr 2 10:47:26 AM UTC 2026,5409570_117,coppernode29
sh -c 'gringo --output=smodels /home/guests/mmacri/AMOSUM/benchmarks/GraphColouring/encoding-plain-amo.asp $0 | wasp',1,/home/guests/mmacri/AMOSUM/benchmarks/GraphColouring/test-instances-gc/0037-graph_colouring-140-0_5376.asp,184,1726733501092,38154063553,79818186124,992,2892460345001,531520,7781268191368,3,120519600,1.597623,1205.221579449,1203.599612,1,2098324,2083960,2135964,1.61376,1203.67,L3:0=080;1=fff,0000c000,Thu Apr 2 11:07:31 AM UTC 2026,5409570_184,coppernode21
sh -c 'gringo --output=smodels /home/guests/mmacri/AMOSUM/benchmarks/GraphColouring/encoding-plain-amo.asp $0 | wasp',1,/home/guests/mmacri/AMOSUM/benchmarks/GraphColouring/test-instances-gc/0051-graph_colouring-150-0_1440.asp,251,4012681746,18721180,54379912,69,6922494140,16436,24282821982,3,288451,0.027826,2.892527832,2.857698,1,76484,62504,95664,0.049456,2.93303,L3:0=080;1=fff,0000c000,Thu Apr 2 11:07:32 AM UTC 2026,5409570_251,coppernode25
sh -c 'gringo --output=smodels /home/guests/mmacri/AMOSUM/benchmarks/GraphColouring/encoding-plain-amo.asp $0 | wasp',1,/home/guests/mmacri/AMOSUM/benchmarks/GraphColouring/test-instances-gc/0046-graph_colouring-145-0_1392.asp,226,109709088458,2955722080,4709700861,150,226206016421,139695,577440381429,2,9425298,0.347638,94.247230044,93.906393,1,570096,555528,591596,0.376539,93.9743,L3:0=fff;1=080,c0000000,Thu Apr 2 11:07:32 AM UTC 2026,5409570_226,coppernode27
sh -c 'gringo --output=smodels /home/guests/mmacri/AMOSUM/benchmarks/GraphColouring/encoding-plain-amo.asp $0 | wasp',1,/home/guests/mmacri/AMOSUM/benchmarks/GraphColouring/test-instances-gc/0008-graph_colouring-125-0_2400.asp,37,1163854064832,47793677507,70454407486,1063,2892138001439,344027,6039289168486,4,120506203,1.242759,1205.06598338,1203.822151,1,1382120,1367556,1405668,1.29426,1203.88,L3:0=020;1=fff,00000c00,Thu Apr 2 10:47:25 AM UTC 2026,5409570_37,coppernode23
sh -c 'gringo --output=smodels /home/guests/mmacri/AMOSUM/benchmarks/GraphColouring/encoding-plain-amo.asp $0 | wasp',1,/home/guests/mmacri/AMOSUM/benchmarks/GraphColouring/test-instances-gc/0008-graph_colouring-125-0_6000.asp,40,1207440215062,40065221805,61797817477,1058,2892245043877,368218,6248510130884,6,120510624,1.19077,1205.111549254,1203.917469,1,1471940,1457376,1502264,1.23546,1203.98,L3:0=fff;1=040,30000000,Thu Apr 2 10:47:25 AM UTC 2026,5409570_40,coppernode23
sh -c 'gringo --output=smodels /home/guests/mmacri/AMOSUM/benchmarks/GraphColouring/encoding-plain-amo.asp $0 | wasp',1,/home/guests/mmacri/AMOSUM/benchmarks/GraphColouring/test-instances-gc/0025-graph_colouring-135-0_6480.asp,125,1156052852164,44522278415,66279839367,1073,2892039943776,384264,6023330606748,1,120502138,1.475237,1205.048397589,1203.548937,1,1535232,1520664,1564192,1.53053,1203.62,L3:0=080;1=fff,0000c000,Thu Apr 2 10:47:26 AM UTC 2026,5409570_125,coppernode29
sh -c 'gringo --output=smodels /home/guests/mmacri/AMOSUM/benchmarks/GraphColouring/encoding-plain-amo.asp $0 | wasp',1,/home/guests/mmacri/AMOSUM/benchmarks/GraphColouring/test-instances-gc/0031-graph_colouring-140-0_2688.asp,152,1218339960014,43878414189,66049091947,992,2892344402352,468803,6441011368313,2,120514734,1.515994,1205.149749644,1203.633343,1,1883068,1868504,1906060,1.52458,1203.7,L3:0=fff;1=080,c0000000,Thu Apr 2 10:47:26 AM UTC 2026,5409570_152,coppernode24
sh -c 'gringo --output=smodels /home/guests/mmacri/AMOSUM/benchmarks/GraphColouring/encoding-plain-amo.asp $0 | wasp',1,/home/guests/mmacri/AMOSUM/benchmarks/GraphColouring/test-instances-gc/0032-graph_colouring-140-0_4032.asp,158,1383834624206,39513312747,65435386554,1143,2892264770464,401592,7170431606813,3,120511520,1.331997,1205.119126769,1203.7852,1,1609176,1594608,1632684,1.34409,1203.85,L3:0=080;1=fff,0000c000,Thu Apr 2 10:47:27 AM UTC 2026,5409570_158,coppernode28
sh -c 'gringo --output=smodels /home/guests/mmacri/AMOSUM/benchmarks/GraphColouring/encoding-plain-amo.asp $0 | wasp',1,/home/guests/mmacri/AMOSUM/benchmarks/GraphColouring/test-instances-gc/0013-graph_colouring-130-0_1248.asp,61,120536058,300202,1096245,92,284780249,3171,758583635,2,11884,0.025427,0.112512619,0.095036,1,14524,14084,29808,0.062324,0.15857,L3:0=008;1=fff,000000c0,Thu Apr 2 10:47:25 AM UTC 2026,5409570_61,coppernode25
sh -c 'gringo --output=smodels /home/guests/mmacri/AMOSUM/benchmarks/GraphColouring/encoding-plain-amo.asp $0 | wasp',1,/home/guests/mmacri/AMOSUM/benchmarks/GraphColouring/test-instances-gc/0004-graph_colouring-125-0_1200.asp,16,74987326,262960,985444,84,188792179,2608,447189706,3,7883,0.002608,0.079691395,0.077829,1,13492,13968,26908,0.052118,0.149715,L3:0=fff;1=002,000c0000,Thu Apr 2 10:47:25 AM UTC 2026,5409570_16,coppernode22
sh -c 'gringo --output=smodels /home/guests/mmacri/AMOSUM/benchmarks/GraphColouring/encoding-plain-amo.asp $0 | wasp',1,/home/guests/mmacri/AMOSUM/benchmarks/GraphColouring/test-instances-gc/0042-graph_colouring-145-0_2784.asp,207,1367087172094,41198026629,67375125948,2026,2892276880901,427392,7110521997826,3,120512312,1.519975,1205.145162873,1203.606078,1,1712548,1698480,1737540,1.54501,1203.66,L3:0=002;1=fff,0000000c,Thu Apr 2 11:07:31 AM UTC 2026,5409570_207,coppernode24
sh -c 'gringo --output=smodels /home/guests/mmacri/AMOSUM/benchmarks/GraphColouring/encoding-plain-amo.asp $0 | wasp',1,/home/guests/mmacri/AMOSUM/benchmarks/GraphColouring/test-instances-gc/0054-graph_colouring-150-0_7200.asp,270,1355703228181,38743902460,63010740756,906,2892192319916,298989,7075972160325,2,120508397,1.117619,1205.093640701,1203.968106,1,1201136,1186804,1224144,1.14248,1204.04,L3:0=008;1=fff,000000c0,Thu Apr 2 11:07:32 AM UTC 2026,5409570_270,coppernode28
sh -c 'gringo --output=smodels /home/guests/mmacri/AMOSUM/benchmarks/GraphColouring/encoding-plain-amo.asp $0 | wasp',1,/home/guests/mmacri/AMOSUM/benchmarks/GraphColouring/test-instances-gc/0017-graph_colouring-130-0_6240.asp,85,1280994187754,38244698402,61582708341,2671,2891886180633,297297,6671130336115,1,120496246,1.110051,1205.00889997,1203.857194,1,1195036,1180676,1219248,1.15653,1203.93,L3:0=002;1=fff,0000000c,Thu Apr 2 10:47:26 AM UTC 2026,5409570_85,coppernode27
sh -c 'gringo --output=smodels /home/guests/mmacri/AMOSUM/benchmarks/GraphColouring/encoding-plain-amo.asp $0 | wasp',1,/home/guests/mmacri/AMOSUM/benchmarks/GraphColouring/test-instances-gc/0060-graph_colouring-150-0_7200.asp,300,1329026805950,39169917327,62993802552,918,2892242081496,308843,6931567487049,3,120510521,1.136002,1205.117664581,1203.971322,1,1242200,1227636,1266600,1.15589,1204.03,L3:0=fff;1=020,0c000000,Thu Apr 2 11:07:32 AM UTC 2026,5409570_300,coppernode21
sh -c 'gringo --output=smodels /home/guests/mmacri/AMOSUM/benchmarks/GraphColouring/encoding-plain-amo.asp $0 | wasp',1,/home/guests/mmacri/AMOSUM/benchmarks/GraphColouring/test-instances-gc/0059-graph_colouring-150-0_5760.asp,294,1760591241475,34777467920,76860535389,1079,2892327426919,732165,8214717203799,3,120514045,2.184416,1205.25098918,1202.957882,1,2912376,2897808,2947764,2.19742,1203.03,L3:0=080;1=fff,0000c000,Thu Apr 2 11:07:32 AM UTC 2026,5409570_294,coppernode30
sh -c 'gringo --output=smodels /home/guests/mmacri/AMOSUM/benchmarks/GraphColouring/encoding-plain-amo.asp $0 | wasp',1,/home/guests/mmacri/AMOSUM/benchmarks/GraphColouring/test-instances-gc/0036-graph_colouring-140-0_5376.asp,179,1739698390826,36293964653,78456641540,982,2892385219243,524850,7846426802042,3,120516465,1.675429,1205.20415232,1203.489783,1,2088464,2073900,2127160,1.70259,1203.55,L3:0=008;1=fff,000000c0,Thu Apr 2 11:07:31 AM UTC 2026,5409570_179,coppernode21
sh -c 'gringo --output=smodels /home/guests/mmacri/AMOSUM/benchmarks/GraphColouring/encoding-plain-amo.asp $0 | wasp',1,/home/guests/mmacri/AMOSUM/benchmarks/GraphColouring/test-instances-gc/0040-graph_colouring-140-0_2688.asp,197,1308684088599,43204555441,69288404090,1019,2892316514588,428563,6725177825690,4,120513569,1.528587,1205.138086831,1203.608283,1,1712120,1697800,1736056,1.57202,1203.65,L3:0=fff;1=020,0c000000,Thu Apr 2 11:07:31 AM UTC 2026,5409570_197,coppernode23
sh -c 'gringo --output=smodels /home/guests/mmacri/AMOSUM/benchmarks/GraphColouring/encoding-plain-amo.asp $0 | wasp',1,/home/guests/mmacri/AMOSUM/benchmarks/GraphColouring/test-instances-gc/0035-graph_colouring-140-0_4032.asp,173,1413421018821,36991394533,63292337788,1043,2892297792560,401498,7365364055716,3,120512805,1.417355,1205.127422122,1203.712209,1,1613224,1598656,1635508,1.42925,1203.78,L3:0=fff;1=010,03000000,Thu Apr 2 10:47:43 AM UTC 2026,5409570_173,coppernode28
sh -c 'gringo --output=smodels /home/guests/mmacri/AMOSUM/benchmarks/GraphColouring/encoding-plain-amo.asp $0 | wasp',1,/home/guests/mmacri/AMOSUM/benchmarks/GraphColouring/test-instances-gc/0021-graph_colouring-135-0_5184.asp,104,1704085094992,34909430423,76471927237,1134,2892020127091,531579,7777337629517,5,120501238,1.634488,1205.198193462,1203.379659,1,2092564,2078008,2134112,1.67522,1203.43,L3:0=fff;1=008,00c00000,Thu Apr 2 10:47:26 AM UTC 2026,5409570_104,coppernode28
sh -c 'gringo --output=smodels /home/guests/mmacri/AMOSUM/benchmarks/GraphColouring/encoding-plain-amo.asp $0 | wasp',1,/home/guests/mmacri/AMOSUM/benchmarks/GraphColouring/test-instances-gc/0049-graph_colouring-145-0_2784.asp,242,1394347599757,40515302316,67119715791,1968,2892209304487,427800,7198955692598,3,120509533,1.39198,1205.114370439,1203.704669,1,1716648,1702084,1740132,1.42547,1203.77,L3:0=fff;1=002,000c0000,Thu Apr 2 11:07:32 AM UTC 2026,5409570_242,coppernode25
sh -c 'gringo --output=smodels /home/guests/mmacri/AMOSUM/benchmarks/GraphColouring/encoding-plain-amo.asp $0 | wasp',1,/home/guests/mmacri/AMOSUM/benchmarks/GraphColouring/test-instances-gc/0047-graph_colouring-145-0_6960.asp,235,1266788891899,40885524223,63666464693,1255,2892193419996,430266,6628101836296,3,120508564,1.569795,1205.172085209,1203.518017,1,1724200,1709636,1754228,1.59167,1203.59,L3:0=010;1=fff,00000300,Thu Apr 2 11:07:32 AM UTC 2026,5409570_235,coppernode26
sh -c 'gringo --output=smodels /home/guests/mmacri/AMOSUM/benchmarks/GraphColouring/encoding-plain-amo.asp $0 | wasp',1,/home/guests/mmacri/AMOSUM/benchmarks/GraphColouring/test-instances-gc/0005-graph_colouring-125-0_4800.asp,24,1570813002671,38764842843,76139943811,972,2892346353135,525470,7190616312408,2,120514849,1.562743,1205.140537775,1203.587649,1,2083492,2069096,2121132,1.62788,1203.64,L3:0=fff;1=020,0c000000,Thu Apr 2 10:47:25 AM UTC 2026,5409570_24,coppernode22
sh -c 'gringo --output=smodels /home/guests/mmacri/AMOSUM/benchmarks/GraphColouring/encoding-plain-amo.asp $0 | wasp',1,/home/guests/mmacri/AMOSUM/benchmarks/GraphColouring/test-instances-gc/0011-graph_colouring-130-0_3744.asp,53,1376546089296,38654030090,63587918875,1026,2892064764736,290087,7177455523635,7,120503205,1.119554,1205.076071373,1203.914609,1,1167748,1153184,1191100,1.16023,1203.99,L3:0=040;1=fff,00003000,Thu Apr 2 10:47:25 AM UTC 2026,5409570_53,coppernode24
sh -c 'gringo --output=smodels /home/guests/mmacri/AMOSUM/benchmarks/GraphColouring/encoding-plain-amo.asp $0 | wasp',1,/home/guests/mmacri/AMOSUM/benchmarks/GraphColouring/test-instances-gc/0050-graph_colouring-145-0_4176.asp,248,1493231611676,36182315226,63874512433,1152,2892145214811,426209,7786233970052,1,120506555,1.343999,1205.107791429,1203.723086,1,1710604,1696040,1732748,1.37922,1203.79,L3:0=fff;1=010,03000000,Thu Apr 2 11:07:32 AM UTC 2026,5409570_248,coppernode25
sh -c 'gringo --output=smodels /home/guests/mmacri/AMOSUM/benchmarks/GraphColouring/encoding-plain-amo.asp $0 | wasp',1,/home/guests/mmacri/AMOSUM/benchmarks/GraphColouring/test-instances-gc/0001-graph_colouring-125-0_4800.asp,4,1629187428281,37377798175,76764404157,1081,2892350253485,521145,7421301063804,2,120515104,1.771771,1205.148180486,1203.380976,1,2078272,2063856,2114988,1.81157,1203.45,L3:0=fff;1=004,00300000,Thu Apr 2 10:47:25 AM UTC 2026,5409570_4,coppernode21
sh -c 'gringo --output=smodels /home/guests/mmacri/AMOSUM/benchmarks/GraphColouring/encoding-plain-amo.asp $0 | wasp',1,/home/guests/mmacri/AMOSUM/benchmarks/GraphColouring/test-instances-gc/0012-graph_colouring-130-0_4992.asp,59,1633521169205,38159763101,76579893318,1241,2892342833282,525580,7542110125158,1,120514815,1.670835,1205.14806903,1203.479812,1,2090664,2076412,2128460,1.72634,1203.53,L3:0=004;1=fff,00000030,Thu Apr 2 10:47:25 AM UTC 2026,5409570_59,coppernode25
sh -c 'gringo --output=smodels /home/guests/mmacri/AMOSUM/benchmarks/GraphColouring/encoding-plain-amo.asp $0 | wasp',1,/home/guests/mmacri/AMOSUM/benchmarks/GraphColouring/test-instances-gc/0028-graph_colouring-135-0_1296.asp,136,882315032,2091196,6498662,110,1766220817,7431,5694316226,3,73618,0.016225,0.813425875,0.72163,1,39532,26588,58496,0.050608,0.793664,L3:0=fff;1=020,0c000000,Thu Apr 2 10:47:26 AM UTC 2026,5409570_136,coppernode30
sh -c 'gringo --output=smodels /home/guests/mmacri/AMOSUM/benchmarks/GraphColouring/encoding-plain-amo.asp $0 | wasp',1,/home/guests/mmacri/AMOSUM/benchmarks/GraphColouring/test-instances-gc/0029-graph_colouring-135-0_1296.asp,141,1415015268,4260136,13079753,60,2556525060,9859,8852576557,3,106531,0.020055,1.065812993,1.046193,1,50964,36400,69952,0.036309,1.10876,L3:0=002;1=fff,0000000c,Thu Apr 2 10:47:26 AM UTC 2026,5409570_141,coppernode21
sh -c 'gringo --output=smodels /home/guests/mmacri/AMOSUM/benchmarks/GraphColouring/encoding-plain-amo.asp $0 | wasp',1,/home/guests/mmacri/AMOSUM/benchmarks/GraphColouring/test-instances-gc/0039-graph_colouring-140-0_6720.asp,195,1370603436502,37433874202,62643629855,1009,2892247982504,294014,7079209219307,3,120510767,0.975998,1205.10170801,1204.133013,1,1179180,1164616,1202792,0.992088,1204.2,L3:0=fff;1=080,c0000000,Thu Apr 2 11:07:31 AM UTC 2026,5409570_195,coppernode22
sh -c 'gringo --output=smodels /home/guests/mmacri/AMOSUM/benchmarks/GraphColouring/encoding-plain-amo.asp $0 | wasp',1,/home/guests/mmacri/AMOSUM/benchmarks/GraphColouring/test-instances-gc/0035-graph_colouring-140-0_1344.asp,171,10361667390,94802031,227968574,88,19052794001,31349,62126150305,3,793882,0.065408,7.937283863,7.874392,1,135316,122692,154348,0.07375,7.94278,L3:0=fff;1=004,00300000,Thu Apr 2 10:47:35 AM UTC 2026,5409570_171,coppernode29
sh -c 'gringo --output=smodels /home/guests/mmacri/AMOSUM/benchmarks/GraphColouring/encoding-plain-amo.asp $0 | wasp',1,/home/guests/mmacri/AMOSUM/benchmarks/GraphColouring/test-instances-gc/0022-graph_colouring-135-0_1296.asp,106,20642409496,300756599,610641071,79,39437191234,45803,119400450145,3,1643236,0.107954,16.428649229,16.325793,1,194280,179988,213944,0.157198,16.371,L3:0=fff;1=010,03000000,Thu Apr 2 10:47:26 AM UTC 2026,5409570_106,coppernode28
sh -c 'gringo --output=smodels /home/guests/mmacri/AMOSUM/benchmarks/GraphColouring/encoding-plain-amo.asp $0 | wasp',1,/home/guests/mmacri/AMOSUM/benchmarks/GraphColouring/test-instances-gc/0041-graph_colouring-145-0_6960.asp,205,1367722770931,37876421771,61652604144,1097,2892267343287,352759,7141687628069,3,120511604,1.245443,1205.123172923,1203.872802,1,1412496,1397932,1441880,1.27314,1203.93,L3:0=040;1=fff,00003000,Thu Apr 2 11:07:31 AM UTC 2026,5409570_205,coppernode23
sh -c 'gringo --output=smodels /home/guests/mmacri/AMOSUM/benchmarks/GraphColouring/encoding-plain-amo.asp $0 | wasp',1,/home/guests/mmacri/AMOSUM/benchmarks/GraphColouring/test-instances-gc/0055-graph_colouring-150-0_2880.asp,272,1282357405630,42401402593,65247785182,1049,2892354935955,479133,6843938749906,2,120515226,1.605668,1205.148251892,1203.548562,1,1925688,1911120,1947756,1.63251,1203.62,L3:0=010;1=fff,00000300,Thu Apr 2 11:07:32 AM UTC 2026,5409570_272,coppernode28
sh -c 'gringo --output=smodels /home/guests/mmacri/AMOSUM/benchmarks/GraphColouring/encoding-plain-amo.asp $0 | wasp',1,/home/guests/mmacri/AMOSUM/benchmarks/GraphColouring/test-instances-gc/0013-graph_colouring-130-0_3744.asp,63,1366938422817,39256047892,65202051232,1033,2892171280045,291386,7031890633539,2,120507595,1.051754,1205.069834258,1204.026572,1,1171428,1156876,1195400,1.09438,1204.09,L3:0=010;1=fff,00000300,Thu Apr 2 10:47:25 AM UTC 2026,5409570_63,coppernode25
sh -c 'gringo --output=smodels /home/guests/mmacri/AMOSUM/benchmarks/GraphColouring/encoding-plain-amo.asp $0 | wasp',1,/home/guests/mmacri/AMOSUM/benchmarks/GraphColouring/test-instances-gc/0003-graph_colouring-125-0_4800.asp,14,1543609412850,39247087907,75173341635,1038,2892517899200,525667,7154704251799,3,120522070,1.623782,1205.220060493,1203.599092,1,2092444,2077880,2132368,1.63609,1203.67,L3:0=fff;1=080,c0000000,Thu Apr 2 10:47:25 AM UTC 2026,5409570_14,coppernode21
sh -c 'gringo --output=smodels /home/guests/mmacri/AMOSUM/benchmarks/GraphColouring/encoding-plain-amo.asp $0 | wasp',1,/home/guests/mmacri/AMOSUM/benchmarks/GraphColouring/test-instances-gc/0056-graph_colouring-150-0_4320.asp,278,1489666257888,37851068115,67320260487,1870,2892193141600,428898,7632442137815,3,120508656,1.371668,1205.119981108,1203.717482,1,1716760,1702192,1739860,1.39345,1203.79,L3:0=fff;1=002,000c0000,Thu Apr 2 11:07:32 AM UTC 2026,5409570_278,coppernode29
sh -c 'gringo --output=smodels /home/guests/mmacri/AMOSUM/benchmarks/GraphColouring/encoding-plain-amo.asp $0 | wasp',1,/home/guests/mmacri/AMOSUM/benchmarks/GraphColouring/test-instances-gc/0060-graph_colouring-150-0_1440.asp,296,42100880153,892027537,1558706429,128,85204003510,78653,235719550474,3,3550197,0.184256,35.520270045,35.318743,1,325840,311276,345436,0.195647,35.385,L3:0=fff;1=008,00c00000,Thu Apr 2 11:07:32 AM UTC 2026,5409570_296,coppernode22
sh -c 'gringo --output=smodels /home/guests/mmacri/AMOSUM/benchmarks/GraphColouring/encoding-plain-amo.asp $0 | wasp',1,/home/guests/mmacri/AMOSUM/benchmarks/GraphColouring/test-instances-gc/0014-graph_colouring-130-0_4992.asp,69,1687226974785,36384627795,78712347977,1043,2892361814467,529768,7568910311020,7,120515526,1.698675,1205.178943984,1203.459602,1,2086224,2071700,2128384,1.72668,1203.53,L3:0=080;1=fff,0000c000,Thu Apr 2 10:47:25 AM UTC 2026,5409570_69,coppernode25
sh -c 'gringo --output=smodels /home/guests/mmacri/AMOSUM/benchmarks/GraphColouring/encoding-plain-amo.asp $0 | wasp',1,/home/guests/mmacri/AMOSUM/benchmarks/GraphColouring/test-instances-gc/0018-graph_colouring-130-0_2496.asp,87,1178083785892,45843383708,67006980109,1251,2892063239502,343666,6247087245732,1,120503159,1.299045,1205.036342791,1203.734117,1,1381544,1367428,1405712,1.3695,1203.78,L3:0=004;1=fff,00000030,Thu Apr 2 10:47:26 AM UTC 2026,5409570_87,coppernode27
sh -c 'gringo --output=smodels /home/guests/mmacri/AMOSUM/benchmarks/GraphColouring/encoding-plain-amo.asp $0 | wasp',1,/home/guests/mmacri/AMOSUM/benchmarks/GraphColouring/test-instances-gc/0030-graph_colouring-135-0_5184.asp,149,1597645129982,38674067418,74403639620,1020,2892526772253,526479,7511399144949,1,120522390,1.648066,1205.224923042,1203.577091,1,2092892,2078328,2133632,1.66384,1203.64,L3:0=040;1=fff,00003000,Thu Apr 2 10:47:26 AM UTC 2026,5409570_149,coppernode21
sh -c 'gringo --output=smodels /home/guests/mmacri/AMOSUM/benchmarks/GraphColouring/encoding-plain-amo.asp $0 | wasp',1,/home/guests/mmacri/AMOSUM/benchmarks/GraphColouring/test-instances-gc/0027-graph_colouring-135-0_5184.asp,134,1766195061149,35914275411,80302581860,997,2892223060918,529129,7801904812160,1,120509620,1.74705,1205.140540819,1203.351192,1,2086888,2072716,2125908,1.80012,1203.41,L3:0=fff;1=010,03000000,Thu Apr 2 10:47:26 AM UTC 2026,5409570_134,coppernode30
sh -c 'gringo --output=smodels /home/guests/mmacri/AMOSUM/benchmarks/GraphColouring/encoding-plain-amo.asp $0 | wasp',1,/home/guests/mmacri/AMOSUM/benchmarks/GraphColouring/test-instances-gc/0029-graph_colouring-135-0_3888.asp,143,1431597950262,37631556518,62485946085,1954,2892186904960,291362,7491006374956,3,120508480,1.055559,1205.096359754,1204.031184,1,1170732,1156536,1195048,1.07889,1204.09,L3:0=fff;1=002,000c0000,Thu Apr 2 10:47:26 AM UTC 2026,5409570_143,coppernode22
sh -c 'gringo --output=smodels /home/guests/mmacri/AMOSUM/benchmarks/GraphColouring/encoding-plain-amo.asp $0 | wasp',1,/home/guests/mmacri/AMOSUM/benchmarks/GraphColouring/test-instances-gc/0006-graph_colouring-125-0_1200.asp,26,134191229,323795,1116789,73,310169737,3135,857439915,1,12939,0.011441,0.131675952,0.119581,1,22352,14084,41416,0.056309,0.199297,L3:0=fff;1=040,30000000,Thu Apr 2 10:47:25 AM UTC 2026,5409570_26,coppernode22
sh -c 'gringo --output=smodels /home/guests/mmacri/AMOSUM/benchmarks/GraphColouring/encoding-plain-amo.asp $0 | wasp',1,/home/guests/mmacri/AMOSUM/benchmarks/GraphColouring/test-instances-gc/0011-graph_colouring-130-0_1248.asp,51,318007293,550352,1915729,62,666220154,4160,2072915628,1,27775,0.007842,0.268655518,0.271318,1,26996,14084,45980,0.065655,0.331227,L3:0=020;1=fff,00000c00,Thu Apr 2 10:47:25 AM UTC 2026,5409570_51,coppernode24
sh -c 'gringo --output=smodels /home/guests/mmacri/AMOSUM/benchmarks/GraphColouring/encoding-plain-amo.asp $0 | wasp',1,/home/guests/mmacri/AMOSUM/benchmarks/GraphColouring/test-instances-gc/0048-graph_colouring-145-0_6960.asp,240,1398812286263,37079333949,62180352499,1071,2891954093497,306466,7246272146561,3,120498489,1.055163,1205.10943732,1203.931334,1,1228280,1213716,1255076,1.07912,1204,L3:0=fff;1=080,c0000000,Thu Apr 2 11:07:32 AM UTC 2026,5409570_240,coppernode26
sh -c 'gringo --output=smodels /home/guests/mmacri/AMOSUM/benchmarks/GraphColouring/encoding-plain-amo.asp $0 | wasp',1,/home/guests/mmacri/AMOSUM/benchmarks/GraphColouring/test-instances-gc/0048-graph_colouring-145-0_2784.asp,237,1303512674458,42715556673,66249236194,1150,2891901318180,440044,6899823126506,3,120496361,1.595853,1205.157988016,1203.369715,1,1767920,1753356,1790244,1.64019,1203.42,L3:0=020;1=fff,00000c00,Thu Apr 2 11:07:32 AM UTC 2026,5409570_237,coppernode26
sh -c 'gringo --output=smodels /home/guests/mmacri/AMOSUM/benchmarks/GraphColouring/encoding-plain-amo.asp $0 | wasp',1,/home/guests/mmacri/AMOSUM/benchmarks/GraphColouring/test-instances-gc/0002-graph_colouring-125-0_1200.asp,6,80517911,242559,947578,85,182495591,2652,486451818,1,7618,0.007546,0.071571418,0.069957,1,13572,14048,26908,0.061918,0.130235,L3:0=fff;1=008,00c00000,Thu Apr 2 10:47:25 AM UTC 2026,5409570_6,coppernode21
sh -c 'gringo --output=smodels /home/guests/mmacri/AMOSUM/benchmarks/GraphColouring/encoding-plain-amo.asp $0 | wasp',1,/home/guests/mmacri/AMOSUM/benchmarks/GraphColouring/test-instances-gc/0033-graph_colouring-140-0_2688.asp,162,1282598662994,43970074276,69462175747,1038,2892327579685,455457,6602197721673,3,120514097,1.579048,1205.154067233,1203.563861,1,1818748,1804184,1842740,1.59247,1203.63,L3:0=040;1=fff,00003000,Thu Apr 2 10:47:27 AM UTC 2026,5409570_162,coppernode26
sh -c 'gringo --output=smodels /home/guests/mmacri/AMOSUM/benchmarks/GraphColouring/encoding-plain-amo.asp $0 | wasp',1,/home/guests/mmacri/AMOSUM/benchmarks/GraphColouring/test-instances-gc/0023-graph_colouring-135-0_6480.asp,115,1177342632015,43324389297,65409286187,1322,2892072251444,417759,6046304685319,3,120503630,1.742834,1205.066432693,1203.29536,1,1662880,1648504,1694336,1.81435,1203.35,L3:0=004;1=fff,00000030,Thu Apr 2 10:47:26 AM UTC 2026,5409570_115,coppernode29
sh -c 'gringo --output=smodels /home/guests/mmacri/AMOSUM/benchmarks/GraphColouring/encoding-plain-amo.asp $0 | wasp',1,/home/guests/mmacri/AMOSUM/benchmarks/GraphColouring/test-instances-gc/0038-graph_colouring-140-0_1344.asp,186,156406505,382913,1255312,70,336897160,3763,999821569,3,14048,0.011775,0.134878438,0.129615,1,31180,14084,59672,0.020927,0.201087,L3:0=008;1=fff,000000c0,Thu Apr 2 11:07:31 AM UTC 2026,5409570_186,coppernode23
sh -c 'gringo --output=smodels /home/guests/mmacri/AMOSUM/benchmarks/GraphColouring/encoding-plain-amo.asp $0 | wasp',1,/home/guests/mmacri/AMOSUM/benchmarks/GraphColouring/test-instances-gc/0034-graph_colouring-140-0_4032.asp,168,1480759912000,36877603401,63763575214,1231,2892204218251,402980,7695791216338,3,120508969,1.40175,1205.116719982,1203.690186,1,1614640,1600072,1638564,1.41755,1203.75,L3:0=008;1=fff,000000c0,Thu Apr 2 10:47:28 AM UTC 2026,5409570_168,coppernode30
sh -c 'gringo --output=smodels /home/guests/mmacri/AMOSUM/benchmarks/GraphColouring/encoding-plain-amo.asp $0 | wasp',1,/home/guests/mmacri/AMOSUM/benchmarks/GraphColouring/test-instances-gc/0057-graph_colouring-150-0_7200.asp,285,1294643255123,40590702251,62972121578,1419,2891091511080,387091,6866839217845,3,120462733,1.471953,1205.142088032,1203.158046,1,1551812,1537244,1579032,1.48004,1203.24,L3:0=080;1=fff,0000c000,Thu Apr 2 11:07:32 AM UTC 2026,5409570_285,coppernode29
sh -c 'gringo --output=smodels /home/guests/mmacri/AMOSUM/benchmarks/GraphColouring/encoding-plain-amo.asp $0 | wasp',1,/home/guests/mmacri/AMOSUM/benchmarks/GraphColouring/test-instances-gc/0019-graph_colouring-130-0_4992.asp,94,1616411766566,36053481933,74005694464,1040,2892261389702,528319,7454636228556,1,120511284,1.694655,1205.112890571,1203.420327,1,2090864,2076576,2128896,1.76905,1203.47,L3:0=fff;1=020,0c000000,Thu Apr 2 10:47:26 AM UTC 2026,5409570_94,coppernode27
sh -c 'gringo --output=smodels /home/guests/mmacri/AMOSUM/benchmarks/GraphColouring/encoding-plain-amo.asp $0 | wasp',1,/home/guests/mmacri/AMOSUM/benchmarks/GraphColouring/test-instances-gc/0044-graph_colouring-145-0_1392.asp,216,3243072624,12778309,36976728,75,5773291495,16412,19921469454,3,240569,0.047586,2.400868037,2.359114,1,76300,61840,95612,0.087018,2.41602,L3:0=002;1=fff,0000000c,Thu Apr 2 11:07:32 AM UTC 2026,5409570_216,coppernode27
sh -c 'gringo --output=smodels /home/guests/mmacri/AMOSUM/benchmarks/GraphColouring/encoding-plain-amo.asp $0 | wasp',1,/home/guests/mmacri/AMOSUM/benchmarks/GraphColouring/test-instances-gc/0053-graph_colouring-150-0_1440.asp,261,44863705485,867421969,1586520159,102,89011209496,78749,253112000462,1,3708829,0.187348,37.095997461,36.901881,1,325668,311384,345924,0.195091,36.9774,L3:0=008;1=fff,000000c0,Thu Apr 2 11:07:32 AM UTC 2026,5409570_261,coppernode24
sh -c 'gringo --output=smodels /home/guests/mmacri/AMOSUM/benchmarks/GraphColouring/encoding-plain-amo.asp $0 | wasp',1,/home/guests/mmacri/AMOSUM/benchmarks/GraphColouring/test-instances-gc/0014-graph_colouring-130-0_6240.asp,70,1274186924791,36949422172,57916031483,1075,2892099789180,290523,6801886613965,1,120504578,0.967999,1205.058808725,1204.079766,1,1171696,1157132,1195880,1.00662,1204.14,L3:0=fff;1=080,c0000000,Thu Apr 2 10:47:25 AM UTC 2026,5409570_70,coppernode25
sh -c 'gringo --output=smodels /home/guests/mmacri/AMOSUM/benchmarks/GraphColouring/encoding-plain-amo.asp $0 | wasp',1,/home/guests/mmacri/AMOSUM/benchmarks/GraphColouring/test-instances-gc/0026-graph_colouring-135-0_2592.asp,127,1260724641874,42630030480,65644335441,2124,2892097649499,392809,6597391222532,1,120504853,1.213044,1205.084979238,1203.839356,1,1578376,1564036,1601384,1.2457,1203.91,L3:0=002;1=fff,0000000c,Thu Apr 2 10:47:26 AM UTC 2026,5409570_127,coppernode30
sh -c 'gringo --output=smodels /home/guests/mmacri/AMOSUM/benchmarks/GraphColouring/encoding-plain-amo.asp $0 | wasp',1,/home/guests/mmacri/AMOSUM/benchmarks/GraphColouring/test-instances-gc/0030-graph_colouring-135-0_6480.asp,150,1158199655686,44749709012,65718358108,1281,2892362772663,471153,6034803789934,3,120515644,1.832889,1205.173936748,1203.326311,1,1887932,1873368,1916524,1.8557,1203.38,L3:0=008;1=fff,000000c0,Thu Apr 2 10:47:26 AM UTC 2026,5409570_150,coppernode25
sh -c 'gringo --output=smodels /home/guests/mmacri/AMOSUM/benchmarks/GraphColouring/encoding-plain-amo.asp $0 | wasp',1,/home/guests/mmacri/AMOSUM/benchmarks/GraphColouring/test-instances-gc/0010-graph_colouring-125-0_3600.asp,48,1356535919180,37848197583,62012032200,1043,2892109096188,291710,7024794439389,1,120504949,1.074161,1205.049699969,1203.976676,1,1169408,1157964,1194388,1.1366,1204.03,L3:0=fff;1=008,00c00000,Thu Apr 2 10:47:25 AM UTC 2026,5409570_48,coppernode24
sh -c 'gringo --output=smodels /home/guests/mmacri/AMOSUM/benchmarks/GraphColouring/encoding-plain-amo.asp $0 | wasp',1,/home/guests/mmacri/AMOSUM/benchmarks/GraphColouring/test-instances-gc/0052-graph_colouring-150-0_5760.asp,259,1706359083310,36904306493,79399499654,936,2892582861019,745009,7772836850861,2,120524602,2.074093,1205.243598949,1203.173596,1,2957252,2942684,2992676,2.09124,1203.24,L3:0=fff;1=040,30000000,Thu Apr 2 11:07:32 AM UTC 2026,5409570_259,coppernode30
sh -c 'gringo --output=smodels /home/guests/mmacri/AMOSUM/benchmarks/GraphColouring/encoding-plain-amo.asp $0 | wasp',1,/home/guests/mmacri/AMOSUM/benchmarks/GraphColouring/test-instances-gc/0007-graph_colouring-125-0_6000.asp,35,1106594795682,43483275995,62938628838,1117,2892301153845,447278,5783382691480,7,120513024,1.518515,1205.139811886,1203.614138,1,1790776,1776536,1818332,1.5724,1203.67,L3:0=010;1=fff,00000300,Thu Apr 2 10:47:25 AM UTC 2026,5409570_35,coppernode23
sh -c 'gringo --output=smodels /home/guests/mmacri/AMOSUM/benchmarks/GraphColouring/encoding-plain-amo.asp $0 | wasp',1,/home/guests/mmacri/AMOSUM/benchmarks/GraphColouring/test-instances-gc/0009-graph_colouring-125-0_2400.asp,42,1215389968444,43674199027,65548512480,1110,2892112663128,290348,6394013094676,2,120505109,1.026823,1205.054357994,1204.026504,1,1167348,1152888,1193260,1.06793,1204.09,L3:0=fff;1=080,c0000000,Thu Apr 2 10:47:25 AM UTC 2026,5409570_42,coppernode23
sh -c 'gringo --output=smodels /home/guests/mmacri/AMOSUM/benchmarks/GraphColouring/encoding-plain-amo.asp $0 | wasp',1,/home/guests/mmacri/AMOSUM/benchmarks/GraphColouring/test-instances-gc/0051-graph_colouring-150-0_4320.asp,253,1569725317601,35510257679,63591938541,1227,2892079685955,428007,8182524427449,3,120503805,1.443802,1205.114806626,1203.595925,1,1714236,1702680,1737948,1.46362,1203.65,L3:0=010;1=fff,00000300,Thu Apr 2 11:07:32 AM UTC 2026,5409570_253,coppernode21
sh -c 'gringo --output=smodels /home/guests/mmacri/AMOSUM/benchmarks/GraphColouring/encoding-plain-amo.asp $0 | wasp',1,/home/guests/mmacri/AMOSUM/benchmarks/GraphColouring/test-instances-gc/0045-graph_colouring-145-0_5568.asp,224,1817158314360,32791506881,75620379540,1020,2892431853061,521121,8343601417207,3,120518382,1.981663,1205.18086561,1203.203452,1,2069068,2054500,2100484,2.02009,1203.26,L3:0=fff;1=020,0c000000,Thu Apr 2 11:07:32 AM UTC 2026,5409570_224,coppernode27
sh -c 'gringo --output=smodels /home/guests/mmacri/AMOSUM/benchmarks/GraphColouring/encoding-plain-amo.asp $0 | wasp',1,/home/guests/mmacri/AMOSUM/benchmarks/GraphColouring/test-instances-gc/0008-graph_colouring-125-0_3600.asp,38,1274773584412,41583068906,63753543108,1046,2891746301977,322186,6710685076418,1,120489828,1.134621,1205.057294047,1203.765867,1,1297056,1282496,1322116,1.1858,1203.83,L3:0=fff;1=020,0c000000,Thu Apr 2 10:47:25 AM UTC 2026,5409570_38,coppernode23
sh -c 'gringo --output=smodels /home/guests/mmacri/AMOSUM/benchmarks/GraphColouring/encoding-plain-amo.asp $0 | wasp',1,/home/guests/mmacri/AMOSUM/benchmarks/GraphColouring/test-instances-gc/0046-graph_colouring-145-0_5568.asp,229,1799732393582,33460460271,75983265848,1079,2892294163813,527978,8343448347540,3,120512723,1.851778,1205.184633763,1203.276587,1,2074092,2059528,2109884,1.86934,1203.34,L3:0=004;1=fff,00000030,Thu Apr 2 11:07:32 AM UTC 2026,5409570_229,coppernode23
sh -c 'gringo --output=smodels /home/guests/mmacri/AMOSUM/benchmarks/GraphColouring/encoding-plain-amo.asp $0 | wasp',1,/home/guests/mmacri/AMOSUM/benchmarks/GraphColouring/test-instances-gc/0009-graph_colouring-125-0_6000.asp,45,1122748486276,44675746935,65653681219,1337,2892208927499,378690,5834408261221,1,120509266,1.307171,1205.11551836,1203.787251,1,1516728,1502264,1543572,1.36975,1203.84,L3:0=004;1=fff,00000030,Thu Apr 2 10:47:25 AM UTC 2026,5409570_45,coppernode24
sh -c 'gringo --output=smodels /home/guests/mmacri/AMOSUM/benchmarks/GraphColouring/encoding-plain-amo.asp $0 | wasp',1,/home/guests/mmacri/AMOSUM/benchmarks/GraphColouring/test-instances-gc/0007-graph_colouring-125-0_2400.asp,32,1119798644248,47422463218,69825086136,1135,2892140177699,379449,5784233886075,1,120506265,1.549257,1205.099266162,1203.514712,1,1520740,1506516,1548660,1.59639,1203.58,L3:0=fff;1=004,00300000,Thu Apr 2 10:47:25 AM UTC 2026,5409570_32,coppernode23
sh -c 'gringo --output=smodels /home/guests/mmacri/AMOSUM/benchmarks/GraphColouring/encoding-plain-amo.asp $0 | wasp',1,/home/guests/mmacri/AMOSUM/benchmarks/GraphColouring/test-instances-gc/0045-graph_colouring-145-0_4176.asp,223,1503978549031,37475339425,66507816750,1012,2892272234602,427165,7799786097941,2,120511762,1.573571,1205.116422823,1203.546299,1,1709676,1695168,1733708,1.60847,1203.61,L3:0=040;1=fff,00003000,Thu Apr 2 11:07:32 AM UTC 2026,5409570_223,coppernode27
sh -c 'gringo --output=smodels /home/guests/mmacri/AMOSUM/benchmarks/GraphColouring/encoding-plain-amo.asp $0 | wasp',1,/home/guests/mmacri/AMOSUM/benchmarks/GraphColouring/test-instances-gc/0051-graph_colouring-150-0_5760.asp,254,1726874443013,33835105161,72290520026,1365,2891951688378,737774,8317386433892,3,120498598,2.333521,1205.252455113,1202.654358,1,2939848,2925576,2971096,2.34199,1202.72,L3:0=010;1=fff,00000300,Thu Apr 2 11:07:32 AM UTC 2026,5409570_254,coppernode22
sh -c 'gringo --output=smodels /home/guests/mmacri/AMOSUM/benchmarks/GraphColouring/encoding-plain-amo.asp $0 | wasp',1,/home/guests/mmacri/AMOSUM/benchmarks/GraphColouring/test-instances-gc/0032-graph_colouring-140-0_2688.asp,157,1322485585526,41783202291,66716222141,1035,2892290517073,426752,6902477276964,3,120512484,1.445728,1205.131232387,1203.680532,1,1712772,1698204,1736324,1.45494,1203.75,L3:0=fff;1=040,30000000,Thu Apr 2 10:47:27 AM UTC 2026,5409570_157,coppernode27
sh -c 'gringo --output=smodels /home/guests/mmacri/AMOSUM/benchmarks/GraphColouring/encoding-plain-amo.asp $0 | wasp',1,/home/guests/mmacri/AMOSUM/benchmarks/GraphColouring/test-instances-gc/0024-graph_colouring-135-0_6480.asp,120,1221191920985,41518893726,64770026987,1028,2892078261568,375273,6298991608070,2,120503659,1.266495,1205.035837672,1203.772361,1,1488180,1473656,1521896,1.34334,1203.83,L3:0=fff;1=010,03000000,Thu Apr 2 10:47:26 AM UTC 2026,5409570_120,coppernode29
sh -c 'gringo --output=smodels /home/guests/mmacri/AMOSUM/benchmarks/GraphColouring/encoding-plain-amo.asp $0 | wasp',1,/home/guests/mmacri/AMOSUM/benchmarks/GraphColouring/test-instances-gc/0057-graph_colouring-150-0_2880.asp,282,1407015465221,39821922865,65985433802,1067,2892190627512,428588,7377385341644,3,120508326,1.400008,1205.123567403,1203.684125,1,1716204,1701820,1740116,1.43094,1203.74,L3:0=fff;1=010,03000000,Thu Apr 2 11:07:32 AM UTC 2026,5409570_282,coppernode29
sh -c 'gringo --output=smodels /home/guests/mmacri/AMOSUM/benchmarks/GraphColouring/encoding-plain-amo.asp $0 | wasp',1,/home/guests/mmacri/AMOSUM/benchmarks/GraphColouring/test-instances-gc/0019-graph_colouring-130-0_3744.asp,93,1426579164934,38431613807,65907557785,1319,2891954790215,291279,7294642421312,1,120498659,1.115766,1204.995719348,1203.873589,1,1169088,1154792,1194096,1.19025,1203.92,L3:0=020;1=fff,00000c00,Thu Apr 2 10:47:26 AM UTC 2026,5409570_93,coppernode27
sh -c 'gringo --output=smodels /home/guests/mmacri/AMOSUM/benchmarks/GraphColouring/encoding-plain-amo.asp $0 | wasp',1,/home/guests/mmacri/AMOSUM/benchmarks/GraphColouring/test-instances-gc/0054-graph_colouring-150-0_1440.asp,266,6338389963,41619923,108866239,143,10889851561,21548,37795474566,3,453771,0.07115,4.666819289,4.467618,1,96316,83144,115256,0.082954,4.53617,L3:0=fff;1=040,30000000,Thu Apr 2 11:07:32 AM UTC 2026,5409570_266,coppernode24
sh -c 'gringo --output=smodels /home/guests/mmacri/AMOSUM/benchmarks/GraphColouring/encoding-plain-amo.asp $0 | wasp',1,/home/guests/mmacri/AMOSUM/benchmarks/GraphColouring/test-instances-gc/0043-graph_colouring-145-0_1392.asp,211,3561024854,14614896,43780230,76,6253153307,16333,21866746228,3,260560,0.038839,2.628859112,2.567557,1,76588,62024,95528,0.0725,2.61772,L3:0=fff;1=008,00c00000,Thu Apr 2 11:07:31 AM UTC 2026,5409570_211,coppernode23
sh -c 'gringo --output=smodels /home/guests/mmacri/AMOSUM/benchmarks/GraphColouring/encoding-plain-amo.asp $0 | wasp',1,/home/guests/mmacri/AMOSUM/benchmarks/GraphColouring/test-instances-gc/0058-graph_colouring-150-0_4320.asp,288,1533306476300,36518531287,64838964833,1146,2892235349484,426486,7972507209817,3,120510276,1.599822,1205.117983795,1203.504663,1,1712760,1698196,1734772,1.61253,1203.57,L3:0=040;1=fff,00003000,Thu Apr 2 11:07:32 AM UTC 2026,5409570_288,coppernode21
sh -c 'gringo --output=smodels /home/guests/mmacri/AMOSUM/benchmarks/GraphColouring/encoding-plain-amo.asp $0 | wasp',1,/home/guests/mmacri/AMOSUM/benchmarks/GraphColouring/test-instances-gc/0016-graph_colouring-130-0_2496.asp,77,1269781429765,41882897622,64931123061,1025,2892066574528,290867,6635080726530,2,120503219,1.174165,1205.037572103,1203.860499,1,1167244,1152976,1192404,1.23776,1203.92,L3:0=010;1=fff,00000300,Thu Apr 2 10:47:26 AM UTC 2026,5409570_77,coppernode26
sh -c 'gringo --output=smodels /home/guests/mmacri/AMOSUM/benchmarks/GraphColouring/encoding-plain-amo.asp $0 | wasp',1,/home/guests/mmacri/AMOSUM/benchmarks/GraphColouring/test-instances-gc/0020-graph_colouring-130-0_4992.asp,99,1688046090980,34498415687,72466032680,1996,2892233579285,519437,7922869558132,1,120510487,1.730452,1205.130773938,1203.377986,1,2063900,2049528,2098392,1.74769,1203.45,L3:0=002;1=fff,0000000c,Thu Apr 2 10:47:26 AM UTC 2026,5409570_99,coppernode28
sh -c 'gringo --output=smodels /home/guests/mmacri/AMOSUM/benchmarks/GraphColouring/encoding-plain-amo.asp $0 | wasp',1,/home/guests/mmacri/AMOSUM/benchmarks/GraphColouring/test-instances-gc/0023-graph_colouring-135-0_2592.asp,112,1199409540256,43437852630,66133495945,1059,2892290857495,436203,6288462665762,6,120512508,1.454539,1205.142191295,1203.672823,1,1752072,1737524,1774616,1.49067,1203.73,L3:0=fff;1=080,c0000000,Thu Apr 2 10:47:26 AM UTC 2026,5409570_112,coppernode28
sh -c 'gringo --output=smodels /home/guests/mmacri/AMOSUM/benchmarks/GraphColouring/encoding-plain-amo.asp $0 | wasp',1,/home/guests/mmacri/AMOSUM/benchmarks/GraphColouring/test-instances-gc/0033-graph_colouring-140-0_6720.asp,165,1436206545189,31103555501,53433119167,1151,2892155898434,292787,7667294249724,3,120506988,0.922792,1205.083572318,1204.149601,1,1180772,1166208,1205924,0.942527,1204.21,L3:0=080;1=fff,0000c000,Thu Apr 2 10:47:28 AM UTC 2026,5409570_165,coppernode23
sh -c 'gringo --output=smodels /home/guests/mmacri/AMOSUM/benchmarks/GraphColouring/encoding-plain-amo.asp $0 | wasp',1,/home/guests/mmacri/AMOSUM/benchmarks/GraphColouring/test-instances-gc/0024-graph_colouring-135-0_3888.asp,118,1459797595341,37559587232,63013741121,1233,2891914608388,290510,7648963885769,3,120496880,1.046612,1204.990399716,1203.924419,1,1169148,1154600,1192916,1.11848,1203.98,L3:0=fff;1=008,00c00000,Thu Apr 2 10:47:26 AM UTC 2026,5409570_118,coppernode29
sh -c 'gringo --output=smodels /home/guests/mmacri/AMOSUM/benchmarks/GraphColouring/encoding-plain-amo.asp $0 | wasp',1,/home/guests/mmacri/AMOSUM/benchmarks/GraphColouring/test-instances-gc/0037-graph_colouring-140-0_1344.asp,181,119849637,318518,1109058,37,256579110,3301,738990901,3,10699,0.011261,0.104846241,0.096669,1,31192,14084,59176,0.028167,0.166124,L3:0=010;1=fff,00000300,Thu Apr 2 11:07:31 AM UTC 2026,5409570_181,coppernode21
sh -c 'gringo --output=smodels /home/guests/mmacri/AMOSUM/benchmarks/GraphColouring/encoding-plain-amo.asp $0 | wasp',1,/home/guests/mmacri/AMOSUM/benchmarks/GraphColouring/test-instances-gc/0012-graph_colouring-130-0_1248.asp,56,335642066,602016,1904623,63,706497788,4324,2198890471,6,29454,0.014341,0.319769813,0.281587,1,27124,14408,45984,0.074689,0.340663,L3:0=fff;1=080,c0000000,Thu Apr 2 10:47:25 AM UTC 2026,5409570_56,coppernode24
sh -c 'gringo --output=smodels /home/guests/mmacri/AMOSUM/benchmarks/GraphColouring/encoding-plain-amo.asp $0 | wasp',1,/home/guests/mmacri/AMOSUM/benchmarks/GraphColouring/test-instances-gc/0005-graph_colouring-125-0_1200.asp,21,414221677,765610,2505955,88,852774705,4511,2700078492,1,35551,0.0112,0.357143418,0.34603,1,27208,15284,46028,0.062989,0.419014,L3:0=010;1=fff,00000300,Thu Apr 2 10:47:25 AM UTC 2026,5409570_21,coppernode22
sh -c 'gringo --output=smodels /home/guests/mmacri/AMOSUM/benchmarks/GraphColouring/encoding-plain-amo.asp $0 | wasp',1,/home/guests/mmacri/AMOSUM/benchmarks/GraphColouring/test-instances-gc/0046-graph_colouring-145-0_6960.asp,230,1369774391212,36710147078,60727276550,1762,2891958519040,292901,7173326914026,3,120498852,0.983794,1205.097594884,1204.006496,1,1176948,1162384,1200576,1.01736,1204.06,L3:0=fff;1=002,000c0000,Thu Apr 2 11:07:32 AM UTC 2026,5409570_230,coppernode26
sh -c 'gringo --output=smodels /home/guests/mmacri/AMOSUM/benchmarks/GraphColouring/encoding-plain-amo.asp $0 | wasp',1,/home/guests/mmacri/AMOSUM/benchmarks/GraphColouring/test-instances-gc/0050-graph_colouring-145-0_2784.asp,247,1314682850899,42933146184,68401322295,970,2892186585925,426965,6813221520789,3,120508198,1.439836,1205.126096427,1203.644329,1,1713528,1698964,1737156,1.47271,1203.71,L3:0=020;1=fff,00000c00,Thu Apr 2 11:07:32 AM UTC 2026,5409570_247,coppernode25
sh -c 'gringo --output=smodels /home/guests/mmacri/AMOSUM/benchmarks/GraphColouring/encoding-plain-amo.asp $0 | wasp',1,/home/guests/mmacri/AMOSUM/benchmarks/GraphColouring/test-instances-gc/0001-graph_colouring-125-0_1200.asp,1,283715041,488610,1638176,89,565640811,3598,1821591240,2,23583,0.003773,0.249780028,0.233251,1,26076,13988,44976,0.068662,0.287703,L3:0=002;1=fff,0000000c,Thu Apr 2 10:47:25 AM UTC 2026,5409570_1,coppernode21
sh -c 'gringo --output=smodels /home/guests/mmacri/AMOSUM/benchmarks/GraphColouring/encoding-plain-amo.asp $0 | wasp',1,/home/guests/mmacri/AMOSUM/benchmarks/GraphColouring/test-instances-gc/0028-graph_colouring-135-0_5184.asp,139,1664178088545,37494348334,80139114124,1006,2892326003968,531733,7416611606004,5,120513973,1.529039,1205.153067934,1203.613328,1,2098328,2083760,2138328,1.57533,1203.67,L3:0=080;1=fff,0000c000,Thu Apr 2 10:47:26 AM UTC 2026,5409570_139,coppernode30
sh -c 'gringo --output=smodels /home/guests/mmacri/AMOSUM/benchmarks/GraphColouring/encoding-plain-amo.asp $0 | wasp',1,/home/guests/mmacri/AMOSUM/benchmarks/GraphColouring/test-instances-gc/0029-graph_colouring-135-0_5184.asp,144,1659387150919,38328580409,77875765481,1012,2892459366500,529581,7531670368453,3,120519565,1.679559,1205.206625496,1203.517555,1,2090276,2076056,2130116,1.70667,1203.57,L3:0=fff;1=040,30000000,Thu Apr 2 10:47:26 AM UTC 2026,5409570_144,coppernode22
sh -c 'gringo --output=smodels /home/guests/mmacri/AMOSUM/benchmarks/GraphColouring/encoding-plain-amo.asp $0 | wasp',1,/home/guests/mmacri/AMOSUM/benchmarks/GraphColouring/test-instances-gc/0027-graph_colouring-135-0_3888.asp,133,1431740671761,38052421857,63005071363,1090,2892157114237,314741,7508844419410,3,120506951,1.295694,1205.0705457,1203.776447,1,1260532,1245964,1283284,1.33178,1203.84,L3:0=010;1=fff,00000300,Thu Apr 2 10:47:26 AM UTC 2026,5409570_133,coppernode30
sh -c 'gringo --output=smodels /home/guests/mmacri/AMOSUM/benchmarks/GraphColouring/encoding-plain-amo.asp $0 | wasp',1,/home/guests/mmacri/AMOSUM/benchmarks/GraphColouring/test-instances-gc/0055-graph_colouring-150-0_7200.asp,275,1384045007642,37844664501,61791626585,1213,2892211672830,345388,7362334738937,3,120509253,1.347395,1205.123434836,1203.747113,1,1389288,1374720,1413096,1.38471,1203.81,L3:0=fff;1=040,30000000,Thu Apr 2 11:07:32 AM UTC 2026,5409570_275,coppernode28
sh -c 'gringo --output=smodels /home/guests/mmacri/AMOSUM/benchmarks/GraphColouring/encoding-plain-amo.asp $0 | wasp',1,/home/guests/mmacri/AMOSUM/benchmarks/GraphColouring/test-instances-gc/0041-graph_colouring-145-0_2784.asp,202,1408490794267,39904964132,66525664595,1931,2892258321806,426956,7364645302182,3,120511421,1.363984,1205.127745445,1203.751309,1,1713372,1698808,1737292,1.38814,1203.81,L3:0=fff;1=002,000c0000,Thu Apr 2 11:07:31 AM UTC 2026,5409570_202,coppernode23
sh -c 'gringo --output=smodels /home/guests/mmacri/AMOSUM/benchmarks/GraphColouring/encoding-plain-amo.asp $0 | wasp',1,/home/guests/mmacri/AMOSUM/benchmarks/GraphColouring/test-instances-gc/0003-graph_colouring-125-0_3600.asp,13,1373757867291,38087264684,62245603001,996,2892151783316,289333,7154469802384,3,120506762,1.087705,1205.092168928,1203.98192,1,1165032,1150468,1188004,1.09555,1204.06,L3:0=080;1=fff,0000c000,Thu Apr 2 10:47:25 AM UTC 2026,5409570_13,coppernode21
sh -c 'gringo --output=smodels /home/guests/mmacri/AMOSUM/benchmarks/GraphColouring/encoding-plain-amo.asp $0 | wasp',1,/home/guests/mmacri/AMOSUM/benchmarks/GraphColouring/test-instances-gc/0013-graph_colouring-130-0_4992.asp,64,1572590927929,37380389875,74777338017,1012,2892358281682,529438,7311963914273,1,120515379,1.649945,1205.146053469,1203.505307,1,2085252,2070688,2122020,1.68943,1203.57,L3:0=fff;1=010,03000000,Thu Apr 2 10:47:25 AM UTC 2026,5409570_64,coppernode25
sh -c 'gringo --output=smodels /home/guests/mmacri/AMOSUM/benchmarks/GraphColouring/encoding-plain-amo.asp $0 | wasp',1,/home/guests/mmacri/AMOSUM/benchmarks/GraphColouring/test-instances-gc/0059-graph_colouring-150-0_1440.asp,291,5110692236,22712084,63648931,83,9007143651,21673,31371805394,4,375316,0.036071,3.835073653,3.718073,1,97308,83532,116476,0.063776,3.77512,L3:0=fff;1=008,00c00000,Thu Apr 2 11:07:32 AM UTC 2026,5409570_291,coppernode30
sh -c 'gringo --output=smodels /home/guests/mmacri/AMOSUM/benchmarks/GraphColouring/encoding-plain-amo.asp $0 | wasp',1,/home/guests/mmacri/AMOSUM/benchmarks/GraphColouring/test-instances-gc/0042-graph_colouring-145-0_4176.asp,208,1489007105214,36355914017,63679026996,1155,2892210895753,426931,7776820773529,3,120509213,1.519986,1205.116316715,1203.573175,1,1709020,1694456,1732248,1.53733,1203.64,L3:0=fff;1=008,00c00000,Thu Apr 2 11:07:31 AM UTC 2026,5409570_208,coppernode24
sh -c 'gringo --output=smodels /home/guests/mmacri/AMOSUM/benchmarks/GraphColouring/encoding-plain-amo.asp $0 | wasp',1,/home/guests/mmacri/AMOSUM/benchmarks/GraphColouring/test-instances-gc/0016-graph_colouring-130-0_6240.asp,80,1304960313323,36573558812,58100328363,1056,2892098955339,292781,6894497747541,1,120504495,0.802202,1205.045832334,1204.245013,1,1176140,1161576,1200228,0.857142,1204.32,L3:0=fff;1=020,0c000000,Thu Apr 2 10:47:26 AM UTC 2026,5409570_80,coppernode26
sh -c 'gringo --output=smodels /home/guests/mmacri/AMOSUM/benchmarks/GraphColouring/encoding-plain-amo.asp $0 | wasp',1,/home/guests/mmacri/AMOSUM/benchmarks/GraphColouring/test-instances-gc/0004-graph_colouring-125-0_4800.asp,19,1628837783837,37092735626,78117209450,976,2892317938880,526399,7295455820600,1,120513712,1.591139,1205.127613558,1203.547798,1,2082940,2068812,2122088,1.65607,1203.6,L3:0=008;1=fff,000000c0,Thu Apr 2 10:47:25 AM UTC 2026,5409570_19,coppernode22
sh -c 'gringo --output=smodels /home/guests/mmacri/AMOSUM/benchmarks/GraphColouring/encoding-plain-amo.asp $0 | wasp',1,/home/guests/mmacri/AMOSUM/benchmarks/GraphColouring/test-instances-gc/0039-graph_colouring-140-0_2688.asp,192,1361630254829,41762590337,67289307213,1107,2892328787801,427114,7065345944447,3,120514262,1.487727,1205.138783942,1203.655933,1,1711324,1696760,1735128,1.5047,1203.72,L3:0=020;1=fff,00000c00,Thu Apr 2 11:07:31 AM UTC 2026,5409570_192,coppernode22
sh -c 'gringo --output=smodels /home/guests/mmacri/AMOSUM/benchmarks/GraphColouring/encoding-plain-amo.asp $0 | wasp',1,/home/guests/mmacri/AMOSUM/benchmarks/GraphColouring/test-instances-gc/0040-graph_colouring-140-0_4032.asp,198,1452564291793,36441313413,62925235408,1132,2892272632225,399795,7575962379976,3,120511897,1.433603,1205.128610252,1203.687691,1,1606280,1591716,1628532,1.44691,1203.75,L3:0=fff;1=080,c0000000,Thu Apr 2 11:07:31 AM UTC 2026,5409570_198,coppernode21
sh -c 'gringo --output=smodels /home/guests/mmacri/AMOSUM/benchmarks/GraphColouring/encoding-plain-amo.asp $0 | wasp',1,/home/guests/mmacri/AMOSUM/benchmarks/GraphColouring/test-instances-gc/0021-graph_colouring-135-0_1296.asp,101,417669007,838376,2735370,109,851658790,5495,2707457985,1,35509,0.025706,0.437722731,0.33117,1,32888,19032,53816,0.054048,0.394949,L3:0=004;1=fff,00000030,Thu Apr 2 10:47:26 AM UTC 2026,5409570_101,coppernode28
sh -c 'gringo --output=smodels /home/guests/mmacri/AMOSUM/benchmarks/GraphColouring/encoding-plain-amo.asp $0 | wasp',1,/home/guests/mmacri/AMOSUM/benchmarks/GraphColouring/test-instances-gc/0036-graph_colouring-140-0_1344.asp,176,945240530,2152050,6749222,77,1766734822,7464,6022823278,3,73626,0.021144,0.737812974,0.716038,1,40692,26656,59688,0.033209,0.781969,L3:0=fff;1=020,0c000000,Thu Apr 2 11:07:31 AM UTC 2026,5409570_176,coppernode21
sh -c 'gringo --output=smodels /home/guests/mmacri/AMOSUM/benchmarks/GraphColouring/encoding-plain-amo.asp $0 | wasp',1,/home/guests/mmacri/AMOSUM/benchmarks/GraphColouring/test-instances-gc/0017-graph_colouring-130-0_4992.asp,84,1662276087107,38180616083,78203319512,1005,2892344195607,528448,7433552027205,1,120514716,1.533366,1205.14761791,1203.615909,1,2086308,2071744,2122696,1.59704,1203.68,L3:0=fff;1=080,c0000000,Thu Apr 2 10:47:26 AM UTC 2026,5409570_84,coppernode26
sh -c 'gringo --output=smodels /home/guests/mmacri/AMOSUM/benchmarks/GraphColouring/encoding-plain-amo.asp $0 | wasp',1,/home/guests/mmacri/AMOSUM/benchmarks/GraphColouring/test-instances-gc/0059-graph_colouring-150-0_7200.asp,295,1341919148521,39086857506,62707616980,999,2892232268756,338623,7037887115565,3,120509992,1.263931,1205.114850665,1203.837412,1,1351008,1336440,1379036,1.30166,1203.88,L3:0=fff;1=080,c0000000,Thu Apr 2 11:07:32 AM UTC 2026,5409570_295,coppernode30
sh -c 'gringo --output=smodels /home/guests/mmacri/AMOSUM/benchmarks/GraphColouring/encoding-plain-amo.asp $0 | wasp',1,/home/guests/mmacri/AMOSUM/benchmarks/GraphColouring/test-instances-gc/0004-graph_colouring-125-0_2400.asp,17,1204366470405,45734356825,68479129478,2858,2891997813063,322706,6324496362936,1,120501042,1.214997,1205.045739545,1203.795705,1,1298072,1283848,1321592,1.26598,1203.86,L3:0=004;1=fff,00000030,Thu Apr 2 10:47:25 AM UTC 2026,5409570_17,coppernode22
sh -c 'gringo --output=smodels /home/guests/mmacri/AMOSUM/benchmarks/GraphColouring/encoding-plain-amo.asp $0 | wasp',1,/home/guests/mmacri/AMOSUM/benchmarks/GraphColouring/test-instances-gc/0012-graph_colouring-130-0_6240.asp,60,1103323755470,45130195676,65179225241,1185,2892218847190,418061,5808484687777,1,120509553,1.398105,1205.093392707,1203.699675,1,1665840,1651708,1694960,1.44523,1203.76,L3:0=fff;1=004,00300000,Thu Apr 2 10:47:25 AM UTC 2026,5409570_60,coppernode25
sh -c 'gringo --output=smodels /home/guests/mmacri/AMOSUM/benchmarks/GraphColouring/encoding-plain-amo.asp $0 | wasp',1,/home/guests/mmacri/AMOSUM/benchmarks/GraphColouring/test-instances-gc/0055-graph_colouring-150-0_1440.asp,271,2713200214,10203483,30357437,93,4823024183,13522,16850118703,2,200975,0.036101,2.055783711,1.974617,1,64360,50656,83380,0.071169,2.03879,L3:0=fff;1=008,00c00000,Thu Apr 2 11:07:32 AM UTC 2026,5409570_271,coppernode28
sh -c 'gringo --output=smodels /home/guests/mmacri/AMOSUM/benchmarks/GraphColouring/encoding-plain-amo.asp $0 | wasp',1,/home/guests/mmacri/AMOSUM/benchmarks/GraphColouring/test-instances-gc/0042-graph_colouring-145-0_1392.asp,206,596798436,1336664,4158021,78,1157963166,6794,3840632070,3,48262,0.015735,0.539574263,0.467742,1,37992,23948,59280,0.043832,0.525703,L3:0=fff;1=040,30000000,Thu Apr 2 11:07:31 AM UTC 2026,5409570_206,coppernode23
sh -c 'gringo --output=smodels /home/guests/mmacri/AMOSUM/benchmarks/GraphColouring/encoding-plain-amo.asp $0 | wasp',1,/home/guests/mmacri/AMOSUM/benchmarks/GraphColouring/test-instances-gc/0021-graph_colouring-135-0_6480.asp,105,1188721936693,41182242423,61442865678,981,2892156190972,362688,6274799487523,1,120506981,1.274384,1205.064917211,1203.797414,1,1444664,1430276,1475224,1.3002,1203.86,L3:0=010;1=fff,00000300,Thu Apr 2 10:47:26 AM UTC 2026,5409570_105,coppernode28
sh -c 'gringo --output=smodels /home/guests/mmacri/AMOSUM/benchmarks/GraphColouring/encoding-plain-amo.asp $0 | wasp',1,/home/guests/mmacri/AMOSUM/benchmarks/GraphColouring/test-instances-gc/0035-graph_colouring-140-0_2688.asp,172,1241051613382,45174291908,68864765948,1037,2892322977275,459290,6459273713791,3,120513958,1.42444,1205.160704017,1203.716315,1,1835612,1821048,1860172,1.44109,1203.78,L3:0=020;1=fff,00000c00,Thu Apr 2 10:47:36 AM UTC 2026,5409570_172,coppernode24
sh -c 'gringo --output=smodels /home/guests/mmacri/AMOSUM/benchmarks/GraphColouring/encoding-plain-amo.asp $0 | wasp',1,/home/guests/mmacri/AMOSUM/benchmarks/GraphColouring/test-instances-gc/0036-graph_colouring-140-0_4032.asp,178,1414547741478,36999978339,62335109707,1232,2892311189385,401414,7416031410999,3,120513510,1.463054,1205.146869205,1203.673827,1,1611300,1596808,1635316,1.48286,1203.74,L3:0=fff;1=002,000c0000,Thu Apr 2 11:07:31 AM UTC 2026,5409570_178,coppernode21
sh -c 'gringo --output=smodels /home/guests/mmacri/AMOSUM/benchmarks/GraphColouring/encoding-plain-amo.asp $0 | wasp',1,/home/guests/mmacri/AMOSUM/benchmarks/GraphColouring/test-instances-gc/0040-graph_colouring-140-0_1344.asp,196,858060625,1783985,5635097,94,1574808124,6962,5438906238,3,65630,0.026886,0.656381895,0.630341,1,38980,24416,59720,0.040216,0.698059,L3:0=002;1=fff,0000000c,Thu Apr 2 11:07:31 AM UTC 2026,5409570_196,coppernode23
sh -c 'gringo --output=smodels /home/guests/mmacri/AMOSUM/benchmarks/GraphColouring/encoding-plain-amo.asp $0 | wasp',1,/home/guests/mmacri/AMOSUM/benchmarks/GraphColouring/test-instances-gc/0050-graph_colouring-145-0_5568.asp,249,1759155664646,35307275603,78541868882,1022,2892379131260,529301,8023162517421,3,120516248,1.636012,1205.185089752,1203.528777,1,2079152,2064684,2116800,1.66359,1203.6,L3:0=040;1=fff,00003000,Thu Apr 2 11:07:32 AM UTC 2026,5409570_249,coppernode25
sh -c 'gringo --output=smodels /home/guests/mmacri/AMOSUM/benchmarks/GraphColouring/encoding-plain-amo.asp $0 | wasp',1,/home/guests/mmacri/AMOSUM/benchmarks/GraphColouring/test-instances-gc/0001-graph_colouring-125-0_6000.asp,5,1052232711351,46675051712,67365087668,1138,2892203343559,428811,5430872449227,8,120508946,1.502867,1205.09495278,1203.588074,1,1708920,1694380,1737772,1.55564,1203.65,L3:0=008;1=fff,000000c0,Thu Apr 2 10:47:25 AM UTC 2026,5409570_5,coppernode21
sh -c 'gringo --output=smodels /home/guests/mmacri/AMOSUM/benchmarks/GraphColouring/encoding-plain-amo.asp $0 | wasp',1,/home/guests/mmacri/AMOSUM/benchmarks/GraphColouring/test-instances-gc/0012-graph_colouring-130-0_3744.asp,58,1439936771484,37591442897,64243293214,1636,2892023804721,290878,7501721509233,1,120501554,1.133995,1205.019348716,1203.884273,1,1168912,1154784,1193156,1.16829,1203.95,L3:0=fff;1=002,000c0000,Thu Apr 2 10:47:25 AM UTC 2026,5409570_58,coppernode25
sh -c 'gringo --output=smodels /home/guests/mmacri/AMOSUM/benchmarks/GraphColouring/encoding-plain-amo.asp $0 | wasp',1,/home/guests/mmacri/AMOSUM/benchmarks/GraphColouring/test-instances-gc/0047-graph_colouring-145-0_5568.asp,234,1741331993921,34956247718,78600524234,1071,2892331154829,526591,7817432089856,3,120514184,1.828087,1205.205383738,1203.315006,1,2084852,2070324,2122020,1.85729,1203.38,L3:0=fff;1=010,03000000,Thu Apr 2 11:07:32 AM UTC 2026,5409570_234,coppernode26
sh -c 'gringo --output=smodels /home/guests/mmacri/AMOSUM/benchmarks/GraphColouring/encoding-plain-amo.asp $0 | wasp',1,/home/guests/mmacri/AMOSUM/benchmarks/GraphColouring/test-instances-gc/0049-graph_colouring-145-0_4176.asp,243,1528375423462,37141248767,67579801889,1152,2892221062442,428649,7805838961930,3,120509676,1.481627,1205.101722792,1203.617419,1,1712456,1698024,1738448,1.51711,1203.68,L3:0=004;1=fff,00000030,Thu Apr 2 11:07:32 AM UTC 2026,5409570_243,coppernode25
sh -c 'gringo --output=smodels /home/guests/mmacri/AMOSUM/benchmarks/GraphColouring/encoding-plain-amo.asp $0 | wasp',1,/home/guests/mmacri/AMOSUM/benchmarks/GraphColouring/test-instances-gc/0011-graph_colouring-130-0_2496.asp,52,1203830456384,45993141961,69445949291,1008,2892161331329,319471,6217139267801,1,120507110,1.310224,1205.071276337,1203.762762,1,1280324,1265848,1304128,1.3694,1203.83,L3:0=fff;1=020,0c000000,Thu Apr 2 10:47:25 AM UTC 2026,5409570_52,coppernode24
sh -c 'gringo --output=smodels /home/guests/mmacri/AMOSUM/benchmarks/GraphColouring/encoding-plain-amo.asp $0 | wasp',1,/home/guests/mmacri/AMOSUM/benchmarks/GraphColouring/test-instances-gc/0005-graph_colouring-125-0_6000.asp,25,1125770566856,42988089927,62602742134,1152,2892141448829,390529,5913073787001,3,120506430,1.475075,1205.067908491,1203.591674,1,1563692,1549572,1591376,1.52094,1203.67,L3:0=040;1=fff,00003000,Thu Apr 2 10:47:25 AM UTC 2026,5409570_25,coppernode22
sh -c 'gringo --output=smodels /home/guests/mmacri/AMOSUM/benchmarks/GraphColouring/encoding-plain-amo.asp $0 | wasp',1,/home/guests/mmacri/AMOSUM/benchmarks/GraphColouring/test-instances-gc/0028-graph_colouring-135-0_6480.asp,140,1353146435526,36063076770,58451999428,958,2892204020914,337249,7066669953384,2,120508813,1.23923,1205.083670116,1203.850429,1,1350304,1335736,1376624,1.26257,1203.93,L3:0=fff;1=080,c0000000,Thu Apr 2 10:47:26 AM UTC 2026,5409570_140,coppernode30
sh -c 'gringo --output=smodels /home/guests/mmacri/AMOSUM/benchmarks/GraphColouring/encoding-plain-amo.asp $0 | wasp',1,/home/guests/mmacri/AMOSUM/benchmarks/GraphColouring/test-instances-gc/0028-graph_colouring-135-0_2592.asp,137,1180910509711,45341342886,68678449819,983,2892219265627,433713,6112389274489,3,120509519,1.30606,1205.151182873,1203.791465,1,1737668,1723100,1762368,1.32178,1203.86,L3:0=040;1=fff,00003000,Thu Apr 2 10:47:26 AM UTC 2026,5409570_137,coppernode30
sh -c 'gringo --output=smodels /home/guests/mmacri/AMOSUM/benchmarks/GraphColouring/encoding-plain-amo.asp $0 | wasp',1,/home/guests/mmacri/AMOSUM/benchmarks/GraphColouring/test-instances-gc/0015-graph_colouring-130-0_3744.asp,73,1346604264704,41204067551,64563607015,1079,2892104690658,330690,7097622246741,2,120504802,1.290659,1205.054023754,1203.759846,1,1324996,1310828,1349752,1.32273,1203.85,L3:0=004;1=fff,00000030,Thu Apr 2 10:47:26 AM UTC 2026,5409570_73,coppernode26
sh -c 'gringo --output=smodels /home/guests/mmacri/AMOSUM/benchmarks/GraphColouring/encoding-plain-amo.asp $0 | wasp',1,/home/guests/mmacri/AMOSUM/benchmarks/GraphColouring/test-instances-gc/0053-graph_colouring-150-0_2880.asp,262,1411051461838,39762186684,66460936705,1674,2891948289273,426859,7329433475548,3,120498424,1.523779,1205.125144166,1203.46225,1,1712864,1698300,1735928,1.55331,1203.52,L3:0=fff;1=002,000c0000,Thu Apr 2 11:07:32 AM UTC 2026,5409570_262,coppernode24
sh -c 'gringo --output=smodels /home/guests/mmacri/AMOSUM/benchmarks/GraphColouring/encoding-plain-amo.asp $0 | wasp',1,/home/guests/mmacri/AMOSUM/benchmarks/GraphColouring/test-instances-gc/0043-graph_colouring-145-0_6960.asp,215,1367677337982,37747079701,60595078811,1172,2892024890136,318704,7256508642510,3,120501506,1.223601,1205.109944181,1203.792986,1,1282268,1268064,1305848,1.25026,1203.86,L3:0=040;1=fff,00003000,Thu Apr 2 11:07:32 AM UTC 2026,5409570_215,coppernode29
sh -c 'gringo --output=smodels /home/guests/mmacri/AMOSUM/benchmarks/GraphColouring/encoding-plain-amo.asp $0 | wasp',1,/home/guests/mmacri/AMOSUM/benchmarks/GraphColouring/test-instances-gc/0020-graph_colouring-130-0_2496.asp,97,1174969470533,45332755063,67246132469,2903,2891960627854,335982,6149175642835,3,120499439,1.264051,1205.026990566,1203.731807,1,1346604,1332076,1370296,1.32253,1203.79,L3:0=080;1=fff,0000c000,Thu Apr 2 10:47:26 AM UTC 2026,5409570_97,coppernode27
sh -c 'gringo --output=smodels /home/guests/mmacri/AMOSUM/benchmarks/GraphColouring/encoding-plain-amo.asp $0 | wasp',1,/home/guests/mmacri/AMOSUM/benchmarks/GraphColouring/test-instances-gc/0016-graph_colouring-130-0_4992.asp,79,1676715243707,39117543527,80575863420,1059,2892341832189,531879,7458873030799,1,120514687,1.698868,1205.150470051,1203.450417,1,2098336,2084092,2138056,1.77285,1203.5,L3:0=020;1=fff,00000c00,Thu Apr 2 10:47:26 AM UTC 2026,5409570_79,coppernode26
sh -c 'gringo --output=smodels /home/guests/mmacri/AMOSUM/benchmarks/GraphColouring/encoding-plain-amo.asp $0 | wasp',1,/home/guests/mmacri/AMOSUM/benchmarks/GraphColouring/test-instances-gc/0058-graph_colouring-150-0_1440.asp,286,46400225044,938360481,1698004711,120,92018530008,78706,261507655549,3,3834130,0.199585,38.342937494,38.1425,1,325772,311436,345592,0.223708,38.2085,L3:0=fff;1=040,30000000,Thu Apr 2 11:07:32 AM UTC 2026,5409570_286,coppernode29
sh -c 'gringo --output=smodels /home/guests/mmacri/AMOSUM/benchmarks/GraphColouring/encoding-plain-amo.asp $0 | wasp',1,/home/guests/mmacri/AMOSUM/benchmarks/GraphColouring/test-instances-gc/0054-graph_colouring-150-0_4320.asp,268,1504696933005,36550635174,64922989387,2060,2892213067721,428485,7817420554175,2,120509658,1.481499,1205.109877382,1203.617488,1,1714892,1700324,1738644,1.51754,1203.68,L3:0=002;1=fff,0000000c,Thu Apr 2 11:07:32 AM UTC 2026,5409570_268,coppernode28
sh -c 'gringo --output=smodels /home/guests/mmacri/AMOSUM/benchmarks/GraphColouring/encoding-plain-amo.asp $0 | wasp',1,/home/guests/mmacri/AMOSUM/benchmarks/GraphColouring/test-instances-gc/0037-graph_colouring-140-0_6720.asp,185,1255786104346,40397493799,62342468162,1176,2892331065403,366942,6693303127696,3,120514328,1.427976,1205.147957405,1203.71698,1,1470964,1456400,1498740,1.44781,1203.78,L3:0=fff;1=004,00300000,Thu Apr 2 11:07:31 AM UTC 2026,5409570_185,coppernode21
sh -c 'gringo --output=smodels /home/guests/mmacri/AMOSUM/benchmarks/GraphColouring/encoding-plain-amo.asp $0 | wasp',1,/home/guests/mmacri/AMOSUM/benchmarks/GraphColouring/test-instances-gc/0024-graph_colouring-135-0_1296.asp,116,10640414521,110451467,257070479,126,19899797448,35668,63441501372,1,829193,0.087972,8.40369508,8.205738,1,152560,139696,171932,0.162782,8.2641,L3:0=fff;1=004,00300000,Thu Apr 2 10:47:26 AM UTC 2026,5409570_116,coppernode29
sh -c 'gringo --output=smodels /home/guests/mmacri/AMOSUM/benchmarks/GraphColouring/encoding-plain-amo.asp $0 | wasp',1,/home/guests/mmacri/AMOSUM/benchmarks/GraphColouring/test-instances-gc/0033-graph_colouring-140-0_1344.asp,161,1166656527,3524607,10158093,81,2259936584,9612,7543568424,3,94174,0.021711,0.945544048,0.920946,1,49992,35428,68840,0.041618,0.978336,L3:0=fff;1=008,00c00000,Thu Apr 2 10:47:27 AM UTC 2026,5409570_161,coppernode26
sh -c 'gringo --output=smodels /home/guests/mmacri/AMOSUM/benchmarks/GraphColouring/encoding-plain-amo.asp $0 | wasp',1,/home/guests/mmacri/AMOSUM/benchmarks/GraphColouring/test-instances-gc/0046-graph_colouring-145-0_2784.asp,227,1396179985100,39183899079,64683983809,2188,2892225254845,426759,7279601824624,2,120510147,1.524071,1205.137840437,1203.579808,1,1711820,1697644,1734508,1.53637,1203.65,L3:0=fff;1=002,000c0000,Thu Apr 2 11:07:32 AM UTC 2026,5409570_227,coppernode22
sh -c 'gringo --output=smodels /home/guests/mmacri/AMOSUM/benchmarks/GraphColouring/encoding-plain-amo.asp $0 | wasp',1,/home/guests/mmacri/AMOSUM/benchmarks/GraphColouring/test-instances-gc/0050-graph_colouring-145-0_6960.asp,250,1328931109795,37809267064,59795214580,1037,2892237314073,320261,7005429849744,3,120510272,1.095827,1205.110771061,1204.008598,1,1288116,1273552,1311648,1.1245,1204.07,L3:0=fff;1=040,30000000,Thu Apr 2 11:07:32 AM UTC 2026,5409570_250,coppernode25
sh -c 'gringo --output=smodels /home/guests/mmacri/AMOSUM/benchmarks/GraphColouring/encoding-plain-amo.asp $0 | wasp',1,/home/guests/mmacri/AMOSUM/benchmarks/GraphColouring/test-instances-gc/0009-graph_colouring-125-0_1200.asp,41,99952530,248119,959441,62,232666020,2803,627160675,1,9710,0.015406,0.096280887,0.083013,1,13352,13868,26908,0.065935,0.13573,L3:0=080;1=fff,0000c000,Thu Apr 2 10:47:25 AM UTC 2026,5409570_41,coppernode23
sh -c 'gringo --output=smodels /home/guests/mmacri/AMOSUM/benchmarks/GraphColouring/encoding-plain-amo.asp $0 | wasp',1,/home/guests/mmacri/AMOSUM/benchmarks/GraphColouring/test-instances-gc/0008-graph_colouring-125-0_1200.asp,36,119274283,299541,1135992,82,277783188,2998,753827347,1,11591,0.014877,0.128052673,0.102682,1,23140,13872,42480,0.069813,0.157691,L3:0=fff;1=010,03000000,Thu Apr 2 10:47:25 AM UTC 2026,5409570_36,coppernode23
sh -c 'gringo --output=smodels /home/guests/mmacri/AMOSUM/benchmarks/GraphColouring/encoding-plain-amo.asp $0 | wasp',1,/home/guests/mmacri/AMOSUM/benchmarks/GraphColouring/test-instances-gc/0032-graph_colouring-140-0_5376.asp,159,1657523898111,36892749192,74641355183,1027,2892291187386,534513,7757438543121,3,120512555,1.684526,1205.207915802,1203.442703,1,2109876,2095308,2150796,1.70094,1203.5,L3:0=004;1=fff,00000030,Thu Apr 2 10:47:27 AM UTC 2026,5409570_159,coppernode28
sh -c 'gringo --output=smodels /home/guests/mmacri/AMOSUM/benchmarks/GraphColouring/encoding-plain-amo.asp $0 | wasp',1,/home/guests/mmacri/AMOSUM/benchmarks/GraphColouring/test-instances-gc/0031-graph_colouring-140-0_4032.asp,153,1452297463504,35706525251,61625376700,1112,2892206615475,404346,7551379130301,3,120509018,1.340002,1205.113870739,1203.751941,1,1614984,1600420,1639512,1.3699,1203.8,L3:0=fff;1=020,0c000000,Thu Apr 2 10:47:26 AM UTC 2026,5409570_153,coppernode25
sh -c 'gringo --output=smodels /home/guests/mmacri/AMOSUM/benchmarks/GraphColouring/encoding-plain-amo.asp $0 | wasp',1,/home/guests/mmacri/AMOSUM/benchmarks/GraphColouring/test-instances-gc/0025-graph_colouring-135-0_5184.asp,124,1735881386657,37386730188,79862652003,1048,2892188097070,525348,7792053150889,1,120508236,1.474234,1205.105684472,1203.610257,1,2083924,2069548,2122584,1.54059,1203.67,L3:0=fff;1=040,30000000,Thu Apr 2 10:47:26 AM UTC 2026,5409570_124,coppernode29
sh -c 'gringo --output=smodels /home/guests/mmacri/AMOSUM/benchmarks/GraphColouring/encoding-plain-amo.asp $0 | wasp',1,/home/guests/mmacri/AMOSUM/benchmarks/GraphColouring/test-instances-gc/0026-graph_colouring-135-0_5184.asp,129,1738559863755,34419571463,75069942276,1288,2892280849581,525023,8000849316174,1,120512176,1.750932,1205.135004871,1203.372725,1,2078536,2064188,2113848,1.79551,1203.44,L3:0=004;1=fff,00000030,Thu Apr 2 10:47:26 AM UTC 2026,5409570_129,coppernode30
sh -c 'gringo --output=smodels /home/guests/mmacri/AMOSUM/benchmarks/GraphColouring/encoding-plain-amo.asp $0 | wasp',1,/home/guests/mmacri/AMOSUM/benchmarks/GraphColouring/test-instances-gc/0025-graph_colouring-135-0_3888.asp,123,1467035028838,36705235568,62850493126,1065,2891935280001,290210,7690002864010,1,120497760,1.090502,1204.99920403,1203.889573,1,1168100,1153580,1191300,1.16258,1203.94,L3:0=040;1=fff,00003000,Thu Apr 2 10:47:26 AM UTC 2026,5409570_123,coppernode29
sh -c 'gringo --output=smodels /home/guests/mmacri/AMOSUM/benchmarks/GraphColouring/encoding-plain-amo.asp $0 | wasp',1,/home/guests/mmacri/AMOSUM/benchmarks/GraphColouring/test-instances-gc/0031-graph_colouring-140-0_5376.asp,154,1785534839884,35783114834,77899976190,2414,2892221105695,528068,8043696915610,5,120510261,1.735747,1205.206316624,1203.368785,1,2084996,2070432,2119028,1.7483,1203.43,L3:0=002;1=fff,0000000c,Thu Apr 2 10:47:26 AM UTC 2026,5409570_154,coppernode26
sh -c 'gringo --output=smodels /home/guests/mmacri/AMOSUM/benchmarks/GraphColouring/encoding-plain-amo.asp $0 | wasp',1,/home/guests/mmacri/AMOSUM/benchmarks/GraphColouring/test-instances-gc/0052-graph_colouring-150-0_2880.asp,257,1302532478381,42688425284,65980071086,1042,2892314691545,434905,6908749994037,3,120513445,1.524035,1205.139518546,1203.611465,1,1746488,1731920,1769656,1.54357,1203.67,L3:0=fff;1=004,00300000,Thu Apr 2 11:07:32 AM UTC 2026,5409570_257,coppernode30
sh -c 'gringo --output=smodels /home/guests/mmacri/AMOSUM/benchmarks/GraphColouring/encoding-plain-amo.asp $0 | wasp',1,/home/guests/mmacri/AMOSUM/benchmarks/GraphColouring/test-instances-gc/0044-graph_colouring-145-0_6960.asp,220,1358962863790,38384065662,62545464411,946,2892174004848,294025,7137616606854,3,120507603,1.103317,1205.091548982,1203.973759,1,1181516,1166948,1204952,1.14018,1204.03,L3:0=fff;1=008,00c00000,Thu Apr 2 11:07:32 AM UTC 2026,5409570_220,coppernode27
sh -c 'gringo --output=smodels /home/guests/mmacri/AMOSUM/benchmarks/GraphColouring/encoding-plain-amo.asp $0 | wasp',1,/home/guests/mmacri/AMOSUM/benchmarks/GraphColouring/test-instances-gc/0007-graph_colouring-125-0_1200.asp,31,85301472,269830,930638,89,203104673,2686,514857392,6,8480,0.012636,0.090352122,0.073857,1,13284,13796,26908,0.050309,0.145233,L3:0=004;1=fff,00000030,Thu Apr 2 10:47:25 AM UTC 2026,5409570_31,coppernode23
sh -c 'gringo --output=smodels /home/guests/mmacri/AMOSUM/benchmarks/GraphColouring/encoding-plain-amo.asp $0 | wasp',1,/home/guests/mmacri/AMOSUM/benchmarks/GraphColouring/test-instances-gc/0010-graph_colouring-125-0_1200.asp,46,705766394,1202051,3801176,60,1433308683,5242,4583886373,1,59735,0.03204,0.605704916,0.566698,1,32544,17984,51564,0.071397,0.64353,L3:0=fff;1=004,00300000,Thu Apr 2 10:47:25 AM UTC 2026,5409570_46,coppernode24
sh -c 'gringo --output=smodels /home/guests/mmacri/AMOSUM/benchmarks/GraphColouring/encoding-plain-amo.asp $0 | wasp',1,/home/guests/mmacri/AMOSUM/benchmarks/GraphColouring/test-instances-gc/0037-graph_colouring-140-0_2688.asp,182,1222976964133,44199451782,66608068334,1116,2892381308906,475682,6484886916807,3,120516455,1.608039,1205.17345802,1203.558111,1,1910168,1895604,1932492,1.62367,1203.63,L3:0=fff;1=040,30000000,Thu Apr 2 11:07:31 AM UTC 2026,5409570_182,coppernode21
sh -c 'gringo --output=smodels /home/guests/mmacri/AMOSUM/benchmarks/GraphColouring/encoding-plain-amo.asp $0 | wasp',1,/home/guests/mmacri/AMOSUM/benchmarks/GraphColouring/test-instances-gc/0034-graph_colouring-140-0_1344.asp,166,1863984196,5477872,16463703,73,3439226488,10543,11797933882,3,143312,0.011766,1.433826893,1.422294,1,53344,39040,72376,0.027,1.48488,L3:0=fff;1=080,c0000000,Thu Apr 2 10:47:28 AM UTC 2026,5409570_166,coppernode29
sh -c 'gringo --output=smodels /home/guests/mmacri/AMOSUM/benchmarks/GraphColouring/encoding-plain-amo.asp $0 | wasp',1,/home/guests/mmacri/AMOSUM/benchmarks/GraphColouring/test-instances-gc/0023-graph_colouring-135-0_1296.asp,111,294927619,593457,1901049,72,642735971,4425,1951483636,3,26793,0.014241,0.2655958,0.254969,1,30592,14632,58632,0.053136,0.306562,L3:0=080;1=fff,0000c000,Thu Apr 2 10:47:26 AM UTC 2026,5409570_111,coppernode28
sh -c 'gringo --output=smodels /home/guests/mmacri/AMOSUM/benchmarks/GraphColouring/encoding-plain-amo.asp $0 | wasp',1,/home/guests/mmacri/AMOSUM/benchmarks/GraphColouring/test-instances-gc/0038-graph_colouring-140-0_4032.asp,188,1404495909248,38431458797,64559161224,1483,2892275197843,406977,7263767222623,3,120512142,1.517501,1205.130748807,1203.604749,1,1623068,1608504,1649004,1.5337,1203.67,L3:0=002;1=fff,0000000c,Thu Apr 2 11:07:31 AM UTC 2026,5409570_188,coppernode22
sh -c 'gringo --output=smodels /home/guests/mmacri/AMOSUM/benchmarks/GraphColouring/encoding-plain-amo.asp $0 | wasp',1,/home/guests/mmacri/AMOSUM/benchmarks/GraphColouring/test-instances-gc/0015-graph_colouring-130-0_4992.asp,74,1709662462208,37982267089,79559133445,2821,2892243049554,530877,7594915901160,2,120511149,1.718757,1205.142829525,1203.390217,1,2092736,2078172,2132996,1.77508,1203.46,L3:0=fff;1=004,00300000,Thu Apr 2 10:47:26 AM UTC 2026,5409570_74,coppernode26
sh -c 'gringo --output=smodels /home/guests/mmacri/AMOSUM/benchmarks/GraphColouring/encoding-plain-amo.asp $0 | wasp',1,/home/guests/mmacri/AMOSUM/benchmarks/GraphColouring/test-instances-gc/0043-graph_colouring-145-0_2784.asp,212,1387769428144,40888699734,66983259059,1010,2892309831211,427596,7189797904440,7,120513442,1.389524,1205.135198541,1203.745998,1,1711544,1696980,1734856,1.41309,1203.81,L3:0=080;1=fff,0000c000,Thu Apr 2 11:07:31 AM UTC 2026,5409570_212,coppernode22
sh -c 'gringo --output=smodels /home/guests/mmacri/AMOSUM/benchmarks/GraphColouring/encoding-plain-amo.asp $0 | wasp',1,/home/guests/mmacri/AMOSUM/benchmarks/GraphColouring/test-instances-gc/0053-graph_colouring-150-0_7200.asp,265,1261476845474,43348671082,65721990837,1287,2892009209232,420248,6600984627241,3,120500923,1.560772,1205.163839085,1203.450765,1,1680248,1665908,1713504,1.57625,1203.52,L3:0=080;1=fff,0000c000,Thu Apr 2 11:07:32 AM UTC 2026,5409570_265,coppernode24
sh -c 'gringo --output=smodels /home/guests/mmacri/AMOSUM/benchmarks/GraphColouring/encoding-plain-amo.asp $0 | wasp',1,/home/guests/mmacri/AMOSUM/benchmarks/GraphColouring/test-instances-gc/0018-graph_colouring-130-0_6240.asp,90,1165609132562,41706014447,61853023577,1179,2892081597825,371022,6223346478211,1,120503817,1.54259,1205.03983725,1203.497824,1,1487736,1473420,1514696,1.61627,1203.55,L3:0=fff;1=008,00c00000,Thu Apr 2 10:47:26 AM UTC 2026,5409570_90,coppernode27
sh -c 'gringo --output=smodels /home/guests/mmacri/AMOSUM/benchmarks/GraphColouring/encoding-plain-amo.asp $0 | wasp',1,/home/guests/mmacri/AMOSUM/benchmarks/GraphColouring/test-instances-gc/0044-graph_colouring-145-0_4176.asp,218,1505776843909,37587637549,66263612335,1088,2892266467042,426402,7814539140419,3,120511488,1.407998,1205.115982127,1203.708475,1,1711128,1696560,1734156,1.43859,1203.78,L3:0=fff;1=004,00300000,Thu Apr 2 11:07:32 AM UTC 2026,5409570_218,coppernode27
sh -c 'gringo --output=smodels /home/guests/mmacri/AMOSUM/benchmarks/GraphColouring/encoding-plain-amo.asp $0 | wasp',1,/home/guests/mmacri/AMOSUM/benchmarks/GraphColouring/test-instances-gc/0057-graph_colouring-150-0_1440.asp,281,24724516194,356356153,699860676,375,46586214831,52319,142692927415,3,1941226,0.111776,19.909090156,19.3015,1,219424,206216,238616,0.13086,19.3682,L3:0=008;1=fff,000000c0,Thu Apr 2 11:07:32 AM UTC 2026,5409570_281,coppernode29
sh -c 'gringo --output=smodels /home/guests/mmacri/AMOSUM/benchmarks/GraphColouring/encoding-plain-amo.asp $0 | wasp',1,/home/guests/mmacri/AMOSUM/benchmarks/GraphColouring/test-instances-gc/0026-graph_colouring-135-0_6480.asp,130,1252113539572,38949933623,59992907304,1079,2891394674820,310256,6567431578470,1,120475130,1.066536,1205.056362761,1203.686813,1,1246548,1232124,1271264,1.11369,1203.75,L3:0=fff;1=004,00300000,Thu Apr 2 10:47:26 AM UTC 2026,5409570_130,coppernode30
sh -c 'gringo --output=smodels /home/guests/mmacri/AMOSUM/benchmarks/GraphColouring/encoding-plain-amo.asp $0 | wasp',1,/home/guests/mmacri/AMOSUM/benchmarks/GraphColouring/test-instances-gc/0030-graph_colouring-135-0_2592.asp,147,1156841745546,44432737861,65886673490,1164,2891615642491,419536,6095134666365,3,120484441,1.393341,1205.151185561,1203.452312,1,1685512,1670948,1708760,1.43417,1203.5,L3:0=fff;1=010,03000000,Thu Apr 2 10:47:26 AM UTC 2026,5409570_147,coppernode23
sh -c 'gringo --output=smodels /home/guests/mmacri/AMOSUM/benchmarks/GraphColouring/encoding-plain-amo.asp $0 | wasp',1,/home/guests/mmacri/AMOSUM/benchmarks/GraphColouring/test-instances-gc/0001-graph_colouring-125-0_2400.asp,2,1084715261813,48418832683,68015657908,1385,2892222329283,411828,5723436705210,1,120509869,1.547788,1205.100556188,1203.553653,1,1641440,1627056,1670788,1.59068,1203.62,L3:0=fff;1=002,000c0000,Thu Apr 2 10:47:25 AM UTC 2026,5409570_2,coppernode21
sh -c 'gringo --output=smodels /home/guests/mmacri/AMOSUM/benchmarks/GraphColouring/encoding-plain-amo.asp $0 | wasp',1,/home/guests/mmacri/AMOSUM/benchmarks/GraphColouring/test-instances-gc/0048-graph_colouring-145-0_5568.asp,239,1728905854019,35330976363,75360231128,1025,2892493872781,526461,8054917206228,3,120521017,1.675553,1205.22015101,1203.536284,1,2092664,2078100,2128668,1.71811,1203.58,L3:0=080;1=fff,0000c000,Thu Apr 2 11:07:32 AM UTC 2026,5409570_239,coppernode26
sh -c 'gringo --output=smodels /home/guests/mmacri/AMOSUM/benchmarks/GraphColouring/encoding-plain-amo.asp $0 | wasp',1,/home/guests/mmacri/AMOSUM/benchmarks/GraphColouring/test-instances-gc/0006-graph_colouring-125-0_3600.asp,28,1260561608260,42143526199,63921403891,1067,2892109912668,330870,6667447149833,2,120505024,1.25081,1205.043842353,1203.801718,1,1333324,1318760,1356564,1.30684,1203.87,L3:0=fff;1=080,c0000000,Thu Apr 2 10:47:25 AM UTC 2026,5409570_28,coppernode22
sh -c 'gringo --output=smodels /home/guests/mmacri/AMOSUM/benchmarks/GraphColouring/encoding-plain-amo.asp $0 | wasp',1,/home/guests/mmacri/AMOSUM/benchmarks/GraphColouring/test-instances-gc/0002-graph_colouring-125-0_3600.asp,8,1295485970547,40797181605,62869960949,1005,2892123265276,313392,6851377365761,1,120505609,1.232001,1205.054129057,1203.826254,1,1263148,1248752,1286248,1.28689,1203.88,L3:0=fff;1=010,03000000,Thu Apr 2 10:47:25 AM UTC 2026,5409570_8,coppernode21
sh -c 'gringo --output=smodels /home/guests/mmacri/AMOSUM/benchmarks/GraphColouring/encoding-plain-amo.asp $0 | wasp',1,/home/guests/mmacri/AMOSUM/benchmarks/GraphColouring/test-instances-gc/0049-graph_colouring-145-0_5568.asp,244,1848253095541,34320440992,82075951511,984,2892404893872,535929,8185698790080,3,120517241,1.66001,1205.172961119,1203.513837,1,2093408,2078844,2132300,1.70252,1203.57,L3:0=fff;1=004,00300000,Thu Apr 2 11:07:32 AM UTC 2026,5409570_244,coppernode25
sh -c 'gringo --output=smodels /home/guests/mmacri/AMOSUM/benchmarks/GraphColouring/encoding-plain-amo.asp $0 | wasp',1,/home/guests/mmacri/AMOSUM/benchmarks/GraphColouring/test-instances-gc/0047-graph_colouring-145-0_4176.asp,233,1485859787737,37276618563,65302387147,1041,2892176306321,426052,7735541581172,3,120507787,1.640467,1205.13524229,1203.438768,1,1710116,1695552,1732464,1.69372,1203.48,L3:0=008;1=fff,000000c0,Thu Apr 2 11:07:32 AM UTC 2026,5409570_233,coppernode26
sh -c 'gringo --output=smodels /home/guests/mmacri/AMOSUM/benchmarks/GraphColouring/encoding-plain-amo.asp $0 | wasp',1,/home/guests/mmacri/AMOSUM/benchmarks/GraphColouring/test-instances-gc/0005-graph_colouring-125-0_2400.asp,22,1081021945426,47614470934,67646250624,1119,2892189628147,354589,5678386589949,1,120508362,1.180037,1205.076884925,1203.90569,1,1414200,1399636,1443848,1.22589,1203.98,L3:0=fff;1=010,03000000,Thu Apr 2 10:47:25 AM UTC 2026,5409570_22,coppernode22
sh -c 'gringo --output=smodels /home/guests/mmacri/AMOSUM/benchmarks/GraphColouring/encoding-plain-amo.asp $0 | wasp',1,/home/guests/mmacri/AMOSUM/benchmarks/GraphColouring/test-instances-gc/0011-graph_colouring-130-0_6240.asp,55,1146252015912,43741009793,64517008359,1198,2892311274351,421107,5994081907325,1,120513483,1.435765,1205.132941314,1203.701934,1,1678080,1663608,1709784,1.49423,1203.76,L3:0=080;1=fff,0000c000,Thu Apr 2 10:47:25 AM UTC 2026,5409570_55,coppernode24
sh -c 'gringo --output=smodels /home/guests/mmacri/AMOSUM/benchmarks/GraphColouring/encoding-plain-amo.asp $0 | wasp',1,/home/guests/mmacri/AMOSUM/benchmarks/GraphColouring/test-instances-gc/0035-graph_colouring-140-0_6720.asp,175,1161052827615,44767820149,66120709388,1198,2892215397848,463804,6067766969499,3,120509569,1.594007,1205.178551733,1203.503111,1,1845740,1831172,1873472,1.6059,1203.57,L3:0=020;1=fff,00000c00,Thu Apr 2 10:48:00 AM UTC 2026,5409570_175,coppernode29
sh -c 'gringo --output=smodels /home/guests/mmacri/AMOSUM/benchmarks/GraphColouring/encoding-plain-amo.asp $0 | wasp',1,/home/guests/mmacri/AMOSUM/benchmarks/GraphColouring/test-instances-gc/0021-graph_colouring-135-0_2592.asp,102,1226935358293,43097104031,66852861823,3005,2892083851093,400030,6356440941795,2,120504479,1.394524,1205.084097287,1203.64954,1,1605800,1591560,1629572,1.42605,1203.71,L3:0=fff;1=004,00300000,Thu Apr 2 10:47:26 AM UTC 2026,5409570_102,coppernode28
sh -c 'gringo --output=smodels /home/guests/mmacri/AMOSUM/benchmarks/GraphColouring/encoding-plain-amo.asp $0 | wasp',1,/home/guests/mmacri/AMOSUM/benchmarks/GraphColouring/test-instances-gc/0039-graph_colouring-140-0_1344.asp,191,304745981,649270,2008408,57,618704387,4463,1961821421,3,25791,0.008219,0.274135437,0.250555,1,31448,14848,59704,0.0197,0.317215,L3:0=fff;1=008,00c00000,Thu Apr 2 11:07:31 AM UTC 2026,5409570_191,coppernode22
sh -c 'gringo --output=smodels /home/guests/mmacri/AMOSUM/benchmarks/GraphColouring/encoding-plain-amo.asp $0 | wasp',1,/home/guests/mmacri/AMOSUM/benchmarks/GraphColouring/test-instances-gc/0022-graph_colouring-135-0_3888.asp,108,1376989197197,40002029611,64581666176,1043,2892162650269,289865,7225772875282,3,120507168,1.124212,1205.096835508,1203.949081,1,1165428,1150860,1188008,1.16892,1203.99,L3:0=fff;1=020,0c000000,Thu Apr 2 10:47:26 AM UTC 2026,5409570_108,coppernode28
sh -c 'gringo --output=smodels /home/guests/mmacri/AMOSUM/benchmarks/GraphColouring/encoding-plain-amo.asp $0 | wasp',1,/home/guests/mmacri/AMOSUM/benchmarks/GraphColouring/test-instances-gc/0017-graph_colouring-130-0_3744.asp,83,1308292163022,43177773051,68240003960,1133,2892091979989,336190,6732529706065,3,120504315,1.378752,1205.051376691,1203.667253,1,1346968,1332600,1373168,1.4343,1203.74,L3:0=080;1=fff,0000c000,Thu Apr 2 10:47:26 AM UTC 2026,5409570_83,coppernode26
sh -c 'gringo --output=smodels /home/guests/mmacri/AMOSUM/benchmarks/GraphColouring/encoding-plain-amo.asp $0 | wasp',1,/home/guests/mmacri/AMOSUM/benchmarks/GraphColouring/test-instances-gc/0059-graph_colouring-150-0_2880.asp,292,1385484177124,40643576140,66301950866,1386,2892083858955,425873,7267499660082,2,120503966,1.51615,1205.128371279,1203.525354,1,1710176,1695868,1732448,1.55364,1203.57,L3:0=004;1=fff,00000030,Thu Apr 2 11:07:32 AM UTC 2026,5409570_292,coppernode30
sh -c 'gringo --output=smodels /home/guests/mmacri/AMOSUM/benchmarks/GraphColouring/encoding-plain-amo.asp $0 | wasp',1,/home/guests/mmacri/AMOSUM/benchmarks/GraphColouring/test-instances-gc/0018-graph_colouring-130-0_4992.asp,89,1668481335736,37649361244,80308360998,972,2892259192215,525925,7439557973002,1,120511218,1.510509,1205.115626141,1203.603295,1,2093244,2078676,2132680,1.56901,1203.66,L3:0=008;1=fff,000000c0,Thu Apr 2 10:47:26 AM UTC 2026,5409570_89,coppernode27
sh -c 'gringo --output=smodels /home/guests/mmacri/AMOSUM/benchmarks/GraphColouring/encoding-plain-amo.asp $0 | wasp',1,/home/guests/mmacri/AMOSUM/benchmarks/GraphColouring/test-instances-gc/0014-graph_colouring-130-0_2496.asp,67,1229346548315,44741767807,68105393984,1118,2892213807214,353249,6421538973624,4,120509357,1.355708,1205.100929018,1203.74109,1,1414968,1400404,1443376,1.39815,1203.8,L3:0=040;1=fff,00003000,Thu Apr 2 10:47:25 AM UTC 2026,5409570_67,coppernode25
sh -c 'gringo --output=smodels /home/guests/mmacri/AMOSUM/benchmarks/GraphColouring/encoding-plain-amo.asp $0 | wasp',1,/home/guests/mmacri/AMOSUM/benchmarks/GraphColouring/test-instances-gc/0002-graph_colouring-125-0_6000.asp,10,1251549214823,36794827665,56856523901,921,2892057976671,290794,6667394778404,1,120502858,1.007998,1205.033997067,1204.02287,1,1172660,1158336,1195820,1.05204,1204.09,L3:0=fff;1=020,0c000000,Thu Apr 2 10:47:25 AM UTC 2026,5409570_10,coppernode21
sh -c 'gringo --output=smodels /home/guests/mmacri/AMOSUM/benchmarks/GraphColouring/encoding-plain-amo.asp $0 | wasp',1,/home/guests/mmacri/AMOSUM/benchmarks/GraphColouring/test-instances-gc/0060-graph_colouring-150-0_4320.asp,298,1549601217831,36789256535,66333224156,1164,2892250955821,427388,8062871676175,3,120510940,1.460545,1205.11588702,1203.651124,1,1714920,1700356,1738520,1.46829,1203.72,L3:0=008;1=fff,000000c0,Thu Apr 2 11:07:32 AM UTC 2026,5409570_298,coppernode25
sh -c 'gringo --output=smodels /home/guests/mmacri/AMOSUM/benchmarks/GraphColouring/encoding-plain-amo.asp $0 | wasp',1,/home/guests/mmacri/AMOSUM/benchmarks/GraphColouring/test-instances-gc/0041-graph_colouring-145-0_1392.asp,201,16796426628,214942274,456704729,100,31862034066,45832,98264074190,3,1327604,0.089551,13.333411544,13.187411,1,194540,179984,213884,0.133828,13.2276,L3:0=010;1=fff,00000300,Thu Apr 2 11:07:31 AM UTC 2026,5409570_201,coppernode23
sh -c 'gringo --output=smodels /home/guests/mmacri/AMOSUM/benchmarks/GraphColouring/encoding-plain-amo.asp $0 | wasp',1,/home/guests/mmacri/AMOSUM/benchmarks/GraphColouring/test-instances-gc/0056-graph_colouring-150-0_1440.asp,276,2677048784,9954145,29734823,61,4673412912,13301,16551584901,2,194737,0.019738,1.941023175,1.928627,1,63472,49852,82856,0.052073,1.99125,L3:0=040;1=fff,00003000,Thu Apr 2 11:07:32 AM UTC 2026,5409570_276,coppernode28
"sh -c 'amoclingo -e=/home/guests/mmacri/AMOSUM/benchmarks/GraphColouring/encoding-amosum-amo.asp -l=false -m=minfly -lg=cpp -i=""$0""'",3,/home/guests/mmacri/AMOSUM/benchmarks/GraphColouring/test-instances-gc/0042-graph_colouring-145-0_2784.asp,207,1718923992703,9784750848,19106778018,1351,2891755746630,83955,9404128322811,6,120490203,0.25233,1204.992097164,1204.653119,1,343568,294792,380532,0.264894,1204.72,L3:0=fff;1=010,03000000,Thu Apr 2 12:07:50 PM UTC 2026,5409570_807,coppernode26
"sh -c 'amoclingo -e=/home/guests/mmacri/AMOSUM/benchmarks/GraphColouring/encoding-amosum-amo.asp -l=false -m=minfly -lg=cpp -i=""$0""'",3,/home/guests/mmacri/AMOSUM/benchmarks/GraphColouring/test-instances-gc/0054-graph_colouring-150-0_7200.asp,270,151701617115,6404289331,22846288393,572,335182677394,91766,479704419680,6,13966077,0.225255,139.686891735,139.437811,1,355840,307364,405668,0.241155,139.499,L3:0=fff;1=020,0c000000,Thu Apr 2 12:07:53 PM UTC 2026,5409570_870,coppernode26
"sh -c 'amoclingo -e=/home/guests/mmacri/AMOSUM/benchmarks/GraphColouring/encoding-amosum-amo.asp -l=false -m=minfly -lg=cpp -i=""$0""'",3,/home/guests/mmacri/AMOSUM/benchmarks/GraphColouring/test-instances-gc/0059-graph_colouring-150-0_5760.asp,294,1578963105228,20637019520,35058281061,1255,2891960076707,136729,7673038976551,4,120498802,0.347654,1205.001351681,1204.643349,1,545708,497404,600468,0.363524,1204.7,L3:0=020;1=fff,00000c00,Thu Apr 2 12:07:56 PM UTC 2026,5409570_894,coppernode27
"sh -c 'amoclingo -e=/home/guests/mmacri/AMOSUM/benchmarks/GraphColouring/encoding-amosum-amo.asp -l=false -m=minfly -lg=cpp -i=""$0""'",3,/home/guests/mmacri/AMOSUM/benchmarks/GraphColouring/test-instances-gc/0060-graph_colouring-150-0_7200.asp,300,28697402370,1089912801,1656649973,531,68449680764,76199,130611928498,4,2852182,0.223715,28.532070476,28.300518,1,298500,249424,342908,0.23506,28.3664,L3:0=fff;1=040,30000000,Thu Apr 2 12:07:56 PM UTC 2026,5409570_900,coppernode23
"sh -c 'amoclingo -e=/home/guests/mmacri/AMOSUM/benchmarks/GraphColouring/encoding-amosum-amo.asp -l=false -m=minfly -lg=cpp -i=""$0""'",3,/home/guests/mmacri/AMOSUM/benchmarks/GraphColouring/test-instances-gc/0017-graph_colouring-130-0_2496.asp,82,1666362275342,11692667247,21940259564,1000,2891954433541,82354,9041915508156,4,120498481,0.187462,1204.994841979,1204.800111,1,335160,286708,372544,0.217027,1204.85,L3:0=020;1=fff,00000c00,Thu Apr 2 11:47:48 AM UTC 2026,5409570_682,coppernode26
"sh -c 'amoclingo -e=/home/guests/mmacri/AMOSUM/benchmarks/GraphColouring/encoding-amosum-amo.asp -l=false -m=minfly -lg=cpp -i=""$0""'",3,/home/guests/mmacri/AMOSUM/benchmarks/GraphColouring/test-instances-gc/0040-graph_colouring-140-0_2688.asp,197,1748884343201,9106243747,17697455946,1036,2891952238824,80096,9611863786562,4,120498341,0.203238,1204.988192202,1204.783378,1,328480,280444,364768,0.232455,1204.84,L3:0=fff;1=040,30000000,Thu Apr 2 12:07:50 PM UTC 2026,5409570_797,coppernode25
"sh -c 'amoclingo -e=/home/guests/mmacri/AMOSUM/benchmarks/GraphColouring/encoding-amosum-amo.asp -l=false -m=minfly -lg=cpp -i=""$0""'",3,/home/guests/mmacri/AMOSUM/benchmarks/GraphColouring/test-instances-gc/0036-graph_colouring-140-0_5376.asp,179,1631521021590,18841517368,35952757939,1475,2891964961428,128236,8025672938102,12,120499128,0.337625,1205.00439229,1204.657229,1,513240,464808,559972,0.338571,1204.73,L3:0=fff;1=002,000c0000,Thu Apr 2 12:07:49 PM UTC 2026,5409570_779,coppernode21
"sh -c 'amoclingo -e=/home/guests/mmacri/AMOSUM/benchmarks/GraphColouring/encoding-amosum-amo.asp -l=false -m=minfly -lg=cpp -i=""$0""'",3,/home/guests/mmacri/AMOSUM/benchmarks/GraphColouring/test-instances-gc/0001-graph_colouring-125-0_1200.asp,1,630687400,3921824,11336644,753,1559971352,13104,3333104849,11,65126,0.050533,0.734926055,0.603804,1,48152,34900,77380,0.06637,0.668788,L3:0=fff;1=020,0c000000,Thu Apr 2 11:47:44 AM UTC 2026,5409570_601,coppernode28
"sh -c 'amoclingo -e=/home/guests/mmacri/AMOSUM/benchmarks/GraphColouring/encoding-amosum-amo.asp -l=false -m=minfly -lg=cpp -i=""$0""'",3,/home/guests/mmacri/AMOSUM/benchmarks/GraphColouring/test-instances-gc/0035-graph_colouring-140-0_4032.asp,173,1679377171920,12686233983,22317032242,1154,2891949523566,92384,8937885164962,4,120498332,0.205967,1204.994096971,1204.779786,1,365044,316884,405552,0.228195,1204.84,L3:0=010;1=fff,00000300,Thu Apr 2 12:07:49 PM UTC 2026,5409570_773,coppernode24
"sh -c 'amoclingo -e=/home/guests/mmacri/AMOSUM/benchmarks/GraphColouring/encoding-amosum-amo.asp -l=false -m=minfly -lg=cpp -i=""$0""'",3,/home/guests/mmacri/AMOSUM/benchmarks/GraphColouring/test-instances-gc/0021-graph_colouring-135-0_5184.asp,104,1263287035656,55289819366,187999117964,1013,2892009190740,170311,4205330878943,6,120500749,0.420539,1205.012065729,1204.58943,1,663260,623380,737244,0.424741,1204.66,L3:0=008;1=fff,000000c0,Thu Apr 2 11:47:52 AM UTC 2026,5409570_704,coppernode25
"sh -c 'amoclingo -e=/home/guests/mmacri/AMOSUM/benchmarks/GraphColouring/encoding-amosum-amo.asp -l=false -m=minfly -lg=cpp -i=""$0""'",3,/home/guests/mmacri/AMOSUM/benchmarks/GraphColouring/test-instances-gc/0018-graph_colouring-130-0_3744.asp,88,1774442092340,10459383864,20070114323,2188,2891910778278,92663,9470570557489,2,120496948,0.220588,1204.99729169,1204.75033,1,375968,327648,413056,0.243117,1204.8,L3:0=fff;1=040,30000000,Thu Apr 2 11:47:49 AM UTC 2026,5409570_688,coppernode26
"sh -c 'amoclingo -e=/home/guests/mmacri/AMOSUM/benchmarks/GraphColouring/encoding-amosum-amo.asp -l=false -m=minfly -lg=cpp -i=""$0""'",3,/home/guests/mmacri/AMOSUM/benchmarks/GraphColouring/test-instances-gc/0003-graph_colouring-125-0_1200.asp,11,624408362,3638002,10633527,471,1521729568,12775,3289511459,5,63501,0.040181,0.643744216,0.597103,1,48708,34928,77268,0.05216,0.662629,L3:0=080;1=fff,0000c000,Thu Apr 2 11:47:44 AM UTC 2026,5409570_611,coppernode28
"sh -c 'amoclingo -e=/home/guests/mmacri/AMOSUM/benchmarks/GraphColouring/encoding-amosum-amo.asp -l=false -m=minfly -lg=cpp -i=""$0""'",3,/home/guests/mmacri/AMOSUM/benchmarks/GraphColouring/test-instances-gc/0014-graph_colouring-130-0_1248.asp,66,921760703,4861431,12003749,478,2010980562,15386,5012982742,5,83894,0.072224,0.84680854,0.768723,1,48452,35996,77384,0.084813,0.833319,L3:0=fff;1=008,00c00000,Thu Apr 2 11:47:47 AM UTC 2026,5409570_666,coppernode26
"sh -c 'amoclingo -e=/home/guests/mmacri/AMOSUM/benchmarks/GraphColouring/encoding-amosum-amo.asp -l=false -m=minfly -lg=cpp -i=""$0""'",3,/home/guests/mmacri/AMOSUM/benchmarks/GraphColouring/test-instances-gc/0049-graph_colouring-145-0_2784.asp,242,1677988925451,11055776182,21079655084,1175,2891941126166,86794,9184137101719,2,120497987,0.189885,1204.992373493,1204.792631,1,342204,293556,379468,0.194898,1204.86,L3:0=010;1=fff,00000300,Thu Apr 2 12:07:52 PM UTC 2026,5409570_842,coppernode27
"sh -c 'amoclingo -e=/home/guests/mmacri/AMOSUM/benchmarks/GraphColouring/encoding-amosum-amo.asp -l=false -m=minfly -lg=cpp -i=""$0""'",3,/home/guests/mmacri/AMOSUM/benchmarks/GraphColouring/test-instances-gc/0047-graph_colouring-145-0_6960.asp,235,4740827636,16021218,39317331,504,8042686895,14664,26343243888,4,335215,0.075146,3.360772377,3.279144,1,69236,36760,102956,0.091078,3.34052,L3:0=fff;1=002,000c0000,Thu Apr 2 12:07:51 PM UTC 2026,5409570_835,coppernode30
"sh -c 'amoclingo -e=/home/guests/mmacri/AMOSUM/benchmarks/GraphColouring/encoding-amosum-amo.asp -l=false -m=minfly -lg=cpp -i=""$0""'",3,/home/guests/mmacri/AMOSUM/benchmarks/GraphColouring/test-instances-gc/0050-graph_colouring-145-0_4176.asp,248,1753088863479,9541118648,17403989176,1115,2891957821557,86572,9521700917328,4,120498647,0.20932,1204.989578988,1204.779583,1,349888,300708,387216,0.225198,1204.84,L3:0=fff;1=008,00c00000,Thu Apr 2 12:07:52 PM UTC 2026,5409570_848,coppernode25
"sh -c 'amoclingo -e=/home/guests/mmacri/AMOSUM/benchmarks/GraphColouring/encoding-amosum-amo.asp -l=false -m=minfly -lg=cpp -i=""$0""'",3,/home/guests/mmacri/AMOSUM/benchmarks/GraphColouring/test-instances-gc/0006-graph_colouring-125-0_4800.asp,29,1426423188721,18859937427,38308571125,1036,2891948677551,77224,7642752716108,4,120498203,0.196139,1204.99099949,1204.788747,1,310624,262644,356392,0.215818,1204.85,L3:0=008;1=fff,000000c0,Thu Apr 2 11:47:45 AM UTC 2026,5409570_629,coppernode30
"sh -c 'amoclingo -e=/home/guests/mmacri/AMOSUM/benchmarks/GraphColouring/encoding-amosum-amo.asp -l=false -m=minfly -lg=cpp -i=""$0""'",3,/home/guests/mmacri/AMOSUM/benchmarks/GraphColouring/test-instances-gc/0011-graph_colouring-130-0_4992.asp,54,1466281373604,18157181698,33370331382,938,2891922332854,69553,7867037520367,8,120497068,0.117251,1204.989914071,1204.855563,1,284472,235104,329164,0.129176,1204.92,L3:0=004;1=fff,00000030,Thu Apr 2 11:47:46 AM UTC 2026,5409570_654,coppernode30
"sh -c 'amoclingo -e=/home/guests/mmacri/AMOSUM/benchmarks/GraphColouring/encoding-amosum-amo.asp -l=false -m=minfly -lg=cpp -i=""$0""'",3,/home/guests/mmacri/AMOSUM/benchmarks/GraphColouring/test-instances-gc/0005-graph_colouring-125-0_3600.asp,23,1727489794118,12974054032,24814173707,1128,2891955026031,103978,9079230440722,4,120498534,0.223518,1204.99366224,1204.764085,1,417548,369388,456036,0.246859,1204.82,L3:0=fff;1=020,0c000000,Thu Apr 2 11:47:45 AM UTC 2026,5409570_623,coppernode30
"sh -c 'amoclingo -e=/home/guests/mmacri/AMOSUM/benchmarks/GraphColouring/encoding-amosum-amo.asp -l=false -m=minfly -lg=cpp -i=""$0""'",3,/home/guests/mmacri/AMOSUM/benchmarks/GraphColouring/test-instances-gc/0028-graph_colouring-135-0_1296.asp,136,698417465,4337245,10742951,480,1667507834,13733,3710589584,7,69579,0.024006,0.705676462,0.673864,1,48680,35960,77384,0.054124,0.720672,L3:0=fff;1=008,00c00000,Thu Apr 2 11:53:13 AM UTC 2026,5409570_736,coppernode23
"sh -c 'amoclingo -e=/home/guests/mmacri/AMOSUM/benchmarks/GraphColouring/encoding-amosum-amo.asp -l=false -m=minfly -lg=cpp -i=""$0""'",3,/home/guests/mmacri/AMOSUM/benchmarks/GraphColouring/test-instances-gc/0029-graph_colouring-135-0_1296.asp,141,1069051306,4950023,12717161,913,2235739789,16510,5864777099,7,93308,0.07796,1.02957419,0.857911,1,73876,36248,107204,0.102261,0.910139,L3:0=004;1=fff,00000030,Thu Apr 2 12:01:16 PM UTC 2026,5409570_741,coppernode28
"sh -c 'amoclingo -e=/home/guests/mmacri/AMOSUM/benchmarks/GraphColouring/encoding-amosum-amo.asp -l=false -m=minfly -lg=cpp -i=""$0""'",3,/home/guests/mmacri/AMOSUM/benchmarks/GraphColouring/test-instances-gc/0054-graph_colouring-150-0_5760.asp,269,1557992234006,28235136555,79352283110,1230,2892024440129,227337,6989826125495,4,120501469,0.524597,1205.020496869,1204.493357,1,894632,846364,959320,0.533729,1204.56,L3:0=008;1=fff,000000c0,Thu Apr 2 12:07:53 PM UTC 2026,5409570_869,coppernode28
"sh -c 'amoclingo -e=/home/guests/mmacri/AMOSUM/benchmarks/GraphColouring/encoding-amosum-amo.asp -l=false -m=minfly -lg=cpp -i=""$0""'",3,/home/guests/mmacri/AMOSUM/benchmarks/GraphColouring/test-instances-gc/0058-graph_colouring-150-0_2880.asp,287,1733957454545,9393193721,18342923986,1027,2891967525134,84242,9522836038511,4,120498991,0.213502,1204.99350787,1204.779462,1,345068,295608,381580,0.218624,1204.85,L3:0=fff;1=040,30000000,Thu Apr 2 12:07:55 PM UTC 2026,5409570_887,coppernode28
"sh -c 'amoclingo -e=/home/guests/mmacri/AMOSUM/benchmarks/GraphColouring/encoding-amosum-amo.asp -l=false -m=minfly -lg=cpp -i=""$0""'",3,/home/guests/mmacri/AMOSUM/benchmarks/GraphColouring/test-instances-gc/0043-graph_colouring-145-0_5568.asp,214,1705012867329,11845741039,23534264310,860,2891955727253,68423,9187492414319,4,120498520,0.189157,1204.987778372,1204.798727,1,272304,223244,309340,0.201319,1204.87,L3:0=fff;1=004,00300000,Thu Apr 2 12:07:50 PM UTC 2026,5409570_814,coppernode21
"sh -c 'amoclingo -e=/home/guests/mmacri/AMOSUM/benchmarks/GraphColouring/encoding-amosum-amo.asp -l=false -m=minfly -lg=cpp -i=""$0""'",3,/home/guests/mmacri/AMOSUM/benchmarks/GraphColouring/test-instances-gc/0053-graph_colouring-150-0_4320.asp,263,1741234661473,9227601688,16722181773,1033,2891946166894,76605,9489632840245,4,120498145,0.210853,1204.99002628,1204.772765,1,313288,264520,350188,0.224407,1204.84,L3:0=004;1=fff,00000030,Thu Apr 2 12:07:53 PM UTC 2026,5409570_863,coppernode27
"sh -c 'amoclingo -e=/home/guests/mmacri/AMOSUM/benchmarks/GraphColouring/encoding-amosum-amo.asp -l=false -m=minfly -lg=cpp -i=""$0""'",3,/home/guests/mmacri/AMOSUM/benchmarks/GraphColouring/test-instances-gc/0015-graph_colouring-130-0_6240.asp,75,2631153672,9873041,24975823,479,4728114982,13978,14499551592,4,197118,0.033529,1.980557028,1.939757,1,67812,35760,101428,0.049859,1.99987,L3:0=020;1=fff,00000c00,Thu Apr 2 11:47:48 AM UTC 2026,5409570_675,coppernode22
"sh -c 'amoclingo -e=/home/guests/mmacri/AMOSUM/benchmarks/GraphColouring/encoding-amosum-amo.asp -l=false -m=minfly -lg=cpp -i=""$0""'",3,/home/guests/mmacri/AMOSUM/benchmarks/GraphColouring/test-instances-gc/0032-graph_colouring-140-0_6720.asp,160,6430558208,23295203,52182841,495,9953388577,28128,33950303471,8,414831,0.087918,4.176256511,4.062651,1,121612,72284,155800,0.096263,4.13535,L3:0=010;1=fff,00000300,Thu Apr 2 12:07:49 PM UTC 2026,5409570_760,coppernode21
"sh -c 'amoclingo -e=/home/guests/mmacri/AMOSUM/benchmarks/GraphColouring/encoding-amosum-amo.asp -l=false -m=minfly -lg=cpp -i=""$0""'",3,/home/guests/mmacri/AMOSUM/benchmarks/GraphColouring/test-instances-gc/0024-graph_colouring-135-0_2592.asp,117,1682578967749,11604099906,21970617039,2537,2891660194811,85225,9167252055552,6,120486602,0.24974,1204.992284016,1204.618534,1,348480,300400,386260,0.257678,1204.69,L3:0=fff;1=004,00300000,Thu Apr 2 11:48:03 AM UTC 2026,5409570_717,coppernode29
"sh -c 'amoclingo -e=/home/guests/mmacri/AMOSUM/benchmarks/GraphColouring/encoding-amosum-amo.asp -l=false -m=minfly -lg=cpp -i=""$0""'",3,/home/guests/mmacri/AMOSUM/benchmarks/GraphColouring/test-instances-gc/0037-graph_colouring-140-0_5376.asp,184,1588327093871,22520022223,51269813773,1558,2891725934698,118982,7595724355627,4,120489064,0.339508,1204.995800404,1204.554263,1,478420,431044,532980,0.36662,1204.61,L3:0=008;1=fff,000000c0,Thu Apr 2 12:07:50 PM UTC 2026,5409570_784,coppernode27
"sh -c 'amoclingo -e=/home/guests/mmacri/AMOSUM/benchmarks/GraphColouring/encoding-amosum-amo.asp -l=false -m=minfly -lg=cpp -i=""$0""'",3,/home/guests/mmacri/AMOSUM/benchmarks/GraphColouring/test-instances-gc/0019-graph_colouring-130-0_1248.asp,91,600767426,4346081,10823610,732,1517186082,12693,3147411132,6,63349,0.029336,0.760408822,0.607128,1,48436,35464,77040,0.042552,0.670846,L3:0=008;1=fff,000000c0,Thu Apr 2 11:47:50 AM UTC 2026,5409570_691,coppernode25
"sh -c 'amoclingo -e=/home/guests/mmacri/AMOSUM/benchmarks/GraphColouring/encoding-amosum-amo.asp -l=false -m=minfly -lg=cpp -i=""$0""'",3,/home/guests/mmacri/AMOSUM/benchmarks/GraphColouring/test-instances-gc/0051-graph_colouring-150-0_1440.asp,251,1249011303,5291345,13293044,497,2541966770,18588,6875020202,5,106017,0.071633,1.067030029,0.990983,1,78608,37572,112536,0.085006,1.05467,L3:0=080;1=fff,0000c000,Thu Apr 2 12:07:52 PM UTC 2026,5409570_851,coppernode21
"sh -c 'amoclingo -e=/home/guests/mmacri/AMOSUM/benchmarks/GraphColouring/encoding-amosum-amo.asp -l=false -m=minfly -lg=cpp -i=""$0""'",3,/home/guests/mmacri/AMOSUM/benchmarks/GraphColouring/test-instances-gc/0046-graph_colouring-145-0_1392.asp,226,780908405,4457652,11560705,493,1823944310,14485,4150495950,7,76098,0.064279,0.790502007,0.699091,1,51348,37572,79444,0.081032,0.759387,L3:0=080;1=fff,0000c000,Thu Apr 2 12:07:51 PM UTC 2026,5409570_826,coppernode21
"sh -c 'amoclingo -e=/home/guests/mmacri/AMOSUM/benchmarks/GraphColouring/encoding-amosum-amo.asp -l=false -m=minfly -lg=cpp -i=""$0""'",3,/home/guests/mmacri/AMOSUM/benchmarks/GraphColouring/test-instances-gc/0025-graph_colouring-135-0_6480.asp,125,10875448828,481865853,603780207,500,30315026750,48910,60846804053,6,1263243,0.129193,12.648820256,12.505555,1,195776,147908,236524,0.148823,12.5621,L3:0=010;1=fff,00000300,Thu Apr 2 11:48:22 AM UTC 2026,5409570_725,coppernode23
"sh -c 'amoclingo -e=/home/guests/mmacri/AMOSUM/benchmarks/GraphColouring/encoding-amosum-amo.asp -l=false -m=minfly -lg=cpp -i=""$0""'",3,/home/guests/mmacri/AMOSUM/benchmarks/GraphColouring/test-instances-gc/0031-graph_colouring-140-0_2688.asp,152,1700604921676,10757541357,20629116084,1334,2891716029548,82944,9294040779448,8,120488629,0.219551,1204.991983997,1204.670821,1,340900,292184,379408,0.238228,1204.73,L3:0=fff;1=010,03000000,Thu Apr 2 12:07:49 PM UTC 2026,5409570_752,coppernode21
"sh -c 'amoclingo -e=/home/guests/mmacri/AMOSUM/benchmarks/GraphColouring/encoding-amosum-amo.asp -l=false -m=minfly -lg=cpp -i=""$0""'",3,/home/guests/mmacri/AMOSUM/benchmarks/GraphColouring/test-instances-gc/0010-graph_colouring-125-0_2400.asp,47,431489303370,3077960258,5793521964,691,747123975125,64135,2335394681813,4,31130354,0.168029,311.3123453,311.137656,1,267912,219112,304060,0.192236,311.192,L3:0=fff;1=008,00c00000,Thu Apr 2 11:47:46 AM UTC 2026,5409570_647,coppernode23
"sh -c 'amoclingo -e=/home/guests/mmacri/AMOSUM/benchmarks/GraphColouring/encoding-amosum-amo.asp -l=false -m=minfly -lg=cpp -i=""$0""'",3,/home/guests/mmacri/AMOSUM/benchmarks/GraphColouring/test-instances-gc/0006-graph_colouring-125-0_6000.asp,30,2759353071,15093628,37549612,958,5558770126,13795,15553434084,6,231767,0.091524,2.446640195,2.230046,1,67820,35188,102232,0.103534,2.29572,L3:0=fff;1=080,c0000000,Thu Apr 2 11:47:45 AM UTC 2026,5409570_630,coppernode24
"sh -c 'amoclingo -e=/home/guests/mmacri/AMOSUM/benchmarks/GraphColouring/encoding-amosum-amo.asp -l=false -m=minfly -lg=cpp -i=""$0""'",3,/home/guests/mmacri/AMOSUM/benchmarks/GraphColouring/test-instances-gc/0032-graph_colouring-140-0_4032.asp,158,1766651437257,10184105266,18968443500,1455,2891692918511,95510,9590918718100,8,120487649,0.256575,1204.993111581,1204.623765,1,376480,327336,413980,0.2736,1204.69,L3:0=040;1=fff,00003000,Thu Apr 2 12:07:49 PM UTC 2026,5409570_758,coppernode23
"sh -c 'amoclingo -e=/home/guests/mmacri/AMOSUM/benchmarks/GraphColouring/encoding-amosum-amo.asp -l=false -m=minfly -lg=cpp -i=""$0""'",3,/home/guests/mmacri/AMOSUM/benchmarks/GraphColouring/test-instances-gc/0031-graph_colouring-140-0_6720.asp,155,4359658809,12500690,32604688,484,7366992216,14182,24252910894,6,307057,0.049496,3.079800347,3.02334,1,67076,36492,101468,0.068849,3.08305,L3:0=fff;1=080,c0000000,Thu Apr 2 12:07:49 PM UTC 2026,5409570_755,coppernode22
"sh -c 'amoclingo -e=/home/guests/mmacri/AMOSUM/benchmarks/GraphColouring/encoding-amosum-amo.asp -l=false -m=minfly -lg=cpp -i=""$0""'",3,/home/guests/mmacri/AMOSUM/benchmarks/GraphColouring/test-instances-gc/0025-graph_colouring-135-0_2592.asp,122,1685337427153,10966062394,20482765291,1975,2891907253992,80104,9183380358591,6,120496912,0.185334,1204.992524951,1204.787625,1,327936,279612,365468,0.205922,1204.84,L3:0=002;1=fff,0000000c,Thu Apr 2 11:48:10 AM UTC 2026,5409570_722,coppernode25
"sh -c 'amoclingo -e=/home/guests/mmacri/AMOSUM/benchmarks/GraphColouring/encoding-amosum-amo.asp -l=false -m=minfly -lg=cpp -i=""$0""'",3,/home/guests/mmacri/AMOSUM/benchmarks/GraphColouring/test-instances-gc/0008-graph_colouring-125-0_2400.asp,37,1613922872920,13985825285,25718541154,1080,2891941352051,92361,8667997984726,4,120497936,0.238109,1204.990922325,1204.74367,1,347620,299580,387300,0.246135,1204.81,L3:0=fff;1=020,0c000000,Thu Apr 2 11:47:46 AM UTC 2026,5409570_637,coppernode27
"sh -c 'amoclingo -e=/home/guests/mmacri/AMOSUM/benchmarks/GraphColouring/encoding-amosum-amo.asp -l=false -m=minfly -lg=cpp -i=""$0""'",3,/home/guests/mmacri/AMOSUM/benchmarks/GraphColouring/test-instances-gc/0008-graph_colouring-125-0_6000.asp,40,2957014518,13990307,34569385,472,5527886382,14121,16481691087,4,230430,0.059794,2.314380335,2.246606,1,69488,35256,103768,0.08317,2.30074,L3:0=fff;1=008,00c00000,Thu Apr 2 11:47:46 AM UTC 2026,5409570_640,coppernode27
"sh -c 'amoclingo -e=/home/guests/mmacri/AMOSUM/benchmarks/GraphColouring/encoding-amosum-amo.asp -l=false -m=minfly -lg=cpp -i=""$0""'",3,/home/guests/mmacri/AMOSUM/benchmarks/GraphColouring/test-instances-gc/0026-graph_colouring-135-0_3888.asp,128,1778177073726,10248639004,19507696666,1125,2891908041834,90216,9508877031503,6,120496607,0.25638,1204.995460583,1204.712106,1,357748,309696,394416,0.272983,1204.77,L3:0=008;1=fff,000000c0,Thu Apr 2 11:48:24 AM UTC 2026,5409570_728,coppernode24
"sh -c 'amoclingo -e=/home/guests/mmacri/AMOSUM/benchmarks/GraphColouring/encoding-amosum-amo.asp -l=false -m=minfly -lg=cpp -i=""$0""'",3,/home/guests/mmacri/AMOSUM/benchmarks/GraphColouring/test-instances-gc/0045-graph_colouring-145-0_1392.asp,221,1328056830,5162985,13235625,494,2652430867,18167,7357233939,6,110626,0.08235,1.113443135,1.026209,1,80384,37084,113492,0.095178,1.09201,L3:0=fff;1=020,0c000000,Thu Apr 2 12:07:50 PM UTC 2026,5409570_821,coppernode30
"sh -c 'amoclingo -e=/home/guests/mmacri/AMOSUM/benchmarks/GraphColouring/encoding-amosum-amo.asp -l=false -m=minfly -lg=cpp -i=""$0""'",3,/home/guests/mmacri/AMOSUM/benchmarks/GraphColouring/test-instances-gc/0052-graph_colouring-150-0_1440.asp,256,1962864428,7197233,17936804,495,3672143191,23910,11082882484,4,153107,0.094796,1.537199264,1.438602,1,101000,55548,134244,0.107444,1.50347,L3:0=fff;1=080,c0000000,Thu Apr 2 12:07:52 PM UTC 2026,5409570_856,coppernode22
"sh -c 'amoclingo -e=/home/guests/mmacri/AMOSUM/benchmarks/GraphColouring/encoding-amosum-amo.asp -l=false -m=minfly -lg=cpp -i=""$0""'",3,/home/guests/mmacri/AMOSUM/benchmarks/GraphColouring/test-instances-gc/0015-graph_colouring-130-0_2496.asp,72,1651323451020,12952447263,24422637793,2899,2891822593643,81539,8956712049074,4,120493700,0.209245,1204.989525265,1204.729262,1,333712,285004,370740,0.213245,1204.8,L3:0=008;1=fff,000000c0,Thu Apr 2 11:47:48 AM UTC 2026,5409570_672,coppernode23
"sh -c 'amoclingo -e=/home/guests/mmacri/AMOSUM/benchmarks/GraphColouring/encoding-amosum-amo.asp -l=false -m=minfly -lg=cpp -i=""$0""'",3,/home/guests/mmacri/AMOSUM/benchmarks/GraphColouring/test-instances-gc/0038-graph_colouring-140-0_5376.asp,189,1495057673644,20335264914,39090092005,1086,2891948805314,99679,7676385575453,4,120498203,0.272128,1204.99306945,1204.71219,1,400488,353404,453216,0.296536,1204.77,L3:0=fff;1=008,00c00000,Thu Apr 2 12:07:50 PM UTC 2026,5409570_789,coppernode29
"sh -c 'amoclingo -e=/home/guests/mmacri/AMOSUM/benchmarks/GraphColouring/encoding-amosum-amo.asp -l=false -m=minfly -lg=cpp -i=""$0""'",3,/home/guests/mmacri/AMOSUM/benchmarks/GraphColouring/test-instances-gc/0022-graph_colouring-135-0_6480.asp,110,12700600470,485519708,613514229,508,32169372195,53050,66705300036,4,1340509,0.129637,13.41600557,13.277636,1,213444,164312,254968,0.145427,13.3385,L3:0=002;1=fff,0000000c,Thu Apr 2 11:47:54 AM UTC 2026,5409570_710,coppernode25
"sh -c 'amoclingo -e=/home/guests/mmacri/AMOSUM/benchmarks/GraphColouring/encoding-amosum-amo.asp -l=false -m=minfly -lg=cpp -i=""$0""'",3,/home/guests/mmacri/AMOSUM/benchmarks/GraphColouring/test-instances-gc/0034-graph_colouring-140-0_2688.asp,167,1678343450235,11273921888,21075177010,1138,2891949177527,87908,9167770526210,6,120498338,0.18977,1204.988320849,1204.796392,1,357836,309944,394376,0.20229,1204.87,L3:0=010;1=fff,00000300,Thu Apr 2 12:07:49 PM UTC 2026,5409570_767,coppernode22
"sh -c 'amoclingo -e=/home/guests/mmacri/AMOSUM/benchmarks/GraphColouring/encoding-amosum-amo.asp -l=false -m=minfly -lg=cpp -i=""$0""'",3,/home/guests/mmacri/AMOSUM/benchmarks/GraphColouring/test-instances-gc/0037-graph_colouring-140-0_4032.asp,183,1784327630880,9109145441,17050557780,1035,2891955987213,78881,9680756059063,6,120498460,0.144705,1204.991255324,1204.842689,1,322192,273844,361016,0.153281,1204.91,L3:0=fff;1=080,c0000000,Thu Apr 2 12:07:50 PM UTC 2026,5409570_783,coppernode30
"sh -c 'amoclingo -e=/home/guests/mmacri/AMOSUM/benchmarks/GraphColouring/encoding-amosum-amo.asp -l=false -m=minfly -lg=cpp -i=""$0""'",3,/home/guests/mmacri/AMOSUM/benchmarks/GraphColouring/test-instances-gc/0020-graph_colouring-130-0_1248.asp,96,585856702,4260635,10659489,722,1492346807,12536,3057357749,6,62313,0.046573,0.725467113,0.579256,1,47984,35528,76364,0.059102,0.643536,L3:0=002;1=fff,0000000c,Thu Apr 2 11:47:50 AM UTC 2026,5409570_696,coppernode26
"sh -c 'amoclingo -e=/home/guests/mmacri/AMOSUM/benchmarks/GraphColouring/encoding-amosum-amo.asp -l=false -m=minfly -lg=cpp -i=""$0""'",3,/home/guests/mmacri/AMOSUM/benchmarks/GraphColouring/test-instances-gc/0016-graph_colouring-130-0_3744.asp,78,1796756980552,9474314743,18691598511,1029,2891957127348,81150,9661386498707,4,120498604,0.196542,1204.99108236,1204.792711,1,332220,283416,370068,0.216353,1204.85,L3:0=080;1=fff,0000c000,Thu Apr 2 11:47:48 AM UTC 2026,5409570_678,coppernode28
"sh -c 'amoclingo -e=/home/guests/mmacri/AMOSUM/benchmarks/GraphColouring/encoding-amosum-amo.asp -l=false -m=minfly -lg=cpp -i=""$0""'",3,/home/guests/mmacri/AMOSUM/benchmarks/GraphColouring/test-instances-gc/0056-graph_colouring-150-0_7200.asp,280,81720706815,2800188944,6151700881,657,177434057678,96959,349920023634,6,7393263,0.251907,73.943128279,73.682914,1,382244,333248,433164,0.261166,73.7516,L3:0=002;1=fff,0000000c,Thu Apr 2 12:07:54 PM UTC 2026,5409570_880,coppernode27
"sh -c 'amoclingo -e=/home/guests/mmacri/AMOSUM/benchmarks/GraphColouring/encoding-amosum-amo.asp -l=false -m=minfly -lg=cpp -i=""$0""'",3,/home/guests/mmacri/AMOSUM/benchmarks/GraphColouring/test-instances-gc/0044-graph_colouring-145-0_5568.asp,219,1539815030883,39753247459,103174660755,957,2891979957433,116964,6812516449193,4,120499550,0.284061,1204.998899334,1204.713816,1,460160,412716,517260,0.29924,1204.78,L3:0=fff;1=008,00c00000,Thu Apr 2 12:07:51 PM UTC 2026,5409570_819,coppernode21
"sh -c 'amoclingo -e=/home/guests/mmacri/AMOSUM/benchmarks/GraphColouring/encoding-amosum-amo.asp -l=false -m=minfly -lg=cpp -i=""$0""'",3,/home/guests/mmacri/AMOSUM/benchmarks/GraphColouring/test-instances-gc/0053-graph_colouring-150-0_5760.asp,264,1262764493477,46835625724,165494025203,1015,2892019366060,220463,4704858872048,4,120501136,0.560885,1205.021869651,1204.453002,1,836860,788112,916064,0.576737,1204.51,L3:0=fff;1=080,c0000000,Thu Apr 2 12:07:53 PM UTC 2026,5409570_864,coppernode29
"sh -c 'amoclingo -e=/home/guests/mmacri/AMOSUM/benchmarks/GraphColouring/encoding-amosum-amo.asp -l=false -m=minfly -lg=cpp -i=""$0""'",3,/home/guests/mmacri/AMOSUM/benchmarks/GraphColouring/test-instances-gc/0043-graph_colouring-145-0_4176.asp,213,1770505088918,8656114462,15968840798,1065,2891912791997,88283,9646407646164,10,120496774,0.226217,1204.991304579,1204.744343,1,352804,303496,390176,0.245425,1204.8,L3:0=020;1=fff,00000c00,Thu Apr 2 12:07:50 PM UTC 2026,5409570_813,coppernode21
"sh -c 'amoclingo -e=/home/guests/mmacri/AMOSUM/benchmarks/GraphColouring/encoding-amosum-amo.asp -l=false -m=minfly -lg=cpp -i=""$0""'",3,/home/guests/mmacri/AMOSUM/benchmarks/GraphColouring/test-instances-gc/0012-graph_colouring-130-0_4992.asp,59,1277856126515,59104270304,203473962200,1000,2891990108252,160286,4039213180869,4,120499929,0.429398,1205.008710271,1204.572052,1,608644,559432,673348,0.438638,1204.64,L3:0=fff;1=010,03000000,Thu Apr 2 11:47:47 AM UTC 2026,5409570_659,coppernode24
"sh -c 'amoclingo -e=/home/guests/mmacri/AMOSUM/benchmarks/GraphColouring/encoding-amosum-amo.asp -l=false -m=minfly -lg=cpp -i=""$0""'",3,/home/guests/mmacri/AMOSUM/benchmarks/GraphColouring/test-instances-gc/0005-graph_colouring-125-0_4800.asp,24,1475417094228,18582878820,34861836528,1332,2891667516174,46655,7964356847386,4,120486537,0.14255,1204.986782078,1204.72689,1,194364,146500,230180,0.15837,1204.79,L3:0=fff;1=020,0c000000,Thu Apr 2 11:47:45 AM UTC 2026,5409570_624,coppernode22
"sh -c 'amoclingo -e=/home/guests/mmacri/AMOSUM/benchmarks/GraphColouring/encoding-amosum-amo.asp -l=false -m=minfly -lg=cpp -i=""$0""'",3,/home/guests/mmacri/AMOSUM/benchmarks/GraphColouring/test-instances-gc/0011-graph_colouring-130-0_3744.asp,53,1750377335277,11176759723,20762645604,1050,2891968693187,98438,9351265196443,4,120499056,0.285242,1204.99286863,1204.707784,1,402176,352812,439700,0.29727,1204.77,L3:0=fff;1=008,00c00000,Thu Apr 2 11:47:46 AM UTC 2026,5409570_653,coppernode25
"sh -c 'amoclingo -e=/home/guests/mmacri/AMOSUM/benchmarks/GraphColouring/encoding-amosum-amo.asp -l=false -m=minfly -lg=cpp -i=""$0""'",3,/home/guests/mmacri/AMOSUM/benchmarks/GraphColouring/test-instances-gc/0030-graph_colouring-135-0_1296.asp,146,855671091,4651602,11336012,477,1907528370,15036,4636889239,4,79586,0.060045,0.806060163,0.738086,1,48444,35456,77388,0.079947,0.795434,L3:0=010;1=fff,00000300,Thu Apr 2 12:06:57 PM UTC 2026,5409570_746,coppernode29
"sh -c 'amoclingo -e=/home/guests/mmacri/AMOSUM/benchmarks/GraphColouring/encoding-amosum-amo.asp -l=false -m=minfly -lg=cpp -i=""$0""'",3,/home/guests/mmacri/AMOSUM/benchmarks/GraphColouring/test-instances-gc/0027-graph_colouring-135-0_1296.asp,131,1447908090,5775562,14657600,632,2823506126,19801,8101994199,5,117771,0.058945,1.215954747,1.121364,1,85708,40720,119984,0.076457,1.18029,L3:0=010;1=fff,00000300,Thu Apr 2 11:48:47 AM UTC 2026,5409570_731,coppernode23
"sh -c 'amoclingo -e=/home/guests/mmacri/AMOSUM/benchmarks/GraphColouring/encoding-amosum-amo.asp -l=false -m=minfly -lg=cpp -i=""$0""'",3,/home/guests/mmacri/AMOSUM/benchmarks/GraphColouring/test-instances-gc/0047-graph_colouring-145-0_2784.asp,232,1738811368957,9469755040,18603786474,1018,2891958687511,75196,9531072456440,6,120498624,0.218536,1204.988804175,1204.770428,1,309956,260920,345796,0.241433,1204.83,L3:0=fff;1=020,0c000000,Thu Apr 2 12:07:51 PM UTC 2026,5409570_832,coppernode28
"sh -c 'amoclingo -e=/home/guests/mmacri/AMOSUM/benchmarks/GraphColouring/encoding-amosum-amo.asp -l=false -m=minfly -lg=cpp -i=""$0""'",3,/home/guests/mmacri/AMOSUM/benchmarks/GraphColouring/test-instances-gc/0049-graph_colouring-145-0_6960.asp,245,8102007526,58303518,109010317,497,13515526021,32013,42073942492,4,563247,0.083681,5.640989741,5.551192,1,134928,86296,169944,0.119776,5.5936,L3:0=fff;1=010,03000000,Thu Apr 2 12:07:52 PM UTC 2026,5409570_845,coppernode30
"sh -c 'amoclingo -e=/home/guests/mmacri/AMOSUM/benchmarks/GraphColouring/encoding-amosum-amo.asp -l=false -m=minfly -lg=cpp -i=""$0""'",3,/home/guests/mmacri/AMOSUM/benchmarks/GraphColouring/test-instances-gc/0048-graph_colouring-145-0_4176.asp,238,1630509972076,13587782941,22948790220,1237,2891947030935,95225,8634018600670,2,120498252,0.235967,1204.996232109,1204.749767,1,376032,327108,416140,0.247348,1204.82,L3:0=010;1=fff,00000300,Thu Apr 2 12:07:52 PM UTC 2026,5409570_838,coppernode26
"sh -c 'amoclingo -e=/home/guests/mmacri/AMOSUM/benchmarks/GraphColouring/encoding-amosum-amo.asp -l=false -m=minfly -lg=cpp -i=""$0""'",3,/home/guests/mmacri/AMOSUM/benchmarks/GraphColouring/test-instances-gc/0017-graph_colouring-130-0_6240.asp,85,2890700941,12609706,29279636,466,5280168893,15146,15986871849,4,220106,0.060789,2.210369972,2.142226,1,72480,35732,106072,0.069168,2.21094,L3:0=fff;1=008,00c00000,Thu Apr 2 11:47:49 AM UTC 2026,5409570_685,coppernode26
"sh -c 'amoclingo -e=/home/guests/mmacri/AMOSUM/benchmarks/GraphColouring/encoding-amosum-amo.asp -l=false -m=minfly -lg=cpp -i=""$0""'",3,/home/guests/mmacri/AMOSUM/benchmarks/GraphColouring/test-instances-gc/0022-graph_colouring-135-0_5184.asp,109,1415242521725,70133658106,213251540876,1017,2892003740541,164621,4366124100822,4,120500541,0.423766,1205.015830598,1204.58417,1,650008,600756,717436,0.436298,1204.65,L3:0=020;1=fff,00000c00,Thu Apr 2 11:47:54 AM UTC 2026,5409570_709,coppernode24
"sh -c 'amoclingo -e=/home/guests/mmacri/AMOSUM/benchmarks/GraphColouring/encoding-amosum-amo.asp -l=false -m=minfly -lg=cpp -i=""$0""'",3,/home/guests/mmacri/AMOSUM/benchmarks/GraphColouring/test-instances-gc/0038-graph_colouring-140-0_6720.asp,190,4970536089,34530044,73912266,559,9495043261,16876,27940332397,4,395727,0.080503,3.967962578,3.879171,1,76608,35476,111680,0.101906,3.93724,L3:0=fff;1=010,03000000,Thu Apr 2 12:07:50 PM UTC 2026,5409570_790,coppernode29
"sh -c 'amoclingo -e=/home/guests/mmacri/AMOSUM/benchmarks/GraphColouring/encoding-amosum-amo.asp -l=false -m=minfly -lg=cpp -i=""$0""'",3,/home/guests/mmacri/AMOSUM/benchmarks/GraphColouring/test-instances-gc/0002-graph_colouring-125-0_1200.asp,6,993229979,4982825,12760866,962,2126861348,16036,5436422676,7,88770,0.074202,1.023563647,0.817171,1,73296,35200,107124,0.100211,0.868437,L3:0=fff;1=020,0c000000,Thu Apr 2 11:47:44 AM UTC 2026,5409570_606,coppernode25
"sh -c 'amoclingo -e=/home/guests/mmacri/AMOSUM/benchmarks/GraphColouring/encoding-amosum-amo.asp -l=false -m=minfly -lg=cpp -i=""$0""'",3,/home/guests/mmacri/AMOSUM/benchmarks/GraphColouring/test-instances-gc/0021-graph_colouring-135-0_3888.asp,103,1850422725253,8133717815,15988631280,1030,2891967453219,90245,9943795372874,4,120498987,0.222697,1204.999709629,1204.769721,1,367584,319512,405076,0.253329,1204.82,L3:0=fff;1=008,00c00000,Thu Apr 2 11:47:52 AM UTC 2026,5409570_703,coppernode26
"sh -c 'amoclingo -e=/home/guests/mmacri/AMOSUM/benchmarks/GraphColouring/encoding-amosum-amo.asp -l=false -m=minfly -lg=cpp -i=""$0""'",3,/home/guests/mmacri/AMOSUM/benchmarks/GraphColouring/test-instances-gc/0035-graph_colouring-140-0_5376.asp,174,1711858413865,16510195521,29101361617,2128,2891907622232,112061,8379083054106,4,120496827,0.327999,1204.995970561,1204.643846,1,452232,403944,502496,0.355463,1204.7,L3:0=fff;1=002,000c0000,Thu Apr 2 12:07:49 PM UTC 2026,5409570_774,coppernode24
"sh -c 'amoclingo -e=/home/guests/mmacri/AMOSUM/benchmarks/GraphColouring/encoding-amosum-amo.asp -l=false -m=minfly -lg=cpp -i=""$0""'",3,/home/guests/mmacri/AMOSUM/benchmarks/GraphColouring/test-instances-gc/0013-graph_colouring-130-0_1248.asp,61,1437622693,5834216,14688918,473,2804959755,20446,8052075754,4,116977,0.052892,1.176838025,1.119165,1,92812,44612,127068,0.080559,1.16823,L3:0=080;1=fff,0000c000,Thu Apr 2 11:47:47 AM UTC 2026,5409570_661,coppernode25
"sh -c 'amoclingo -e=/home/guests/mmacri/AMOSUM/benchmarks/GraphColouring/encoding-amosum-amo.asp -l=false -m=minfly -lg=cpp -i=""$0""'",3,/home/guests/mmacri/AMOSUM/benchmarks/GraphColouring/test-instances-gc/0004-graph_colouring-125-0_1200.asp,16,577110499,4416858,11552981,964,1488772262,12465,3014283839,8,62195,0.060815,0.757405516,0.564836,1,49508,35204,78404,0.076685,0.62599,L3:0=040;1=fff,00003000,Thu Apr 2 11:47:44 AM UTC 2026,5409570_616,coppernode26
"sh -c 'amoclingo -e=/home/guests/mmacri/AMOSUM/benchmarks/GraphColouring/encoding-amosum-amo.asp -l=false -m=minfly -lg=cpp -i=""$0""'",3,/home/guests/mmacri/AMOSUM/benchmarks/GraphColouring/test-instances-gc/0056-graph_colouring-150-0_2880.asp,277,1729464079116,9907352937,19603824532,1089,2891956016617,90732,9469550542013,6,120498633,0.222874,1204.992861742,1204.765763,1,370548,321540,407028,0.236303,1204.83,L3:0=080;1=fff,0000c000,Thu Apr 2 12:07:54 PM UTC 2026,5409570_877,coppernode21
"sh -c 'amoclingo -e=/home/guests/mmacri/AMOSUM/benchmarks/GraphColouring/encoding-amosum-amo.asp -l=false -m=minfly -lg=cpp -i=""$0""'",3,/home/guests/mmacri/AMOSUM/benchmarks/GraphColouring/test-instances-gc/0040-graph_colouring-140-0_6720.asp,200,10420983981,61827186,116718837,542,16842015226,25641,55627008885,4,701855,0.056796,7.027780174,6.963896,1,110564,62132,145804,0.070083,7.03087,L3:0=fff;1=004,00300000,Thu Apr 2 12:07:50 PM UTC 2026,5409570_800,coppernode28
"sh -c 'amoclingo -e=/home/guests/mmacri/AMOSUM/benchmarks/GraphColouring/encoding-amosum-amo.asp -l=false -m=minfly -lg=cpp -i=""$0""'",3,/home/guests/mmacri/AMOSUM/benchmarks/GraphColouring/test-instances-gc/0060-graph_colouring-150-0_5760.asp,299,1675586169279,16820682634,30136863608,1323,2891962298081,133161,8262855450564,4,120498862,0.373323,1205.002553049,1204.618626,1,535336,486688,589652,0.386763,1204.68,L3:0=fff;1=040,30000000,Thu Apr 2 12:07:56 PM UTC 2026,5409570_899,coppernode24
"sh -c 'amoclingo -e=/home/guests/mmacri/AMOSUM/benchmarks/GraphColouring/encoding-amosum-amo.asp -l=false -m=minfly -lg=cpp -i=""$0""'",3,/home/guests/mmacri/AMOSUM/benchmarks/GraphColouring/test-instances-gc/0059-graph_colouring-150-0_4320.asp,293,1700020232238,10526638815,18879671437,1025,2891946934627,82691,9250429281009,4,120498137,0.236558,1204.99019877,1204.747747,1,329128,280516,367664,0.245902,1204.82,L3:0=fff;1=080,c0000000,Thu Apr 2 12:07:56 PM UTC 2026,5409570_893,coppernode24
"sh -c 'amoclingo -e=/home/guests/mmacri/AMOSUM/benchmarks/GraphColouring/encoding-amosum-amo.asp -l=false -m=minfly -lg=cpp -i=""$0""'",3,/home/guests/mmacri/AMOSUM/benchmarks/GraphColouring/test-instances-gc/0013-graph_colouring-130-0_6240.asp,65,3737871154,12203835,32145973,477,6431891193,14035,20601963252,4,268094,0.041401,2.69042009,2.641807,1,68996,35432,103164,0.049189,2.71368,L3:0=fff;1=040,30000000,Thu Apr 2 11:47:47 AM UTC 2026,5409570_665,coppernode23
"sh -c 'amoclingo -e=/home/guests/mmacri/AMOSUM/benchmarks/GraphColouring/encoding-amosum-amo.asp -l=false -m=minfly -lg=cpp -i=""$0""'",3,/home/guests/mmacri/AMOSUM/benchmarks/GraphColouring/test-instances-gc/0003-graph_colouring-125-0_2400.asp,12,1630531778259,14138757430,26517556702,1504,2891588641101,102511,8709941592405,16,120483329,0.278327,1204.995857333,1204.558481,1,418844,369780,455616,0.295916,1204.62,L3:0=020;1=fff,00000c00,Thu Apr 2 11:47:44 AM UTC 2026,5409570_612,coppernode21
"sh -c 'amoclingo -e=/home/guests/mmacri/AMOSUM/benchmarks/GraphColouring/encoding-amosum-amo.asp -l=false -m=minfly -lg=cpp -i=""$0""'",3,/home/guests/mmacri/AMOSUM/benchmarks/GraphColouring/test-instances-gc/0022-graph_colouring-135-0_2592.asp,107,1719907866380,10084881602,19420229187,2861,2891847407543,77097,9416126308242,6,120494695,0.216799,1204.990361468,1204.733549,1,317412,267796,354580,0.220753,1204.81,L3:0=080;1=fff,0000c000,Thu Apr 2 11:47:53 AM UTC 2026,5409570_707,coppernode27
"sh -c 'amoclingo -e=/home/guests/mmacri/AMOSUM/benchmarks/GraphColouring/encoding-amosum-amo.asp -l=false -m=minfly -lg=cpp -i=""$0""'",3,/home/guests/mmacri/AMOSUM/benchmarks/GraphColouring/test-instances-gc/0034-graph_colouring-140-0_6720.asp,170,3703174844,10516341,28220642,529,6279375979,15053,20525268714,6,261741,0.03296,2.626870755,2.586821,1,69260,36016,104336,0.053037,2.64966,L3:0=fff;1=040,30000000,Thu Apr 2 12:07:49 PM UTC 2026,5409570_770,coppernode22
"sh -c 'amoclingo -e=/home/guests/mmacri/AMOSUM/benchmarks/GraphColouring/encoding-amosum-amo.asp -l=false -m=minfly -lg=cpp -i=""$0""'",3,/home/guests/mmacri/AMOSUM/benchmarks/GraphColouring/test-instances-gc/0001-graph_colouring-125-0_2400.asp,2,1645485613333,13070560464,24715635961,1253,2891782627423,81205,8899880320649,6,120491382,0.218583,1204.985686154,1204.698359,1,322660,274436,359800,0.240407,1204.76,L3:0=010;1=fff,00000300,Thu Apr 2 11:47:44 AM UTC 2026,5409570_602,coppernode28
"sh -c 'amoclingo -e=/home/guests/mmacri/AMOSUM/benchmarks/GraphColouring/encoding-amosum-amo.asp -l=false -m=minfly -lg=cpp -i=""$0""'",3,/home/guests/mmacri/AMOSUM/benchmarks/GraphColouring/test-instances-gc/0039-graph_colouring-140-0_5376.asp,194,1349903574456,59506739434,169384883315,1008,2892009518899,172065,4491394016447,4,120500768,0.438338,1205.009246477,1204.57186,1,677520,628424,753104,0.452655,1204.64,L3:0=010;1=fff,00000300,Thu Apr 2 12:07:50 PM UTC 2026,5409570_794,coppernode25
"sh -c 'amoclingo -e=/home/guests/mmacri/AMOSUM/benchmarks/GraphColouring/encoding-amosum-amo.asp -l=false -m=minfly -lg=cpp -i=""$0""'",3,/home/guests/mmacri/AMOSUM/benchmarks/GraphColouring/test-instances-gc/0002-graph_colouring-125-0_3600.asp,8,1756502391489,11033937240,20894719118,2547,2891873946138,81687,9403478482855,4,120495508,0.19565,1204.988221889,1204.76382,1,335432,286464,373680,0.212145,1204.83,L3:0=fff;1=002,000c0000,Thu Apr 2 11:47:44 AM UTC 2026,5409570_608,coppernode30
"sh -c 'amoclingo -e=/home/guests/mmacri/AMOSUM/benchmarks/GraphColouring/encoding-amosum-amo.asp -l=false -m=minfly -lg=cpp -i=""$0""'",3,/home/guests/mmacri/AMOSUM/benchmarks/GraphColouring/test-instances-gc/0017-graph_colouring-130-0_1248.asp,81,668827170,4329192,10630784,478,1619203884,13359,3537669993,5,67566,0.052499,0.684938237,0.625502,1,48760,35776,77384,0.06153,0.693113,L3:0=fff;1=080,c0000000,Thu Apr 2 11:47:48 AM UTC 2026,5409570_681,coppernode24
"sh -c 'amoclingo -e=/home/guests/mmacri/AMOSUM/benchmarks/GraphColouring/encoding-amosum-amo.asp -l=false -m=minfly -lg=cpp -i=""$0""'",3,/home/guests/mmacri/AMOSUM/benchmarks/GraphColouring/test-instances-gc/0004-graph_colouring-125-0_3600.asp,18,1783484897651,10534611740,20569234097,1102,2891930538114,90955,9450775748145,2,120497509,0.260093,1204.992569461,1204.718089,1,352752,303552,389200,0.279797,1204.77,L3:0=080;1=fff,0000c000,Thu Apr 2 11:47:45 AM UTC 2026,5409570_618,coppernode23
"sh -c 'amoclingo -e=/home/guests/mmacri/AMOSUM/benchmarks/GraphColouring/encoding-amosum-amo.asp -l=false -m=minfly -lg=cpp -i=""$0""'",3,/home/guests/mmacri/AMOSUM/benchmarks/GraphColouring/test-instances-gc/0060-graph_colouring-150-0_2880.asp,297,1743967973854,8860157590,17186980620,994,2891966026876,89835,9580565093327,4,120498915,0.223527,1204.99113377,1204.768692,1,359424,310256,395056,0.232755,1204.84,L3:0=fff;1=010,03000000,Thu Apr 2 12:07:56 PM UTC 2026,5409570_897,coppernode25
"sh -c 'amoclingo -e=/home/guests/mmacri/AMOSUM/benchmarks/GraphColouring/encoding-amosum-amo.asp -l=false -m=minfly -lg=cpp -i=""$0""'",3,/home/guests/mmacri/AMOSUM/benchmarks/GraphColouring/test-instances-gc/0056-graph_colouring-150-0_5760.asp,279,1765052482228,14295862489,27681211326,2819,2891885116926,122930,8761662959377,4,120496117,0.401672,1205.004692612,1204.560953,1,492016,442748,533928,0.423068,1204.62,L3:0=fff;1=004,00300000,Thu Apr 2 12:07:54 PM UTC 2026,5409570_879,coppernode26
"sh -c 'amoclingo -e=/home/guests/mmacri/AMOSUM/benchmarks/GraphColouring/encoding-amosum-amo.asp -l=false -m=minfly -lg=cpp -i=""$0""'",3,/home/guests/mmacri/AMOSUM/benchmarks/GraphColouring/test-instances-gc/0055-graph_colouring-150-0_4320.asp,273,1704481345696,10757059341,18551886312,1448,2891938033545,82744,9231140487480,4,120497971,0.199929,1204.990295339,1204.783582,1,333132,284100,373792,0.213426,1204.85,L3:0=004;1=fff,00000030,Thu Apr 2 12:07:54 PM UTC 2026,5409570_873,coppernode25
"sh -c 'amoclingo -e=/home/guests/mmacri/AMOSUM/benchmarks/GraphColouring/encoding-amosum-amo.asp -l=false -m=minfly -lg=cpp -i=""$0""'",3,/home/guests/mmacri/AMOSUM/benchmarks/GraphColouring/test-instances-gc/0041-graph_colouring-145-0_5568.asp,204,1606538332003,14875845375,27473931066,1224,2891766112888,79837,8678999606559,6,120490622,0.249724,1204.990381786,1204.659519,1,322336,273904,365780,0.269478,1204.72,L3:0=008;1=fff,000000c0,Thu Apr 2 12:07:50 PM UTC 2026,5409570_804,coppernode26
"sh -c 'amoclingo -e=/home/guests/mmacri/AMOSUM/benchmarks/GraphColouring/encoding-amosum-amo.asp -l=false -m=minfly -lg=cpp -i=""$0""'",3,/home/guests/mmacri/AMOSUM/benchmarks/GraphColouring/test-instances-gc/0029-graph_colouring-135-0_2592.asp,142,1691818419364,11004907119,20991797158,1069,2891959172250,86029,9252188221814,4,120498705,0.212424,1204.993131494,1204.777275,1,351420,302560,388492,0.233137,1204.83,L3:0=004;1=fff,00000030,Thu Apr 2 12:01:18 PM UTC 2026,5409570_742,coppernode28
"sh -c 'amoclingo -e=/home/guests/mmacri/AMOSUM/benchmarks/GraphColouring/encoding-amosum-amo.asp -l=false -m=minfly -lg=cpp -i=""$0""'",3,/home/guests/mmacri/AMOSUM/benchmarks/GraphColouring/test-instances-gc/0027-graph_colouring-135-0_6480.asp,135,13489431016,529495640,652894718,928,34294661871,53336,70132887198,4,1429098,0.131721,14.40856515,14.162418,1,213680,165476,254800,0.13567,14.2353,L3:0=fff;1=008,00c00000,Thu Apr 2 11:52:58 AM UTC 2026,5409570_735,coppernode23
"sh -c 'amoclingo -e=/home/guests/mmacri/AMOSUM/benchmarks/GraphColouring/encoding-amosum-amo.asp -l=false -m=minfly -lg=cpp -i=""$0""'",3,/home/guests/mmacri/AMOSUM/benchmarks/GraphColouring/test-instances-gc/0004-graph_colouring-125-0_6000.asp,20,2292464208,7785411,20706966,481,4185328566,13981,12632504384,8,174496,0.040055,1.768848446,1.706844,1,69192,35196,103180,0.047976,1.77581,L3:0=004;1=fff,00000030,Thu Apr 2 11:47:45 AM UTC 2026,5409570_620,coppernode27
"sh -c 'amoclingo -e=/home/guests/mmacri/AMOSUM/benchmarks/GraphColouring/encoding-amosum-amo.asp -l=false -m=minfly -lg=cpp -i=""$0""'",3,/home/guests/mmacri/AMOSUM/benchmarks/GraphColouring/test-instances-gc/0012-graph_colouring-130-0_2496.asp,57,1591648147386,12196343093,23057657618,1533,2891923203093,86792,8593320984602,4,120497312,0.234092,1204.992042775,1204.741534,1,351088,301680,389836,0.254747,1204.8,L3:0=fff;1=002,000c0000,Thu Apr 2 11:47:47 AM UTC 2026,5409570_657,coppernode27
"sh -c 'amoclingo -e=/home/guests/mmacri/AMOSUM/benchmarks/GraphColouring/encoding-amosum-amo.asp -l=false -m=minfly -lg=cpp -i=""$0""'",3,/home/guests/mmacri/AMOSUM/benchmarks/GraphColouring/test-instances-gc/0030-graph_colouring-135-0_3888.asp,148,1802665434177,9144074431,17570167291,2348,2891668388859,83584,9710523677380,6,120486989,0.281767,1204.9924535,1204.593281,1,340184,292168,376724,0.294989,1204.66,L3:0=002;1=fff,0000000c,Thu Apr 2 12:07:49 PM UTC 2026,5409570_748,coppernode22
"sh -c 'amoclingo -e=/home/guests/mmacri/AMOSUM/benchmarks/GraphColouring/encoding-amosum-amo.asp -l=false -m=minfly -lg=cpp -i=""$0""'",3,/home/guests/mmacri/AMOSUM/benchmarks/GraphColouring/test-instances-gc/0048-graph_colouring-145-0_1392.asp,236,829572172,4597180,11558947,491,1889950092,14991,4448332197,5,78849,0.060291,0.79621973,0.730463,1,48976,37044,77388,0.080488,0.78878,L3:0=fff;1=020,0c000000,Thu Apr 2 12:07:51 PM UTC 2026,5409570_836,coppernode27
"sh -c 'amoclingo -e=/home/guests/mmacri/AMOSUM/benchmarks/GraphColouring/encoding-amosum-amo.asp -l=false -m=minfly -lg=cpp -i=""$0""'",3,/home/guests/mmacri/AMOSUM/benchmarks/GraphColouring/test-instances-gc/0049-graph_colouring-145-0_1392.asp,241,762448758,4484355,11628923,495,1806211219,14550,4049345020,5,75357,0.031852,0.76178354,0.724029,1,48772,37372,77396,0.043256,0.790289,L3:0=fff;1=020,0c000000,Thu Apr 2 12:07:52 PM UTC 2026,5409570_841,coppernode25
"sh -c 'amoclingo -e=/home/guests/mmacri/AMOSUM/benchmarks/GraphColouring/encoding-amosum-amo.asp -l=false -m=minfly -lg=cpp -i=""$0""'",3,/home/guests/mmacri/AMOSUM/benchmarks/GraphColouring/test-instances-gc/0019-graph_colouring-130-0_2496.asp,92,1658272462364,12352605841,23449031457,1105,2891805277524,79483,8933403086898,6,120492288,0.302922,1204.992739464,1204.622967,1,329460,279804,365488,0.31221,1204.69,L3:0=080;1=fff,0000c000,Thu Apr 2 11:47:50 AM UTC 2026,5409570_692,coppernode24
"sh -c 'amoclingo -e=/home/guests/mmacri/AMOSUM/benchmarks/GraphColouring/encoding-amosum-amo.asp -l=false -m=minfly -lg=cpp -i=""$0""'",3,/home/guests/mmacri/AMOSUM/benchmarks/GraphColouring/test-instances-gc/0034-graph_colouring-140-0_5376.asp,169,1644150331912,22327882479,55177987430,949,2891975012287,104552,8295846446658,6,120499354,0.256666,1204.995247452,1204.739517,1,415296,365740,472656,0.274147,1204.8,L3:0=040;1=fff,00003000,Thu Apr 2 12:07:49 PM UTC 2026,5409570_769,coppernode22
"sh -c 'amoclingo -e=/home/guests/mmacri/AMOSUM/benchmarks/GraphColouring/encoding-amosum-amo.asp -l=false -m=minfly -lg=cpp -i=""$0""'",3,/home/guests/mmacri/AMOSUM/benchmarks/GraphColouring/test-instances-gc/0038-graph_colouring-140-0_2688.asp,187,1658269228185,12382335015,23281677015,1262,2891758922131,97828,8992714663160,4,120490322,0.24637,1204.992675569,1204.660238,1,394868,346620,431384,0.25416,1204.73,L3:0=fff;1=010,03000000,Thu Apr 2 12:07:50 PM UTC 2026,5409570_787,coppernode27
"sh -c 'amoclingo -e=/home/guests/mmacri/AMOSUM/benchmarks/GraphColouring/encoding-amosum-amo.asp -l=false -m=minfly -lg=cpp -i=""$0""'",3,/home/guests/mmacri/AMOSUM/benchmarks/GraphColouring/test-instances-gc/0023-graph_colouring-135-0_5184.asp,114,1360569627604,43686958799,120946682429,1319,2891999615344,201239,5577693911142,4,120500433,0.500452,1205.017067408,1204.506464,1,792944,744040,871364,0.528082,1204.56,L3:0=010;1=fff,00000300,Thu Apr 2 11:47:55 AM UTC 2026,5409570_714,coppernode30
"sh -c 'amoclingo -e=/home/guests/mmacri/AMOSUM/benchmarks/GraphColouring/encoding-amosum-amo.asp -l=false -m=minfly -lg=cpp -i=""$0""'",3,/home/guests/mmacri/AMOSUM/benchmarks/GraphColouring/test-instances-gc/0033-graph_colouring-140-0_4032.asp,163,1733760778183,10919198733,20070631633,1446,2891693245186,87595,9316273014736,6,120487621,0.213838,1204.992795628,1204.665575,1,345500,296820,384180,0.222046,1204.74,L3:0=fff;1=008,00c00000,Thu Apr 2 12:07:49 PM UTC 2026,5409570_763,coppernode24
"sh -c 'amoclingo -e=/home/guests/mmacri/AMOSUM/benchmarks/GraphColouring/encoding-amosum-amo.asp -l=false -m=minfly -lg=cpp -i=""$0""'",3,/home/guests/mmacri/AMOSUM/benchmarks/GraphColouring/test-instances-gc/0016-graph_colouring-130-0_1248.asp,76,729713416,4245254,10831219,479,1706106068,13981,3895247226,5,71197,0.044972,0.7210139,0.669214,1,48772,36048,77268,0.056948,0.734717,L3:0=080;1=fff,0000c000,Thu Apr 2 11:47:48 AM UTC 2026,5409570_676,coppernode27
"sh -c 'amoclingo -e=/home/guests/mmacri/AMOSUM/benchmarks/GraphColouring/encoding-amosum-amo.asp -l=false -m=minfly -lg=cpp -i=""$0""'",3,/home/guests/mmacri/AMOSUM/benchmarks/GraphColouring/test-instances-gc/0020-graph_colouring-130-0_3744.asp,98,1760268752885,10831297558,20965276222,966,2891949247225,81132,9494716958083,4,120498215,0.243699,1204.991904316,1204.741227,1,332264,284096,368128,0.243699,1204.82,L3:0=fff;1=040,30000000,Thu Apr 2 11:47:50 AM UTC 2026,5409570_698,coppernode24
"sh -c 'amoclingo -e=/home/guests/mmacri/AMOSUM/benchmarks/GraphColouring/encoding-amosum-amo.asp -l=false -m=minfly -lg=cpp -i=""$0""'",3,/home/guests/mmacri/AMOSUM/benchmarks/GraphColouring/test-instances-gc/0052-graph_colouring-150-0_7200.asp,260,66976742342,2875152409,6386714895,564,147929576101,97081,287829530470,4,6163868,0.215253,61.647801125,61.425606,1,382748,333556,435964,0.228606,61.4889,L3:0=004;1=fff,00000030,Thu Apr 2 12:07:53 PM UTC 2026,5409570_860,coppernode23
"sh -c 'amoclingo -e=/home/guests/mmacri/AMOSUM/benchmarks/GraphColouring/encoding-amosum-amo.asp -l=false -m=minfly -lg=cpp -i=""$0""'",3,/home/guests/mmacri/AMOSUM/benchmarks/GraphColouring/test-instances-gc/0044-graph_colouring-145-0_2784.asp,217,1704262734632,10415198128,20237486052,2794,2891866655964,85077,9341342332844,4,120495391,0.204924,1204.990377789,1204.753681,1,347184,299592,384720,0.216813,1204.82,L3:0=002;1=fff,0000000c,Thu Apr 2 12:07:50 PM UTC 2026,5409570_817,coppernode21
"sh -c 'amoclingo -e=/home/guests/mmacri/AMOSUM/benchmarks/GraphColouring/encoding-amosum-amo.asp -l=false -m=minfly -lg=cpp -i=""$0""'",3,/home/guests/mmacri/AMOSUM/benchmarks/GraphColouring/test-instances-gc/0057-graph_colouring-150-0_5760.asp,284,1643836368758,17614776957,29262193573,1260,2891972143996,116092,8192456400092,4,120499308,0.289291,1205.000061106,1204.706768,1,466992,418320,516160,0.302119,1204.77,L3:0=fff;1=080,c0000000,Thu Apr 2 12:07:55 PM UTC 2026,5409570_884,coppernode22
"sh -c 'amoclingo -e=/home/guests/mmacri/AMOSUM/benchmarks/GraphColouring/encoding-amosum-amo.asp -l=false -m=minfly -lg=cpp -i=""$0""'",3,/home/guests/mmacri/AMOSUM/benchmarks/GraphColouring/test-instances-gc/0008-graph_colouring-125-0_4800.asp,39,1443624983309,32606327333,92142529690,904,2891986326100,116055,6695877828168,2,120499770,0.28484,1205.007039515,1204.715442,1,448536,399552,507252,0.294015,1204.78,L3:0=040;1=fff,00003000,Thu Apr 2 11:47:46 AM UTC 2026,5409570_639,coppernode26
"sh -c 'amoclingo -e=/home/guests/mmacri/AMOSUM/benchmarks/GraphColouring/encoding-amosum-amo.asp -l=false -m=minfly -lg=cpp -i=""$0""'",3,/home/guests/mmacri/AMOSUM/benchmarks/GraphColouring/test-instances-gc/0007-graph_colouring-125-0_3600.asp,33,1731561084005,11928860406,22380235553,1035,2891962981777,100539,9213875462724,2,120498760,0.296821,1204.994090299,1204.693425,1,402864,354000,439408,0.320352,1204.75,L3:0=fff;1=004,00300000,Thu Apr 2 11:47:45 AM UTC 2026,5409570_633,coppernode30
"sh -c 'amoclingo -e=/home/guests/mmacri/AMOSUM/benchmarks/GraphColouring/encoding-amosum-amo.asp -l=false -m=minfly -lg=cpp -i=""$0""'",3,/home/guests/mmacri/AMOSUM/benchmarks/GraphColouring/test-instances-gc/0009-graph_colouring-125-0_4800.asp,44,968741119185,9244998309,19980223582,732,1829106632196,49236,5287141949253,4,76213024,0.15538,762.135087638,761.977351,1,202324,154208,241984,0.171466,762.039,L3:0=040;1=fff,00003000,Thu Apr 2 11:47:46 AM UTC 2026,5409570_644,coppernode25
"sh -c 'amoclingo -e=/home/guests/mmacri/AMOSUM/benchmarks/GraphColouring/encoding-amosum-amo.asp -l=false -m=minfly -lg=cpp -i=""$0""'",3,/home/guests/mmacri/AMOSUM/benchmarks/GraphColouring/test-instances-gc/0031-graph_colouring-140-0_1344.asp,151,726449688,3700451,11931004,748,1723112839,14068,3856411413,6,71924,0.046835,0.819154335,0.675158,1,47684,36020,76376,0.066477,0.735676,L3:0=fff;1=004,00300000,Thu Apr 2 12:07:49 PM UTC 2026,5409570_751,coppernode21
"sh -c 'amoclingo -e=/home/guests/mmacri/AMOSUM/benchmarks/GraphColouring/encoding-amosum-amo.asp -l=false -m=minfly -lg=cpp -i=""$0""'",3,/home/guests/mmacri/AMOSUM/benchmarks/GraphColouring/test-instances-gc/0026-graph_colouring-135-0_1296.asp,126,786455878,4471984,11032383,483,1802056778,14300,4211849207,4,75185,0.046024,0.763073306,0.708224,1,48708,36248,77384,0.053919,0.776982,L3:0=fff;1=040,30000000,Thu Apr 2 11:48:23 AM UTC 2026,5409570_726,coppernode29
"sh -c 'amoclingo -e=/home/guests/mmacri/AMOSUM/benchmarks/GraphColouring/encoding-amosum-amo.asp -l=false -m=minfly -lg=cpp -i=""$0""'",3,/home/guests/mmacri/AMOSUM/benchmarks/GraphColouring/test-instances-gc/0045-graph_colouring-145-0_6960.asp,225,4543527294,25553103,55612857,493,8360778830,16929,25214225596,4,348467,0.043773,3.493778639,3.443248,1,77724,37100,111772,0.067765,3.49689,L3:0=fff;1=040,30000000,Thu Apr 2 12:07:51 PM UTC 2026,5409570_825,coppernode28
"sh -c 'amoclingo -e=/home/guests/mmacri/AMOSUM/benchmarks/GraphColouring/encoding-amosum-amo.asp -l=false -m=minfly -lg=cpp -i=""$0""'",3,/home/guests/mmacri/AMOSUM/benchmarks/GraphColouring/test-instances-gc/0051-graph_colouring-150-0_2880.asp,252,1728369999995,9159624541,17788413642,1661,2891916628410,78032,9497210751120,4,120497075,0.18315,1204.990342426,1204.790403,1,320908,271312,357544,0.187105,1204.86,L3:0=fff;1=002,000c0000,Thu Apr 2 12:07:52 PM UTC 2026,5409570_852,coppernode27
"sh -c 'amoclingo -e=/home/guests/mmacri/AMOSUM/benchmarks/GraphColouring/encoding-amosum-amo.asp -l=false -m=minfly -lg=cpp -i=""$0""'",3,/home/guests/mmacri/AMOSUM/benchmarks/GraphColouring/test-instances-gc/0052-graph_colouring-150-0_4320.asp,258,1755163162124,9392978655,16944106922,2719,2891864080785,84380,9553909229715,4,120495344,0.203833,1204.993387354,1204.754827,1,330964,282116,368420,0.215816,1204.82,L3:0=002;1=fff,0000000c,Thu Apr 2 12:07:53 PM UTC 2026,5409570_858,coppernode24
"sh -c 'amoclingo -e=/home/guests/mmacri/AMOSUM/benchmarks/GraphColouring/encoding-amosum-amo.asp -l=false -m=minfly -lg=cpp -i=""$0""'",3,/home/guests/mmacri/AMOSUM/benchmarks/GraphColouring/test-instances-gc/0051-graph_colouring-150-0_7200.asp,255,53199668475,1578742360,2720888351,551,111753837086,97129,237858652321,4,4656535,0.263789,46.574935276,46.303873,1,381924,333244,431168,0.273084,46.3727,L3:0=fff;1=010,03000000,Thu Apr 2 12:07:52 PM UTC 2026,5409570_855,coppernode24
"sh -c 'amoclingo -e=/home/guests/mmacri/AMOSUM/benchmarks/GraphColouring/encoding-amosum-amo.asp -l=false -m=minfly -lg=cpp -i=""$0""'",3,/home/guests/mmacri/AMOSUM/benchmarks/GraphColouring/test-instances-gc/0045-graph_colouring-145-0_2784.asp,222,1694029438366,9574813204,18482339933,2418,2891898213285,84293,9280661386897,4,120496565,0.219136,1204.994144705,1204.750534,1,340964,293076,378024,0.231808,1204.82,L3:0=fff;1=002,000c0000,Thu Apr 2 12:07:51 PM UTC 2026,5409570_822,coppernode22
"sh -c 'amoclingo -e=/home/guests/mmacri/AMOSUM/benchmarks/GraphColouring/encoding-amosum-amo.asp -l=false -m=minfly -lg=cpp -i=""$0""'",3,/home/guests/mmacri/AMOSUM/benchmarks/GraphColouring/test-instances-gc/0046-graph_colouring-145-0_4176.asp,228,1764716356683,9227452226,16915594179,1032,2891961440577,84364,9599284692537,4,120498682,0.187395,1204.992716023,1204.802256,1,336288,288100,375312,0.2102,1204.86,L3:0=fff;1=004,00300000,Thu Apr 2 12:07:51 PM UTC 2026,5409570_828,coppernode30
"sh -c 'amoclingo -e=/home/guests/mmacri/AMOSUM/benchmarks/GraphColouring/encoding-amosum-amo.asp -l=false -m=minfly -lg=cpp -i=""$0""'",3,/home/guests/mmacri/AMOSUM/benchmarks/GraphColouring/test-instances-gc/0010-graph_colouring-125-0_4800.asp,49,1617773614013,17574099241,36426245609,977,2891963011274,82410,8411398221183,4,120498817,0.18482,1204.990858789,1204.806309,1,336172,287392,385896,0.197268,1204.87,L3:0=040;1=fff,00003000,Thu Apr 2 11:47:46 AM UTC 2026,5409570_649,coppernode28
"sh -c 'amoclingo -e=/home/guests/mmacri/AMOSUM/benchmarks/GraphColouring/encoding-amosum-amo.asp -l=false -m=minfly -lg=cpp -i=""$0""'",3,/home/guests/mmacri/AMOSUM/benchmarks/GraphColouring/test-instances-gc/0009-graph_colouring-125-0_3600.asp,43,1733866188716,12700281379,24312098537,1048,2891973405892,111892,9117039001032,4,120499241,0.268373,1204.995323038,1204.72669,1,449652,401440,487368,0.285368,1204.79,L3:0=fff;1=004,00300000,Thu Apr 2 11:47:46 AM UTC 2026,5409570_643,coppernode25
"sh -c 'amoclingo -e=/home/guests/mmacri/AMOSUM/benchmarks/GraphColouring/encoding-amosum-amo.asp -l=false -m=minfly -lg=cpp -i=""$0""'",3,/home/guests/mmacri/AMOSUM/benchmarks/GraphColouring/test-instances-gc/0007-graph_colouring-125-0_4800.asp,34,1550432695911,17645026961,32939818783,931,2891961313250,78118,8107265360514,4,120498704,0.217706,1204.989061067,1204.772051,1,317740,268976,360664,0.251913,1204.82,L3:0=fff;1=020,0c000000,Thu Apr 2 11:47:45 AM UTC 2026,5409570_634,coppernode28
"sh -c 'amoclingo -e=/home/guests/mmacri/AMOSUM/benchmarks/GraphColouring/encoding-amosum-amo.asp -l=false -m=minfly -lg=cpp -i=""$0""'",3,/home/guests/mmacri/AMOSUM/benchmarks/GraphColouring/test-instances-gc/0025-graph_colouring-135-0_1296.asp,121,1286053216,5421124,13403306,490,2567489013,18447,7132157539,6,107088,0.067319,1.080597093,1.005625,1,83528,36256,117848,0.074873,1.07525,L3:0=002;1=fff,0000000c,Thu Apr 2 11:48:08 AM UTC 2026,5409570_721,coppernode25
"sh -c 'amoclingo -e=/home/guests/mmacri/AMOSUM/benchmarks/GraphColouring/encoding-amosum-amo.asp -l=false -m=minfly -lg=cpp -i=""$0""'",3,/home/guests/mmacri/AMOSUM/benchmarks/GraphColouring/test-instances-gc/0032-graph_colouring-140-0_1344.asp,156,1362586196,5306359,14706068,491,2698230350,19468,7580241615,5,112530,0.069535,1.132723746,1.058049,1,84588,38448,117936,0.097439,1.10748,L3:0=fff;1=080,c0000000,Thu Apr 2 12:07:49 PM UTC 2026,5409570_756,coppernode21
"sh -c 'amoclingo -e=/home/guests/mmacri/AMOSUM/benchmarks/GraphColouring/encoding-amosum-amo.asp -l=false -m=minfly -lg=cpp -i=""$0""'",3,/home/guests/mmacri/AMOSUM/benchmarks/GraphColouring/test-instances-gc/0058-graph_colouring-150-0_5760.asp,289,1610644582456,26189235164,58001413242,1218,2892004804089,182934,7482343729843,4,120500560,0.432819,1205.013011089,1204.574909,1,726324,676728,784876,0.450495,1204.63,L3:0=fff;1=008,00c00000,Thu Apr 2 12:07:55 PM UTC 2026,5409570_889,coppernode30
"sh -c 'amoclingo -e=/home/guests/mmacri/AMOSUM/benchmarks/GraphColouring/encoding-amosum-amo.asp -l=false -m=minfly -lg=cpp -i=""$0""'",3,/home/guests/mmacri/AMOSUM/benchmarks/GraphColouring/test-instances-gc/0042-graph_colouring-145-0_6960.asp,210,4452292283,16943130,40778747,494,7715841145,15395,24764029747,6,321594,0.055869,3.245237575,3.162471,1,72028,37084,105756,0.083569,3.21373,L3:0=080;1=fff,0000c000,Thu Apr 2 12:07:50 PM UTC 2026,5409570_810,coppernode30
"sh -c 'amoclingo -e=/home/guests/mmacri/AMOSUM/benchmarks/GraphColouring/encoding-amosum-amo.asp -l=false -m=minfly -lg=cpp -i=""$0""'",3,/home/guests/mmacri/AMOSUM/benchmarks/GraphColouring/test-instances-gc/0054-graph_colouring-150-0_2880.asp,267,1731182872497,9455924593,18396579287,3154,2891820159469,80871,9496616002458,4,120493702,0.190745,1204.991110872,1204.748266,1,328732,280256,365080,0.210432,1204.81,L3:0=008;1=fff,000000c0,Thu Apr 2 12:07:53 PM UTC 2026,5409570_867,coppernode23
"sh -c 'amoclingo -e=/home/guests/mmacri/AMOSUM/benchmarks/GraphColouring/encoding-amosum-amo.asp -l=false -m=minfly -lg=cpp -i=""$0""'",3,/home/guests/mmacri/AMOSUM/benchmarks/GraphColouring/test-instances-gc/0057-graph_colouring-150-0_4320.asp,283,1715250980960,11014216097,19002125717,1068,2891958134170,105251,9221314484316,4,120498604,0.224514,1204.995127259,1204.764241,1,425268,375392,462560,0.23641,1204.83,L3:0=fff;1=008,00c00000,Thu Apr 2 12:07:54 PM UTC 2026,5409570_883,coppernode27
"sh -c 'amoclingo -e=/home/guests/mmacri/AMOSUM/benchmarks/GraphColouring/encoding-amosum-amo.asp -l=false -m=minfly -lg=cpp -i=""$0""'",3,/home/guests/mmacri/AMOSUM/benchmarks/GraphColouring/test-instances-gc/0019-graph_colouring-130-0_6240.asp,95,2762963158,8812728,23558366,728,4904654606,13555,15331285107,8,204488,0.029093,2.150630813,2.018838,1,66764,35432,101064,0.042455,2.08253,L3:0=fff;1=020,0c000000,Thu Apr 2 11:47:50 AM UTC 2026,5409570_695,coppernode23
"sh -c 'amoclingo -e=/home/guests/mmacri/AMOSUM/benchmarks/GraphColouring/encoding-amosum-amo.asp -l=false -m=minfly -lg=cpp -i=""$0""'",3,/home/guests/mmacri/AMOSUM/benchmarks/GraphColouring/test-instances-gc/0036-graph_colouring-140-0_6720.asp,180,3802673194,20802940,47051884,514,7061834461,14974,21291820615,6,294354,0.045248,2.953165393,2.90042,1,70328,36752,104416,0.080804,2.94159,L3:0=002;1=fff,0000000c,Thu Apr 2 12:07:49 PM UTC 2026,5409570_780,coppernode23
"sh -c 'amoclingo -e=/home/guests/mmacri/AMOSUM/benchmarks/GraphColouring/encoding-amosum-amo.asp -l=false -m=minfly -lg=cpp -i=""$0""'",3,/home/guests/mmacri/AMOSUM/benchmarks/GraphColouring/test-instances-gc/0024-graph_colouring-135-0_5184.asp,119,1376263830108,68307786266,211449808812,987,2891994362430,159477,4219341571202,6,120500131,0.403918,1205.01156988,1204.599236,1,632768,584820,705792,0.412868,1204.67,L3:0=008;1=fff,000000c0,Thu Apr 2 11:48:04 AM UTC 2026,5409570_719,coppernode29
"sh -c 'amoclingo -e=/home/guests/mmacri/AMOSUM/benchmarks/GraphColouring/encoding-amosum-amo.asp -l=false -m=minfly -lg=cpp -i=""$0""'",3,/home/guests/mmacri/AMOSUM/benchmarks/GraphColouring/test-instances-gc/0033-graph_colouring-140-0_5376.asp,164,1449103776648,18651855690,34537521130,913,2891932739390,61589,7862474903032,6,120497511,0.149176,1204.986777379,1204.828383,1,252560,204148,290936,0.169061,1204.89,L3:0=fff;1=010,03000000,Thu Apr 2 12:07:49 PM UTC 2026,5409570_764,coppernode23
"sh -c 'amoclingo -e=/home/guests/mmacri/AMOSUM/benchmarks/GraphColouring/encoding-amosum-amo.asp -l=false -m=minfly -lg=cpp -i=""$0""'",3,/home/guests/mmacri/AMOSUM/benchmarks/GraphColouring/test-instances-gc/0023-graph_colouring-135-0_3888.asp,113,1812696459152,8270975132,16710531971,969,2891958730585,81056,9799058501241,4,120498650,0.235798,1204.990681517,1204.753805,1,331496,282492,366728,0.239742,1204.83,L3:0=020;1=fff,00000c00,Thu Apr 2 11:47:54 AM UTC 2026,5409570_713,coppernode28
"sh -c 'amoclingo -e=/home/guests/mmacri/AMOSUM/benchmarks/GraphColouring/encoding-amosum-amo.asp -l=false -m=minfly -lg=cpp -i=""$0""'",3,/home/guests/mmacri/AMOSUM/benchmarks/GraphColouring/test-instances-gc/0015-graph_colouring-130-0_1248.asp,71,724789494,4309738,10762365,475,1698711828,13701,3862998442,5,70876,0.060907,0.71768746,0.650095,1,48680,35696,77380,0.06852,0.720247,L3:0=fff;1=020,0c000000,Thu Apr 2 11:47:47 AM UTC 2026,5409570_671,coppernode23
"sh -c 'amoclingo -e=/home/guests/mmacri/AMOSUM/benchmarks/GraphColouring/encoding-amosum-amo.asp -l=false -m=minfly -lg=cpp -i=""$0""'",3,/home/guests/mmacri/AMOSUM/benchmarks/GraphColouring/test-instances-gc/0050-graph_colouring-145-0_1392.asp,246,846600120,4536746,11530149,488,1900120394,15076,4537611294,5,79276,0.064424,0.800555014,0.730597,1,48972,37040,77380,0.082616,0.78914,L3:0=040;1=fff,00003000,Thu Apr 2 12:07:52 PM UTC 2026,5409570_846,coppernode28
"sh -c 'amoclingo -e=/home/guests/mmacri/AMOSUM/benchmarks/GraphColouring/encoding-amosum-amo.asp -l=false -m=minfly -lg=cpp -i=""$0""'",3,/home/guests/mmacri/AMOSUM/benchmarks/GraphColouring/test-instances-gc/0047-graph_colouring-145-0_1392.asp,231,1860150259,6800660,17406091,490,3459717809,22686,10467495534,5,144260,0.055898,1.484132389,1.388829,1,99064,51316,132552,0.063861,1.45814,L3:0=008;1=fff,000000c0,Thu Apr 2 12:07:51 PM UTC 2026,5409570_831,coppernode28
"sh -c 'amoclingo -e=/home/guests/mmacri/AMOSUM/benchmarks/GraphColouring/encoding-amosum-amo.asp -l=false -m=minfly -lg=cpp -i=""$0""'",3,/home/guests/mmacri/AMOSUM/benchmarks/GraphColouring/test-instances-gc/0027-graph_colouring-135-0_2592.asp,132,1673870811381,11502766867,21836253170,1236,2891916501724,85885,9142110145892,4,120496993,0.190389,1204.993019531,1204.782572,1,342156,294128,379912,0.202201,1204.85,L3:0=010;1=fff,00000300,Thu Apr 2 11:48:48 AM UTC 2026,5409570_732,coppernode23
"sh -c 'amoclingo -e=/home/guests/mmacri/AMOSUM/benchmarks/GraphColouring/encoding-amosum-amo.asp -l=false -m=minfly -lg=cpp -i=""$0""'",3,/home/guests/mmacri/AMOSUM/benchmarks/GraphColouring/test-instances-gc/0029-graph_colouring-135-0_6480.asp,145,14887111630,657555548,815671710,931,41847135485,60047,83153808827,4,1743792,0.18664,17.547470158,17.254751,1,241192,192720,284248,0.203422,17.3151,L3:0=010;1=fff,00000300,Thu Apr 2 12:06:38 PM UTC 2026,5409570_745,coppernode29
"sh -c 'amoclingo -e=/home/guests/mmacri/AMOSUM/benchmarks/GraphColouring/encoding-amosum-amo.asp -l=false -m=minfly -lg=cpp -i=""$0""'",3,/home/guests/mmacri/AMOSUM/benchmarks/GraphColouring/test-instances-gc/0010-graph_colouring-125-0_6000.asp,50,3778975348,15021392,38281052,469,6757235240,14158,21115918998,4,281650,0.045677,2.82552437,2.77283,1,69632,34928,102844,0.050778,2.84551,L3:0=fff;1=008,00c00000,Thu Apr 2 11:47:46 AM UTC 2026,5409570_650,coppernode28
"sh -c 'amoclingo -e=/home/guests/mmacri/AMOSUM/benchmarks/GraphColouring/encoding-amosum-amo.asp -l=false -m=minfly -lg=cpp -i=""$0""'",3,/home/guests/mmacri/AMOSUM/benchmarks/GraphColouring/test-instances-gc/0006-graph_colouring-125-0_2400.asp,27,1604424613819,13742300292,25555516147,1065,2891924346702,93241,8618922670344,6,120497210,0.252924,1204.993579505,1204.722176,1,367608,319568,405720,0.262242,1204.79,L3:0=fff;1=040,30000000,Thu Apr 2 11:47:45 AM UTC 2026,5409570_627,coppernode28
"sh -c 'amoclingo -e=/home/guests/mmacri/AMOSUM/benchmarks/GraphColouring/encoding-amosum-amo.asp -l=false -m=minfly -lg=cpp -i=""$0""'",3,/home/guests/mmacri/AMOSUM/benchmarks/GraphColouring/test-instances-gc/0028-graph_colouring-135-0_3888.asp,138,1765149345477,10698950775,20207695746,1616,2891699386301,91294,9415710103447,6,120487929,0.230106,1204.996285513,1204.653104,1,367448,318620,409948,0.243421,1204.72,L3:0=fff;1=004,00300000,Thu Apr 2 11:59:52 AM UTC 2026,5409570_738,coppernode24
"sh -c 'amoclingo -e=/home/guests/mmacri/AMOSUM/benchmarks/GraphColouring/encoding-amosum-amo.asp -l=false -m=minfly -lg=cpp -i=""$0""'",3,/home/guests/mmacri/AMOSUM/benchmarks/GraphColouring/test-instances-gc/0042-graph_colouring-145-0_5568.asp,209,1621321134382,14578436723,28595195010,1313,2891764840084,108253,8618465035989,4,120490568,0.321198,1204.994425747,1204.58803,1,428984,381160,478396,0.367746,1204.63,L3:0=fff;1=080,c0000000,Thu Apr 2 12:07:50 PM UTC 2026,5409570_809,coppernode26
"sh -c 'amoclingo -e=/home/guests/mmacri/AMOSUM/benchmarks/GraphColouring/encoding-amosum-amo.asp -l=false -m=minfly -lg=cpp -i=""$0""'",3,/home/guests/mmacri/AMOSUM/benchmarks/GraphColouring/test-instances-gc/0058-graph_colouring-150-0_7200.asp,290,29659757642,785429129,1083015535,529,67443284401,78272,157418412364,4,2810251,0.172996,28.111652051,27.931881,1,306960,258020,351632,0.196065,27.9857,L3:0=fff;1=004,00300000,Thu Apr 2 12:07:55 PM UTC 2026,5409570_890,coppernode27
"sh -c 'amoclingo -e=/home/guests/mmacri/AMOSUM/benchmarks/GraphColouring/encoding-amosum-amo.asp -l=false -m=minfly -lg=cpp -i=""$0""'",3,/home/guests/mmacri/AMOSUM/benchmarks/GraphColouring/test-instances-gc/0041-graph_colouring-145-0_4176.asp,203,1769692039583,9637632890,17712052241,2078,2891715610761,87391,9579452627426,4,120488754,0.204938,1204.992862371,1204.686802,1,350716,302464,388164,0.239038,1204.74,L3:0=fff;1=002,000c0000,Thu Apr 2 12:07:50 PM UTC 2026,5409570_803,coppernode26
"sh -c 'amoclingo -e=/home/guests/mmacri/AMOSUM/benchmarks/GraphColouring/encoding-amosum-amo.asp -l=false -m=minfly -lg=cpp -i=""$0""'",3,/home/guests/mmacri/AMOSUM/benchmarks/GraphColouring/test-instances-gc/0055-graph_colouring-150-0_5760.asp,274,1714128171734,17170826812,30399805110,1270,2891925107051,124990,8300370696966,7,120497297,0.244357,1204.999937094,1204.731482,1,498980,449864,552420,0.249328,1204.81,L3:0=080;1=fff,0000c000,Thu Apr 2 12:07:54 PM UTC 2026,5409570_874,coppernode30
"sh -c 'amoclingo -e=/home/guests/mmacri/AMOSUM/benchmarks/GraphColouring/encoding-amosum-amo.asp -l=false -m=minfly -lg=cpp -i=""$0""'",3,/home/guests/mmacri/AMOSUM/benchmarks/GraphColouring/test-instances-gc/0003-graph_colouring-125-0_6000.asp,15,2564806389,9271950,24983575,492,4676678759,13494,14272470639,2,194970,0.059817,1.958720891,1.891961,1,65904,34164,99956,0.082559,1.94668,L3:0=004;1=fff,00000030,Thu Apr 2 11:47:44 AM UTC 2026,5409570_615,coppernode23
"sh -c 'amoclingo -e=/home/guests/mmacri/AMOSUM/benchmarks/GraphColouring/encoding-amosum-amo.asp -l=false -m=minfly -lg=cpp -i=""$0""'",3,/home/guests/mmacri/AMOSUM/benchmarks/GraphColouring/test-instances-gc/0013-graph_colouring-130-0_2496.asp,62,1608705993593,14312229031,26595453271,2086,2891898807656,97703,8587477363686,4,120496577,0.240908,1204.9962562,1204.728884,1,381844,332828,420924,0.255954,1204.79,L3:0=002;1=fff,0000000c,Thu Apr 2 11:47:47 AM UTC 2026,5409570_662,coppernode24
"sh -c 'amoclingo -e=/home/guests/mmacri/AMOSUM/benchmarks/GraphColouring/encoding-amosum-amo.asp -l=false -m=minfly -lg=cpp -i=""$0""'",3,/home/guests/mmacri/AMOSUM/benchmarks/GraphColouring/test-instances-gc/0036-graph_colouring-140-0_2688.asp,177,1685155150258,11446671376,21759515295,2054,2891853956982,82143,9200069711545,4,120494628,0.204304,1204.989255658,1204.746028,1,336568,288404,375404,0.212315,1204.82,L3:0=002;1=fff,0000000c,Thu Apr 2 12:07:49 PM UTC 2026,5409570_777,coppernode29
"sh -c 'amoclingo -e=/home/guests/mmacri/AMOSUM/benchmarks/GraphColouring/encoding-amosum-amo.asp -l=false -m=minfly -lg=cpp -i=""$0""'",3,/home/guests/mmacri/AMOSUM/benchmarks/GraphColouring/test-instances-gc/0020-graph_colouring-130-0_6240.asp,100,3589362508,17764352,42643340,478,6618396574,14280,20048674862,4,275878,0.052043,2.768067603,2.708899,1,68968,35456,103276,0.065283,2.77204,L3:0=020;1=fff,00000c00,Thu Apr 2 11:47:51 AM UTC 2026,5409570_700,coppernode28
"sh -c 'amoclingo -e=/home/guests/mmacri/AMOSUM/benchmarks/GraphColouring/encoding-amosum-amo.asp -l=false -m=minfly -lg=cpp -i=""$0""'",3,/home/guests/mmacri/AMOSUM/benchmarks/GraphColouring/test-instances-gc/0040-graph_colouring-140-0_5376.asp,199,1643222454102,16594551429,30555638072,2141,2891919306136,107697,8365800787389,6,120497399,0.229491,1204.996848859,1204.749291,1,433596,384836,479480,0.245873,1204.81,L3:0=002;1=fff,0000000c,Thu Apr 2 12:07:50 PM UTC 2026,5409570_799,coppernode28
"sh -c 'amoclingo -e=/home/guests/mmacri/AMOSUM/benchmarks/GraphColouring/encoding-amosum-amo.asp -l=false -m=minfly -lg=cpp -i=""$0""'",3,/home/guests/mmacri/AMOSUM/benchmarks/GraphColouring/test-instances-gc/0001-graph_colouring-125-0_6000.asp,5,2359767858,8554918,23932674,964,4367109321,13742,13123985899,4,182118,0.059067,1.933970287,1.76522,1,66872,35236,101200,0.070903,1.83007,L3:0=004;1=fff,00000030,Thu Apr 2 11:47:44 AM UTC 2026,5409570_605,coppernode30
"sh -c 'amoclingo -e=/home/guests/mmacri/AMOSUM/benchmarks/GraphColouring/encoding-amosum-amo.asp -l=false -m=minfly -lg=cpp -i=""$0""'",3,/home/guests/mmacri/AMOSUM/benchmarks/GraphColouring/test-instances-gc/0039-graph_colouring-140-0_4032.asp,193,1793663913082,8235039357,15715850665,2516,2891881991373,77134,9750195026589,4,120495897,0.187956,1204.986769163,1204.776182,1,312952,264360,348920,0.197099,1204.85,L3:0=fff;1=002,000c0000,Thu Apr 2 12:07:50 PM UTC 2026,5409570_793,coppernode25
"sh -c 'amoclingo -e=/home/guests/mmacri/AMOSUM/benchmarks/GraphColouring/encoding-amosum-amo.asp -l=false -m=minfly -lg=cpp -i=""$0""'",3,/home/guests/mmacri/AMOSUM/benchmarks/GraphColouring/test-instances-gc/0014-graph_colouring-130-0_3744.asp,68,1803194765772,9641514381,18951707351,1051,2891947837549,85757,9712852068652,4,120498235,0.187754,1204.993066454,1204.796729,1,350264,301288,386940,0.207535,1204.85,L3:0=004;1=fff,00000030,Thu Apr 2 11:47:47 AM UTC 2026,5409570_668,coppernode27
"sh -c 'amoclingo -e=/home/guests/mmacri/AMOSUM/benchmarks/GraphColouring/encoding-amosum-amo.asp -l=false -m=minfly -lg=cpp -i=""$0""'",3,/home/guests/mmacri/AMOSUM/benchmarks/GraphColouring/test-instances-gc/0018-graph_colouring-130-0_1248.asp,86,642109630,4306276,10643191,484,1574885271,13138,3384072776,6,65720,0.056282,0.70959913,0.603279,1,50264,35696,78516,0.068998,0.667522,L3:0=fff;1=020,0c000000,Thu Apr 2 11:47:49 AM UTC 2026,5409570_686,coppernode23
"sh -c 'amoclingo -e=/home/guests/mmacri/AMOSUM/benchmarks/GraphColouring/encoding-amosum-amo.asp -l=false -m=minfly -lg=cpp -i=""$0""'",3,/home/guests/mmacri/AMOSUM/benchmarks/GraphColouring/test-instances-gc/0026-graph_colouring-135-0_6480.asp,130,9640878375,378742017,485515091,495,25163887872,42844,52841894456,6,1048607,0.092845,10.498310892,10.395516,1,175360,127192,213672,0.101184,10.4639,L3:0=010;1=fff,00000300,Thu Apr 2 11:48:35 AM UTC 2026,5409570_730,coppernode23
"sh -c 'amoclingo -e=/home/guests/mmacri/AMOSUM/benchmarks/GraphColouring/encoding-amosum-amo.asp -l=false -m=minfly -lg=cpp -i=""$0""'",3,/home/guests/mmacri/AMOSUM/benchmarks/GraphColouring/test-instances-gc/0030-graph_colouring-135-0_2592.asp,147,1701003692056,11273311057,21741699147,1237,2891925790151,82411,9206389847616,4,120497351,0.193317,1204.993432733,1204.783132,1,334536,286256,372348,0.201269,1204.85,L3:0=010;1=fff,00000300,Thu Apr 2 12:06:58 PM UTC 2026,5409570_747,coppernode29
"sh -c 'amoclingo -e=/home/guests/mmacri/AMOSUM/benchmarks/GraphColouring/encoding-amosum-amo.asp -l=false -m=minfly -lg=cpp -i=""$0""'",3,/home/guests/mmacri/AMOSUM/benchmarks/GraphColouring/test-instances-gc/0011-graph_colouring-130-0_2496.asp,52,1656475791523,13069282292,24523310794,1013,2891962812821,86304,8926601970681,4,120498883,0.227136,1204.995568866,1204.764725,1,349368,300084,387256,0.239014,1204.83,L3:0=fff;1=020,0c000000,Thu Apr 2 11:47:46 AM UTC 2026,5409570_652,coppernode21
"sh -c 'amoclingo -e=/home/guests/mmacri/AMOSUM/benchmarks/GraphColouring/encoding-amosum-amo.asp -l=false -m=minfly -lg=cpp -i=""$0""'",3,/home/guests/mmacri/AMOSUM/benchmarks/GraphColouring/test-instances-gc/0005-graph_colouring-125-0_6000.asp,25,2896262584,17469079,41772423,476,5555899320,16053,15904566800,4,231603,0.057882,2.325872219,2.260382,1,75892,35196,110404,0.077698,2.31753,L3:0=080;1=fff,0000c000,Thu Apr 2 11:47:45 AM UTC 2026,5409570_625,coppernode27
"sh -c 'amoclingo -e=/home/guests/mmacri/AMOSUM/benchmarks/GraphColouring/encoding-amosum-amo.asp -l=false -m=minfly -lg=cpp -i=""$0""'",3,/home/guests/mmacri/AMOSUM/benchmarks/GraphColouring/test-instances-gc/0012-graph_colouring-130-0_3744.asp,58,1701915358908,9060409464,17672358729,2096,2891898130566,86166,9130984805128,4,120496478,0.224965,1204.992256126,1204.744594,1,351832,302744,389944,0.240826,1204.81,L3:0=002;1=fff,0000000c,Thu Apr 2 11:47:47 AM UTC 2026,5409570_658,coppernode30
"sh -c 'amoclingo -e=/home/guests/mmacri/AMOSUM/benchmarks/GraphColouring/encoding-amosum-amo.asp -l=false -m=minfly -lg=cpp -i=""$0""'",3,/home/guests/mmacri/AMOSUM/benchmarks/GraphColouring/test-instances-gc/0048-graph_colouring-145-0_5568.asp,239,1560846765523,22143712229,40388446073,1267,2891967500161,140091,7544977286877,4,120499112,0.288078,1205.004503724,1204.706438,1,560568,511520,607684,0.310886,1204.76,L3:0=040;1=fff,00003000,Thu Apr 2 12:07:52 PM UTC 2026,5409570_839,coppernode26
"sh -c 'amoclingo -e=/home/guests/mmacri/AMOSUM/benchmarks/GraphColouring/encoding-amosum-amo.asp -l=false -m=minfly -lg=cpp -i=""$0""'",3,/home/guests/mmacri/AMOSUM/benchmarks/GraphColouring/test-instances-gc/0049-graph_colouring-145-0_5568.asp,244,1600472743762,21249930942,43493067757,1083,2891953785669,116004,7985235331671,4,120498506,0.327853,1205.000634818,1204.659779,1,463360,414808,516464,0.336764,1204.73,L3:0=080;1=fff,0000c000,Thu Apr 2 12:07:52 PM UTC 2026,5409570_844,coppernode23
"sh -c 'amoclingo -e=/home/guests/mmacri/AMOSUM/benchmarks/GraphColouring/encoding-amosum-amo.asp -l=false -m=minfly -lg=cpp -i=""$0""'",3,/home/guests/mmacri/AMOSUM/benchmarks/GraphColouring/test-instances-gc/0047-graph_colouring-145-0_4176.asp,233,1729543158088,10505492462,18517119441,1127,2891952823735,80500,9286484173669,6,120498505,0.195698,1204.989393569,1204.792092,1,326720,277676,365352,0.209993,1204.86,L3:0=020;1=fff,00000c00,Thu Apr 2 12:07:51 PM UTC 2026,5409570_833,coppernode25
"sh -c 'amoclingo -e=/home/guests/mmacri/AMOSUM/benchmarks/GraphColouring/encoding-amosum-amo.asp -l=false -m=minfly -lg=cpp -i=""$0""'",3,/home/guests/mmacri/AMOSUM/benchmarks/GraphColouring/test-instances-gc/0004-graph_colouring-125-0_2400.asp,17,1636589958947,13920868411,26212999533,2046,2891907479654,95480,8734003834668,2,120496871,0.215586,1204.992893457,1204.756918,1,381676,332792,419268,0.239113,1204.81,L3:0=002;1=fff,0000000c,Thu Apr 2 11:47:45 AM UTC 2026,5409570_617,coppernode21
"sh -c 'amoclingo -e=/home/guests/mmacri/AMOSUM/benchmarks/GraphColouring/encoding-amosum-amo.asp -l=false -m=minfly -lg=cpp -i=""$0""'",3,/home/guests/mmacri/AMOSUM/benchmarks/GraphColouring/test-instances-gc/0012-graph_colouring-130-0_6240.asp,60,4033573377,29375657,66398322,479,8140806756,14825,22705868230,4,339303,0.064283,3.402577443,3.330971,1,72100,35456,106392,0.068229,3.40361,L3:0=020;1=fff,00000c00,Thu Apr 2 11:47:47 AM UTC 2026,5409570_660,coppernode28
"sh -c 'amoclingo -e=/home/guests/mmacri/AMOSUM/benchmarks/GraphColouring/encoding-amosum-amo.asp -l=false -m=minfly -lg=cpp -i=""$0""'",3,/home/guests/mmacri/AMOSUM/benchmarks/GraphColouring/test-instances-gc/0002-graph_colouring-125-0_2400.asp,7,1622584298309,13568269542,25567733071,1072,2891941622932,79372,8717156191625,4,120497927,0.223518,1204.988691615,1204.758581,1,327188,277992,364608,0.23894,1204.83,L3:0=080;1=fff,0000c000,Thu Apr 2 11:47:44 AM UTC 2026,5409570_607,coppernode30
"sh -c 'amoclingo -e=/home/guests/mmacri/AMOSUM/benchmarks/GraphColouring/encoding-amosum-amo.asp -l=false -m=minfly -lg=cpp -i=""$0""'",3,/home/guests/mmacri/AMOSUM/benchmarks/GraphColouring/test-instances-gc/0035-graph_colouring-140-0_6720.asp,175,4900567441,20960828,49770154,924,8702289651,14623,27464060836,10,362759,0.085942,3.76772388,3.544649,1,69200,36256,103484,0.110924,3.59784,L3:0=004;1=fff,00000030,Thu Apr 2 12:07:49 PM UTC 2026,5409570_775,coppernode25
"sh -c 'amoclingo -e=/home/guests/mmacri/AMOSUM/benchmarks/GraphColouring/encoding-amosum-amo.asp -l=false -m=minfly -lg=cpp -i=""$0""'",3,/home/guests/mmacri/AMOSUM/benchmarks/GraphColouring/test-instances-gc/0021-graph_colouring-135-0_2592.asp,102,1695071712330,11158878671,21019181636,1066,2891957411692,87960,9225099353778,6,120498577,0.194346,1204.991241436,1204.794594,1,361900,312748,399760,0.206649,1204.86,L3:0=fff;1=080,c0000000,Thu Apr 2 11:47:51 AM UTC 2026,5409570_702,coppernode25
"sh -c 'amoclingo -e=/home/guests/mmacri/AMOSUM/benchmarks/GraphColouring/encoding-amosum-amo.asp -l=false -m=minfly -lg=cpp -i=""$0""'",3,/home/guests/mmacri/AMOSUM/benchmarks/GraphColouring/test-instances-gc/0022-graph_colouring-135-0_3888.asp,108,1865816130570,7619828155,15029738995,940,2891940608441,87134,10122951902222,4,120497845,0.256306,1204.993825854,1204.724778,1,356064,306812,393080,0.271448,1204.79,L3:0=fff;1=020,0c000000,Thu Apr 2 11:47:53 AM UTC 2026,5409570_708,coppernode23
"sh -c 'amoclingo -e=/home/guests/mmacri/AMOSUM/benchmarks/GraphColouring/encoding-amosum-amo.asp -l=false -m=minfly -lg=cpp -i=""$0""'",3,/home/guests/mmacri/AMOSUM/benchmarks/GraphColouring/test-instances-gc/0039-graph_colouring-140-0_1344.asp,191,1416782633,5717077,13999025,489,2799507992,19492,7886524639,7,116750,0.049135,1.17365595,1.120439,1,86296,38360,120064,0.072962,1.17782,L3:0=004;1=fff,00000030,Thu Apr 2 12:07:50 PM UTC 2026,5409570_791,coppernode29
"sh -c 'amoclingo -e=/home/guests/mmacri/AMOSUM/benchmarks/GraphColouring/encoding-amosum-amo.asp -l=false -m=minfly -lg=cpp -i=""$0""'",3,/home/guests/mmacri/AMOSUM/benchmarks/GraphColouring/test-instances-gc/0017-graph_colouring-130-0_4992.asp,84,1248373486748,11073997642,21112186867,851,2257444902892,69028,6677736004026,4,94060533,0.15333,940.61073065,940.454785,1,281256,232484,323796,0.170887,940.514,L3:0=080;1=fff,0000c000,Thu Apr 2 11:47:49 AM UTC 2026,5409570_684,coppernode25
"sh -c 'amoclingo -e=/home/guests/mmacri/AMOSUM/benchmarks/GraphColouring/encoding-amosum-amo.asp -l=false -m=minfly -lg=cpp -i=""$0""'",3,/home/guests/mmacri/AMOSUM/benchmarks/GraphColouring/test-instances-gc/0059-graph_colouring-150-0_2880.asp,292,1735842662184,8745053668,16877907737,971,2891955077426,77568,9515746940252,4,120498439,0.163669,1204.990356446,1204.82341,1,318296,269592,354904,0.172918,1204.89,L3:0=020;1=fff,00000c00,Thu Apr 2 12:07:55 PM UTC 2026,5409570_892,coppernode30
"sh -c 'amoclingo -e=/home/guests/mmacri/AMOSUM/benchmarks/GraphColouring/encoding-amosum-amo.asp -l=false -m=minfly -lg=cpp -i=""$0""'",3,/home/guests/mmacri/AMOSUM/benchmarks/GraphColouring/test-instances-gc/0041-graph_colouring-145-0_1392.asp,201,850201375,4353871,11882612,490,1924496671,15153,4558551402,5,80288,0.083572,0.810731115,0.721587,1,48708,37040,77404,0.105342,0.780862,L3:0=010;1=fff,00000300,Thu Apr 2 12:07:50 PM UTC 2026,5409570_801,coppernode28
"sh -c 'amoclingo -e=/home/guests/mmacri/AMOSUM/benchmarks/GraphColouring/encoding-amosum-amo.asp -l=false -m=minfly -lg=cpp -i=""$0""'",3,/home/guests/mmacri/AMOSUM/benchmarks/GraphColouring/test-instances-gc/0056-graph_colouring-150-0_1440.asp,276,1853987746,6846870,17006145,496,3455415879,22317,10405021222,4,144083,0.076484,1.447179305,1.366714,1,94508,49216,127684,0.088996,1.4309,L3:0=080;1=fff,0000c000,Thu Apr 2 12:07:54 PM UTC 2026,5409570_876,coppernode28
"sh -c 'amoclingo -e=/home/guests/mmacri/AMOSUM/benchmarks/GraphColouring/encoding-amosum-amo.asp -l=false -m=minfly -lg=cpp -i=""$0""'",3,/home/guests/mmacri/AMOSUM/benchmarks/GraphColouring/test-instances-gc/0060-graph_colouring-150-0_4320.asp,298,1769040204733,8626927308,15652035853,1144,2891961188077,96392,9598803162624,4,120498814,0.193011,1204.993203434,1204.798377,1,385284,336028,422848,0.204915,1204.86,L3:0=080;1=fff,0000c000,Thu Apr 2 12:07:56 PM UTC 2026,5409570_898,coppernode28
"sh -c 'amoclingo -e=/home/guests/mmacri/AMOSUM/benchmarks/GraphColouring/encoding-amosum-amo.asp -l=false -m=minfly -lg=cpp -i=""$0""'",3,/home/guests/mmacri/AMOSUM/benchmarks/GraphColouring/test-instances-gc/0026-graph_colouring-135-0_5184.asp,129,1350157532012,55137249643,155823208125,2174,2891940892746,168426,4901424102513,6,120498409,0.453824,1205.01633037,1204.532934,1,668764,620616,737876,0.470558,1204.59,L3:0=002;1=fff,0000000c,Thu Apr 2 11:48:30 AM UTC 2026,5409570_729,coppernode26
"sh -c 'amoclingo -e=/home/guests/mmacri/AMOSUM/benchmarks/GraphColouring/encoding-amosum-amo.asp -l=false -m=minfly -lg=cpp -i=""$0""'",3,/home/guests/mmacri/AMOSUM/benchmarks/GraphColouring/test-instances-gc/0009-graph_colouring-125-0_1200.asp,41,612328253,4034523,10479835,471,1517892858,12804,3223361808,5,63342,0.037622,0.642879559,0.597967,1,48700,35188,77264,0.054315,0.658022,L3:0=fff;1=004,00300000,Thu Apr 2 11:47:46 AM UTC 2026,5409570_641,coppernode24
"sh -c 'amoclingo -e=/home/guests/mmacri/AMOSUM/benchmarks/GraphColouring/encoding-amosum-amo.asp -l=false -m=minfly -lg=cpp -i=""$0""'",3,/home/guests/mmacri/AMOSUM/benchmarks/GraphColouring/test-instances-gc/0008-graph_colouring-125-0_1200.asp,36,638305228,4084573,10564314,465,1561811392,13009,3375579303,5,65172,0.032092,0.661144326,0.62185,1,48496,35248,77264,0.036267,0.694583,L3:0=fff;1=020,0c000000,Thu Apr 2 11:47:46 AM UTC 2026,5409570_636,coppernode24
"sh -c 'amoclingo -e=/home/guests/mmacri/AMOSUM/benchmarks/GraphColouring/encoding-amosum-amo.asp -l=false -m=minfly -lg=cpp -i=""$0""'",3,/home/guests/mmacri/AMOSUM/benchmarks/GraphColouring/test-instances-gc/0025-graph_colouring-135-0_3888.asp,123,1807100906896,9071192467,17982640141,1009,2891935013605,79993,9805843590333,4,120497718,0.140706,1204.990245743,1204.838857,1,329104,280656,365192,0.152611,1204.9,L3:0=020;1=fff,00000c00,Thu Apr 2 11:48:17 AM UTC 2026,5409570_723,coppernode29
"sh -c 'amoclingo -e=/home/guests/mmacri/AMOSUM/benchmarks/GraphColouring/encoding-amosum-amo.asp -l=false -m=minfly -lg=cpp -i=""$0""'",3,/home/guests/mmacri/AMOSUM/benchmarks/GraphColouring/test-instances-gc/0031-graph_colouring-140-0_5376.asp,154,1529407801976,35913338123,96429537199,1157,2891803249261,148980,6978490755716,6,120492203,0.347986,1205.005235641,1204.577793,1,589924,541732,654368,0.363645,1204.64,L3:0=fff;1=040,30000000,Thu Apr 2 12:07:49 PM UTC 2026,5409570_754,coppernode21
"sh -c 'amoclingo -e=/home/guests/mmacri/AMOSUM/benchmarks/GraphColouring/encoding-amosum-amo.asp -l=false -m=minfly -lg=cpp -i=""$0""'",3,/home/guests/mmacri/AMOSUM/benchmarks/GraphColouring/test-instances-gc/0052-graph_colouring-150-0_2880.asp,257,1725476577089,9746005694,19024086096,1050,2891801457418,80164,9437176634495,6,120492129,0.211688,1204.990521293,1204.712478,1,327412,278292,362864,0.23051,1204.77,L3:0=fff;1=040,30000000,Thu Apr 2 12:07:53 PM UTC 2026,5409570_857,coppernode22
"sh -c 'amoclingo -e=/home/guests/mmacri/AMOSUM/benchmarks/GraphColouring/encoding-amosum-amo.asp -l=false -m=minfly -lg=cpp -i=""$0""'",3,/home/guests/mmacri/AMOSUM/benchmarks/GraphColouring/test-instances-gc/0044-graph_colouring-145-0_6960.asp,220,4487956326,28523527,60789869,498,8469444408,17031,25119825219,4,352997,0.065461,3.538683036,3.466869,1,77460,37348,111940,0.08568,3.52516,L3:0=040;1=fff,00003000,Thu Apr 2 12:07:50 PM UTC 2026,5409570_820,coppernode30
"sh -c 'amoclingo -e=/home/guests/mmacri/AMOSUM/benchmarks/GraphColouring/encoding-amosum-amo.asp -l=false -m=minfly -lg=cpp -i=""$0""'",3,/home/guests/mmacri/AMOSUM/benchmarks/GraphColouring/test-instances-gc/0020-graph_colouring-130-0_2496.asp,97,1635493266938,13689301345,25525733063,1086,2891911150093,88543,8753133987861,8,120496666,0.228066,1204.994771491,1204.741591,1,364520,316080,402752,0.250639,1204.8,L3:0=fff;1=040,30000000,Thu Apr 2 11:47:50 AM UTC 2026,5409570_697,coppernode23
"sh -c 'amoclingo -e=/home/guests/mmacri/AMOSUM/benchmarks/GraphColouring/encoding-amosum-amo.asp -l=false -m=minfly -lg=cpp -i=""$0""'",3,/home/guests/mmacri/AMOSUM/benchmarks/GraphColouring/test-instances-gc/0016-graph_colouring-130-0_4992.asp,79,1389971968871,17897244089,33604354254,1011,2891836659975,34168,7732598696611,6,120493474,0.073455,1204.954179405,1204.863549,1,147184,98436,185072,0.089359,1204.92,L3:0=fff;1=008,00c00000,Thu Apr 2 11:47:48 AM UTC 2026,5409570_679,coppernode30
"sh -c 'amoclingo -e=/home/guests/mmacri/AMOSUM/benchmarks/GraphColouring/encoding-amosum-amo.asp -l=false -m=minfly -lg=cpp -i=""$0""'",3,/home/guests/mmacri/AMOSUM/benchmarks/GraphColouring/test-instances-gc/0037-graph_colouring-140-0_2688.asp,182,1713823075509,10514626146,20447177063,1001,2891960002405,84397,9347189676951,6,120498610,0.241914,1204.994181269,1204.747218,1,346744,298292,383108,0.261382,1204.81,L3:0=fff;1=040,30000000,Thu Apr 2 12:07:49 PM UTC 2026,5409570_782,coppernode30
"sh -c 'amoclingo -e=/home/guests/mmacri/AMOSUM/benchmarks/GraphColouring/encoding-amosum-amo.asp -l=false -m=minfly -lg=cpp -i=""$0""'",3,/home/guests/mmacri/AMOSUM/benchmarks/GraphColouring/test-instances-gc/0038-graph_colouring-140-0_4032.asp,188,1722931313028,11365434119,21167239446,1895,2891901926800,95575,9274349527101,4,120496494,0.259682,1204.991133796,1204.709325,1,362232,315188,400960,0.276915,1204.78,L3:0=fff;1=002,000c0000,Thu Apr 2 12:07:50 PM UTC 2026,5409570_788,coppernode29
"sh -c 'amoclingo -e=/home/guests/mmacri/AMOSUM/benchmarks/GraphColouring/encoding-amosum-amo.asp -l=false -m=minfly -lg=cpp -i=""$0""'",3,/home/guests/mmacri/AMOSUM/benchmarks/GraphColouring/test-instances-gc/0034-graph_colouring-140-0_1344.asp,166,651423559,3555276,10952160,546,1614086626,13465,3416267915,7,67355,0.084976,0.682746643,0.590832,1,47800,35952,77380,0.108778,0.649656,L3:0=fff;1=002,000c0000,Thu Apr 2 12:07:49 PM UTC 2026,5409570_766,coppernode22
"sh -c 'amoclingo -e=/home/guests/mmacri/AMOSUM/benchmarks/GraphColouring/encoding-amosum-amo.asp -l=false -m=minfly -lg=cpp -i=""$0""'",3,/home/guests/mmacri/AMOSUM/benchmarks/GraphColouring/test-instances-gc/0023-graph_colouring-135-0_1296.asp,111,655895763,4327873,10846843,726,1608213226,13307,3457625508,7,67139,0.056586,0.777572805,0.617671,1,48036,35704,76356,0.072407,0.678656,L3:0=010;1=fff,00000300,Thu Apr 2 11:47:54 AM UTC 2026,5409570_711,coppernode30
"sh -c 'amoclingo -e=/home/guests/mmacri/AMOSUM/benchmarks/GraphColouring/encoding-amosum-amo.asp -l=false -m=minfly -lg=cpp -i=""$0""'",3,/home/guests/mmacri/AMOSUM/benchmarks/GraphColouring/test-instances-gc/0015-graph_colouring-130-0_3744.asp,73,1793854737842,10180311783,19733749900,1015,2891932793281,104024,9640765711236,6,120497539,0.249313,1205.000004702,1204.728657,1,423992,374952,459500,0.257194,1204.8,L3:0=fff;1=020,0c000000,Thu Apr 2 11:47:48 AM UTC 2026,5409570_673,coppernode26
"sh -c 'amoclingo -e=/home/guests/mmacri/AMOSUM/benchmarks/GraphColouring/encoding-amosum-amo.asp -l=false -m=minfly -lg=cpp -i=""$0""'",3,/home/guests/mmacri/AMOSUM/benchmarks/GraphColouring/test-instances-gc/0043-graph_colouring-145-0_2784.asp,212,1727933061007,8978841327,17521425555,986,2891946278005,83500,9487111025437,4,120498095,0.21939,1204.989844682,1204.764252,1,341916,292860,377484,0.22448,1204.84,L3:0=fff;1=040,30000000,Thu Apr 2 12:07:50 PM UTC 2026,5409570_812,coppernode27
"sh -c 'amoclingo -e=/home/guests/mmacri/AMOSUM/benchmarks/GraphColouring/encoding-amosum-amo.asp -l=false -m=minfly -lg=cpp -i=""$0""'",3,/home/guests/mmacri/AMOSUM/benchmarks/GraphColouring/test-instances-gc/0053-graph_colouring-150-0_7200.asp,265,40614734255,1465283031,2294506631,540,94213518800,80926,182217978479,4,3925692,0.217464,39.266235099,39.041714,1,317276,268596,363660,0.233304,39.1027,L3:0=fff;1=020,0c000000,Thu Apr 2 12:07:53 PM UTC 2026,5409570_865,coppernode25
"sh -c 'amoclingo -e=/home/guests/mmacri/AMOSUM/benchmarks/GraphColouring/encoding-amosum-amo.asp -l=false -m=minfly -lg=cpp -i=""$0""'",3,/home/guests/mmacri/AMOSUM/benchmarks/GraphColouring/test-instances-gc/0057-graph_colouring-150-0_1440.asp,281,946922276,4784146,11890661,499,2089572433,16127,5113879437,5,87170,0.064186,0.879687038,0.809744,1,52144,37840,80608,0.073403,0.877421,L3:0=fff;1=010,03000000,Thu Apr 2 12:07:54 PM UTC 2026,5409570_881,coppernode25
"sh -c 'amoclingo -e=/home/guests/mmacri/AMOSUM/benchmarks/GraphColouring/encoding-amosum-amo.asp -l=false -m=minfly -lg=cpp -i=""$0""'",3,/home/guests/mmacri/AMOSUM/benchmarks/GraphColouring/test-instances-gc/0044-graph_colouring-145-0_4176.asp,218,1728760143718,10482151195,18918388559,1101,2891955692459,91465,9372676904340,4,120498564,0.221033,1204.991508275,1204.766986,1,369528,322648,407276,0.232885,1204.84,L3:0=004;1=fff,00000030,Thu Apr 2 12:07:50 PM UTC 2026,5409570_818,coppernode21
"sh -c 'amoclingo -e=/home/guests/mmacri/AMOSUM/benchmarks/GraphColouring/encoding-amosum-amo.asp -l=false -m=minfly -lg=cpp -i=""$0""'",3,/home/guests/mmacri/AMOSUM/benchmarks/GraphColouring/test-instances-gc/0053-graph_colouring-150-0_2880.asp,262,1752683630203,8322740205,16455556579,943,2891945630625,73256,9644619872411,4,120498054,0.184351,1204.988658825,1204.798771,1,294308,245360,329276,0.207102,1204.85,L3:0=fff;1=020,0c000000,Thu Apr 2 12:07:53 PM UTC 2026,5409570_862,coppernode27
"sh -c 'amoclingo -e=/home/guests/mmacri/AMOSUM/benchmarks/GraphColouring/encoding-amosum-amo.asp -l=false -m=minfly -lg=cpp -i=""$0""'",3,/home/guests/mmacri/AMOSUM/benchmarks/GraphColouring/test-instances-gc/0043-graph_colouring-145-0_6960.asp,215,37257474769,706467596,2895289219,519,60238667994,49428,140298094621,6,2510073,0.173621,25.110292714,24.929315,1,201380,152248,238208,0.181524,24.9981,L3:0=020;1=fff,00000c00,Thu Apr 2 12:07:50 PM UTC 2026,5409570_815,coppernode23
"sh -c 'amoclingo -e=/home/guests/mmacri/AMOSUM/benchmarks/GraphColouring/encoding-amosum-amo.asp -l=false -m=minfly -lg=cpp -i=""$0""'",3,/home/guests/mmacri/AMOSUM/benchmarks/GraphColouring/test-instances-gc/0054-graph_colouring-150-0_4320.asp,268,1754586430907,9341229153,16579187439,1056,2891969496066,96660,9529226739695,4,120499128,0.276891,1204.995343297,1204.717443,1,392032,342480,429132,0.280841,1204.79,L3:0=040;1=fff,00003000,Thu Apr 2 12:07:53 PM UTC 2026,5409570_868,coppernode28
"sh -c 'amoclingo -e=/home/guests/mmacri/AMOSUM/benchmarks/GraphColouring/encoding-amosum-amo.asp -l=false -m=minfly -lg=cpp -i=""$0""'",3,/home/guests/mmacri/AMOSUM/benchmarks/GraphColouring/test-instances-gc/0058-graph_colouring-150-0_1440.asp,286,1924548987,7117526,17568396,492,3596855384,23167,10812804313,7,149974,0.064192,1.505108839,1.437953,1,99540,52136,133504,0.077182,1.50312,L3:0=040;1=fff,00003000,Thu Apr 2 12:07:55 PM UTC 2026,5409570_886,coppernode30
"sh -c 'amoclingo -e=/home/guests/mmacri/AMOSUM/benchmarks/GraphColouring/encoding-amosum-amo.asp -l=false -m=minfly -lg=cpp -i=""$0""'",3,/home/guests/mmacri/AMOSUM/benchmarks/GraphColouring/test-instances-gc/0018-graph_colouring-130-0_6240.asp,90,2737357352,11226074,28441181,736,5015781756,14288,15218661870,6,209131,0.059782,2.197276796,2.034571,1,67604,35272,101692,0.081134,2.09297,L3:0=080;1=fff,0000c000,Thu Apr 2 11:47:50 AM UTC 2026,5409570_690,coppernode27
"sh -c 'amoclingo -e=/home/guests/mmacri/AMOSUM/benchmarks/GraphColouring/encoding-amosum-amo.asp -l=false -m=minfly -lg=cpp -i=""$0""'",3,/home/guests/mmacri/AMOSUM/benchmarks/GraphColouring/test-instances-gc/0037-graph_colouring-140-0_6720.asp,185,6714495339,50786138,94503879,735,11526337361,29970,36669255827,6,480394,0.113777,4.905174375,4.693117,1,127520,79124,162760,0.133867,4.75605,L3:0=fff;1=004,00300000,Thu Apr 2 12:07:50 PM UTC 2026,5409570_785,coppernode27
"sh -c 'amoclingo -e=/home/guests/mmacri/AMOSUM/benchmarks/GraphColouring/encoding-amosum-amo.asp -l=false -m=minfly -lg=cpp -i=""$0""'",3,/home/guests/mmacri/AMOSUM/benchmarks/GraphColouring/test-instances-gc/0024-graph_colouring-135-0_1296.asp,116,1147745443,4976169,12368325,484,2355604303,17351,6305479365,6,98251,0.054159,1.007977483,0.930649,1,77876,36248,111924,0.058336,1.00336,L3:0=fff;1=010,03000000,Thu Apr 2 11:48:01 AM UTC 2026,5409570_716,coppernode28
"sh -c 'amoclingo -e=/home/guests/mmacri/AMOSUM/benchmarks/GraphColouring/encoding-amosum-amo.asp -l=false -m=minfly -lg=cpp -i=""$0""'",3,/home/guests/mmacri/AMOSUM/benchmarks/GraphColouring/test-instances-gc/0033-graph_colouring-140-0_1344.asp,161,795662321,4281329,11508357,490,1829401444,14687,4257747826,8,76331,0.036922,0.770674948,0.728484,1,48708,36780,77380,0.057424,0.787553,L3:0=fff;1=008,00c00000,Thu Apr 2 12:07:49 PM UTC 2026,5409570_761,coppernode21
"sh -c 'amoclingo -e=/home/guests/mmacri/AMOSUM/benchmarks/GraphColouring/encoding-amosum-amo.asp -l=false -m=minfly -lg=cpp -i=""$0""'",3,/home/guests/mmacri/AMOSUM/benchmarks/GraphColouring/test-instances-gc/0015-graph_colouring-130-0_4992.asp,74,1471641789539,26947982310,69585084037,865,2711131388998,99547,7168665354686,6,112964118,0.25218,1129.650233967,1129.39157,1,394456,345428,444964,0.262046,1129.46,L3:0=010;1=fff,00000300,Thu Apr 2 11:47:48 AM UTC 2026,5409570_674,coppernode29
"sh -c 'amoclingo -e=/home/guests/mmacri/AMOSUM/benchmarks/GraphColouring/encoding-amosum-amo.asp -l=false -m=minfly -lg=cpp -i=""$0""'",3,/home/guests/mmacri/AMOSUM/benchmarks/GraphColouring/test-instances-gc/0046-graph_colouring-145-0_2784.asp,227,1731635074412,9324892385,18249635977,988,2891959935080,78844,9494093257083,4,120498645,0.287233,1204.992416343,1204.701889,1,320464,272040,356872,0.304781,1204.76,L3:0=008;1=fff,000000c0,Thu Apr 2 12:07:51 PM UTC 2026,5409570_827,coppernode30
"sh -c 'amoclingo -e=/home/guests/mmacri/AMOSUM/benchmarks/GraphColouring/encoding-amosum-amo.asp -l=false -m=minfly -lg=cpp -i=""$0""'",3,/home/guests/mmacri/AMOSUM/benchmarks/GraphColouring/test-instances-gc/0050-graph_colouring-145-0_6960.asp,250,4820160248,32219059,69107507,496,9349180616,15430,27045631728,4,389650,0.027629,3.904427293,3.870999,1,72236,37084,106140,0.039008,3.93714,L3:0=004;1=fff,00000030,Thu Apr 2 12:07:52 PM UTC 2026,5409570_850,coppernode30
"sh -c 'amoclingo -e=/home/guests/mmacri/AMOSUM/benchmarks/GraphColouring/encoding-amosum-amo.asp -l=false -m=minfly -lg=cpp -i=""$0""'",3,/home/guests/mmacri/AMOSUM/benchmarks/GraphColouring/test-instances-gc/0032-graph_colouring-140-0_5376.asp,159,1572624920948,23146945268,45273840675,1422,2891774461207,137018,7351109199441,4,120491022,0.362631,1205.001638021,1204.550667,1,547088,498796,607304,0.393776,1204.6,L3:0=fff;1=004,00300000,Thu Apr 2 12:07:49 PM UTC 2026,5409570_759,coppernode23
"sh -c 'amoclingo -e=/home/guests/mmacri/AMOSUM/benchmarks/GraphColouring/encoding-amosum-amo.asp -l=false -m=minfly -lg=cpp -i=""$0""'",3,/home/guests/mmacri/AMOSUM/benchmarks/GraphColouring/test-instances-gc/0007-graph_colouring-125-0_1200.asp,31,594632068,4068494,10470414,466,1480230282,12516,3112049232,5,61772,0.07126,0.626855069,0.548644,1,48956,34912,77384,0.09246,0.605457,L3:0=002;1=fff,0000000c,Thu Apr 2 11:47:45 AM UTC 2026,5409570_631,coppernode30
"sh -c 'amoclingo -e=/home/guests/mmacri/AMOSUM/benchmarks/GraphColouring/encoding-amosum-amo.asp -l=false -m=minfly -lg=cpp -i=""$0""'",3,/home/guests/mmacri/AMOSUM/benchmarks/GraphColouring/test-instances-gc/0010-graph_colouring-125-0_1200.asp,46,645734185,4253691,10570605,474,1561066599,13017,3413466917,4,65148,0.051676,0.66015342,0.601791,1,48680,34904,77264,0.073773,0.65792,L3:0=008;1=fff,000000c0,Thu Apr 2 11:47:46 AM UTC 2026,5409570_646,coppernode23
"sh -c 'amoclingo -e=/home/guests/mmacri/AMOSUM/benchmarks/GraphColouring/encoding-amosum-amo.asp -l=false -m=minfly -lg=cpp -i=""$0""'",3,/home/guests/mmacri/AMOSUM/benchmarks/GraphColouring/test-instances-gc/0031-graph_colouring-140-0_4032.asp,153,1805382296618,9386464582,17867486268,1385,2891637702014,82690,9734130825821,14,120485365,0.243544,1204.987733477,1204.612955,1,337216,287980,373764,0.267098,1204.67,L3:0=008;1=fff,000000c0,Thu Apr 2 12:07:49 PM UTC 2026,5409570_753,coppernode21
"sh -c 'amoclingo -e=/home/guests/mmacri/AMOSUM/benchmarks/GraphColouring/encoding-amosum-amo.asp -l=false -m=minfly -lg=cpp -i=""$0""'",3,/home/guests/mmacri/AMOSUM/benchmarks/GraphColouring/test-instances-gc/0025-graph_colouring-135-0_5184.asp,124,1444351994354,64139444918,200979513573,1027,2892017241048,175671,4445365576358,4,120501113,0.399692,1205.01522833,1204.613724,1,690344,641976,765852,0.408909,1204.68,L3:0=fff;1=008,00c00000,Thu Apr 2 11:48:22 AM UTC 2026,5409570_724,coppernode22
"sh -c 'amoclingo -e=/home/guests/mmacri/AMOSUM/benchmarks/GraphColouring/encoding-amosum-amo.asp -l=false -m=minfly -lg=cpp -i=""$0""'",3,/home/guests/mmacri/AMOSUM/benchmarks/GraphColouring/test-instances-gc/0059-graph_colouring-150-0_7200.asp,295,31428884762,1829440151,2267308210,547,96492719191,87449,164155466740,4,4020655,0.209586,40.215882905,39.999516,1,343444,294684,391444,0.223054,40.0635,L3:0=080;1=fff,0000c000,Thu Apr 2 12:07:56 PM UTC 2026,5409570_895,coppernode24
"sh -c 'amoclingo -e=/home/guests/mmacri/AMOSUM/benchmarks/GraphColouring/encoding-amosum-amo.asp -l=false -m=minfly -lg=cpp -i=""$0""'",3,/home/guests/mmacri/AMOSUM/benchmarks/GraphColouring/test-instances-gc/0055-graph_colouring-150-0_1440.asp,271,746203264,4482717,11131719,494,1760948160,14068,3949490305,5,73473,0.035135,0.742532073,0.701758,1,48752,37348,77384,0.047401,0.768865,L3:0=fff;1=008,00c00000,Thu Apr 2 12:07:54 PM UTC 2026,5409570_871,coppernode30
"sh -c 'amoclingo -e=/home/guests/mmacri/AMOSUM/benchmarks/GraphColouring/encoding-amosum-amo.asp -l=false -m=minfly -lg=cpp -i=""$0""'",3,/home/guests/mmacri/AMOSUM/benchmarks/GraphColouring/test-instances-gc/0042-graph_colouring-145-0_1392.asp,206,957874777,4439284,13043264,783,2111065693,16174,5194142696,4,88091,0.058577,0.963459277,0.825325,1,47704,36396,77400,0.086274,0.881668,L3:0=010;1=fff,00000300,Thu Apr 2 12:07:50 PM UTC 2026,5409570_806,coppernode26
"sh -c 'amoclingo -e=/home/guests/mmacri/AMOSUM/benchmarks/GraphColouring/encoding-amosum-amo.asp -l=false -m=minfly -lg=cpp -i=""$0""'",3,/home/guests/mmacri/AMOSUM/benchmarks/GraphColouring/test-instances-gc/0018-graph_colouring-130-0_4992.asp,89,1558759350967,15883047349,30002905628,1314,2891677965728,42654,8423124063030,6,120487016,0.135028,1204.978385783,1204.73854,1,178452,130476,217992,0.153281,1204.8,L3:0=020;1=fff,00000c00,Thu Apr 2 11:47:50 AM UTC 2026,5409570_689,coppernode27
"sh -c 'amoclingo -e=/home/guests/mmacri/AMOSUM/benchmarks/GraphColouring/encoding-amosum-amo.asp -l=false -m=minfly -lg=cpp -i=""$0""'",3,/home/guests/mmacri/AMOSUM/benchmarks/GraphColouring/test-instances-gc/0014-graph_colouring-130-0_2496.asp,67,1664503143151,12357259231,23158250135,1017,2891953090711,86961,9004678853787,4,120498397,0.184869,1204.994803169,1204.801695,1,358260,309476,394620,0.184869,1204.88,L3:0=fff;1=080,c0000000,Thu Apr 2 11:47:47 AM UTC 2026,5409570_667,coppernode29
"sh -c 'amoclingo -e=/home/guests/mmacri/AMOSUM/benchmarks/GraphColouring/encoding-amosum-amo.asp -l=false -m=minfly -lg=cpp -i=""$0""'",3,/home/guests/mmacri/AMOSUM/benchmarks/GraphColouring/test-instances-gc/0002-graph_colouring-125-0_6000.asp,10,2331184288,9332249,25946311,491,4396121985,14240,13001001465,4,183269,0.055577,1.84201116,1.779388,1,68608,34644,103736,0.076128,1.83865,L3:0=020;1=fff,00000c00,Thu Apr 2 11:47:44 AM UTC 2026,5409570_610,coppernode28
"sh -c 'amoclingo -e=/home/guests/mmacri/AMOSUM/benchmarks/GraphColouring/encoding-amosum-amo.asp -l=false -m=minfly -lg=cpp -i=""$0""'",3,/home/guests/mmacri/AMOSUM/benchmarks/GraphColouring/test-instances-gc/0021-graph_colouring-135-0_6480.asp,105,13517967706,431056337,579606885,504,31101199212,49006,66569205363,2,1296003,0.124513,12.972263686,12.837404,1,195504,148568,236676,0.150922,12.8881,L3:0=002;1=fff,0000000c,Thu Apr 2 11:47:52 AM UTC 2026,5409570_705,coppernode26
"sh -c 'amoclingo -e=/home/guests/mmacri/AMOSUM/benchmarks/GraphColouring/encoding-amosum-amo.asp -l=false -m=minfly -lg=cpp -i=""$0""'",3,/home/guests/mmacri/AMOSUM/benchmarks/GraphColouring/test-instances-gc/0035-graph_colouring-140-0_2688.asp,172,1712216940023,10378188664,19988304478,1322,2891933247424,86045,9317749498456,6,120497728,0.245445,1204.991984868,1204.734353,1,354016,305944,391780,0.264826,1204.79,L3:0=004;1=fff,00000030,Thu Apr 2 12:07:49 PM UTC 2026,5409570_772,coppernode24
"sh -c 'amoclingo -e=/home/guests/mmacri/AMOSUM/benchmarks/GraphColouring/encoding-amosum-amo.asp -l=false -m=minfly -lg=cpp -i=""$0""'",3,/home/guests/mmacri/AMOSUM/benchmarks/GraphColouring/test-instances-gc/0040-graph_colouring-140-0_1344.asp,196,805662047,4434969,11486391,489,1868424263,14524,4298414526,5,77955,0.060876,0.787025874,0.720808,1,48448,37048,77268,0.081439,0.780209,L3:0=020;1=fff,00000c00,Thu Apr 2 12:07:50 PM UTC 2026,5409570_796,coppernode25
"sh -c 'amoclingo -e=/home/guests/mmacri/AMOSUM/benchmarks/GraphColouring/encoding-amosum-amo.asp -l=false -m=minfly -lg=cpp -i=""$0""'",3,/home/guests/mmacri/AMOSUM/benchmarks/GraphColouring/test-instances-gc/0036-graph_colouring-140-0_4032.asp,178,1799635474556,9496782022,18188551481,1215,2891899184799,103747,9704218457978,4,120496210,0.241431,1204.994255023,1204.723989,1,411200,363024,449800,0.2531,1204.79,L3:0=040;1=fff,00003000,Thu Apr 2 12:07:49 PM UTC 2026,5409570_778,coppernode29
"sh -c 'amoclingo -e=/home/guests/mmacri/AMOSUM/benchmarks/GraphColouring/encoding-amosum-amo.asp -l=false -m=minfly -lg=cpp -i=""$0""'",3,/home/guests/mmacri/AMOSUM/benchmarks/GraphColouring/test-instances-gc/0017-graph_colouring-130-0_3744.asp,83,1814232666737,8880872695,17431290960,2306,2891874612986,83716,9737597063491,4,120495624,0.237018,1204.991284391,1204.723838,1,339408,290720,375348,0.250411,1204.79,L3:0=002;1=fff,0000000c,Thu Apr 2 11:47:48 AM UTC 2026,5409570_683,coppernode27
"sh -c 'amoclingo -e=/home/guests/mmacri/AMOSUM/benchmarks/GraphColouring/encoding-amosum-amo.asp -l=false -m=minfly -lg=cpp -i=""$0""'",3,/home/guests/mmacri/AMOSUM/benchmarks/GraphColouring/test-instances-gc/0050-graph_colouring-145-0_5568.asp,249,1650007450904,16459852870,32537284338,1034,2891989132433,141291,8467913056474,6,120499985,0.300283,1205.006323073,1204.702709,1,565404,516308,618032,0.309639,1204.77,L3:0=fff;1=020,0c000000,Thu Apr 2 12:07:52 PM UTC 2026,5409570_849,coppernode21
"sh -c 'amoclingo -e=/home/guests/mmacri/AMOSUM/benchmarks/GraphColouring/encoding-amosum-amo.asp -l=false -m=minfly -lg=cpp -i=""$0""'",3,/home/guests/mmacri/AMOSUM/benchmarks/GraphColouring/test-instances-gc/0047-graph_colouring-145-0_5568.asp,234,1680954930436,21618088097,46536214217,1215,2891931700173,178961,7852052217165,6,120497610,0.449565,1205.013709266,1204.529465,1,710868,661760,772512,0.457904,1204.6,L3:0=010;1=fff,00000300,Thu Apr 2 12:07:51 PM UTC 2026,5409570_834,coppernode28
"sh -c 'amoclingo -e=/home/guests/mmacri/AMOSUM/benchmarks/GraphColouring/encoding-amosum-amo.asp -l=false -m=minfly -lg=cpp -i=""$0""'",3,/home/guests/mmacri/AMOSUM/benchmarks/GraphColouring/test-instances-gc/0049-graph_colouring-145-0_4176.asp,243,1726779296019,10861844961,19734175757,959,2891881487664,88916,9360551094700,6,120495409,0.210947,1204.9910638,1204.74562,1,361008,312480,399376,0.222932,1204.81,L3:0=fff;1=004,00300000,Thu Apr 2 12:07:52 PM UTC 2026,5409570_843,coppernode25
"sh -c 'amoclingo -e=/home/guests/mmacri/AMOSUM/benchmarks/GraphColouring/encoding-amosum-amo.asp -l=false -m=minfly -lg=cpp -i=""$0""'",3,/home/guests/mmacri/AMOSUM/benchmarks/GraphColouring/test-instances-gc/0028-graph_colouring-135-0_6480.asp,140,15088849073,660245515,834109674,921,41302106307,61679,81602023202,4,1721073,0.204376,17.320049143,17.010208,1,247676,199232,289376,0.221072,17.0706,L3:0=fff;1=080,c0000000,Thu Apr 2 12:01:16 PM UTC 2026,5409570_740,coppernode23
"sh -c 'amoclingo -e=/home/guests/mmacri/AMOSUM/benchmarks/GraphColouring/encoding-amosum-amo.asp -l=false -m=minfly -lg=cpp -i=""$0""'",3,/home/guests/mmacri/AMOSUM/benchmarks/GraphColouring/test-instances-gc/0028-graph_colouring-135-0_2592.asp,137,1679161763699,12033168590,22863821859,1043,2891944998588,90883,9104991467212,6,120498059,0.244137,1204.996530673,1204.738547,1,367712,318900,405684,0.260018,1204.8,L3:0=fff;1=008,00c00000,Thu Apr 2 11:53:15 AM UTC 2026,5409570_737,coppernode23
"sh -c 'amoclingo -e=/home/guests/mmacri/AMOSUM/benchmarks/GraphColouring/encoding-amosum-amo.asp -l=false -m=minfly -lg=cpp -i=""$0""'",3,/home/guests/mmacri/AMOSUM/benchmarks/GraphColouring/test-instances-gc/0005-graph_colouring-125-0_2400.asp,22,1595615500083,14575441794,26869390037,1017,2891954150804,84796,8565107139767,2,120498425,0.234913,1204.991226062,1204.751805,1,344272,296420,382700,0.260458,1204.81,L3:0=040;1=fff,00003000,Thu Apr 2 11:47:45 AM UTC 2026,5409570_622,coppernode30
"sh -c 'amoclingo -e=/home/guests/mmacri/AMOSUM/benchmarks/GraphColouring/encoding-amosum-amo.asp -l=false -m=minfly -lg=cpp -i=""$0""'",3,/home/guests/mmacri/AMOSUM/benchmarks/GraphColouring/test-instances-gc/0011-graph_colouring-130-0_6240.asp,55,3590662574,15548705,38690826,478,6540518746,14091,20082865534,4,272622,0.020865,2.735435164,2.707474,1,69152,35464,103468,0.044331,2.76186,L3:0=008;1=fff,000000c0,Thu Apr 2 11:47:46 AM UTC 2026,5409570_655,coppernode25
"sh -c 'amoclingo -e=/home/guests/mmacri/AMOSUM/benchmarks/GraphColouring/encoding-amosum-amo.asp -l=false -m=minfly -lg=cpp -i=""$0""'",3,/home/guests/mmacri/AMOSUM/benchmarks/GraphColouring/test-instances-gc/0006-graph_colouring-125-0_3600.asp,28,1725514169309,11030591281,21131313299,1035,2891965084127,90799,9198543619520,2,120498955,0.199541,1204.995136589,1204.792359,1,371944,322880,408640,0.219226,1204.85,L3:0=080;1=fff,0000c000,Thu Apr 2 11:47:45 AM UTC 2026,5409570_628,coppernode21
"sh -c 'amoclingo -e=/home/guests/mmacri/AMOSUM/benchmarks/GraphColouring/encoding-amosum-amo.asp -l=false -m=minfly -lg=cpp -i=""$0""'",3,/home/guests/mmacri/AMOSUM/benchmarks/GraphColouring/test-instances-gc/0046-graph_colouring-145-0_6960.asp,230,5013796493,26959386,58054234,500,9048405018,17554,27340381695,4,377124,0.064496,3.779644529,3.70897,1,79444,37348,113472,0.082109,3.76868,L3:0=020;1=fff,00000c00,Thu Apr 2 12:07:51 PM UTC 2026,5409570_830,coppernode30
"sh -c 'amoclingo -e=/home/guests/mmacri/AMOSUM/benchmarks/GraphColouring/encoding-amosum-amo.asp -l=false -m=minfly -lg=cpp -i=""$0""'",3,/home/guests/mmacri/AMOSUM/benchmarks/GraphColouring/test-instances-gc/0050-graph_colouring-145-0_2784.asp,247,1711685572114,9875442504,18855741452,1000,2891959995820,77010,9358996525701,6,120498805,0.213153,1204.991291374,1204.776814,1,316984,268024,351548,0.221095,1204.85,L3:0=008;1=fff,000000c0,Thu Apr 2 12:07:52 PM UTC 2026,5409570_847,coppernode22
"sh -c 'amoclingo -e=/home/guests/mmacri/AMOSUM/benchmarks/GraphColouring/encoding-amosum-amo.asp -l=false -m=minfly -lg=cpp -i=""$0""'",3,/home/guests/mmacri/AMOSUM/benchmarks/GraphColouring/test-instances-gc/0028-graph_colouring-135-0_5184.asp,139,1360520847379,67258942742,198003111739,1426,2891787392079,177741,4178716858470,7,120491551,0.512511,1205.020994031,1204.406786,1,707060,658128,783256,0.529293,1204.47,L3:0=040;1=fff,00003000,Thu Apr 2 12:00:29 PM UTC 2026,5409570_739,coppernode25
"sh -c 'amoclingo -e=/home/guests/mmacri/AMOSUM/benchmarks/GraphColouring/encoding-amosum-amo.asp -l=false -m=minfly -lg=cpp -i=""$0""'",3,/home/guests/mmacri/AMOSUM/benchmarks/GraphColouring/test-instances-gc/0006-graph_colouring-125-0_1200.asp,26,740324886,4172214,10918305,473,1712389242,13900,3968174979,4,71453,0.034759,0.723276353,0.681824,1,48680,35168,77384,0.054464,0.738644,L3:0=008;1=fff,000000c0,Thu Apr 2 11:47:45 AM UTC 2026,5409570_626,coppernode23
"sh -c 'amoclingo -e=/home/guests/mmacri/AMOSUM/benchmarks/GraphColouring/encoding-amosum-amo.asp -l=false -m=minfly -lg=cpp -i=""$0""'",3,/home/guests/mmacri/AMOSUM/benchmarks/GraphColouring/test-instances-gc/0011-graph_colouring-130-0_1248.asp,51,630630454,4073779,11736168,933,1572945590,12987,3320825309,6,65697,0.057617,0.780035468,0.602912,1,48144,34932,77004,0.068959,0.66887,L3:0=010;1=fff,00000300,Thu Apr 2 11:47:46 AM UTC 2026,5409570_651,coppernode29
"sh -c 'amoclingo -e=/home/guests/mmacri/AMOSUM/benchmarks/GraphColouring/encoding-amosum-amo.asp -l=false -m=minfly -lg=cpp -i=""$0""'",3,/home/guests/mmacri/AMOSUM/benchmarks/GraphColouring/test-instances-gc/0029-graph_colouring-135-0_5184.asp,144,1340455165309,60191749509,166178603835,1625,2891696594476,180215,4756410938265,14,120487896,0.448663,1205.016089192,1204.434261,1,681860,633064,759992,0.46863,1204.49,L3:0=080;1=fff,0000c000,Thu Apr 2 12:03:30 PM UTC 2026,5409570_744,coppernode25
"sh -c 'amoclingo -e=/home/guests/mmacri/AMOSUM/benchmarks/GraphColouring/encoding-amosum-amo.asp -l=false -m=minfly -lg=cpp -i=""$0""'",3,/home/guests/mmacri/AMOSUM/benchmarks/GraphColouring/test-instances-gc/0027-graph_colouring-135-0_3888.asp,133,1798254321926,9091727419,17566330289,1353,2891584992399,90469,9742202902865,7,120483075,0.191134,1204.993016057,1204.64364,1,368368,320320,403780,0.209504,1204.7,L3:0=fff;1=080,c0000000,Thu Apr 2 11:49:18 AM UTC 2026,5409570_733,coppernode27
"sh -c 'amoclingo -e=/home/guests/mmacri/AMOSUM/benchmarks/GraphColouring/encoding-amosum-amo.asp -l=false -m=minfly -lg=cpp -i=""$0""'",3,/home/guests/mmacri/AMOSUM/benchmarks/GraphColouring/test-instances-gc/0055-graph_colouring-150-0_7200.asp,275,78545162396,4076425822,9539546646,552,169805144521,91191,293930645875,4,7075343,0.228863,70.762161322,70.526896,1,355900,309964,400312,0.246436,70.5863,L3:0=010;1=fff,00000300,Thu Apr 2 12:07:54 PM UTC 2026,5409570_875,coppernode21
"sh -c 'amoclingo -e=/home/guests/mmacri/AMOSUM/benchmarks/GraphColouring/encoding-amosum-amo.asp -l=false -m=minfly -lg=cpp -i=""$0""'",3,/home/guests/mmacri/AMOSUM/benchmarks/GraphColouring/test-instances-gc/0041-graph_colouring-145-0_2784.asp,202,1727989496383,9674015206,19009681608,1107,2891949335178,78223,9460258722328,4,120498255,0.20868,1204.989566557,1204.776772,1,320292,272084,356020,0.235176,1204.83,L3:0=fff;1=080,c0000000,Thu Apr 2 12:07:50 PM UTC 2026,5409570_802,coppernode28
"sh -c 'amoclingo -e=/home/guests/mmacri/AMOSUM/benchmarks/GraphColouring/encoding-amosum-amo.asp -l=false -m=minfly -lg=cpp -i=""$0""'",3,/home/guests/mmacri/AMOSUM/benchmarks/GraphColouring/test-instances-gc/0042-graph_colouring-145-0_4176.asp,208,1770219558687,9469694537,17129449759,1377,2891763576847,91390,9585584660346,4,120490585,0.269233,1204.99010356,1204.640127,1,361048,312764,400152,0.289525,1204.7,L3:0=080;1=fff,0000c000,Thu Apr 2 12:07:50 PM UTC 2026,5409570_808,coppernode26
"sh -c 'amoclingo -e=/home/guests/mmacri/AMOSUM/benchmarks/GraphColouring/encoding-amosum-amo.asp -l=false -m=minfly -lg=cpp -i=""$0""'",3,/home/guests/mmacri/AMOSUM/benchmarks/GraphColouring/test-instances-gc/0059-graph_colouring-150-0_1440.asp,291,3975691291,11593998,29159283,508,6724159791,33741,22664038133,4,280276,0.100421,2.806259161,2.704534,1,143020,94448,177328,0.1194,2.76309,L3:0=fff;1=002,000c0000,Thu Apr 2 12:07:55 PM UTC 2026,5409570_891,coppernode30
"sh -c 'amoclingo -e=/home/guests/mmacri/AMOSUM/benchmarks/GraphColouring/encoding-amosum-amo.asp -l=false -m=minfly -lg=cpp -i=""$0""'",3,/home/guests/mmacri/AMOSUM/benchmarks/GraphColouring/test-instances-gc/0014-graph_colouring-130-0_4992.asp,69,917668974314,16493663895,40929279824,745,1738827545190,96511,4536662805940,4,72451378,0.258458,724.522206953,724.257634,1,382628,333712,435456,0.27041,724.323,L3:0=fff;1=004,00300000,Thu Apr 2 11:47:47 AM UTC 2026,5409570_669,coppernode24
"sh -c 'amoclingo -e=/home/guests/mmacri/AMOSUM/benchmarks/GraphColouring/encoding-amosum-amo.asp -l=false -m=minfly -lg=cpp -i=""$0""'",3,/home/guests/mmacri/AMOSUM/benchmarks/GraphColouring/test-instances-gc/0018-graph_colouring-130-0_2496.asp,87,1673109452422,12447983927,23195709379,1047,2891941202503,87558,9017250395644,4,120497903,0.1688,1204.990406202,1204.812582,1,357672,309052,394916,0.185619,1204.87,L3:0=fff;1=008,00c00000,Thu Apr 2 11:47:49 AM UTC 2026,5409570_687,coppernode27
"sh -c 'amoclingo -e=/home/guests/mmacri/AMOSUM/benchmarks/GraphColouring/encoding-amosum-amo.asp -l=false -m=minfly -lg=cpp -i=""$0""'",3,/home/guests/mmacri/AMOSUM/benchmarks/GraphColouring/test-instances-gc/0039-graph_colouring-140-0_2688.asp,192,1683760282790,9835412601,18901270145,1160,2891926259241,77236,9233042988918,6,120497297,0.185649,1204.986459667,1204.790086,1,315744,268704,355196,0.207959,1204.85,L3:0=fff;1=020,0c000000,Thu Apr 2 12:07:50 PM UTC 2026,5409570_792,coppernode29
"sh -c 'amoclingo -e=/home/guests/mmacri/AMOSUM/benchmarks/GraphColouring/encoding-amosum-amo.asp -l=false -m=minfly -lg=cpp -i=""$0""'",3,/home/guests/mmacri/AMOSUM/benchmarks/GraphColouring/test-instances-gc/0021-graph_colouring-135-0_1296.asp,101,1181767647,5231099,13360471,483,2402116265,17643,6538466973,7,100199,0.055148,1.010909696,0.949076,1,78312,36228,112744,0.068581,1.0124,L3:0=080;1=fff,0000c000,Thu Apr 2 11:47:51 AM UTC 2026,5409570_701,coppernode22
"sh -c 'amoclingo -e=/home/guests/mmacri/AMOSUM/benchmarks/GraphColouring/encoding-amosum-amo.asp -l=false -m=minfly -lg=cpp -i=""$0""'",3,/home/guests/mmacri/AMOSUM/benchmarks/GraphColouring/test-instances-gc/0036-graph_colouring-140-0_1344.asp,176,1132927189,5277745,13718129,913,2370736941,17553,6228662290,9,98931,0.056193,1.110573253,0.936548,1,77940,36760,111656,0.084376,0.986545,L3:0=020;1=fff,00000c00,Thu Apr 2 12:07:49 PM UTC 2026,5409570_776,coppernode30
"sh -c 'amoclingo -e=/home/guests/mmacri/AMOSUM/benchmarks/GraphColouring/encoding-amosum-amo.asp -l=false -m=minfly -lg=cpp -i=""$0""'",3,/home/guests/mmacri/AMOSUM/benchmarks/GraphColouring/test-instances-gc/0040-graph_colouring-140-0_4032.asp,198,1838464030501,7893589034,15703921624,1473,2891951820876,111734,9996493490155,4,120498452,0.240836,1204.995074649,1204.74686,1,448588,400636,485608,0.263081,1204.81,L3:0=fff;1=002,000c0000,Thu Apr 2 12:07:50 PM UTC 2026,5409570_798,coppernode28
"sh -c 'amoclingo -e=/home/guests/mmacri/AMOSUM/benchmarks/GraphColouring/encoding-amosum-amo.asp -l=false -m=minfly -lg=cpp -i=""$0""'",3,/home/guests/mmacri/AMOSUM/benchmarks/GraphColouring/test-instances-gc/0001-graph_colouring-125-0_4800.asp,4,1094891028864,9103404356,18075477862,1259,1947737545912,44181,5908689759163,8,81156026,0.131528,811.717090702,811.432917,1,186132,137944,225692,0.164543,811.478,L3:0=fff;1=080,c0000000,Thu Apr 2 11:47:44 AM UTC 2026,5409570_604,coppernode23
"sh -c 'amoclingo -e=/home/guests/mmacri/AMOSUM/benchmarks/GraphColouring/encoding-amosum-amo.asp -l=false -m=minfly -lg=cpp -i=""$0""'",3,/home/guests/mmacri/AMOSUM/benchmarks/GraphColouring/test-instances-gc/0013-graph_colouring-130-0_3744.asp,63,1806225977619,9661389589,18706123873,1058,2891905063003,83158,9658228846801,8,120496409,0.253651,1204.99005259,1204.713215,1,326900,277884,364016,0.269534,1204.77,L3:0=fff;1=020,0c000000,Thu Apr 2 11:47:47 AM UTC 2026,5409570_663,coppernode24
"sh -c 'amoclingo -e=/home/guests/mmacri/AMOSUM/benchmarks/GraphColouring/encoding-amosum-amo.asp -l=false -m=minfly -lg=cpp -i=""$0""'",3,/home/guests/mmacri/AMOSUM/benchmarks/GraphColouring/test-instances-gc/0003-graph_colouring-125-0_4800.asp,14,1625873225922,18578548452,39172739939,981,2891937726096,88941,8460604040540,4,120497766,0.208082,1204.993047503,1204.772269,1,357428,309340,402644,0.223941,1204.83,L3:0=020;1=fff,00000c00,Thu Apr 2 11:47:44 AM UTC 2026,5409570_614,coppernode23
"sh -c 'amoclingo -e=/home/guests/mmacri/AMOSUM/benchmarks/GraphColouring/encoding-amosum-amo.asp -l=false -m=minfly -lg=cpp -i=""$0""'",3,/home/guests/mmacri/AMOSUM/benchmarks/GraphColouring/test-instances-gc/0046-graph_colouring-145-0_5568.asp,229,1619778338474,15218707430,27910307178,996,2891951288060,78039,8654226977704,4,120498404,0.232732,1204.989536108,1204.753704,1,317248,269184,360348,0.244717,1204.82,L3:0=040;1=fff,00003000,Thu Apr 2 12:07:51 PM UTC 2026,5409570_829,coppernode21
"sh -c 'amoclingo -e=/home/guests/mmacri/AMOSUM/benchmarks/GraphColouring/encoding-amosum-amo.asp -l=false -m=minfly -lg=cpp -i=""$0""'",3,/home/guests/mmacri/AMOSUM/benchmarks/GraphColouring/test-instances-gc/0045-graph_colouring-145-0_4176.asp,223,1689075492337,10447700581,18953297894,1110,2891962674689,80131,9144303829749,4,120498859,0.187573,1204.992489075,1204.803878,1,321368,272996,362768,0.203376,1204.86,L3:0=fff;1=020,0c000000,Thu Apr 2 12:07:51 PM UTC 2026,5409570_823,coppernode22
"sh -c 'amoclingo -e=/home/guests/mmacri/AMOSUM/benchmarks/GraphColouring/encoding-amosum-amo.asp -l=false -m=minfly -lg=cpp -i=""$0""'",3,/home/guests/mmacri/AMOSUM/benchmarks/GraphColouring/test-instances-gc/0051-graph_colouring-150-0_5760.asp,254,1438777609614,43579223927,136255639912,2130,2891971440352,222473,5321569869964,4,120499507,0.523702,1205.020008807,1204.475484,1,867860,819272,945584,0.541372,1204.54,L3:0=002;1=fff,0000000c,Thu Apr 2 12:07:52 PM UTC 2026,5409570_854,coppernode30
"sh -c 'amoclingo -e=/home/guests/mmacri/AMOSUM/benchmarks/GraphColouring/encoding-amosum-amo.asp -l=false -m=minfly -lg=cpp -i=""$0""'",3,/home/guests/mmacri/AMOSUM/benchmarks/GraphColouring/test-instances-gc/0032-graph_colouring-140-0_2688.asp,157,1691112027811,11019448924,20978261195,1945,2891723787148,88889,9255825696263,4,120489064,0.229127,1204.990175728,1204.665332,1,358280,310028,395244,0.246925,1204.73,L3:0=fff;1=002,000c0000,Thu Apr 2 12:07:49 PM UTC 2026,5409570_757,coppernode23
"sh -c 'amoclingo -e=/home/guests/mmacri/AMOSUM/benchmarks/GraphColouring/encoding-amosum-amo.asp -l=false -m=minfly -lg=cpp -i=""$0""'",3,/home/guests/mmacri/AMOSUM/benchmarks/GraphColouring/test-instances-gc/0024-graph_colouring-135-0_6480.asp,120,23573762801,1038886457,1890507277,522,57258062764,56448,103328080584,4,2385882,0.141223,23.870343849,23.719745,1,226384,177888,268164,0.157109,23.7809,L3:0=002;1=fff,0000000c,Thu Apr 2 11:48:06 AM UTC 2026,5409570_720,coppernode26
"sh -c 'amoclingo -e=/home/guests/mmacri/AMOSUM/benchmarks/GraphColouring/encoding-amosum-amo.asp -l=false -m=minfly -lg=cpp -i=""$0""'",3,/home/guests/mmacri/AMOSUM/benchmarks/GraphColouring/test-instances-gc/0007-graph_colouring-125-0_6000.asp,35,2371674552,9233752,24443396,468,4411284860,13622,13207488563,4,183905,0.064169,1.848970282,1.777109,1,67552,34928,100796,0.079968,1.83801,L3:0=080;1=fff,0000c000,Thu Apr 2 11:47:46 AM UTC 2026,5409570_635,coppernode28
"sh -c 'amoclingo -e=/home/guests/mmacri/AMOSUM/benchmarks/GraphColouring/encoding-amosum-amo.asp -l=false -m=minfly -lg=cpp -i=""$0""'",3,/home/guests/mmacri/AMOSUM/benchmarks/GraphColouring/test-instances-gc/0009-graph_colouring-125-0_2400.asp,42,1674083113421,12168147569,23347909036,1034,2891938187015,76271,9074484059002,2,120497812,0.187453,1204.988776584,1204.793166,1,303648,255664,340120,0.188268,1204.87,L3:0=010;1=fff,00000300,Thu Apr 2 11:47:46 AM UTC 2026,5409570_642,coppernode27
"sh -c 'amoclingo -e=/home/guests/mmacri/AMOSUM/benchmarks/GraphColouring/encoding-amosum-amo.asp -l=false -m=minfly -lg=cpp -i=""$0""'",3,/home/guests/mmacri/AMOSUM/benchmarks/GraphColouring/test-instances-gc/0010-graph_colouring-125-0_3600.asp,48,1794106978383,10661381004,21070269963,963,2891958167169,86133,9530833400413,4,120498543,0.199715,1204.991889652,1204.787999,1,340448,291764,377708,0.211137,1204.85,L3:0=fff;1=010,03000000,Thu Apr 2 11:47:46 AM UTC 2026,5409570_648,coppernode30
"sh -c 'amoclingo -e=/home/guests/mmacri/AMOSUM/benchmarks/GraphColouring/encoding-amosum-amo.asp -l=false -m=minfly -lg=cpp -i=""$0""'",3,/home/guests/mmacri/AMOSUM/benchmarks/GraphColouring/test-instances-gc/0057-graph_colouring-150-0_2880.asp,282,1753792058750,8551994156,16785848864,1025,2891938898755,81718,9620391945635,4,120497801,0.181876,1204.988956659,1204.798799,1,316724,268052,353444,0.197889,1204.86,L3:0=fff;1=010,03000000,Thu Apr 2 12:07:54 PM UTC 2026,5409570_882,coppernode29
"sh -c 'amoclingo -e=/home/guests/mmacri/AMOSUM/benchmarks/GraphColouring/encoding-amosum-amo.asp -l=false -m=minfly -lg=cpp -i=""$0""'",3,/home/guests/mmacri/AMOSUM/benchmarks/GraphColouring/test-instances-gc/0058-graph_colouring-150-0_4320.asp,288,1707976310824,10930183043,19317494840,2362,2891900425391,89613,9261659952533,4,120496545,0.292394,1204.994366095,1204.674926,1,355924,307652,393596,0.326318,1204.72,L3:0=fff;1=040,30000000,Thu Apr 2 12:07:55 PM UTC 2026,5409570_888,coppernode26
"sh -c 'amoclingo -e=/home/guests/mmacri/AMOSUM/benchmarks/GraphColouring/encoding-amosum-amo.asp -l=false -m=minfly -lg=cpp -i=""$0""'",3,/home/guests/mmacri/AMOSUM/benchmarks/GraphColouring/test-instances-gc/0054-graph_colouring-150-0_1440.asp,266,1196174306,5099442,13456868,498,2476356964,18417,6585299679,5,103286,0.06023,1.040931045,0.974786,1,77748,37604,111836,0.075329,1.03679,L3:0=002;1=fff,0000000c,Thu Apr 2 12:07:53 PM UTC 2026,5409570_866,coppernode23
"sh -c 'amoclingo -e=/home/guests/mmacri/AMOSUM/benchmarks/GraphColouring/encoding-amosum-amo.asp -l=false -m=minfly -lg=cpp -i=""$0""'",3,/home/guests/mmacri/AMOSUM/benchmarks/GraphColouring/test-instances-gc/0043-graph_colouring-145-0_1392.asp,211,870801015,4409690,11491957,497,1944761030,14920,4669521554,5,81135,0.031501,0.819155081,0.781988,1,48692,37288,77380,0.050853,0.841784,L3:0=fff;1=002,000c0000,Thu Apr 2 12:07:50 PM UTC 2026,5409570_811,coppernode30
"sh -c 'amoclingo -e=/home/guests/mmacri/AMOSUM/benchmarks/GraphColouring/encoding-amosum-amo.asp -l=false -m=minfly -lg=cpp -i=""$0""'",3,/home/guests/mmacri/AMOSUM/benchmarks/GraphColouring/test-instances-gc/0014-graph_colouring-130-0_6240.asp,70,2775897071,18690272,41137800,481,5440444495,14854,15500707804,8,226791,0.064696,2.292948519,2.205325,1,71328,36056,105112,0.084681,2.26295,L3:0=002;1=fff,0000000c,Thu Apr 2 11:47:47 AM UTC 2026,5409570_670,coppernode26
"sh -c 'amoclingo -e=/home/guests/mmacri/AMOSUM/benchmarks/GraphColouring/encoding-amosum-amo.asp -l=false -m=minfly -lg=cpp -i=""$0""'",3,/home/guests/mmacri/AMOSUM/benchmarks/GraphColouring/test-instances-gc/0023-graph_colouring-135-0_2592.asp,112,1654899200664,11946506442,22680270680,1104,2891970363699,97273,8978645766192,4,120499234,0.252076,1204.997737451,1204.743311,1,396824,348092,434780,0.26393,1204.81,L3:0=080;1=fff,0000c000,Thu Apr 2 11:47:54 AM UTC 2026,5409570_712,coppernode22
"sh -c 'amoclingo -e=/home/guests/mmacri/AMOSUM/benchmarks/GraphColouring/encoding-amosum-amo.asp -l=false -m=minfly -lg=cpp -i=""$0""'",3,/home/guests/mmacri/AMOSUM/benchmarks/GraphColouring/test-instances-gc/0033-graph_colouring-140-0_6720.asp,165,2746279385,8983972,24908142,523,4905811446,14730,15202661963,4,204510,0.09017,2.053451055,1.957109,1,68100,36196,102580,0.113438,2.01717,L3:0=008;1=fff,000000c0,Thu Apr 2 12:07:49 PM UTC 2026,5409570_765,coppernode22
"sh -c 'amoclingo -e=/home/guests/mmacri/AMOSUM/benchmarks/GraphColouring/encoding-amosum-amo.asp -l=false -m=minfly -lg=cpp -i=""$0""'",3,/home/guests/mmacri/AMOSUM/benchmarks/GraphColouring/test-instances-gc/0037-graph_colouring-140-0_1344.asp,181,850675295,4669770,12544584,908,1928445329,15343,4587152935,6,80505,0.040486,0.913401036,0.767791,1,47716,36512,76364,0.057139,0.827753,L3:0=008;1=fff,000000c0,Thu Apr 2 12:07:50 PM UTC 2026,5409570_781,coppernode28
"sh -c 'amoclingo -e=/home/guests/mmacri/AMOSUM/benchmarks/GraphColouring/encoding-amosum-amo.asp -l=false -m=minfly -lg=cpp -i=""$0""'",3,/home/guests/mmacri/AMOSUM/benchmarks/GraphColouring/test-instances-gc/0024-graph_colouring-135-0_3888.asp,118,1751131235071,10482651321,19838614990,1030,2891956235932,80195,9444274244273,4,120498531,0.191518,1204.990914635,1204.796685,1,328872,280660,365928,0.209175,1204.86,L3:0=fff;1=010,03000000,Thu Apr 2 11:48:03 AM UTC 2026,5409570_718,coppernode28
"sh -c 'amoclingo -e=/home/guests/mmacri/AMOSUM/benchmarks/GraphColouring/encoding-amosum-amo.asp -l=false -m=minfly -lg=cpp -i=""$0""'",3,/home/guests/mmacri/AMOSUM/benchmarks/GraphColouring/test-instances-gc/0019-graph_colouring-130-0_4992.asp,94,1565209839874,23809020257,57978370289,1177,2891783755234,104285,7766223223523,4,120491333,0.268973,1204.995359657,1204.646942,1,419788,370384,475556,0.28099,1204.71,L3:0=fff;1=008,00c00000,Thu Apr 2 11:47:50 AM UTC 2026,5409570_694,coppernode28
"sh -c 'amoclingo -e=/home/guests/mmacri/AMOSUM/benchmarks/GraphColouring/encoding-amosum-amo.asp -l=false -m=minfly -lg=cpp -i=""$0""'",3,/home/guests/mmacri/AMOSUM/benchmarks/GraphColouring/test-instances-gc/0016-graph_colouring-130-0_2496.asp,77,1654267630803,12076267030,22571277781,1020,2891946180653,76759,9014447398892,6,120498158,0.178904,1204.992511393,1204.80545,1,317204,268512,353088,0.198471,1204.86,L3:0=080;1=fff,0000c000,Thu Apr 2 11:47:48 AM UTC 2026,5409570_677,coppernode29
"sh -c 'amoclingo -e=/home/guests/mmacri/AMOSUM/benchmarks/GraphColouring/encoding-amosum-amo.asp -l=false -m=minfly -lg=cpp -i=""$0""'",3,/home/guests/mmacri/AMOSUM/benchmarks/GraphColouring/test-instances-gc/0020-graph_colouring-130-0_4992.asp,99,1424745636401,20842514472,37461087186,1287,2891788740801,80191,7523233772717,4,120491653,0.225894,1204.994061584,1204.693832,1,325896,277520,370804,0.233789,1204.76,L3:0=020;1=fff,00000c00,Thu Apr 2 11:47:51 AM UTC 2026,5409570_699,coppernode22
"sh -c 'amoclingo -e=/home/guests/mmacri/AMOSUM/benchmarks/GraphColouring/encoding-amosum-amo.asp -l=false -m=minfly -lg=cpp -i=""$0""'",3,/home/guests/mmacri/AMOSUM/benchmarks/GraphColouring/test-instances-gc/0033-graph_colouring-140-0_2688.asp,162,1693469400703,11324028786,21792711288,1580,2891675801929,81660,9268807263079,8,120486971,0.216285,1204.993277837,1204.657699,1,330848,282136,368968,0.237713,1204.72,L3:0=040;1=fff,00003000,Thu Apr 2 12:07:49 PM UTC 2026,5409570_762,coppernode24
"sh -c 'amoclingo -e=/home/guests/mmacri/AMOSUM/benchmarks/GraphColouring/encoding-amosum-amo.asp -l=false -m=minfly -lg=cpp -i=""$0""'",3,/home/guests/mmacri/AMOSUM/benchmarks/GraphColouring/test-instances-gc/0023-graph_colouring-135-0_6480.asp,115,23386289792,870041591,1131216108,509,58207077589,61879,115501897906,8,2425412,0.190399,24.284497452,24.06604,1,249056,200372,289828,0.206728,24.1262,L3:0=010;1=fff,00000300,Thu Apr 2 11:47:57 AM UTC 2026,5409570_715,coppernode23
"sh -c 'amoclingo -e=/home/guests/mmacri/AMOSUM/benchmarks/GraphColouring/encoding-amosum-amo.asp -l=false -m=minfly -lg=cpp -i=""$0""'",3,/home/guests/mmacri/AMOSUM/benchmarks/GraphColouring/test-instances-gc/0034-graph_colouring-140-0_4032.asp,168,1786913009106,9598762266,17517148206,1012,2891958912527,85299,9646918215035,6,120498666,0.201511,1204.99006319,1204.787703,1,346392,297344,382580,0.222258,1204.85,L3:0=fff;1=010,03000000,Thu Apr 2 12:07:49 PM UTC 2026,5409570_768,coppernode22
"sh -c 'amoclingo -e=/home/guests/mmacri/AMOSUM/benchmarks/GraphColouring/encoding-amosum-amo.asp -l=false -m=minfly -lg=cpp -i=""$0""'",3,/home/guests/mmacri/AMOSUM/benchmarks/GraphColouring/test-instances-gc/0038-graph_colouring-140-0_1344.asp,186,1173206187,4839534,14037443,814,2415307515,18000,6474046750,7,100782,0.101733,1.10671687,0.90942,1,78220,35992,112992,0.12894,0.965598,L3:0=040;1=fff,00003000,Thu Apr 2 12:07:50 PM UTC 2026,5409570_786,coppernode27
"sh -c 'amoclingo -e=/home/guests/mmacri/AMOSUM/benchmarks/GraphColouring/encoding-amosum-amo.asp -l=false -m=minfly -lg=cpp -i=""$0""'",3,/home/guests/mmacri/AMOSUM/benchmarks/GraphColouring/test-instances-gc/0019-graph_colouring-130-0_3744.asp,93,1754223008250,10745446640,20357686373,1321,2891743173691,94014,9405307800924,4,120489751,0.245549,1204.99334797,1204.655163,1,384672,335484,423176,0.267636,1204.71,L3:0=fff;1=080,c0000000,Thu Apr 2 11:47:50 AM UTC 2026,5409570_693,coppernode24
"sh -c 'amoclingo -e=/home/guests/mmacri/AMOSUM/benchmarks/GraphColouring/encoding-amosum-amo.asp -l=false -m=minfly -lg=cpp -i=""$0""'",3,/home/guests/mmacri/AMOSUM/benchmarks/GraphColouring/test-instances-gc/0057-graph_colouring-150-0_7200.asp,285,25578959074,996058234,1289357263,607,65927212391,76624,130392765765,4,2747113,0.168241,27.481744338,27.305088,1,300004,251036,344564,0.184022,27.3659,L3:0=002;1=fff,0000000c,Thu Apr 2 12:07:55 PM UTC 2026,5409570_885,coppernode23
"sh -c 'amoclingo -e=/home/guests/mmacri/AMOSUM/benchmarks/GraphColouring/encoding-amosum-amo.asp -l=false -m=minfly -lg=cpp -i=""$0""'",3,/home/guests/mmacri/AMOSUM/benchmarks/GraphColouring/test-instances-gc/0044-graph_colouring-145-0_1392.asp,216,895906923,4459798,11688230,496,1985237607,15432,4818120531,4,82824,0.05754,0.836854866,0.773133,1,48680,37280,77380,0.077301,0.830106,L3:0=080;1=fff,0000c000,Thu Apr 2 12:07:50 PM UTC 2026,5409570_816,coppernode23
"sh -c 'amoclingo -e=/home/guests/mmacri/AMOSUM/benchmarks/GraphColouring/encoding-amosum-amo.asp -l=false -m=minfly -lg=cpp -i=""$0""'",3,/home/guests/mmacri/AMOSUM/benchmarks/GraphColouring/test-instances-gc/0053-graph_colouring-150-0_1440.asp,261,879900467,4622834,11810516,500,1989199146,15435,4722648190,5,82991,0.037969,0.838517419,0.79417,1,51940,37636,80532,0.053759,0.855017,L3:0=fff;1=010,03000000,Thu Apr 2 12:07:53 PM UTC 2026,5409570_861,coppernode25
"sh -c 'amoclingo -e=/home/guests/mmacri/AMOSUM/benchmarks/GraphColouring/encoding-amosum-amo.asp -l=false -m=minfly -lg=cpp -i=""$0""'",3,/home/guests/mmacri/AMOSUM/benchmarks/GraphColouring/test-instances-gc/0026-graph_colouring-135-0_2592.asp,127,1674134389566,11662832994,22290643230,993,2891950911718,92384,9138363010415,4,120498282,0.253059,1204.99446603,1204.732452,1,377508,329416,413772,0.269925,1204.79,L3:0=fff;1=040,30000000,Thu Apr 2 11:48:24 AM UTC 2026,5409570_727,coppernode29
"sh -c 'amoclingo -e=/home/guests/mmacri/AMOSUM/benchmarks/GraphColouring/encoding-amosum-amo.asp -l=false -m=minfly -lg=cpp -i=""$0""'",3,/home/guests/mmacri/AMOSUM/benchmarks/GraphColouring/test-instances-gc/0030-graph_colouring-135-0_6480.asp,150,39990434931,1344548478,2059280573,839,87996152751,72841,172346979195,8,3666660,0.231304,36.775014576,36.438426,1,287496,238968,331512,0.24693,36.5027,L3:0=fff;1=004,00300000,Thu Apr 2 12:07:49 PM UTC 2026,5409570_750,coppernode22
"sh -c 'amoclingo -e=/home/guests/mmacri/AMOSUM/benchmarks/GraphColouring/encoding-amosum-amo.asp -l=false -m=minfly -lg=cpp -i=""$0""'",3,/home/guests/mmacri/AMOSUM/benchmarks/GraphColouring/test-instances-gc/0009-graph_colouring-125-0_6000.asp,45,2018059700,6882938,18687281,472,3730033785,13274,11159074458,4,155523,0.042074,1.564580073,1.515364,1,66188,35204,100292,0.06184,1.57233,L3:0=020;1=fff,00000c00,Thu Apr 2 11:47:46 AM UTC 2026,5409570_645,coppernode26
"sh -c 'amoclingo -e=/home/guests/mmacri/AMOSUM/benchmarks/GraphColouring/encoding-amosum-amo.asp -l=false -m=minfly -lg=cpp -i=""$0""'",3,/home/guests/mmacri/AMOSUM/benchmarks/GraphColouring/test-instances-gc/0007-graph_colouring-125-0_2400.asp,32,385843299879,3328676829,6112344938,808,689404470224,64541,2067781810994,4,28725436,0.172841,287.263489166,287.084076,1,268916,219996,306200,0.181968,287.152,L3:0=004;1=fff,00000030,Thu Apr 2 11:47:45 AM UTC 2026,5409570_632,coppernode26
"sh -c 'amoclingo -e=/home/guests/mmacri/AMOSUM/benchmarks/GraphColouring/encoding-amosum-amo.asp -l=false -m=minfly -lg=cpp -i=""$0""'",3,/home/guests/mmacri/AMOSUM/benchmarks/GraphColouring/test-instances-gc/0008-graph_colouring-125-0_3600.asp,38,1741064248651,11551553209,22012470247,1036,2891960293168,90819,9164590992032,4,120498703,0.161508,1204.991144096,1204.828817,1,362232,314092,399884,0.179337,1204.89,L3:0=fff;1=020,0c000000,Thu Apr 2 11:47:46 AM UTC 2026,5409570_638,coppernode25
"sh -c 'amoclingo -e=/home/guests/mmacri/AMOSUM/benchmarks/GraphColouring/encoding-amosum-amo.asp -l=false -m=minfly -lg=cpp -i=""$0""'",3,/home/guests/mmacri/AMOSUM/benchmarks/GraphColouring/test-instances-gc/0052-graph_colouring-150-0_5760.asp,259,1584680593275,21343106051,41804215274,1230,2891980210926,154444,7530779020466,4,120499590,0.3334,1205.007623342,1204.66557,1,616188,566656,666328,0.34614,1204.73,L3:0=fff;1=020,0c000000,Thu Apr 2 12:07:53 PM UTC 2026,5409570_859,coppernode24
"sh -c 'amoclingo -e=/home/guests/mmacri/AMOSUM/benchmarks/GraphColouring/encoding-amosum-amo.asp -l=false -m=minfly -lg=cpp -i=""$0""'",3,/home/guests/mmacri/AMOSUM/benchmarks/GraphColouring/test-instances-gc/0051-graph_colouring-150-0_4320.asp,253,1691035419843,11930957675,20561892609,1133,2891956933452,84767,9058664872573,4,120498534,0.210357,1204.993352665,1204.778163,1,346848,297220,386076,0.219648,1204.85,L3:0=fff;1=020,0c000000,Thu Apr 2 12:07:52 PM UTC 2026,5409570_853,coppernode30
"sh -c 'amoclingo -e=/home/guests/mmacri/AMOSUM/benchmarks/GraphColouring/encoding-amosum-amo.asp -l=false -m=minfly -lg=cpp -i=""$0""'",3,/home/guests/mmacri/AMOSUM/benchmarks/GraphColouring/test-instances-gc/0045-graph_colouring-145-0_5568.asp,224,1516178429682,44169178899,120770826030,1076,2891994982594,159880,6137937168680,4,120500259,0.389964,1205.009293718,1204.615473,1,638216,590336,706044,0.413899,1204.67,L3:0=fff;1=080,c0000000,Thu Apr 2 12:07:51 PM UTC 2026,5409570_824,coppernode21
"sh -c 'amoclingo -e=/home/guests/mmacri/AMOSUM/benchmarks/GraphColouring/encoding-amosum-amo.asp -l=false -m=minfly -lg=cpp -i=""$0""'",3,/home/guests/mmacri/AMOSUM/benchmarks/GraphColouring/test-instances-gc/0016-graph_colouring-130-0_6240.asp,80,2716715544,13370104,31991891,479,5086720557,14560,14946830417,4,212058,0.052273,2.130222235,2.070582,1,70048,36024,103476,0.060114,2.1389,L3:0=080;1=fff,0000c000,Thu Apr 2 11:47:48 AM UTC 2026,5409570_680,coppernode22
"sh -c 'amoclingo -e=/home/guests/mmacri/AMOSUM/benchmarks/GraphColouring/encoding-amosum-amo.asp -l=false -m=minfly -lg=cpp -i=""$0""'",3,/home/guests/mmacri/AMOSUM/benchmarks/GraphColouring/test-instances-gc/0004-graph_colouring-125-0_4800.asp,19,1564650896793,14646365755,28390771987,1142,2891865860398,37496,8484891335692,4,120494851,0.129049,1204.979595898,1204.821495,1,159812,111012,198516,0.152777,1204.88,L3:0=004;1=fff,00000030,Thu Apr 2 11:47:45 AM UTC 2026,5409570_619,coppernode21
"sh -c 'amoclingo -e=/home/guests/mmacri/AMOSUM/benchmarks/GraphColouring/encoding-amosum-amo.asp -l=false -m=minfly -lg=cpp -i=""$0""'",3,/home/guests/mmacri/AMOSUM/benchmarks/GraphColouring/test-instances-gc/0039-graph_colouring-140-0_6720.asp,195,3211787160,10857543,29440255,522,5733814762,14717,17850169607,4,239016,0.029021,2.400124251,2.363443,1,67836,36012,102456,0.051191,2.42394,L3:0=fff;1=010,03000000,Thu Apr 2 12:07:50 PM UTC 2026,5409570_795,coppernode25
"sh -c 'amoclingo -e=/home/guests/mmacri/AMOSUM/benchmarks/GraphColouring/encoding-amosum-amo.asp -l=false -m=minfly -lg=cpp -i=""$0""'",3,/home/guests/mmacri/AMOSUM/benchmarks/GraphColouring/test-instances-gc/0002-graph_colouring-125-0_4800.asp,9,1003535221406,11592438879,22138899759,804,1947330893186,41365,5441233572882,4,81139046,0.129053,811.395359758,811.263798,1,174668,126092,213736,0.144657,811.328,L3:0=004;1=fff,00000030,Thu Apr 2 11:47:44 AM UTC 2026,5409570_609,coppernode28
"sh -c 'amoclingo -e=/home/guests/mmacri/AMOSUM/benchmarks/GraphColouring/encoding-amosum-amo.asp -l=false -m=minfly -lg=cpp -i=""$0""'",3,/home/guests/mmacri/AMOSUM/benchmarks/GraphColouring/test-instances-gc/0035-graph_colouring-140-0_1344.asp,171,1385017010,5631602,14705447,482,2726359417,20115,7717346203,6,113702,0.070518,1.148268068,1.068853,1,86264,41772,120520,0.090487,1.12641,L3:0=040;1=fff,00003000,Thu Apr 2 12:07:49 PM UTC 2026,5409570_771,coppernode21
"sh -c 'amoclingo -e=/home/guests/mmacri/AMOSUM/benchmarks/GraphColouring/encoding-amosum-amo.asp -l=false -m=minfly -lg=cpp -i=""$0""'",3,/home/guests/mmacri/AMOSUM/benchmarks/GraphColouring/test-instances-gc/0022-graph_colouring-135-0_1296.asp,106,683034369,4389297,10855258,487,1649940863,13384,3607878288,6,68858,0.061908,0.699596351,0.629027,1,48684,36492,77384,0.075283,0.692019,L3:0=080;1=fff,0000c000,Thu Apr 2 11:47:53 AM UTC 2026,5409570_706,coppernode22
"sh -c 'amoclingo -e=/home/guests/mmacri/AMOSUM/benchmarks/GraphColouring/encoding-amosum-amo.asp -l=false -m=minfly -lg=cpp -i=""$0""'",3,/home/guests/mmacri/AMOSUM/benchmarks/GraphColouring/test-instances-gc/0001-graph_colouring-125-0_3600.asp,3,1815623537920,9072316851,18326203252,1408,2891702394711,71691,9797093654639,6,120487983,0.20073,1204.988399793,1204.683279,1,296008,247356,332928,0.232165,1204.73,L3:0=fff;1=080,c0000000,Thu Apr 2 11:47:44 AM UTC 2026,5409570_603,coppernode28
"sh -c 'amoclingo -e=/home/guests/mmacri/AMOSUM/benchmarks/GraphColouring/encoding-amosum-amo.asp -l=false -m=minfly -lg=cpp -i=""$0""'",3,/home/guests/mmacri/AMOSUM/benchmarks/GraphColouring/test-instances-gc/0003-graph_colouring-125-0_3600.asp,13,1757122173441,11805295010,22765294268,1534,2891610089620,89147,9320277873289,6,120484162,0.182103,1204.992191318,1204.663675,1,365512,316540,402696,0.194059,1204.73,L3:0=fff;1=040,30000000,Thu Apr 2 11:47:44 AM UTC 2026,5409570_613,coppernode27
"sh -c 'amoclingo -e=/home/guests/mmacri/AMOSUM/benchmarks/GraphColouring/encoding-amosum-amo.asp -l=false -m=minfly -lg=cpp -i=""$0""'",3,/home/guests/mmacri/AMOSUM/benchmarks/GraphColouring/test-instances-gc/0013-graph_colouring-130-0_4992.asp,64,1632786700089,16540405834,33262417880,1047,2891936718005,101554,8328634136234,4,120497758,0.260036,1204.993252908,1204.719823,1,412416,363412,460168,0.291694,1204.77,L3:0=004;1=fff,00000030,Thu Apr 2 11:47:47 AM UTC 2026,5409570_664,coppernode23
"sh -c 'amoclingo -e=/home/guests/mmacri/AMOSUM/benchmarks/GraphColouring/encoding-amosum-amo.asp -l=false -m=minfly -lg=cpp -i=""$0""'",3,/home/guests/mmacri/AMOSUM/benchmarks/GraphColouring/test-instances-gc/0041-graph_colouring-145-0_6960.asp,205,5117742621,11970462,33202929,852,8296970559,14716,28325594907,4,345846,0.043804,3.559084925,3.417691,1,68744,37140,102492,0.070735,3.47337,L3:0=fff;1=004,00300000,Thu Apr 2 12:07:50 PM UTC 2026,5409570_805,coppernode26
"sh -c 'amoclingo -e=/home/guests/mmacri/AMOSUM/benchmarks/GraphColouring/encoding-amosum-amo.asp -l=false -m=minfly -lg=cpp -i=""$0""'",3,/home/guests/mmacri/AMOSUM/benchmarks/GraphColouring/test-instances-gc/0055-graph_colouring-150-0_2880.asp,272,1722360707337,10613373023,20650801862,1070,2891916791471,91536,9407960075332,6,120496930,0.280708,1204.993005325,1204.691451,1,375132,326064,411832,0.292729,1204.76,L3:0=080;1=fff,0000c000,Thu Apr 2 12:07:54 PM UTC 2026,5409570_872,coppernode29
"sh -c 'amoclingo -e=/home/guests/mmacri/AMOSUM/benchmarks/GraphColouring/encoding-amosum-amo.asp -l=false -m=minfly -lg=cpp -i=""$0""'",3,/home/guests/mmacri/AMOSUM/benchmarks/GraphColouring/test-instances-gc/0060-graph_colouring-150-0_1440.asp,296,2086574311,7178797,17622920,499,3838397071,24360,11722864006,4,160032,0.055959,1.605214991,1.546517,1,103440,56696,137060,0.075869,1.60391,L3:0=fff;1=008,00c00000,Thu Apr 2 12:07:56 PM UTC 2026,5409570_896,coppernode28
"sh -c 'amoclingo -e=/home/guests/mmacri/AMOSUM/benchmarks/GraphColouring/encoding-amosum-amo.asp -l=false -m=minfly -lg=cpp -i=""$0""'",3,/home/guests/mmacri/AMOSUM/benchmarks/GraphColouring/test-instances-gc/0056-graph_colouring-150-0_4320.asp,278,1727212291843,9869805392,17739239301,1065,2891940050951,72069,9331239257594,4,120497899,0.191859,1204.988972673,1204.789938,1,293828,244892,332656,0.20341,1204.86,L3:0=020;1=fff,00000c00,Thu Apr 2 12:07:54 PM UTC 2026,5409570_878,coppernode26
"sh -c 'amoclingo -e=/home/guests/mmacri/AMOSUM/benchmarks/GraphColouring/encoding-amosum-amo.asp -l=false -m=minfly -lg=cpp -i=""$0""'",3,/home/guests/mmacri/AMOSUM/benchmarks/GraphColouring/test-instances-gc/0030-graph_colouring-135-0_5184.asp,149,1387312703396,63557235877,203067596730,3097,2891732172932,181281,4267722532511,6,120489869,0.508283,1205.014788485,1204.392338,1,709120,660976,788960,0.526324,1204.45,L3:0=004;1=fff,00000030,Thu Apr 2 12:07:49 PM UTC 2026,5409570_749,coppernode22
"sh -c 'amoclingo -e=/home/guests/mmacri/AMOSUM/benchmarks/GraphColouring/encoding-amosum-amo.asp -l=false -m=minfly -lg=cpp -i=""$0""'",3,/home/guests/mmacri/AMOSUM/benchmarks/GraphColouring/test-instances-gc/0012-graph_colouring-130-0_1248.asp,56,849027811,4080816,11947596,743,1916124989,14772,4601099510,4,79971,0.049782,0.877764162,0.753031,1,48528,35012,77268,0.07573,0.804028,L3:0=080;1=fff,0000c000,Thu Apr 2 11:47:47 AM UTC 2026,5409570_656,coppernode29
"sh -c 'amoclingo -e=/home/guests/mmacri/AMOSUM/benchmarks/GraphColouring/encoding-amosum-amo.asp -l=false -m=minfly -lg=cpp -i=""$0""'",3,/home/guests/mmacri/AMOSUM/benchmarks/GraphColouring/test-instances-gc/0005-graph_colouring-125-0_1200.asp,21,621938154,3931718,10635321,472,1540540377,12757,3272727392,5,64286,0.049904,0.65132484,0.595248,1,48428,35176,76244,0.059263,0.664621,L3:0=fff;1=010,03000000,Thu Apr 2 11:47:45 AM UTC 2026,5409570_621,coppernode30
"sh -c 'amoclingo -e=/home/guests/mmacri/AMOSUM/benchmarks/GraphColouring/encoding-amosum-amo.asp -l=false -m=minfly -lg=cpp -i=""$0""'",3,/home/guests/mmacri/AMOSUM/benchmarks/GraphColouring/test-instances-gc/0027-graph_colouring-135-0_5184.asp,134,1253203335007,62115571310,190819111248,1648,2891742435943,170700,4267768260947,6,120489754,0.431598,1205.015201386,1204.469723,1,666160,617924,739968,0.458582,1204.52,L3:0=004;1=fff,00000030,Thu Apr 2 11:52:33 AM UTC 2026,5409570_734,coppernode26
"sh -c 'amoclingo -e=/home/guests/mmacri/AMOSUM/benchmarks/GraphColouring/encoding-amosum-amo.asp -l=false -m=minfly -lg=cpp -i=""$0""'",3,/home/guests/mmacri/AMOSUM/benchmarks/GraphColouring/test-instances-gc/0029-graph_colouring-135-0_3888.asp,143,1815583230278,9435409621,18278103461,1066,2891947285226,92137,9770799900863,4,120498158,0.264722,1204.997970265,1204.719315,1,372592,323660,410216,0.272677,1204.79,L3:0=fff;1=080,c0000000,Thu Apr 2 12:01:34 PM UTC 2026,5409570_743,coppernode23
"sh -c 'amoclingo -e=/home/guests/mmacri/AMOSUM/benchmarks/GraphColouring/encoding-amosum-amo.asp -l=false -m=minfly -lg=cpp -i=""$0""'",3,/home/guests/mmacri/AMOSUM/benchmarks/GraphColouring/test-instances-gc/0048-graph_colouring-145-0_6960.asp,240,4866311076,40521574,79165075,496,9526568607,17278,27295103014,4,397057,0.072319,3.979544239,3.900339,1,79136,37040,113136,0.085673,3.96405,L3:0=004;1=fff,00000030,Thu Apr 2 12:07:52 PM UTC 2026,5409570_840,coppernode29
"sh -c 'amoclingo -e=/home/guests/mmacri/AMOSUM/benchmarks/GraphColouring/encoding-amosum-amo.asp -l=false -m=minfly -lg=cpp -i=""$0""'",3,/home/guests/mmacri/AMOSUM/benchmarks/GraphColouring/test-instances-gc/0048-graph_colouring-145-0_2784.asp,237,1726417253628,10193614362,19877523178,1025,2891938187044,81990,9452278429066,4,120497817,0.210127,1204.989157666,1204.770534,1,337048,288140,372912,0.230258,1204.83,L3:0=040;1=fff,00003000,Thu Apr 2 12:07:51 PM UTC 2026,5409570_837,coppernode27
"sh -c 'amoclingo -e=/home/guests/mmacri/AMOSUM/benchmarks/GraphColouring/encoding-amosum-amo.asp -l=true -m=minfly -lg=cpp -i=""$0""'",4,/home/guests/mmacri/AMOSUM/benchmarks/GraphColouring/test-instances-gc/0022-graph_colouring-135-0_6480.asp,110,3479642875,8047877,21448075,483,5779896345,13765,19170341334,8,240938,0.038003,2.445853747,2.373934,1,66700,36512,100468,0.053729,2.43456,L3:0=020;1=fff,00000c00,Thu Apr 2 12:11:01 PM UTC 2026,5409570_1010,coppernode29
"sh -c 'amoclingo -e=/home/guests/mmacri/AMOSUM/benchmarks/GraphColouring/encoding-amosum-amo.asp -l=true -m=minfly -lg=cpp -i=""$0""'",4,/home/guests/mmacri/AMOSUM/benchmarks/GraphColouring/test-instances-gc/0034-graph_colouring-140-0_2688.asp,167,10551696859,16049442,38832798,561,17218310175,17727,60208820800,9,717537,0.052925,7.186316311,7.124736,1,80152,36032,114876,0.066714,7.19031,L3:0=fff;1=020,0c000000,Thu Apr 2 12:27:55 PM UTC 2026,5409570_1067,coppernode29
"sh -c 'amoclingo -e=/home/guests/mmacri/AMOSUM/benchmarks/GraphColouring/encoding-amosum-amo.asp -l=true -m=minfly -lg=cpp -i=""$0""'",4,/home/guests/mmacri/AMOSUM/benchmarks/GraphColouring/test-instances-gc/0038-graph_colouring-140-0_5376.asp,189,198107531444,681770454,2019047662,919,397927032844,18505,1128065939917,6,16580487,0.075492,165.891294637,165.732419,1,84560,36496,119744,0.087389,165.798,L3:0=008;1=fff,000000c0,Thu Apr 2 12:27:56 PM UTC 2026,5409570_1089,coppernode30
"sh -c 'amoclingo -e=/home/guests/mmacri/AMOSUM/benchmarks/GraphColouring/encoding-amosum-amo.asp -l=true -m=minfly -lg=cpp -i=""$0""'",4,/home/guests/mmacri/AMOSUM/benchmarks/GraphColouring/test-instances-gc/0006-graph_colouring-125-0_6000.asp,30,617605317,4239181,10424377,474,1580220884,12222,3281072238,4,65942,0.043565,0.67011624,0.618062,1,48708,35192,77384,0.051485,0.687053,L3:0=fff;1=010,03000000,Thu Apr 2 12:08:09 PM UTC 2026,5409570_930,coppernode28
"sh -c 'amoclingo -e=/home/guests/mmacri/AMOSUM/benchmarks/GraphColouring/encoding-amosum-amo.asp -l=true -m=minfly -lg=cpp -i=""$0""'",4,/home/guests/mmacri/AMOSUM/benchmarks/GraphColouring/test-instances-gc/0010-graph_colouring-125-0_2400.asp,47,57241658452,88817421,198571682,493,90853579603,24584,327036465710,4,3785674,0.074088,37.86246066,37.784769,1,110464,61664,143996,0.094657,37.8413,L3:0=fff;1=004,00300000,Thu Apr 2 12:08:27 PM UTC 2026,5409570_947,coppernode22
"sh -c 'amoclingo -e=/home/guests/mmacri/AMOSUM/benchmarks/GraphColouring/encoding-amosum-amo.asp -l=true -m=minfly -lg=cpp -i=""$0""'",4,/home/guests/mmacri/AMOSUM/benchmarks/GraphColouring/test-instances-gc/0037-graph_colouring-140-0_4032.asp,183,1486715599451,13697410278,30123982780,1328,2891805730451,26027,8093178194807,2,120492425,0.092068,1204.953486887,1204.835981,1,106584,56732,143368,0.110972,1204.89,L3:0=fff;1=080,c0000000,Thu Apr 2 12:27:56 PM UTC 2026,5409570_1083,coppernode21
"sh -c 'amoclingo -e=/home/guests/mmacri/AMOSUM/benchmarks/GraphColouring/encoding-amosum-amo.asp -l=true -m=minfly -lg=cpp -i=""$0""'",4,/home/guests/mmacri/AMOSUM/benchmarks/GraphColouring/test-instances-gc/0044-graph_colouring-145-0_5568.asp,219,182258109737,806489028,2378985083,700,393432082426,17552,1054665522727,4,16393185,0.057728,163.942676095,163.876896,1,77920,36536,114324,0.067016,163.949,L3:0=fff;1=010,03000000,Thu Apr 2 12:27:58 PM UTC 2026,5409570_1119,coppernode21
"sh -c 'amoclingo -e=/home/guests/mmacri/AMOSUM/benchmarks/GraphColouring/encoding-amosum-amo.asp -l=true -m=minfly -lg=cpp -i=""$0""'",4,/home/guests/mmacri/AMOSUM/benchmarks/GraphColouring/test-instances-gc/0056-graph_colouring-150-0_7200.asp,280,3996927385,7586760,19172860,496,6442377696,14477,21772658401,6,268530,0.031559,2.693730309,2.655863,1,68464,37024,101788,0.043697,2.72227,L3:0=fff;1=008,00c00000,Thu Apr 2 12:28:02 PM UTC 2026,5409570_1180,coppernode30
"sh -c 'amoclingo -e=/home/guests/mmacri/AMOSUM/benchmarks/GraphColouring/encoding-amosum-amo.asp -l=true -m=minfly -lg=cpp -i=""$0""'",4,/home/guests/mmacri/AMOSUM/benchmarks/GraphColouring/test-instances-gc/0053-graph_colouring-150-0_5760.asp,264,1864680526636,7247417515,13594321050,1254,2891858576048,31611,10058924211170,2,120494520,0.061455,1204.953477217,1204.886699,1,132548,83756,172988,0.077359,1204.95,L3:0=fff;1=004,00300000,Thu Apr 2 12:28:01 PM UTC 2026,5409570_1164,coppernode25
"sh -c 'amoclingo -e=/home/guests/mmacri/AMOSUM/benchmarks/GraphColouring/encoding-amosum-amo.asp -l=true -m=minfly -lg=cpp -i=""$0""'",4,/home/guests/mmacri/AMOSUM/benchmarks/GraphColouring/test-instances-gc/0043-graph_colouring-145-0_4176.asp,213,1457889736280,13502550593,30192996233,2277,2891791365543,25174,8015978137682,2,120492017,0.103312,1204.952909191,1204.820491,1,109476,60584,146452,0.119365,1204.88,L3:0=fff;1=002,000c0000,Thu Apr 2 12:27:58 PM UTC 2026,5409570_1113,coppernode27
"sh -c 'amoclingo -e=/home/guests/mmacri/AMOSUM/benchmarks/GraphColouring/encoding-amosum-amo.asp -l=true -m=minfly -lg=cpp -i=""$0""'",4,/home/guests/mmacri/AMOSUM/benchmarks/GraphColouring/test-instances-gc/0015-graph_colouring-130-0_6240.asp,75,636249176,4436088,11188813,631,1633080514,12511,3383273602,6,68158,0.063729,0.712834989,0.620449,1,47996,35700,76360,0.075535,0.685074,L3:0=fff;1=004,00300000,Thu Apr 2 12:09:06 PM UTC 2026,5409570_975,coppernode22
"sh -c 'amoclingo -e=/home/guests/mmacri/AMOSUM/benchmarks/GraphColouring/encoding-amosum-amo.asp -l=true -m=minfly -lg=cpp -i=""$0""'",4,/home/guests/mmacri/AMOSUM/benchmarks/GraphColouring/test-instances-gc/0031-graph_colouring-140-0_6720.asp,155,682167189,4182493,10716622,491,1728253296,12805,3648160111,6,72122,0.041249,0.730138604,0.682057,1,48708,36516,77384,0.057116,0.743196,L3:0=fff;1=002,000c0000,Thu Apr 2 12:27:55 PM UTC 2026,5409570_1055,coppernode21
"sh -c 'amoclingo -e=/home/guests/mmacri/AMOSUM/benchmarks/GraphColouring/encoding-amosum-amo.asp -l=true -m=minfly -lg=cpp -i=""$0""'",4,/home/guests/mmacri/AMOSUM/benchmarks/GraphColouring/test-instances-gc/0025-graph_colouring-135-0_2592.asp,122,1846024854729,4056620763,8956670636,2934,2891833750376,65272,10298263577067,6,120494087,0.140014,1204.987826061,1204.803583,1,268840,220656,304868,0.153388,1204.87,L3:0=002;1=fff,0000000c,Thu Apr 2 12:15:28 PM UTC 2026,5409570_1022,coppernode23
"sh -c 'amoclingo -e=/home/guests/mmacri/AMOSUM/benchmarks/GraphColouring/encoding-amosum-amo.asp -l=true -m=minfly -lg=cpp -i=""$0""'",4,/home/guests/mmacri/AMOSUM/benchmarks/GraphColouring/test-instances-gc/0019-graph_colouring-130-0_1248.asp,91,589767122,4098011,10301349,473,1493191658,12524,3085435649,5,62314,0.044142,0.632644849,0.58104,1,48752,35500,77384,0.060057,0.642428,L3:0=fff;1=002,000c0000,Thu Apr 2 12:09:46 PM UTC 2026,5409570_991,coppernode30
"sh -c 'amoclingo -e=/home/guests/mmacri/AMOSUM/benchmarks/GraphColouring/encoding-amosum-amo.asp -l=true -m=minfly -lg=cpp -i=""$0""'",4,/home/guests/mmacri/AMOSUM/benchmarks/GraphColouring/test-instances-gc/0026-graph_colouring-135-0_3888.asp,128,1813491737956,5146466437,10502959050,1511,2891691128897,49207,10114286877543,7,120487592,0.199106,1204.98545502,1204.681238,1,201436,153392,237668,0.219957,1204.74,L3:0=040;1=fff,00003000,Thu Apr 2 12:20:35 PM UTC 2026,5409570_1028,coppernode25
"sh -c 'amoclingo -e=/home/guests/mmacri/AMOSUM/benchmarks/GraphColouring/encoding-amosum-amo.asp -l=true -m=minfly -lg=cpp -i=""$0""'",4,/home/guests/mmacri/AMOSUM/benchmarks/GraphColouring/test-instances-gc/0045-graph_colouring-145-0_1392.asp,221,709736646,4554999,11282255,493,1720746473,13651,3754692672,6,71801,0.057971,0.728019359,0.662245,1,48700,37036,77380,0.066518,0.730605,L3:0=002;1=fff,0000000c,Thu Apr 2 12:27:58 PM UTC 2026,5409570_1121,coppernode24
"sh -c 'amoclingo -e=/home/guests/mmacri/AMOSUM/benchmarks/GraphColouring/encoding-amosum-amo.asp -l=true -m=minfly -lg=cpp -i=""$0""'",4,/home/guests/mmacri/AMOSUM/benchmarks/GraphColouring/test-instances-gc/0052-graph_colouring-150-0_1440.asp,256,752335557,4548169,11360788,498,1780722823,14064,4008284306,7,74300,0.082707,0.751045065,0.662699,1,48948,37284,77396,0.095184,0.726712,L3:0=040;1=fff,00003000,Thu Apr 2 12:28:00 PM UTC 2026,5409570_1156,coppernode22
"sh -c 'amoclingo -e=/home/guests/mmacri/AMOSUM/benchmarks/GraphColouring/encoding-amosum-amo.asp -l=true -m=minfly -lg=cpp -i=""$0""'",4,/home/guests/mmacri/AMOSUM/benchmarks/GraphColouring/test-instances-gc/0038-graph_colouring-140-0_6720.asp,190,737627149,4373734,11297785,739,1853976829,12928,3988531056,6,77381,0.035723,0.851024982,0.740841,1,49296,36572,77384,0.052809,0.802484,L3:0=002;1=fff,0000000c,Thu Apr 2 12:27:56 PM UTC 2026,5409570_1090,coppernode29
"sh -c 'amoclingo -e=/home/guests/mmacri/AMOSUM/benchmarks/GraphColouring/encoding-amosum-amo.asp -l=true -m=minfly -lg=cpp -i=""$0""'",4,/home/guests/mmacri/AMOSUM/benchmarks/GraphColouring/test-instances-gc/0022-graph_colouring-135-0_5184.asp,109,1810551121478,9035085955,16701196282,1406,2891782754572,29169,9791639166035,4,120491378,0.118673,1204.955018336,1204.798686,1,122480,73940,161760,0.122858,1204.87,L3:0=fff;1=040,30000000,Thu Apr 2 12:10:57 PM UTC 2026,5409570_1009,coppernode29
"sh -c 'amoclingo -e=/home/guests/mmacri/AMOSUM/benchmarks/GraphColouring/encoding-amosum-amo.asp -l=true -m=minfly -lg=cpp -i=""$0""'",4,/home/guests/mmacri/AMOSUM/benchmarks/GraphColouring/test-instances-gc/0006-graph_colouring-125-0_4800.asp,29,77882443340,223718546,734608287,640,175856762168,15141,459506274806,6,7327519,0.038383,73.288450603,73.239034,1,72680,35192,107592,0.058989,73.2954,L3:0=fff;1=004,00300000,Thu Apr 2 12:08:08 PM UTC 2026,5409570_929,coppernode29
"sh -c 'amoclingo -e=/home/guests/mmacri/AMOSUM/benchmarks/GraphColouring/encoding-amosum-amo.asp -l=true -m=minfly -lg=cpp -i=""$0""'",4,/home/guests/mmacri/AMOSUM/benchmarks/GraphColouring/test-instances-gc/0021-graph_colouring-135-0_3888.asp,103,1881081908546,4728252950,9821707521,1116,2891927086232,49786,10393375791175,6,120497335,0.135016,1204.986101522,1204.841409,1,208496,160476,249276,0.13919,1204.91,L3:0=fff;1=020,0c000000,Thu Apr 2 12:10:14 PM UTC 2026,5409570_1003,coppernode26
"sh -c 'amoclingo -e=/home/guests/mmacri/AMOSUM/benchmarks/GraphColouring/encoding-amosum-amo.asp -l=true -m=minfly -lg=cpp -i=""$0""'",4,/home/guests/mmacri/AMOSUM/benchmarks/GraphColouring/test-instances-gc/0035-graph_colouring-140-0_5376.asp,174,184534027920,1299092345,3415179157,930,422568949057,17135,1073502970803,4,17607230,0.086379,176.159709284,175.989168,1,79308,35544,115004,0.115002,176.04,L3:0=fff;1=010,03000000,Thu Apr 2 12:27:56 PM UTC 2026,5409570_1074,coppernode26
"sh -c 'amoclingo -e=/home/guests/mmacri/AMOSUM/benchmarks/GraphColouring/encoding-amosum-amo.asp -l=true -m=minfly -lg=cpp -i=""$0""'",4,/home/guests/mmacri/AMOSUM/benchmarks/GraphColouring/test-instances-gc/0005-graph_colouring-125-0_3600.asp,23,1577604123769,10340818527,23509155614,2757,2891834500863,41890,8638572656824,2,120494085,0.185778,1204.981593244,1204.759678,1,175796,127976,211264,0.189741,1204.83,L3:0=080;1=fff,0000c000,Thu Apr 2 12:08:00 PM UTC 2026,5409570_923,coppernode27
"sh -c 'amoclingo -e=/home/guests/mmacri/AMOSUM/benchmarks/GraphColouring/encoding-amosum-amo.asp -l=true -m=minfly -lg=cpp -i=""$0""'",4,/home/guests/mmacri/AMOSUM/benchmarks/GraphColouring/test-instances-gc/0011-graph_colouring-130-0_4992.asp,54,92942336710,231715555,721599306,561,190521266957,15620,532626759410,4,7938515,0.055917,79.394345202,79.331572,1,75620,35464,109936,0.067783,79.3965,L3:0=fff;1=020,0c000000,Thu Apr 2 12:08:33 PM UTC 2026,5409570_954,coppernode25
"sh -c 'amoclingo -e=/home/guests/mmacri/AMOSUM/benchmarks/GraphColouring/encoding-amosum-amo.asp -l=true -m=minfly -lg=cpp -i=""$0""'",4,/home/guests/mmacri/AMOSUM/benchmarks/GraphColouring/test-instances-gc/0060-graph_colouring-150-0_5760.asp,299,1763051227735,9707955194,17656274368,1563,2891665626957,33378,9524979523829,4,120486518,0.12543,1204.952565201,1204.7433,1,136924,88016,177924,0.145195,1204.8,L3:0=010;1=fff,00000300,Thu Apr 2 12:28:08 PM UTC 2026,5409570_1199,coppernode30
"sh -c 'amoclingo -e=/home/guests/mmacri/AMOSUM/benchmarks/GraphColouring/encoding-amosum-amo.asp -l=true -m=minfly -lg=cpp -i=""$0""'",4,/home/guests/mmacri/AMOSUM/benchmarks/GraphColouring/test-instances-gc/0056-graph_colouring-150-0_2880.asp,277,1834144138207,3312574091,7385020671,1010,2891949638827,70330,10297886219515,4,120498273,0.166171,1204.988180556,1204.819685,1,289852,240844,325700,0.18585,1204.88,L3:0=008;1=fff,000000c0,Thu Apr 2 12:28:02 PM UTC 2026,5409570_1177,coppernode28
"sh -c 'amoclingo -e=/home/guests/mmacri/AMOSUM/benchmarks/GraphColouring/encoding-amosum-amo.asp -l=true -m=minfly -lg=cpp -i=""$0""'",4,/home/guests/mmacri/AMOSUM/benchmarks/GraphColouring/test-instances-gc/0040-graph_colouring-140-0_6720.asp,200,1213702107,4653376,12202096,746,2504921274,13236,6581311557,6,104503,0.095624,1.144887212,0.95233,1,63432,37108,96896,0.103521,1.02112,L3:0=020;1=fff,00000c00,Thu Apr 2 12:27:57 PM UTC 2026,5409570_1100,coppernode25
"sh -c 'amoclingo -e=/home/guests/mmacri/AMOSUM/benchmarks/GraphColouring/encoding-amosum-amo.asp -l=true -m=minfly -lg=cpp -i=""$0""'",4,/home/guests/mmacri/AMOSUM/benchmarks/GraphColouring/test-instances-gc/0059-graph_colouring-150-0_4320.asp,293,1894740721099,5672147101,11518733492,1087,2891944043954,67781,10320656791951,4,120497983,0.200742,1204.987582848,1204.781371,1,277860,229424,314256,0.213598,1204.85,L3:0=fff;1=008,00c00000,Thu Apr 2 12:28:06 PM UTC 2026,5409570_1193,coppernode30
"sh -c 'amoclingo -e=/home/guests/mmacri/AMOSUM/benchmarks/GraphColouring/encoding-amosum-amo.asp -l=true -m=minfly -lg=cpp -i=""$0""'",4,/home/guests/mmacri/AMOSUM/benchmarks/GraphColouring/test-instances-gc/0002-graph_colouring-125-0_1200.asp,6,664942824,4256291,10519334,470,1598864807,12801,3535266115,5,66725,0.039331,0.67660254,0.630152,1,48976,35464,77264,0.051246,0.695331,L3:0=008;1=fff,000000c0,Thu Apr 2 12:07:57 PM UTC 2026,5409570_906,coppernode25
"sh -c 'amoclingo -e=/home/guests/mmacri/AMOSUM/benchmarks/GraphColouring/encoding-amosum-amo.asp -l=true -m=minfly -lg=cpp -i=""$0""'",4,/home/guests/mmacri/AMOSUM/benchmarks/GraphColouring/test-instances-gc/0017-graph_colouring-130-0_2496.asp,82,1183161635975,2914843475,6273920827,863,1929598040465,63115,6668544092287,8,80400291,0.181726,804.012910471,803.823788,1,260868,212224,297384,0.194965,803.887,L3:0=080;1=fff,0000c000,Thu Apr 2 12:09:16 PM UTC 2026,5409570_982,coppernode22
"sh -c 'amoclingo -e=/home/guests/mmacri/AMOSUM/benchmarks/GraphColouring/encoding-amosum-amo.asp -l=true -m=minfly -lg=cpp -i=""$0""'",4,/home/guests/mmacri/AMOSUM/benchmarks/GraphColouring/test-instances-gc/0014-graph_colouring-130-0_1248.asp,66,650253001,4275742,10530666,474,1580444811,12851,3433437001,5,65958,0.06324,0.669383841,0.598636,1,49024,35776,77400,0.076569,0.662193,L3:0=020;1=fff,00000c00,Thu Apr 2 12:08:54 PM UTC 2026,5409570_966,coppernode24
"sh -c 'amoclingo -e=/home/guests/mmacri/AMOSUM/benchmarks/GraphColouring/encoding-amosum-amo.asp -l=true -m=minfly -lg=cpp -i=""$0""'",4,/home/guests/mmacri/AMOSUM/benchmarks/GraphColouring/test-instances-gc/0003-graph_colouring-125-0_1200.asp,11,609931842,4090332,10398306,476,1508729416,12421,3209427413,6,62963,0.051648,0.638484623,0.580185,1,48752,34972,77388,0.076974,0.632797,L3:0=fff;1=010,03000000,Thu Apr 2 12:07:58 PM UTC 2026,5409570_911,coppernode30
"sh -c 'amoclingo -e=/home/guests/mmacri/AMOSUM/benchmarks/GraphColouring/encoding-amosum-amo.asp -l=true -m=minfly -lg=cpp -i=""$0""'",4,/home/guests/mmacri/AMOSUM/benchmarks/GraphColouring/test-instances-gc/0018-graph_colouring-130-0_3744.asp,88,1486321549554,13555387372,30302764412,2399,2891802078424,23196,8025884120917,2,120492664,0.08776,1204.956417723,1204.843319,1,104768,56360,141840,0.10657,1204.9,L3:0=002;1=fff,0000000c,Thu Apr 2 12:09:30 PM UTC 2026,5409570_988,coppernode25
"sh -c 'amoclingo -e=/home/guests/mmacri/AMOSUM/benchmarks/GraphColouring/encoding-amosum-amo.asp -l=true -m=minfly -lg=cpp -i=""$0""'",4,/home/guests/mmacri/AMOSUM/benchmarks/GraphColouring/test-instances-gc/0030-graph_colouring-135-0_1296.asp,146,732898528,4411501,11772241,872,1723733749,13133,3909754357,11,71969,0.068793,0.832111869,0.654509,1,47456,35452,76044,0.100069,0.703316,L3:0=040;1=fff,00003000,Thu Apr 2 12:27:55 PM UTC 2026,5409570_1046,coppernode24
"sh -c 'amoclingo -e=/home/guests/mmacri/AMOSUM/benchmarks/GraphColouring/encoding-amosum-amo.asp -l=true -m=minfly -lg=cpp -i=""$0""'",4,/home/guests/mmacri/AMOSUM/benchmarks/GraphColouring/test-instances-gc/0027-graph_colouring-135-0_1296.asp,131,782430158,4355319,10739544,484,1787623567,13530,4189216610,7,74585,0.044466,0.756630734,0.703785,1,48680,36224,77384,0.052833,0.77244,L3:0=fff;1=080,c0000000,Thu Apr 2 12:21:43 PM UTC 2026,5409570_1031,coppernode23
"sh -c 'amoclingo -e=/home/guests/mmacri/AMOSUM/benchmarks/GraphColouring/encoding-amosum-amo.asp -l=true -m=minfly -lg=cpp -i=""$0""'",4,/home/guests/mmacri/AMOSUM/benchmarks/GraphColouring/test-instances-gc/0047-graph_colouring-145-0_2784.asp,232,1819542490329,5545778266,11832078342,2980,2891835264190,96638,10060879550840,6,120494247,0.215538,1204.994435623,1204.729126,1,394544,345732,431440,0.229036,1204.79,L3:0=008;1=fff,000000c0,Thu Apr 2 12:27:59 PM UTC 2026,5409570_1132,coppernode23
"sh -c 'amoclingo -e=/home/guests/mmacri/AMOSUM/benchmarks/GraphColouring/encoding-amosum-amo.asp -l=true -m=minfly -lg=cpp -i=""$0""'",4,/home/guests/mmacri/AMOSUM/benchmarks/GraphColouring/test-instances-gc/0049-graph_colouring-145-0_6960.asp,245,789896674,4143680,11439672,496,1875599891,13208,4202522182,4,78255,0.050699,0.79052504,0.734032,1,48712,37312,77380,0.062812,0.800313,L3:0=fff;1=004,00300000,Thu Apr 2 12:27:59 PM UTC 2026,5409570_1145,coppernode25
"sh -c 'amoclingo -e=/home/guests/mmacri/AMOSUM/benchmarks/GraphColouring/encoding-amosum-amo.asp -l=true -m=minfly -lg=cpp -i=""$0""'",4,/home/guests/mmacri/AMOSUM/benchmarks/GraphColouring/test-instances-gc/0048-graph_colouring-145-0_4176.asp,238,1466215186854,14196218021,30698275016,1303,2891842237920,28262,8052747470340,2,120493912,0.087987,1204.953362035,1204.854264,1,123616,74892,161040,0.103127,1204.92,L3:0=040;1=fff,00003000,Thu Apr 2 12:27:59 PM UTC 2026,5409570_1138,coppernode26
"sh -c 'amoclingo -e=/home/guests/mmacri/AMOSUM/benchmarks/GraphColouring/encoding-amosum-amo.asp -l=true -m=minfly -lg=cpp -i=""$0""'",4,/home/guests/mmacri/AMOSUM/benchmarks/GraphColouring/test-instances-gc/0049-graph_colouring-145-0_2784.asp,242,1817338410328,5296684701,11326626931,1074,2891957259271,84654,10098702211669,4,120498640,0.249034,1204.990821326,1204.739479,1,345816,297212,382188,0.264957,1204.8,L3:0=004;1=fff,00000030,Thu Apr 2 12:27:59 PM UTC 2026,5409570_1142,coppernode21
"sh -c 'amoclingo -e=/home/guests/mmacri/AMOSUM/benchmarks/GraphColouring/encoding-amosum-amo.asp -l=true -m=minfly -lg=cpp -i=""$0""'",4,/home/guests/mmacri/AMOSUM/benchmarks/GraphColouring/test-instances-gc/0047-graph_colouring-145-0_6960.asp,235,776181266,4053951,11741813,525,1968690827,13334,4237777680,6,82140,0.055312,0.83149901,0.76845,1,47900,36128,77380,0.066799,0.835236,L3:0=008;1=fff,000000c0,Thu Apr 2 12:27:59 PM UTC 2026,5409570_1135,coppernode28
"sh -c 'amoclingo -e=/home/guests/mmacri/AMOSUM/benchmarks/GraphColouring/encoding-amosum-amo.asp -l=true -m=minfly -lg=cpp -i=""$0""'",4,/home/guests/mmacri/AMOSUM/benchmarks/GraphColouring/test-instances-gc/0050-graph_colouring-145-0_4176.asp,248,1807255237928,5241628487,11033811218,1281,2891922452266,64457,10077657714677,6,120497239,0.219309,1204.986808078,1204.75655,1,262904,213828,298660,0.219309,1204.83,L3:0=020;1=fff,00000c00,Thu Apr 2 12:28:00 PM UTC 2026,5409570_1148,coppernode26
"sh -c 'amoclingo -e=/home/guests/mmacri/AMOSUM/benchmarks/GraphColouring/encoding-amosum-amo.asp -l=true -m=minfly -lg=cpp -i=""$0""'",4,/home/guests/mmacri/AMOSUM/benchmarks/GraphColouring/test-instances-gc/0017-graph_colouring-130-0_6240.asp,85,658800901,4432951,10637991,484,1679664972,12480,3519826833,4,70095,0.047235,0.711308199,0.655767,1,48772,35788,77392,0.064831,0.715411,L3:0=002;1=fff,0000000c,Thu Apr 2 12:09:28 PM UTC 2026,5409570_985,coppernode25
"sh -c 'amoclingo -e=/home/guests/mmacri/AMOSUM/benchmarks/GraphColouring/encoding-amosum-amo.asp -l=true -m=minfly -lg=cpp -i=""$0""'",4,/home/guests/mmacri/AMOSUM/benchmarks/GraphColouring/test-instances-gc/0001-graph_colouring-125-0_1200.asp,1,581633475,4274701,10149443,470,1474811241,12352,3043682911,5,61555,0.036705,0.623621912,0.580919,1,49032,35252,77388,0.05011,0.644465,L3:0=004;1=fff,00000030,Thu Apr 2 12:07:56 PM UTC 2026,5409570_901,coppernode29
"sh -c 'amoclingo -e=/home/guests/mmacri/AMOSUM/benchmarks/GraphColouring/encoding-amosum-amo.asp -l=true -m=minfly -lg=cpp -i=""$0""'",4,/home/guests/mmacri/AMOSUM/benchmarks/GraphColouring/test-instances-gc/0004-graph_colouring-125-0_1200.asp,16,566505791,4170262,10259562,469,1448376935,12342,2954699173,5,60448,0.060916,0.613825088,0.545766,1,48944,35168,77380,0.065968,0.617843,L3:0=fff;1=020,0c000000,Thu Apr 2 12:07:59 PM UTC 2026,5409570_916,coppernode23
"sh -c 'amoclingo -e=/home/guests/mmacri/AMOSUM/benchmarks/GraphColouring/encoding-amosum-amo.asp -l=true -m=minfly -lg=cpp -i=""$0""'",4,/home/guests/mmacri/AMOSUM/benchmarks/GraphColouring/test-instances-gc/0013-graph_colouring-130-0_1248.asp,61,672836968,4265700,10497769,475,1612403221,12949,3575059608,5,67279,0.055303,0.682916194,0.619701,1,48752,35500,77380,0.067826,0.684058,L3:0=fff;1=010,03000000,Thu Apr 2 12:08:38 PM UTC 2026,5409570_961,coppernode30
"sh -c 'amoclingo -e=/home/guests/mmacri/AMOSUM/benchmarks/GraphColouring/encoding-amosum-amo.asp -l=true -m=minfly -lg=cpp -i=""$0""'",4,/home/guests/mmacri/AMOSUM/benchmarks/GraphColouring/test-instances-gc/0028-graph_colouring-135-0_1296.asp,136,609230525,4240788,10469747,480,1527317164,12864,3187863872,5,63745,0.059584,0.647267297,0.580119,1,48708,35984,77380,0.077144,0.63935,L3:0=010;1=fff,00000300,Thu Apr 2 12:27:07 PM UTC 2026,5409570_1036,coppernode29
"sh -c 'amoclingo -e=/home/guests/mmacri/AMOSUM/benchmarks/GraphColouring/encoding-amosum-amo.asp -l=true -m=minfly -lg=cpp -i=""$0""'",4,/home/guests/mmacri/AMOSUM/benchmarks/GraphColouring/test-instances-gc/0029-graph_colouring-135-0_1296.asp,141,664895112,4520669,11314093,770,1642072285,13089,3522840889,7,68559,0.03594,0.77447681,0.65236,1,48180,35988,76316,0.048338,0.71848,L3:0=008;1=fff,000000c0,Thu Apr 2 12:27:54 PM UTC 2026,5409570_1041,coppernode21
"sh -c 'amoclingo -e=/home/guests/mmacri/AMOSUM/benchmarks/GraphColouring/encoding-amosum-amo.asp -l=true -m=minfly -lg=cpp -i=""$0""'",4,/home/guests/mmacri/AMOSUM/benchmarks/GraphColouring/test-instances-gc/0042-graph_colouring-145-0_2784.asp,207,1802699248560,4658530249,10119461267,1074,2891942661145,82357,10036504763317,4,120498014,0.249553,1204.990919853,1204.733399,1,336016,288128,373756,0.258796,1204.81,L3:0=fff;1=010,03000000,Thu Apr 2 12:27:58 PM UTC 2026,5409570_1107,coppernode22
"sh -c 'amoclingo -e=/home/guests/mmacri/AMOSUM/benchmarks/GraphColouring/encoding-amosum-amo.asp -l=true -m=minfly -lg=cpp -i=""$0""'",4,/home/guests/mmacri/AMOSUM/benchmarks/GraphColouring/test-instances-gc/0054-graph_colouring-150-0_7200.asp,270,2817137902,5345875,13644533,498,4680175984,13912,15389024289,4,195113,0.056605,1.961625454,1.89667,1,65028,37564,99024,0.071824,1.95933,L3:0=002;1=fff,0000000c,Thu Apr 2 12:28:01 PM UTC 2026,5409570_1170,coppernode24
"sh -c 'amoclingo -e=/home/guests/mmacri/AMOSUM/benchmarks/GraphColouring/encoding-amosum-amo.asp -l=true -m=minfly -lg=cpp -i=""$0""'",4,/home/guests/mmacri/AMOSUM/benchmarks/GraphColouring/test-instances-gc/0060-graph_colouring-150-0_7200.asp,300,4735479437,14483564,33818370,751,8050390411,15062,26167025743,6,335564,0.066706,3.437612151,3.291967,1,69804,37896,103552,0.078508,3.35659,L3:0=010;1=fff,00000300,Thu Apr 2 12:28:08 PM UTC 2026,5409570_1200,coppernode27
"sh -c 'amoclingo -e=/home/guests/mmacri/AMOSUM/benchmarks/GraphColouring/encoding-amosum-amo.asp -l=true -m=minfly -lg=cpp -i=""$0""'",4,/home/guests/mmacri/AMOSUM/benchmarks/GraphColouring/test-instances-gc/0059-graph_colouring-150-0_5760.asp,294,1714711574687,11780246874,20486495500,1204,2891836889937,34884,9214281181420,2,120493604,0.111904,1204.9526961,1204.827059,1,145364,96828,185220,0.127787,1204.89,L3:0=fff;1=020,0c000000,Thu Apr 2 12:28:06 PM UTC 2026,5409570_1194,coppernode23
"sh -c 'amoclingo -e=/home/guests/mmacri/AMOSUM/benchmarks/GraphColouring/encoding-amosum-amo.asp -l=true -m=minfly -lg=cpp -i=""$0""'",4,/home/guests/mmacri/AMOSUM/benchmarks/GraphColouring/test-instances-gc/0036-graph_colouring-140-0_5376.asp,179,85749045130,238190257,759749763,591,180717590948,15974,498809523966,8,7530038,0.064262,75.310174248,75.238162,1,74420,36780,108872,0.080645,75.3013,L3:0=008;1=fff,000000c0,Thu Apr 2 12:27:56 PM UTC 2026,5409570_1079,coppernode21
"sh -c 'amoclingo -e=/home/guests/mmacri/AMOSUM/benchmarks/GraphColouring/encoding-amosum-amo.asp -l=true -m=minfly -lg=cpp -i=""$0""'",4,/home/guests/mmacri/AMOSUM/benchmarks/GraphColouring/test-instances-gc/0040-graph_colouring-140-0_2688.asp,197,1883986340155,3336989483,7504072595,1847,2891850246504,64152,10512374890613,6,120494358,0.222688,1204.986917394,1204.724979,1,265224,216680,301604,0.259854,1204.77,L3:0=fff;1=002,000c0000,Thu Apr 2 12:27:57 PM UTC 2026,5409570_1097,coppernode29
"sh -c 'amoclingo -e=/home/guests/mmacri/AMOSUM/benchmarks/GraphColouring/encoding-amosum-amo.asp -l=true -m=minfly -lg=cpp -i=""$0""'",4,/home/guests/mmacri/AMOSUM/benchmarks/GraphColouring/test-instances-gc/0012-graph_colouring-130-0_4992.asp,59,81359511962,361325997,1046499781,562,177645726921,15386,468663328289,6,7402049,0.045546,74.038314924,73.977559,1,74656,35512,108972,0.061355,74.0385,L3:0=080;1=fff,0000c000,Thu Apr 2 12:08:37 PM UTC 2026,5409570_959,coppernode24
"sh -c 'amoclingo -e=/home/guests/mmacri/AMOSUM/benchmarks/GraphColouring/encoding-amosum-amo.asp -l=true -m=minfly -lg=cpp -i=""$0""'",4,/home/guests/mmacri/AMOSUM/benchmarks/GraphColouring/test-instances-gc/0035-graph_colouring-140-0_4032.asp,173,1891124384254,4455931447,9863797499,1307,2891770109196,60227,10481301387020,4,120490841,0.152076,1204.986093316,1204.75962,1,245300,196916,281952,0.157147,1204.83,L3:0=008;1=fff,000000c0,Thu Apr 2 12:27:56 PM UTC 2026,5409570_1073,coppernode26
"sh -c 'amoclingo -e=/home/guests/mmacri/AMOSUM/benchmarks/GraphColouring/encoding-amosum-amo.asp -l=true -m=minfly -lg=cpp -i=""$0""'",4,/home/guests/mmacri/AMOSUM/benchmarks/GraphColouring/test-instances-gc/0021-graph_colouring-135-0_5184.asp,104,1702809111704,12358091289,21788030808,1457,2891853662475,31448,9151289657016,2,120494412,0.104162,1204.982126455,1204.842908,1,130312,82456,169920,0.123052,1204.9,L3:0=010;1=fff,00000300,Thu Apr 2 12:10:14 PM UTC 2026,5409570_1004,coppernode21
"sh -c 'amoclingo -e=/home/guests/mmacri/AMOSUM/benchmarks/GraphColouring/encoding-amosum-amo.asp -l=true -m=minfly -lg=cpp -i=""$0""'",4,/home/guests/mmacri/AMOSUM/benchmarks/GraphColouring/test-instances-gc/0011-graph_colouring-130-0_3744.asp,53,1858089369469,5945166149,12986476567,1147,2891937107211,68485,10224618024852,4,120497827,0.143984,1204.990413125,1204.83662,1,277724,228292,315468,0.155852,1204.9,L3:0=008;1=fff,000000c0,Thu Apr 2 12:08:33 PM UTC 2026,5409570_953,coppernode24
"sh -c 'amoclingo -e=/home/guests/mmacri/AMOSUM/benchmarks/GraphColouring/encoding-amosum-amo.asp -l=true -m=minfly -lg=cpp -i=""$0""'",4,/home/guests/mmacri/AMOSUM/benchmarks/GraphColouring/test-instances-gc/0005-graph_colouring-125-0_4800.asp,24,78246134552,307847465,906146936,558,170939427790,14940,451713594596,4,7122635,0.059708,71.236123543,71.168905,1,71828,35232,106524,0.075441,71.2297,L3:0=080;1=fff,0000c000,Thu Apr 2 12:08:01 PM UTC 2026,5409570_924,coppernode22
"sh -c 'amoclingo -e=/home/guests/mmacri/AMOSUM/benchmarks/GraphColouring/encoding-amosum-amo.asp -l=true -m=minfly -lg=cpp -i=""$0""'",4,/home/guests/mmacri/AMOSUM/benchmarks/GraphColouring/test-instances-gc/0051-graph_colouring-150-0_1440.asp,251,808361152,4428609,11352814,496,1869880411,14119,4316247719,5,78020,0.059728,0.787599957,0.722505,1,48712,37572,77388,0.068969,0.790877,L3:0=008;1=fff,000000c0,Thu Apr 2 12:28:00 PM UTC 2026,5409570_1151,coppernode27
"sh -c 'amoclingo -e=/home/guests/mmacri/AMOSUM/benchmarks/GraphColouring/encoding-amosum-amo.asp -l=true -m=minfly -lg=cpp -i=""$0""'",4,/home/guests/mmacri/AMOSUM/benchmarks/GraphColouring/test-instances-gc/0046-graph_colouring-145-0_1392.asp,226,1001318026,4556423,11658601,495,2162298869,14897,5467988966,4,90199,0.049952,0.909787407,0.854365,1,48508,37368,77380,0.069575,0.914934,L3:0=fff;1=020,0c000000,Thu Apr 2 12:27:58 PM UTC 2026,5409570_1126,coppernode27
"sh -c 'amoclingo -e=/home/guests/mmacri/AMOSUM/benchmarks/GraphColouring/encoding-amosum-amo.asp -l=true -m=minfly -lg=cpp -i=""$0""'",4,/home/guests/mmacri/AMOSUM/benchmarks/GraphColouring/test-instances-gc/0015-graph_colouring-130-0_2496.asp,72,185610441983,253083528,559655028,540,289576210359,32889,1043789330619,8,12065820,0.05528,120.715341749,120.605419,1,142028,93064,175908,0.075061,120.662,L3:0=020;1=fff,00000c00,Thu Apr 2 12:08:59 PM UTC 2026,5409570_972,coppernode29
"sh -c 'amoclingo -e=/home/guests/mmacri/AMOSUM/benchmarks/GraphColouring/encoding-amosum-amo.asp -l=true -m=minfly -lg=cpp -i=""$0""'",4,/home/guests/mmacri/AMOSUM/benchmarks/GraphColouring/test-instances-gc/0025-graph_colouring-135-0_6480.asp,125,3541229218,10968330,27860665,907,6084127598,13990,19558313311,6,253653,0.066712,2.662105918,2.473346,1,66864,36244,101000,0.088514,2.52858,L3:0=fff;1=004,00300000,Thu Apr 2 12:19:58 PM UTC 2026,5409570_1025,coppernode24
"sh -c 'amoclingo -e=/home/guests/mmacri/AMOSUM/benchmarks/GraphColouring/encoding-amosum-amo.asp -l=true -m=minfly -lg=cpp -i=""$0""'",4,/home/guests/mmacri/AMOSUM/benchmarks/GraphColouring/test-instances-gc/0031-graph_colouring-140-0_2688.asp,152,256975718286,435778244,949400197,570,409453752594,37552,1455082864215,6,17060721,0.131073,170.61070584,170.478316,1,158956,110636,193672,0.147211,170.541,L3:0=004;1=fff,00000030,Thu Apr 2 12:27:55 PM UTC 2026,5409570_1052,coppernode24
"sh -c 'amoclingo -e=/home/guests/mmacri/AMOSUM/benchmarks/GraphColouring/encoding-amosum-amo.asp -l=true -m=minfly -lg=cpp -i=""$0""'",4,/home/guests/mmacri/AMOSUM/benchmarks/GraphColouring/test-instances-gc/0016-graph_colouring-130-0_3744.asp,78,1671505147203,7851075492,18078220728,2345,2891811209930,43649,9249161286251,6,120492948,0.137774,1204.983611657,1204.79664,1,184996,136376,219692,0.150302,1204.86,L3:0=002;1=fff,0000000c,Thu Apr 2 12:09:09 PM UTC 2026,5409570_978,coppernode27
"sh -c 'amoclingo -e=/home/guests/mmacri/AMOSUM/benchmarks/GraphColouring/encoding-amosum-amo.asp -l=true -m=minfly -lg=cpp -i=""$0""'",4,/home/guests/mmacri/AMOSUM/benchmarks/GraphColouring/test-instances-gc/0020-graph_colouring-130-0_1248.asp,96,582675333,4433633,11058916,636,1500244424,12566,3041163104,6,62630,0.077156,0.65574066,0.551835,1,47588,35716,76244,0.093067,0.613131,L3:0=fff;1=010,03000000,Thu Apr 2 12:09:54 PM UTC 2026,5409570_996,coppernode24
"sh -c 'amoclingo -e=/home/guests/mmacri/AMOSUM/benchmarks/GraphColouring/encoding-amosum-amo.asp -l=true -m=minfly -lg=cpp -i=""$0""'",4,/home/guests/mmacri/AMOSUM/benchmarks/GraphColouring/test-instances-gc/0032-graph_colouring-140-0_4032.asp,158,1466939601894,13994482532,31419259799,1708,2891606596086,24846,8031202652205,2,120484024,0.088793,1204.953152471,1204.755906,1,109008,60368,146856,0.096825,1204.83,L3:0=fff;1=040,30000000,Thu Apr 2 12:27:55 PM UTC 2026,5409570_1058,coppernode30
"sh -c 'amoclingo -e=/home/guests/mmacri/AMOSUM/benchmarks/GraphColouring/encoding-amosum-amo.asp -l=true -m=minfly -lg=cpp -i=""$0""'",4,/home/guests/mmacri/AMOSUM/benchmarks/GraphColouring/test-instances-gc/0058-graph_colouring-150-0_2880.asp,287,1818158318012,4655984430,9985837523,2380,2891884767645,81940,10142758054625,4,120496079,0.216159,1204.995457102,1204.749355,1,335732,286036,372940,0.239544,1204.8,L3:0=002;1=fff,0000000c,Thu Apr 2 12:28:04 PM UTC 2026,5409570_1187,coppernode24
"sh -c 'amoclingo -e=/home/guests/mmacri/AMOSUM/benchmarks/GraphColouring/encoding-amosum-amo.asp -l=true -m=minfly -lg=cpp -i=""$0""'",4,/home/guests/mmacri/AMOSUM/benchmarks/GraphColouring/test-instances-gc/0054-graph_colouring-150-0_5760.asp,269,1882431841224,5693924980,11108575896,1235,2891841851569,29452,10304498895285,2,120493900,0.122469,1204.952811249,1204.818576,1,125880,77188,164468,0.136824,1204.88,L3:0=008;1=fff,000000c0,Thu Apr 2 12:28:01 PM UTC 2026,5409570_1169,coppernode27
"sh -c 'amoclingo -e=/home/guests/mmacri/AMOSUM/benchmarks/GraphColouring/encoding-amosum-amo.asp -l=true -m=minfly -lg=cpp -i=""$0""'",4,/home/guests/mmacri/AMOSUM/benchmarks/GraphColouring/test-instances-gc/0043-graph_colouring-145-0_5568.asp,214,187452539081,627500308,1886440953,926,384649188162,18053,1074769778831,6,16027255,0.051717,160.357104944,160.224142,1,82760,37340,116968,0.067534,160.285,L3:0=080;1=fff,0000c000,Thu Apr 2 12:27:58 PM UTC 2026,5409570_1114,coppernode23
"sh -c 'amoclingo -e=/home/guests/mmacri/AMOSUM/benchmarks/GraphColouring/encoding-amosum-amo.asp -l=true -m=minfly -lg=cpp -i=""$0""'",4,/home/guests/mmacri/AMOSUM/benchmarks/GraphColouring/test-instances-gc/0053-graph_colouring-150-0_4320.asp,263,1862110039101,4630945197,9955226883,1263,2891912445042,52642,10339235450758,4,120496824,0.168585,1204.98337813,1204.802943,1,216120,167340,252888,0.184498,1204.86,L3:0=080;1=fff,0000c000,Thu Apr 2 12:28:01 PM UTC 2026,5409570_1163,coppernode29
"sh -c 'amoclingo -e=/home/guests/mmacri/AMOSUM/benchmarks/GraphColouring/encoding-amosum-amo.asp -l=true -m=minfly -lg=cpp -i=""$0""'",4,/home/guests/mmacri/AMOSUM/benchmarks/GraphColouring/test-instances-gc/0032-graph_colouring-140-0_6720.asp,160,662760776,4596748,11588361,817,1677916610,13009,3491029838,4,70061,0.046991,0.796857989,0.656294,1,51352,37044,79624,0.069815,0.711777,L3:0=008;1=fff,000000c0,Thu Apr 2 12:27:55 PM UTC 2026,5409570_1060,coppernode27
"sh -c 'amoclingo -e=/home/guests/mmacri/AMOSUM/benchmarks/GraphColouring/encoding-amosum-amo.asp -l=true -m=minfly -lg=cpp -i=""$0""'",4,/home/guests/mmacri/AMOSUM/benchmarks/GraphColouring/test-instances-gc/0024-graph_colouring-135-0_2592.asp,117,1842888971065,5156500189,11484490979,1120,2891951134504,80644,10199715461030,4,120498340,0.193859,1204.989961914,1204.79303,1,330944,282624,369292,0.210631,1204.85,L3:0=fff;1=020,0c000000,Thu Apr 2 12:11:50 PM UTC 2026,5409570_1017,coppernode25
"sh -c 'amoclingo -e=/home/guests/mmacri/AMOSUM/benchmarks/GraphColouring/encoding-amosum-amo.asp -l=true -m=minfly -lg=cpp -i=""$0""'",4,/home/guests/mmacri/AMOSUM/benchmarks/GraphColouring/test-instances-gc/0008-graph_colouring-125-0_6000.asp,40,636746965,4185587,10396456,473,1647865983,12249,3416101897,4,68771,0.045304,0.698210127,0.644444,1,48680,35168,77380,0.058673,0.707805,L3:0=002;1=fff,0000000c,Thu Apr 2 12:08:23 PM UTC 2026,5409570_940,coppernode23
"sh -c 'amoclingo -e=/home/guests/mmacri/AMOSUM/benchmarks/GraphColouring/encoding-amosum-amo.asp -l=true -m=minfly -lg=cpp -i=""$0""'",4,/home/guests/mmacri/AMOSUM/benchmarks/GraphColouring/test-instances-gc/0008-graph_colouring-125-0_2400.asp,37,1735524086631,5298751865,11202725045,1124,2891916788508,68442,9831227737331,4,120496951,0.175752,1204.989460882,1204.797142,1,284272,235196,321320,0.176847,1204.87,L3:0=020;1=fff,00000c00,Thu Apr 2 12:08:19 PM UTC 2026,5409570_937,coppernode23
"sh -c 'amoclingo -e=/home/guests/mmacri/AMOSUM/benchmarks/GraphColouring/encoding-amosum-amo.asp -l=true -m=minfly -lg=cpp -i=""$0""'",4,/home/guests/mmacri/AMOSUM/benchmarks/GraphColouring/test-instances-gc/0037-graph_colouring-140-0_5376.asp,184,104913437057,264233790,802085218,968,205451123220,16919,601493161635,6,8560676,0.047633,85.683030813,85.562062,1,78348,35832,113620,0.060913,85.6295,L3:0=fff;1=002,000c0000,Thu Apr 2 12:27:56 PM UTC 2026,5409570_1084,coppernode22
"sh -c 'amoclingo -e=/home/guests/mmacri/AMOSUM/benchmarks/GraphColouring/encoding-amosum-amo.asp -l=true -m=minfly -lg=cpp -i=""$0""'",4,/home/guests/mmacri/AMOSUM/benchmarks/GraphColouring/test-instances-gc/0042-graph_colouring-145-0_6960.asp,210,770453830,4124699,11648492,525,1918534703,13344,4163354613,4,80043,0.080398,0.809465584,0.722395,1,47884,36500,77400,0.097729,0.78503,L3:0=002;1=fff,0000000c,Thu Apr 2 12:27:58 PM UTC 2026,5409570_1110,coppernode21
"sh -c 'amoclingo -e=/home/guests/mmacri/AMOSUM/benchmarks/GraphColouring/encoding-amosum-amo.asp -l=true -m=minfly -lg=cpp -i=""$0""'",4,/home/guests/mmacri/AMOSUM/benchmarks/GraphColouring/test-instances-gc/0054-graph_colouring-150-0_2880.asp,267,1852473237405,4025716367,8931752978,2797,2891860523050,72408,10334263293267,4,120495139,0.175973,1204.988289663,1204.780426,1,291764,242084,328996,0.19176,1204.84,L3:0=002;1=fff,0000000c,Thu Apr 2 12:28:01 PM UTC 2026,5409570_1167,coppernode21
"sh -c 'amoclingo -e=/home/guests/mmacri/AMOSUM/benchmarks/GraphColouring/encoding-amosum-amo.asp -l=true -m=minfly -lg=cpp -i=""$0""'",4,/home/guests/mmacri/AMOSUM/benchmarks/GraphColouring/test-instances-gc/0058-graph_colouring-150-0_5760.asp,289,1823619583624,8444071123,15281167131,1274,2891840043230,30830,9874939015500,2,120493804,0.114041,1204.952522443,1204.827047,1,131032,81304,170728,0.118002,1204.9,L3:0=020;1=fff,00000c00,Thu Apr 2 12:28:04 PM UTC 2026,5409570_1189,coppernode27
"sh -c 'amoclingo -e=/home/guests/mmacri/AMOSUM/benchmarks/GraphColouring/encoding-amosum-amo.asp -l=true -m=minfly -lg=cpp -i=""$0""'",4,/home/guests/mmacri/AMOSUM/benchmarks/GraphColouring/test-instances-gc/0057-graph_colouring-150-0_4320.asp,283,1880280529208,3577117487,7678859328,1185,2891912391334,46939,10522159782281,4,120496736,0.120639,1204.982087724,1204.849885,1,196448,147812,232272,0.140403,1204.91,L3:0=fff;1=020,0c000000,Thu Apr 2 12:28:03 PM UTC 2026,5409570_1183,coppernode29
"sh -c 'amoclingo -e=/home/guests/mmacri/AMOSUM/benchmarks/GraphColouring/encoding-amosum-amo.asp -l=true -m=minfly -lg=cpp -i=""$0""'",4,/home/guests/mmacri/AMOSUM/benchmarks/GraphColouring/test-instances-gc/0008-graph_colouring-125-0_4800.asp,39,36748357198,78740550,265020315,512,78859562059,14169,214701000458,10,3285942,0.048453,32.892942585,32.813413,1,68812,35192,103408,0.056368,32.8824,L3:0=020;1=fff,00000c00,Thu Apr 2 12:08:23 PM UTC 2026,5409570_939,coppernode29
"sh -c 'amoclingo -e=/home/guests/mmacri/AMOSUM/benchmarks/GraphColouring/encoding-amosum-amo.asp -l=true -m=minfly -lg=cpp -i=""$0""'",4,/home/guests/mmacri/AMOSUM/benchmarks/GraphColouring/test-instances-gc/0024-graph_colouring-135-0_5184.asp,119,1616049648729,15270824602,26250451481,1594,2891655816487,32834,8644547079379,2,120486106,0.115885,1204.982714316,1204.748474,1,139096,90956,179448,0.119852,1204.82,L3:0=fff;1=008,00c00000,Thu Apr 2 12:13:20 PM UTC 2026,5409570_1019,coppernode23
"sh -c 'amoclingo -e=/home/guests/mmacri/AMOSUM/benchmarks/GraphColouring/encoding-amosum-amo.asp -l=true -m=minfly -lg=cpp -i=""$0""'",4,/home/guests/mmacri/AMOSUM/benchmarks/GraphColouring/test-instances-gc/0036-graph_colouring-140-0_6720.asp,180,691985994,3881567,10994927,491,1737900067,12959,3703138836,6,72514,0.093324,0.733783997,0.634062,1,48708,36780,77400,0.106064,0.699408,L3:0=002;1=fff,0000000c,Thu Apr 2 12:27:56 PM UTC 2026,5409570_1080,coppernode21
"sh -c 'amoclingo -e=/home/guests/mmacri/AMOSUM/benchmarks/GraphColouring/encoding-amosum-amo.asp -l=true -m=minfly -lg=cpp -i=""$0""'",4,/home/guests/mmacri/AMOSUM/benchmarks/GraphColouring/test-instances-gc/0009-graph_colouring-125-0_4800.asp,44,43997124963,98123735,313886150,515,93143973905,14212,254940688674,4,3881113,0.057034,38.822220839,38.756449,1,70068,35228,104668,0.068902,38.8214,L3:0=fff;1=040,30000000,Thu Apr 2 12:08:25 PM UTC 2026,5409570_944,coppernode23
"sh -c 'amoclingo -e=/home/guests/mmacri/AMOSUM/benchmarks/GraphColouring/encoding-amosum-amo.asp -l=true -m=minfly -lg=cpp -i=""$0""'",4,/home/guests/mmacri/AMOSUM/benchmarks/GraphColouring/test-instances-gc/0007-graph_colouring-125-0_3600.asp,33,1498161025589,12709728271,28635467327,1423,2891830232637,28409,8095571107673,2,120493452,0.100663,1204.954253125,1204.836157,1,126548,77856,163756,0.105652,1204.91,L3:0=008;1=fff,000000c0,Thu Apr 2 12:08:11 PM UTC 2026,5409570_933,coppernode29
"sh -c 'amoclingo -e=/home/guests/mmacri/AMOSUM/benchmarks/GraphColouring/encoding-amosum-amo.asp -l=true -m=minfly -lg=cpp -i=""$0""'",4,/home/guests/mmacri/AMOSUM/benchmarks/GraphColouring/test-instances-gc/0033-graph_colouring-140-0_5376.asp,164,82773753059,261782586,818534687,758,180172861560,15747,484843498026,6,7507368,0.065224,75.149734608,75.011443,1,73648,36596,107936,0.079442,75.0745,L3:0=fff;1=040,30000000,Thu Apr 2 12:27:55 PM UTC 2026,5409570_1064,coppernode25
"sh -c 'amoclingo -e=/home/guests/mmacri/AMOSUM/benchmarks/GraphColouring/encoding-amosum-amo.asp -l=true -m=minfly -lg=cpp -i=""$0""'",4,/home/guests/mmacri/AMOSUM/benchmarks/GraphColouring/test-instances-gc/0023-graph_colouring-135-0_3888.asp,113,1840847900503,4624493002,10116249659,1105,2891932079684,60855,10213364768677,4,120497588,0.189326,1204.990589269,1204.789823,1,247108,198300,283660,0.206912,1204.85,L3:0=080;1=fff,0000c000,Thu Apr 2 12:11:05 PM UTC 2026,5409570_1013,coppernode24
"sh -c 'amoclingo -e=/home/guests/mmacri/AMOSUM/benchmarks/GraphColouring/encoding-amosum-amo.asp -l=true -m=minfly -lg=cpp -i=""$0""'",4,/home/guests/mmacri/AMOSUM/benchmarks/GraphColouring/test-instances-gc/0051-graph_colouring-150-0_7200.asp,255,4850143210,8357220,21819867,499,7603535931,14823,26494460678,4,316915,0.06011,3.178086431,3.111318,1,68744,37572,102908,0.089246,3.16056,L3:0=fff;1=008,00c00000,Thu Apr 2 12:28:00 PM UTC 2026,5409570_1155,coppernode27
"sh -c 'amoclingo -e=/home/guests/mmacri/AMOSUM/benchmarks/GraphColouring/encoding-amosum-amo.asp -l=true -m=minfly -lg=cpp -i=""$0""'",4,/home/guests/mmacri/AMOSUM/benchmarks/GraphColouring/test-instances-gc/0045-graph_colouring-145-0_2784.asp,222,1826612335129,4494823108,9728334956,1078,2891964436275,87182,10152992291086,4,120498933,0.219695,1204.992147427,1204.77243,1,353692,304492,390428,0.231662,1204.84,L3:0=fff;1=040,30000000,Thu Apr 2 12:27:58 PM UTC 2026,5409570_1122,coppernode22
"sh -c 'amoclingo -e=/home/guests/mmacri/AMOSUM/benchmarks/GraphColouring/encoding-amosum-amo.asp -l=true -m=minfly -lg=cpp -i=""$0""'",4,/home/guests/mmacri/AMOSUM/benchmarks/GraphColouring/test-instances-gc/0046-graph_colouring-145-0_4176.asp,228,1847496665343,4706633851,10021859146,1288,2891928182446,77879,10287103447036,4,120497488,0.296805,1204.988503932,1204.680694,1,311804,263432,348928,0.312672,1204.74,L3:0=004;1=fff,00000030,Thu Apr 2 12:27:59 PM UTC 2026,5409570_1128,coppernode27
"sh -c 'amoclingo -e=/home/guests/mmacri/AMOSUM/benchmarks/GraphColouring/encoding-amosum-amo.asp -l=true -m=minfly -lg=cpp -i=""$0""'",4,/home/guests/mmacri/AMOSUM/benchmarks/GraphColouring/test-instances-gc/0019-graph_colouring-130-0_2496.asp,92,47389180323,61826384,136720553,502,73956763908,21410,268993978133,6,3081649,0.070628,30.824201004,30.748132,1,97840,48448,131816,0.086985,30.8084,L3:0=040;1=fff,00003000,Thu Apr 2 12:09:46 PM UTC 2026,5409570_992,coppernode30
"sh -c 'amoclingo -e=/home/guests/mmacri/AMOSUM/benchmarks/GraphColouring/encoding-amosum-amo.asp -l=true -m=minfly -lg=cpp -i=""$0""'",4,/home/guests/mmacri/AMOSUM/benchmarks/GraphColouring/test-instances-gc/0025-graph_colouring-135-0_1296.asp,121,792402282,4350953,10893254,480,1820267052,13939,4295871614,7,75952,0.034541,0.768744809,0.727207,1,48944,36224,77264,0.047007,0.791212,L3:0=002;1=fff,0000000c,Thu Apr 2 12:15:26 PM UTC 2026,5409570_1021,coppernode23
"sh -c 'amoclingo -e=/home/guests/mmacri/AMOSUM/benchmarks/GraphColouring/encoding-amosum-amo.asp -l=true -m=minfly -lg=cpp -i=""$0""'",4,/home/guests/mmacri/AMOSUM/benchmarks/GraphColouring/test-instances-gc/0032-graph_colouring-140-0_1344.asp,156,666524051,4206996,11156320,489,1650430863,13357,3504249108,5,68877,0.075884,0.696687141,0.615133,1,48444,37040,77380,0.095062,0.674323,L3:0=002;1=fff,0000000c,Thu Apr 2 12:27:55 PM UTC 2026,5409570_1056,coppernode29
"sh -c 'amoclingo -e=/home/guests/mmacri/AMOSUM/benchmarks/GraphColouring/encoding-amosum-amo.asp -l=true -m=minfly -lg=cpp -i=""$0""'",4,/home/guests/mmacri/AMOSUM/benchmarks/GraphColouring/test-instances-gc/0020-graph_colouring-130-0_3744.asp,98,1511852382707,12972443566,29419079914,1242,2891847609948,24858,8156992636104,2,120494076,0.086181,1204.954740819,1204.857579,1,111496,63036,148724,0.101978,1204.92,L3:0=fff;1=010,03000000,Thu Apr 2 12:09:56 PM UTC 2026,5409570_998,coppernode24
"sh -c 'amoclingo -e=/home/guests/mmacri/AMOSUM/benchmarks/GraphColouring/encoding-amosum-amo.asp -l=true -m=minfly -lg=cpp -i=""$0""'",4,/home/guests/mmacri/AMOSUM/benchmarks/GraphColouring/test-instances-gc/0016-graph_colouring-130-0_1248.asp,76,623211920,4257262,10540763,478,1550796233,12879,3282287332,5,64711,0.047813,0.657505255,0.601452,1,48744,36024,77264,0.066123,0.659959,L3:0=fff;1=004,00300000,Thu Apr 2 12:09:07 PM UTC 2026,5409570_976,coppernode22
"sh -c 'amoclingo -e=/home/guests/mmacri/AMOSUM/benchmarks/GraphColouring/encoding-amosum-amo.asp -l=true -m=minfly -lg=cpp -i=""$0""'",4,/home/guests/mmacri/AMOSUM/benchmarks/GraphColouring/test-instances-gc/0058-graph_colouring-150-0_7200.asp,290,3501027294,6138436,15970956,501,5646181782,14296,19107552947,4,235358,0.052981,2.363457213,2.302773,1,67864,37628,101672,0.052981,2.37962,L3:0=fff;1=008,00c00000,Thu Apr 2 12:28:05 PM UTC 2026,5409570_1190,coppernode28
"sh -c 'amoclingo -e=/home/guests/mmacri/AMOSUM/benchmarks/GraphColouring/encoding-amosum-amo.asp -l=true -m=minfly -lg=cpp -i=""$0""'",4,/home/guests/mmacri/AMOSUM/benchmarks/GraphColouring/test-instances-gc/0042-graph_colouring-145-0_5568.asp,209,190727020137,679635003,2039246577,705,396906821754,17664,1100972240949,4,16537956,0.085635,165.39716819,165.296455,1,79768,36172,115004,0.099008,165.364,L3:0=fff;1=020,0c000000,Thu Apr 2 12:27:58 PM UTC 2026,5409570_1109,coppernode22
"sh -c 'amoclingo -e=/home/guests/mmacri/AMOSUM/benchmarks/GraphColouring/encoding-amosum-amo.asp -l=true -m=minfly -lg=cpp -i=""$0""'",4,/home/guests/mmacri/AMOSUM/benchmarks/GraphColouring/test-instances-gc/0041-graph_colouring-145-0_4176.asp,203,1459761308810,14203162709,30888399301,1525,2891799767458,27465,8016083362487,2,120492208,0.085274,1204.953638323,1204.840276,1,120436,71272,157248,0.107881,1204.9,L3:0=010;1=fff,00000300,Thu Apr 2 12:27:58 PM UTC 2026,5409570_1103,coppernode26
"sh -c 'amoclingo -e=/home/guests/mmacri/AMOSUM/benchmarks/GraphColouring/encoding-amosum-amo.asp -l=true -m=minfly -lg=cpp -i=""$0""'",4,/home/guests/mmacri/AMOSUM/benchmarks/GraphColouring/test-instances-gc/0055-graph_colouring-150-0_5760.asp,274,1854750534702,9578805943,17691265854,1345,2891850156307,38634,9806153265487,2,120494235,0.136519,1204.952565248,1204.809195,1,157028,107996,199888,0.151616,1204.87,L3:0=080;1=fff,0000c000,Thu Apr 2 12:28:02 PM UTC 2026,5409570_1174,coppernode28
"sh -c 'amoclingo -e=/home/guests/mmacri/AMOSUM/benchmarks/GraphColouring/encoding-amosum-amo.asp -l=true -m=minfly -lg=cpp -i=""$0""'",4,/home/guests/mmacri/AMOSUM/benchmarks/GraphColouring/test-instances-gc/0012-graph_colouring-130-0_2496.asp,57,126124021330,210658753,460561921,626,214516832933,26088,722891253297,4,8938373,0.115127,89.391687493,89.27103,1,115884,66164,149688,0.127116,89.3366,L3:0=002;1=fff,0000000c,Thu Apr 2 12:08:36 PM UTC 2026,5409570_957,coppernode26
"sh -c 'amoclingo -e=/home/guests/mmacri/AMOSUM/benchmarks/GraphColouring/encoding-amosum-amo.asp -l=true -m=minfly -lg=cpp -i=""$0""'",4,/home/guests/mmacri/AMOSUM/benchmarks/GraphColouring/test-instances-gc/0004-graph_colouring-125-0_6000.asp,20,617776652,4319601,10699095,472,1594237405,12305,3290350711,4,66538,0.047207,0.675171718,0.620444,1,48744,35232,77380,0.062998,0.681336,L3:0=080;1=fff,0000c000,Thu Apr 2 12:08:00 PM UTC 2026,5409570_920,coppernode22
"sh -c 'amoclingo -e=/home/guests/mmacri/AMOSUM/benchmarks/GraphColouring/encoding-amosum-amo.asp -l=true -m=minfly -lg=cpp -i=""$0""'",4,/home/guests/mmacri/AMOSUM/benchmarks/GraphColouring/test-instances-gc/0040-graph_colouring-140-0_5376.asp,199,82975395447,209791611,694985147,576,167733043390,16371,477738111670,6,6989008,0.034195,69.90006972,69.858369,1,76132,37104,110444,0.039354,69.9309,L3:0=fff;1=040,30000000,Thu Apr 2 12:27:57 PM UTC 2026,5409570_1099,coppernode27
"sh -c 'amoclingo -e=/home/guests/mmacri/AMOSUM/benchmarks/GraphColouring/encoding-amosum-amo.asp -l=true -m=minfly -lg=cpp -i=""$0""'",4,/home/guests/mmacri/AMOSUM/benchmarks/GraphColouring/test-instances-gc/0036-graph_colouring-140-0_2688.asp,177,1798839599079,6305112434,13186773378,1042,2891953871579,87031,9923118320002,4,120498530,0.206837,1204.992263088,1204.780683,1,356412,307564,393168,0.223442,1204.84,L3:0=020;1=fff,00000c00,Thu Apr 2 12:27:56 PM UTC 2026,5409570_1077,coppernode21
"sh -c 'amoclingo -e=/home/guests/mmacri/AMOSUM/benchmarks/GraphColouring/encoding-amosum-amo.asp -l=true -m=minfly -lg=cpp -i=""$0""'",4,/home/guests/mmacri/AMOSUM/benchmarks/GraphColouring/test-instances-gc/0020-graph_colouring-130-0_6240.asp,100,681400015,4659726,11712271,900,1777826596,12497,3684070798,6,74232,0.049137,0.85175724,0.69632,1,47516,35468,76364,0.072964,0.749586,L3:0=002;1=fff,0000000c,Thu Apr 2 12:10:06 PM UTC 2026,5409570_1000,coppernode26
"sh -c 'amoclingo -e=/home/guests/mmacri/AMOSUM/benchmarks/GraphColouring/encoding-amosum-amo.asp -l=true -m=minfly -lg=cpp -i=""$0""'",4,/home/guests/mmacri/AMOSUM/benchmarks/GraphColouring/test-instances-gc/0039-graph_colouring-140-0_4032.asp,193,1466049825099,14315054073,31928939115,1272,2891845220636,25003,8011234160121,2,120493954,0.094021,1204.952143419,1204.848126,1,106904,58192,143844,0.12782,1204.89,L3:0=fff;1=008,00c00000,Thu Apr 2 12:27:57 PM UTC 2026,5409570_1093,coppernode29
"sh -c 'amoclingo -e=/home/guests/mmacri/AMOSUM/benchmarks/GraphColouring/encoding-amosum-amo.asp -l=true -m=minfly -lg=cpp -i=""$0""'",4,/home/guests/mmacri/AMOSUM/benchmarks/GraphColouring/test-instances-gc/0050-graph_colouring-145-0_1392.asp,246,716411274,4396389,11115969,488,1710500623,13471,3778738799,5,71383,0.029914,0.722024567,0.68621,1,48768,37100,77388,0.041291,0.752333,L3:0=080;1=fff,0000c000,Thu Apr 2 12:27:59 PM UTC 2026,5409570_1146,coppernode29
"sh -c 'amoclingo -e=/home/guests/mmacri/AMOSUM/benchmarks/GraphColouring/encoding-amosum-amo.asp -l=true -m=minfly -lg=cpp -i=""$0""'",4,/home/guests/mmacri/AMOSUM/benchmarks/GraphColouring/test-instances-gc/0047-graph_colouring-145-0_1392.asp,231,806796171,4231119,11242829,485,1881600967,14315,4394816566,5,78502,0.03498,0.793090267,0.752473,1,48712,36780,77400,0.058789,0.805716,L3:0=040;1=fff,00003000,Thu Apr 2 12:27:59 PM UTC 2026,5409570_1131,coppernode27
"sh -c 'amoclingo -e=/home/guests/mmacri/AMOSUM/benchmarks/GraphColouring/encoding-amosum-amo.asp -l=true -m=minfly -lg=cpp -i=""$0""'",4,/home/guests/mmacri/AMOSUM/benchmarks/GraphColouring/test-instances-gc/0027-graph_colouring-135-0_2592.asp,132,1820837793690,4249729895,9425800662,1028,2891924881908,66672,10213042100090,8,120497219,0.182815,1204.992125654,1204.792514,1,275476,227400,312152,0.198766,1204.85,L3:0=fff;1=080,c0000000,Thu Apr 2 12:21:45 PM UTC 2026,5409570_1032,coppernode23
"sh -c 'amoclingo -e=/home/guests/mmacri/AMOSUM/benchmarks/GraphColouring/encoding-amosum-amo.asp -l=true -m=minfly -lg=cpp -i=""$0""'",4,/home/guests/mmacri/AMOSUM/benchmarks/GraphColouring/test-instances-gc/0029-graph_colouring-135-0_6480.asp,145,4458230593,9753466,27201446,796,7290245450,14049,24627174027,6,303897,0.069075,3.13772113,2.972847,1,67116,35880,100832,0.084256,3.03517,L3:0=fff;1=004,00300000,Thu Apr 2 12:27:55 PM UTC 2026,5409570_1045,coppernode23
"sh -c 'amoclingo -e=/home/guests/mmacri/AMOSUM/benchmarks/GraphColouring/encoding-amosum-amo.asp -l=true -m=minfly -lg=cpp -i=""$0""'",4,/home/guests/mmacri/AMOSUM/benchmarks/GraphColouring/test-instances-gc/0003-graph_colouring-125-0_2400.asp,12,161128545738,245176443,541990055,534,257157531782,26864,922977253601,4,10715023,0.115646,107.155678352,107.036884,1,119260,70112,152740,0.130864,107.099,L3:0=040;1=fff,00003000,Thu Apr 2 12:07:58 PM UTC 2026,5409570_912,coppernode30
"sh -c 'amoclingo -e=/home/guests/mmacri/AMOSUM/benchmarks/GraphColouring/encoding-amosum-amo.asp -l=true -m=minfly -lg=cpp -i=""$0""'",4,/home/guests/mmacri/AMOSUM/benchmarks/GraphColouring/test-instances-gc/0013-graph_colouring-130-0_6240.asp,65,666242214,4518079,11612952,625,1730574443,12372,3595974596,6,72233,0.056827,0.755308559,0.668136,1,48224,35188,77056,0.070184,0.731749,L3:0=020;1=fff,00000c00,Thu Apr 2 12:08:52 PM UTC 2026,5409570_965,coppernode24
"sh -c 'amoclingo -e=/home/guests/mmacri/AMOSUM/benchmarks/GraphColouring/encoding-amosum-amo.asp -l=true -m=minfly -lg=cpp -i=""$0""'",4,/home/guests/mmacri/AMOSUM/benchmarks/GraphColouring/test-instances-gc/0028-graph_colouring-135-0_3888.asp,138,1820582456604,5352773887,11271405904,2663,2891428190774,64053,10169487057460,14,120477065,0.199767,1204.989203906,1204.576737,1,264488,216308,300852,0.207628,1204.65,L3:0=002;1=fff,0000000c,Thu Apr 2 12:27:54 PM UTC 2026,5409570_1038,coppernode22
"sh -c 'amoclingo -e=/home/guests/mmacri/AMOSUM/benchmarks/GraphColouring/encoding-amosum-amo.asp -l=true -m=minfly -lg=cpp -i=""$0""'",4,/home/guests/mmacri/AMOSUM/benchmarks/GraphColouring/test-instances-gc/0004-graph_colouring-125-0_3600.asp,18,1445734736964,13596262674,30867235808,1226,2891869118257,24999,7839747241439,2,120494954,0.069026,1204.954877414,1204.882898,1,113284,64104,150104,0.084779,1204.94,L3:0=fff;1=008,00c00000,Thu Apr 2 12:08:00 PM UTC 2026,5409570_918,coppernode28
"sh -c 'amoclingo -e=/home/guests/mmacri/AMOSUM/benchmarks/GraphColouring/encoding-amosum-amo.asp -l=true -m=minfly -lg=cpp -i=""$0""'",4,/home/guests/mmacri/AMOSUM/benchmarks/GraphColouring/test-instances-gc/0001-graph_colouring-125-0_6000.asp,5,618202611,4098262,10526863,468,1612262056,12218,3300200379,4,67280,0.059678,0.681518497,0.61538,1,48692,35176,77388,0.081246,0.670921,L3:0=040;1=fff,00003000,Thu Apr 2 12:07:57 PM UTC 2026,5409570_905,coppernode30
"sh -c 'amoclingo -e=/home/guests/mmacri/AMOSUM/benchmarks/GraphColouring/encoding-amosum-amo.asp -l=true -m=minfly -lg=cpp -i=""$0""'",4,/home/guests/mmacri/AMOSUM/benchmarks/GraphColouring/test-instances-gc/0017-graph_colouring-130-0_1248.asp,81,608064522,4266479,10508501,480,1528820788,12684,3185634571,5,63807,0.046199,0.648925299,0.594184,1,48684,35700,77380,0.065924,0.651075,L3:0=080;1=fff,0000c000,Thu Apr 2 12:09:14 PM UTC 2026,5409570_981,coppernode22
"sh -c 'amoclingo -e=/home/guests/mmacri/AMOSUM/benchmarks/GraphColouring/encoding-amosum-amo.asp -l=true -m=minfly -lg=cpp -i=""$0""'",4,/home/guests/mmacri/AMOSUM/benchmarks/GraphColouring/test-instances-gc/0029-graph_colouring-135-0_2592.asp,142,1032028444898,2047519221,4517840168,1118,1653063029885,47712,5836026675644,6,68877942,0.130448,688.877091916,688.653077,1,199452,150812,234112,0.144074,688.717,L3:0=fff;1=040,30000000,Thu Apr 2 12:27:54 PM UTC 2026,5409570_1042,coppernode21
"sh -c 'amoclingo -e=/home/guests/mmacri/AMOSUM/benchmarks/GraphColouring/encoding-amosum-amo.asp -l=true -m=minfly -lg=cpp -i=""$0""'",4,/home/guests/mmacri/AMOSUM/benchmarks/GraphColouring/test-instances-gc/0027-graph_colouring-135-0_6480.asp,135,3494723124,9352615,25012487,907,5915616691,13770,19295003210,4,246637,0.078213,2.573689271,2.391479,1,66808,36248,101056,0.098008,2.44855,L3:0=010;1=fff,00000300,Thu Apr 2 12:27:04 PM UTC 2026,5409570_1035,coppernode29
"sh -c 'amoclingo -e=/home/guests/mmacri/AMOSUM/benchmarks/GraphColouring/encoding-amosum-amo.asp -l=true -m=minfly -lg=cpp -i=""$0""'",4,/home/guests/mmacri/AMOSUM/benchmarks/GraphColouring/test-instances-gc/0013-graph_colouring-130-0_2496.asp,62,111700274836,192076030,420801599,510,177155336083,33456,633454408998,4,7381589,0.094648,73.821854583,73.723521,1,145296,95996,179852,0.122431,73.7728,L3:0=fff;1=010,03000000,Thu Apr 2 12:08:40 PM UTC 2026,5409570_962,coppernode24
"sh -c 'amoclingo -e=/home/guests/mmacri/AMOSUM/benchmarks/GraphColouring/encoding-amosum-amo.asp -l=true -m=minfly -lg=cpp -i=""$0""'",4,/home/guests/mmacri/AMOSUM/benchmarks/GraphColouring/test-instances-gc/0002-graph_colouring-125-0_3600.asp,8,1448191307879,14047271702,31634901024,3350,2891757387000,22685,7849278458304,2,120490955,0.082996,1204.954695917,1204.828571,1,102744,53608,140308,0.090937,1204.9,L3:0=fff;1=004,00300000,Thu Apr 2 12:07:57 PM UTC 2026,5409570_908,coppernode28
"sh -c 'amoclingo -e=/home/guests/mmacri/AMOSUM/benchmarks/GraphColouring/encoding-amosum-amo.asp -l=true -m=minfly -lg=cpp -i=""$0""'",4,/home/guests/mmacri/AMOSUM/benchmarks/GraphColouring/test-instances-gc/0003-graph_colouring-125-0_6000.asp,15,636486882,4179812,10443750,473,1628001007,12199,3411671875,4,67944,0.070088,0.689279307,0.611538,1,48976,34932,77388,0.088882,0.669581,L3:0=080;1=fff,0000c000,Thu Apr 2 12:07:59 PM UTC 2026,5409570_915,coppernode27
"sh -c 'amoclingo -e=/home/guests/mmacri/AMOSUM/benchmarks/GraphColouring/encoding-amosum-amo.asp -l=true -m=minfly -lg=cpp -i=""$0""'",4,/home/guests/mmacri/AMOSUM/benchmarks/GraphColouring/test-instances-gc/0030-graph_colouring-135-0_3888.asp,148,1917696560996,3385305270,7559556644,997,2891916766763,44801,10662408758307,4,120496868,0.156504,1204.982634086,1204.815109,1,189596,141244,225172,0.161545,1204.89,L3:0=fff;1=010,03000000,Thu Apr 2 12:27:55 PM UTC 2026,5409570_1048,coppernode23
"sh -c 'amoclingo -e=/home/guests/mmacri/AMOSUM/benchmarks/GraphColouring/encoding-amosum-amo.asp -l=true -m=minfly -lg=cpp -i=""$0""'",4,/home/guests/mmacri/AMOSUM/benchmarks/GraphColouring/test-instances-gc/0018-graph_colouring-130-0_1248.asp,86,628323489,4394323,10495419,476,1568188794,12701,3302849499,7,65448,0.080712,0.668898251,0.575905,1,48184,35728,76360,0.092621,0.641091,L3:0=002;1=fff,0000000c,Thu Apr 2 12:09:29 PM UTC 2026,5409570_986,coppernode25
"sh -c 'amoclingo -e=/home/guests/mmacri/AMOSUM/benchmarks/GraphColouring/encoding-amosum-amo.asp -l=true -m=minfly -lg=cpp -i=""$0""'",4,/home/guests/mmacri/AMOSUM/benchmarks/GraphColouring/test-instances-gc/0001-graph_colouring-125-0_2400.asp,2,1777253106415,4633848688,9898702348,1071,2891945986733,60128,10011442450579,4,120498240,0.185269,1204.987501449,1204.799605,1,245960,197884,282344,0.190281,1204.87,L3:0=020;1=fff,00000c00,Thu Apr 2 12:07:56 PM UTC 2026,5409570_902,coppernode22
"sh -c 'amoclingo -e=/home/guests/mmacri/AMOSUM/benchmarks/GraphColouring/encoding-amosum-amo.asp -l=true -m=minfly -lg=cpp -i=""$0""'",4,/home/guests/mmacri/AMOSUM/benchmarks/GraphColouring/test-instances-gc/0014-graph_colouring-130-0_3744.asp,68,1469758042010,15373082106,33161383594,1262,2891816171325,24063,7945974755368,4,120492815,0.073447,1204.954678634,1204.857975,1,108564,59604,145244,0.081736,1204.93,L3:0=020;1=fff,00000c00,Thu Apr 2 12:08:55 PM UTC 2026,5409570_968,coppernode24
"sh -c 'amoclingo -e=/home/guests/mmacri/AMOSUM/benchmarks/GraphColouring/encoding-amosum-amo.asp -l=true -m=minfly -lg=cpp -i=""$0""'",4,/home/guests/mmacri/AMOSUM/benchmarks/GraphColouring/test-instances-gc/0048-graph_colouring-145-0_1392.asp,236,805733901,4386579,11330954,489,1856705764,14166,4312213802,5,77466,0.054058,0.782628393,0.722697,1,48976,37044,77388,0.057978,0.795804,L3:0=010;1=fff,00000300,Thu Apr 2 12:27:59 PM UTC 2026,5409570_1136,coppernode27
"sh -c 'amoclingo -e=/home/guests/mmacri/AMOSUM/benchmarks/GraphColouring/encoding-amosum-amo.asp -l=true -m=minfly -lg=cpp -i=""$0""'",4,/home/guests/mmacri/AMOSUM/benchmarks/GraphColouring/test-instances-gc/0049-graph_colouring-145-0_1392.asp,241,797463350,4219849,11446335,498,1839991024,13987,4252379389,5,76772,0.044607,0.77554589,0.725371,1,48708,37308,77380,0.064376,0.782352,L3:0=002;1=fff,0000000c,Thu Apr 2 12:27:59 PM UTC 2026,5409570_1141,coppernode21
"sh -c 'amoclingo -e=/home/guests/mmacri/AMOSUM/benchmarks/GraphColouring/encoding-amosum-amo.asp -l=true -m=minfly -lg=cpp -i=""$0""'",4,/home/guests/mmacri/AMOSUM/benchmarks/GraphColouring/test-instances-gc/0006-graph_colouring-125-0_2400.asp,27,773810570182,1738338310,3683008992,713,1259204399024,51629,4370606450391,4,52467107,0.111526,524.674956856,524.561958,1,215048,166932,250996,0.124799,524.625,L3:0=020;1=fff,00000c00,Thu Apr 2 12:08:02 PM UTC 2026,5409570_927,coppernode28
"sh -c 'amoclingo -e=/home/guests/mmacri/AMOSUM/benchmarks/GraphColouring/encoding-amosum-amo.asp -l=true -m=minfly -lg=cpp -i=""$0""'",4,/home/guests/mmacri/AMOSUM/benchmarks/GraphColouring/test-instances-gc/0010-graph_colouring-125-0_6000.asp,50,631680471,4365737,10716399,467,1631044783,12153,3378259045,4,68072,0.030393,0.690927018,0.652378,1,48700,34924,77272,0.035125,0.724321,L3:0=008;1=fff,000000c0,Thu Apr 2 12:08:30 PM UTC 2026,5409570_950,coppernode24
"sh -c 'amoclingo -e=/home/guests/mmacri/AMOSUM/benchmarks/GraphColouring/encoding-amosum-amo.asp -l=true -m=minfly -lg=cpp -i=""$0""'",4,/home/guests/mmacri/AMOSUM/benchmarks/GraphColouring/test-instances-gc/0022-graph_colouring-135-0_2592.asp,107,1821542928852,3628193919,7718557030,986,2891939152969,63334,10265223549653,8,120497787,0.194703,1204.98770336,1204.786129,1,262592,214364,298572,0.207433,1204.85,L3:0=040;1=fff,00003000,Thu Apr 2 12:10:22 PM UTC 2026,5409570_1007,coppernode30
"sh -c 'amoclingo -e=/home/guests/mmacri/AMOSUM/benchmarks/GraphColouring/encoding-amosum-amo.asp -l=true -m=minfly -lg=cpp -i=""$0""'",4,/home/guests/mmacri/AMOSUM/benchmarks/GraphColouring/test-instances-gc/0034-graph_colouring-140-0_6720.asp,170,723258556,3964446,11607554,774,1745942092,12923,3832912245,8,72879,0.072002,0.841992086,0.659752,1,49860,35952,79428,0.095755,0.718055,L3:0=fff;1=080,c0000000,Thu Apr 2 12:27:56 PM UTC 2026,5409570_1070,coppernode28
"sh -c 'amoclingo -e=/home/guests/mmacri/AMOSUM/benchmarks/GraphColouring/encoding-amosum-amo.asp -l=true -m=minfly -lg=cpp -i=""$0""'",4,/home/guests/mmacri/AMOSUM/benchmarks/GraphColouring/test-instances-gc/0039-graph_colouring-140-0_5376.asp,194,85393612427,220731786,715429033,759,177761203681,16716,495795886871,6,7406881,0.056322,74.155371971,74.015348,1,77556,36836,111900,0.070032,74.0801,L3:0=fff;1=020,0c000000,Thu Apr 2 12:27:57 PM UTC 2026,5409570_1094,coppernode28
"sh -c 'amoclingo -e=/home/guests/mmacri/AMOSUM/benchmarks/GraphColouring/encoding-amosum-amo.asp -l=true -m=minfly -lg=cpp -i=""$0""'",4,/home/guests/mmacri/AMOSUM/benchmarks/GraphColouring/test-instances-gc/0056-graph_colouring-150-0_5760.asp,279,1845243056731,8721199520,16001373640,1348,2891845033282,36158,9790146620116,4,120493977,0.108372,1204.951488514,1204.833681,1,150604,101684,191844,0.121926,1204.9,L3:0=004;1=fff,00000030,Thu Apr 2 12:28:02 PM UTC 2026,5409570_1179,coppernode30
"sh -c 'amoclingo -e=/home/guests/mmacri/AMOSUM/benchmarks/GraphColouring/encoding-amosum-amo.asp -l=true -m=minfly -lg=cpp -i=""$0""'",4,/home/guests/mmacri/AMOSUM/benchmarks/GraphColouring/test-instances-gc/0060-graph_colouring-150-0_2880.asp,297,1829781236698,3957412835,8850855340,1372,2891745701276,82006,10208802285672,6,120489890,0.210941,1204.992597467,1204.691646,1,334876,285976,372144,0.232586,1204.75,L3:0=040;1=fff,00003000,Thu Apr 2 12:28:07 PM UTC 2026,5409570_1197,coppernode22
"sh -c 'amoclingo -e=/home/guests/mmacri/AMOSUM/benchmarks/GraphColouring/encoding-amosum-amo.asp -l=true -m=minfly -lg=cpp -i=""$0""'",4,/home/guests/mmacri/AMOSUM/benchmarks/GraphColouring/test-instances-gc/0055-graph_colouring-150-0_4320.asp,273,1858591822879,6057115953,12118033740,1100,2891948639408,76248,10217846171272,4,120498276,0.23711,1204.990224791,1204.748355,1,309160,259924,348344,0.254717,1204.81,L3:0=fff;1=010,03000000,Thu Apr 2 12:28:02 PM UTC 2026,5409570_1173,coppernode25
"sh -c 'amoclingo -e=/home/guests/mmacri/AMOSUM/benchmarks/GraphColouring/encoding-amosum-amo.asp -l=true -m=minfly -lg=cpp -i=""$0""'",4,/home/guests/mmacri/AMOSUM/benchmarks/GraphColouring/test-instances-gc/0041-graph_colouring-145-0_5568.asp,204,187772234253,1101562312,3027319560,882,420479225983,17238,1092803196277,6,17520157,0.069057,175.280734199,175.135807,1,79484,37084,113712,0.088922,175.193,L3:0=fff;1=080,c0000000,Thu Apr 2 12:27:58 PM UTC 2026,5409570_1104,coppernode26
"sh -c 'amoclingo -e=/home/guests/mmacri/AMOSUM/benchmarks/GraphColouring/encoding-amosum-amo.asp -l=true -m=minfly -lg=cpp -i=""$0""'",4,/home/guests/mmacri/AMOSUM/benchmarks/GraphColouring/test-instances-gc/0019-graph_colouring-130-0_6240.asp,95,680382913,4452458,11300402,629,1762115761,12439,3687980610,4,73538,0.041393,0.765585078,0.696658,1,48516,35524,76984,0.049212,0.765719,L3:0=fff;1=020,0c000000,Thu Apr 2 12:09:53 PM UTC 2026,5409570_995,coppernode25
"sh -c 'amoclingo -e=/home/guests/mmacri/AMOSUM/benchmarks/GraphColouring/encoding-amosum-amo.asp -l=true -m=minfly -lg=cpp -i=""$0""'",4,/home/guests/mmacri/AMOSUM/benchmarks/GraphColouring/test-instances-gc/0031-graph_colouring-140-0_1344.asp,151,636269696,4344754,10616473,482,1590433203,13086,3336789659,5,66366,0.03958,0.671346636,0.626254,1,48744,36552,77256,0.05967,0.684279,L3:0=fff;1=010,03000000,Thu Apr 2 12:27:55 PM UTC 2026,5409570_1051,coppernode22
"sh -c 'amoclingo -e=/home/guests/mmacri/AMOSUM/benchmarks/GraphColouring/encoding-amosum-amo.asp -l=true -m=minfly -lg=cpp -i=""$0""'",4,/home/guests/mmacri/AMOSUM/benchmarks/GraphColouring/test-instances-gc/0026-graph_colouring-135-0_1296.asp,126,653870261,4339572,10550960,483,1608887572,13109,3446256424,7,67136,0.03455,0.681736535,0.639083,1,48436,36244,77268,0.050441,0.700301,L3:0=fff;1=004,00300000,Thu Apr 2 12:20:02 PM UTC 2026,5409570_1026,coppernode24
"sh -c 'amoclingo -e=/home/guests/mmacri/AMOSUM/benchmarks/GraphColouring/encoding-amosum-amo.asp -l=true -m=minfly -lg=cpp -i=""$0""'",4,/home/guests/mmacri/AMOSUM/benchmarks/GraphColouring/test-instances-gc/0015-graph_colouring-130-0_1248.asp,71,622830884,4215551,10465677,471,1539400007,12732,3270708081,9,64256,0.052199,0.696875011,0.592689,1,50028,35720,78404,0.060198,0.662331,L3:0=020;1=fff,00000c00,Thu Apr 2 12:08:58 PM UTC 2026,5409570_971,coppernode29
"sh -c 'amoclingo -e=/home/guests/mmacri/AMOSUM/benchmarks/GraphColouring/encoding-amosum-amo.asp -l=true -m=minfly -lg=cpp -i=""$0""'",4,/home/guests/mmacri/AMOSUM/benchmarks/GraphColouring/test-instances-gc/0045-graph_colouring-145-0_6960.asp,225,751263638,4428524,11623022,491,1905833079,13124,4056183271,4,79515,0.031757,0.803513856,0.765458,1,48448,37044,77384,0.043467,0.833664,L3:0=008;1=fff,000000c0,Thu Apr 2 12:27:58 PM UTC 2026,5409570_1125,coppernode27
"sh -c 'amoclingo -e=/home/guests/mmacri/AMOSUM/benchmarks/GraphColouring/encoding-amosum-amo.asp -l=true -m=minfly -lg=cpp -i=""$0""'",4,/home/guests/mmacri/AMOSUM/benchmarks/GraphColouring/test-instances-gc/0051-graph_colouring-150-0_2880.asp,252,1828963198591,4626119731,9955018924,1100,2891945581048,91038,10154240807444,4,120498104,0.273272,1204.992513045,1204.71055,1,371092,322432,408556,0.285304,1204.78,L3:0=fff;1=020,0c000000,Thu Apr 2 12:28:00 PM UTC 2026,5409570_1152,coppernode27
"sh -c 'amoclingo -e=/home/guests/mmacri/AMOSUM/benchmarks/GraphColouring/encoding-amosum-amo.asp -l=true -m=minfly -lg=cpp -i=""$0""'",4,/home/guests/mmacri/AMOSUM/benchmarks/GraphColouring/test-instances-gc/0052-graph_colouring-150-0_4320.asp,258,1909792070602,3621350015,8088231700,1171,2891938362159,65723,10600416741865,4,120497816,0.143935,1204.985868661,1204.837599,1,262276,213224,297176,0.166647,1204.89,L3:0=fff;1=040,30000000,Thu Apr 2 12:28:00 PM UTC 2026,5409570_1158,coppernode28
"sh -c 'amoclingo -e=/home/guests/mmacri/AMOSUM/benchmarks/GraphColouring/encoding-amosum-amo.asp -l=true -m=minfly -lg=cpp -i=""$0""'",4,/home/guests/mmacri/AMOSUM/benchmarks/GraphColouring/test-instances-gc/0010-graph_colouring-125-0_4800.asp,49,82595703424,222399029,715794441,546,176714048095,15025,477489541472,4,7363213,0.07327,73.644155032,73.561277,1,73412,34988,107476,0.095045,73.6167,L3:0=fff;1=040,30000000,Thu Apr 2 12:08:30 PM UTC 2026,5409570_949,coppernode29
"sh -c 'amoclingo -e=/home/guests/mmacri/AMOSUM/benchmarks/GraphColouring/encoding-amosum-amo.asp -l=true -m=minfly -lg=cpp -i=""$0""'",4,/home/guests/mmacri/AMOSUM/benchmarks/GraphColouring/test-instances-gc/0038-graph_colouring-140-0_2688.asp,187,259461138046,655128596,1424640116,860,434659175387,32495,1515505301049,10,18111006,0.096405,181.207002236,181.016582,1,139744,91068,173836,0.108954,181.081,L3:0=040;1=fff,00003000,Thu Apr 2 12:27:56 PM UTC 2026,5409570_1087,coppernode24
"sh -c 'amoclingo -e=/home/guests/mmacri/AMOSUM/benchmarks/GraphColouring/encoding-amosum-amo.asp -l=true -m=minfly -lg=cpp -i=""$0""'",4,/home/guests/mmacri/AMOSUM/benchmarks/GraphColouring/test-instances-gc/0034-graph_colouring-140-0_5376.asp,169,83758960068,219975055,705501401,1013,170461984927,16192,482924933475,8,7102788,0.080801,71.190724245,70.9503,1,75516,36768,110084,0.106563,71.005,L3:0=002;1=fff,0000000c,Thu Apr 2 12:27:56 PM UTC 2026,5409570_1069,coppernode28
"sh -c 'amoclingo -e=/home/guests/mmacri/AMOSUM/benchmarks/GraphColouring/encoding-amosum-amo.asp -l=true -m=minfly -lg=cpp -i=""$0""'",4,/home/guests/mmacri/AMOSUM/benchmarks/GraphColouring/test-instances-gc/0007-graph_colouring-125-0_4800.asp,34,78841874988,224464964,719202343,594,171532781158,14991,458466586526,4,7147358,0.052424,71.485081681,71.42335,1,73196,34936,107084,0.065749,71.4869,L3:0=002;1=fff,0000000c,Thu Apr 2 12:08:15 PM UTC 2026,5409570_934,coppernode25
"sh -c 'amoclingo -e=/home/guests/mmacri/AMOSUM/benchmarks/GraphColouring/encoding-amosum-amo.asp -l=true -m=minfly -lg=cpp -i=""$0""'",4,/home/guests/mmacri/AMOSUM/benchmarks/GraphColouring/test-instances-gc/0009-graph_colouring-125-0_3600.asp,43,1451293223680,14245194084,31942373531,1270,2891844569456,23479,7870834115017,2,120493945,0.073629,1204.954915426,1204.868874,1,100436,51500,137852,0.089439,1204.93,L3:0=fff;1=004,00300000,Thu Apr 2 12:08:25 PM UTC 2026,5409570_943,coppernode27
"sh -c 'amoclingo -e=/home/guests/mmacri/AMOSUM/benchmarks/GraphColouring/encoding-amosum-amo.asp -l=true -m=minfly -lg=cpp -i=""$0""'",4,/home/guests/mmacri/AMOSUM/benchmarks/GraphColouring/test-instances-gc/0023-graph_colouring-135-0_5184.asp,114,1766726760499,6921874648,13516389554,1486,2891580798168,32612,9705465081828,4,120482938,0.127285,1204.955968731,1204.706489,1,140544,91440,176888,0.152798,1204.76,L3:0=fff;1=080,c0000000,Thu Apr 2 12:11:14 PM UTC 2026,5409570_1014,coppernode27
"sh -c 'amoclingo -e=/home/guests/mmacri/AMOSUM/benchmarks/GraphColouring/encoding-amosum-amo.asp -l=true -m=minfly -lg=cpp -i=""$0""'",4,/home/guests/mmacri/AMOSUM/benchmarks/GraphColouring/test-instances-gc/0033-graph_colouring-140-0_4032.asp,163,1707550504931,7333808164,16346235550,1404,2891729264467,52493,9453121686028,6,120489178,0.139442,1204.984997297,1204.756038,1,217652,169044,253016,0.153743,1204.82,L3:0=010;1=fff,00000300,Thu Apr 2 12:27:55 PM UTC 2026,5409570_1063,coppernode25
"sh -c 'amoclingo -e=/home/guests/mmacri/AMOSUM/benchmarks/GraphColouring/encoding-amosum-amo.asp -l=true -m=minfly -lg=cpp -i=""$0""'",4,/home/guests/mmacri/AMOSUM/benchmarks/GraphColouring/test-instances-gc/0052-graph_colouring-150-0_7200.asp,260,3816763912,8693958,21662863,495,6181531046,14932,20673053434,6,257669,0.060949,2.585657323,2.517888,1,70228,37368,103580,0.080819,2.57518,L3:0=010;1=fff,00000300,Thu Apr 2 12:28:00 PM UTC 2026,5409570_1160,coppernode27
"sh -c 'amoclingo -e=/home/guests/mmacri/AMOSUM/benchmarks/GraphColouring/encoding-amosum-amo.asp -l=true -m=minfly -lg=cpp -i=""$0""'",4,/home/guests/mmacri/AMOSUM/benchmarks/GraphColouring/test-instances-gc/0044-graph_colouring-145-0_2784.asp,217,1831108415242,4600912607,10092757757,2030,2891892875280,80719,10200114877940,4,120496282,0.187558,1204.991656149,1204.779372,1,329708,281496,366684,0.20348,1204.84,L3:0=002;1=fff,0000000c,Thu Apr 2 12:27:58 PM UTC 2026,5409570_1117,coppernode29
"sh -c 'amoclingo -e=/home/guests/mmacri/AMOSUM/benchmarks/GraphColouring/encoding-amosum-amo.asp -l=true -m=minfly -lg=cpp -i=""$0""'",4,/home/guests/mmacri/AMOSUM/benchmarks/GraphColouring/test-instances-gc/0057-graph_colouring-150-0_5760.asp,284,1894462984857,5395149918,10561420084,1270,2891846566158,28751,10386614242266,2,120494033,0.105186,1204.953939396,1204.838607,1,121236,71336,160280,0.113124,1204.91,L3:0=fff;1=040,30000000,Thu Apr 2 12:28:03 PM UTC 2026,5409570_1184,coppernode24
"sh -c 'amoclingo -e=/home/guests/mmacri/AMOSUM/benchmarks/GraphColouring/encoding-amosum-amo.asp -l=true -m=minfly -lg=cpp -i=""$0""'",4,/home/guests/mmacri/AMOSUM/benchmarks/GraphColouring/test-instances-gc/0046-graph_colouring-145-0_2784.asp,227,1859209670949,3598147521,8092618258,1006,2891931513281,68094,10388523170410,4,120497485,0.180543,1204.98726482,1204.796779,1,279396,231172,316352,0.194,1204.86,L3:0=fff;1=004,00300000,Thu Apr 2 12:27:58 PM UTC 2026,5409570_1127,coppernode23
"sh -c 'amoclingo -e=/home/guests/mmacri/AMOSUM/benchmarks/GraphColouring/encoding-amosum-amo.asp -l=true -m=minfly -lg=cpp -i=""$0""'",4,/home/guests/mmacri/AMOSUM/benchmarks/GraphColouring/test-instances-gc/0050-graph_colouring-145-0_6960.asp,250,777096210,4575048,11622610,492,1947422795,13205,4216598043,6,81252,0.061476,0.821710696,0.753241,1,48964,37036,77404,0.077238,0.814116,L3:0=002;1=fff,0000000c,Thu Apr 2 12:28:00 PM UTC 2026,5409570_1150,coppernode24
"sh -c 'amoclingo -e=/home/guests/mmacri/AMOSUM/benchmarks/GraphColouring/encoding-amosum-amo.asp -l=true -m=minfly -lg=cpp -i=""$0""'",4,/home/guests/mmacri/AMOSUM/benchmarks/GraphColouring/test-instances-gc/0016-graph_colouring-130-0_4992.asp,79,37603726038,78824322,261463800,710,80186455161,14749,219449504574,4,3341246,0.059731,33.44524163,33.355318,1,70832,36028,104800,0.07163,33.4204,L3:0=fff;1=002,000c0000,Thu Apr 2 12:09:10 PM UTC 2026,5409570_979,coppernode30
"sh -c 'amoclingo -e=/home/guests/mmacri/AMOSUM/benchmarks/GraphColouring/encoding-amosum-amo.asp -l=true -m=minfly -lg=cpp -i=""$0""'",4,/home/guests/mmacri/AMOSUM/benchmarks/GraphColouring/test-instances-gc/0020-graph_colouring-130-0_2496.asp,97,161542433125,275179189,604593165,564,258332338480,37220,921219898437,4,10763978,0.120994,107.645853759,107.521145,1,159240,110844,193504,0.125986,107.593,L3:0=fff;1=020,0c000000,Thu Apr 2 12:09:54 PM UTC 2026,5409570_997,coppernode25
"sh -c 'amoclingo -e=/home/guests/mmacri/AMOSUM/benchmarks/GraphColouring/encoding-amosum-amo.asp -l=true -m=minfly -lg=cpp -i=""$0""'",4,/home/guests/mmacri/AMOSUM/benchmarks/GraphColouring/test-instances-gc/0032-graph_colouring-140-0_5376.asp,159,78827316167,203912816,663095757,910,163962016591,16312,457781781078,4,6831913,0.024297,68.41462906,68.298414,1,74632,36412,109404,0.052898,68.3473,L3:0=fff;1=080,c0000000,Thu Apr 2 12:27:55 PM UTC 2026,5409570_1059,coppernode30
"sh -c 'amoclingo -e=/home/guests/mmacri/AMOSUM/benchmarks/GraphColouring/encoding-amosum-amo.asp -l=true -m=minfly -lg=cpp -i=""$0""'",4,/home/guests/mmacri/AMOSUM/benchmarks/GraphColouring/test-instances-gc/0015-graph_colouring-130-0_3744.asp,73,1497758656006,14000834495,31921248976,1358,2891829884096,23119,8089141501793,2,120493360,0.07366,1204.95518478,1204.863309,1,104140,55332,140744,0.085556,1204.93,L3:0=fff;1=040,30000000,Thu Apr 2 12:09:05 PM UTC 2026,5409570_973,coppernode23
"sh -c 'amoclingo -e=/home/guests/mmacri/AMOSUM/benchmarks/GraphColouring/encoding-amosum-amo.asp -l=true -m=minfly -lg=cpp -i=""$0""'",4,/home/guests/mmacri/AMOSUM/benchmarks/GraphColouring/test-instances-gc/0031-graph_colouring-140-0_4032.asp,153,1874900679794,4004543202,8586396582,1097,2891928773784,55327,10475582901941,6,120497482,0.1853,1204.987710001,1204.792155,1,226608,177108,261972,0.204613,1204.85,L3:0=010;1=fff,00000300,Thu Apr 2 12:27:55 PM UTC 2026,5409570_1053,coppernode24
"sh -c 'amoclingo -e=/home/guests/mmacri/AMOSUM/benchmarks/GraphColouring/encoding-amosum-amo.asp -l=true -m=minfly -lg=cpp -i=""$0""'",4,/home/guests/mmacri/AMOSUM/benchmarks/GraphColouring/test-instances-gc/0025-graph_colouring-135-0_5184.asp,124,1784224241983,9768912458,17779069892,1716,2891651271134,31088,9603982906616,4,120485997,0.110796,1204.980698548,1204.753217,1,129172,80896,169644,0.122663,1204.82,L3:0=020;1=fff,00000c00,Thu Apr 2 12:16:48 PM UTC 2026,5409570_1024,coppernode28
"sh -c 'amoclingo -e=/home/guests/mmacri/AMOSUM/benchmarks/GraphColouring/encoding-amosum-amo.asp -l=true -m=minfly -lg=cpp -i=""$0""'",4,/home/guests/mmacri/AMOSUM/benchmarks/GraphColouring/test-instances-gc/0053-graph_colouring-150-0_2880.asp,262,1677353134769,4417193795,9331465228,2157,2672516140206,92874,9321992504178,6,111355484,0.275117,1113.647267079,1113.282504,1,377028,328124,413472,0.290884,1113.34,L3:0=fff;1=040,30000000,Thu Apr 2 12:28:00 PM UTC 2026,5409570_1162,coppernode26
"sh -c 'amoclingo -e=/home/guests/mmacri/AMOSUM/benchmarks/GraphColouring/encoding-amosum-amo.asp -l=true -m=minfly -lg=cpp -i=""$0""'",4,/home/guests/mmacri/AMOSUM/benchmarks/GraphColouring/test-instances-gc/0043-graph_colouring-145-0_6960.asp,215,1023790593,4402979,11632858,496,2194305309,13291,5499817107,4,91534,0.035719,0.938948655,0.881749,1,48552,37312,77396,0.051647,0.943119,L3:0=fff;1=004,00300000,Thu Apr 2 12:27:58 PM UTC 2026,5409570_1115,coppernode25
"sh -c 'amoclingo -e=/home/guests/mmacri/AMOSUM/benchmarks/GraphColouring/encoding-amosum-amo.asp -l=true -m=minfly -lg=cpp -i=""$0""'",4,/home/guests/mmacri/AMOSUM/benchmarks/GraphColouring/test-instances-gc/0058-graph_colouring-150-0_1440.asp,286,749054134,4416310,11165338,496,1780795636,14025,3976802884,5,74302,0.036773,0.752459,0.708507,1,49036,37632,77384,0.044772,0.77812,L3:0=fff;1=008,00c00000,Thu Apr 2 12:28:04 PM UTC 2026,5409570_1186,coppernode27
"sh -c 'amoclingo -e=/home/guests/mmacri/AMOSUM/benchmarks/GraphColouring/encoding-amosum-amo.asp -l=true -m=minfly -lg=cpp -i=""$0""'",4,/home/guests/mmacri/AMOSUM/benchmarks/GraphColouring/test-instances-gc/0054-graph_colouring-150-0_4320.asp,268,1871865938221,4106319941,8740885500,1110,2891939761862,66070,10430053741557,4,120497853,0.200813,1204.987268766,1204.780795,1,266756,216928,303084,0.216603,1204.84,L3:0=020;1=fff,00000c00,Thu Apr 2 12:28:01 PM UTC 2026,5409570_1168,coppernode30
"sh -c 'amoclingo -e=/home/guests/mmacri/AMOSUM/benchmarks/GraphColouring/encoding-amosum-amo.asp -l=true -m=minfly -lg=cpp -i=""$0""'",4,/home/guests/mmacri/AMOSUM/benchmarks/GraphColouring/test-instances-gc/0037-graph_colouring-140-0_6720.asp,185,688259597,3671686,10933898,627,1686857765,12941,3641266806,4,70396,0.078417,0.759703835,0.628123,1,49888,36112,79432,0.091857,0.691892,L3:0=fff;1=010,03000000,Thu Apr 2 12:27:56 PM UTC 2026,5409570_1085,coppernode22
"sh -c 'amoclingo -e=/home/guests/mmacri/AMOSUM/benchmarks/GraphColouring/encoding-amosum-amo.asp -l=true -m=minfly -lg=cpp -i=""$0""'",4,/home/guests/mmacri/AMOSUM/benchmarks/GraphColouring/test-instances-gc/0024-graph_colouring-135-0_1296.asp,116,752794722,4316560,10682631,483,1749166238,13460,4029478921,7,72978,0.045965,0.740271321,0.686133,1,48976,36256,77384,0.070192,0.738428,L3:0=fff;1=020,0c000000,Thu Apr 2 12:11:48 PM UTC 2026,5409570_1016,coppernode25
"sh -c 'amoclingo -e=/home/guests/mmacri/AMOSUM/benchmarks/GraphColouring/encoding-amosum-amo.asp -l=true -m=minfly -lg=cpp -i=""$0""'",4,/home/guests/mmacri/AMOSUM/benchmarks/GraphColouring/test-instances-gc/0033-graph_colouring-140-0_1344.asp,161,666886656,4499757,11612198,894,1670244327,13403,3510024662,4,69745,0.070021,0.805464299,0.630894,1,50884,36840,79444,0.086253,0.693366,L3:0=fff;1=010,03000000,Thu Apr 2 12:27:55 PM UTC 2026,5409570_1061,coppernode27
"sh -c 'amoclingo -e=/home/guests/mmacri/AMOSUM/benchmarks/GraphColouring/encoding-amosum-amo.asp -l=true -m=minfly -lg=cpp -i=""$0""'",4,/home/guests/mmacri/AMOSUM/benchmarks/GraphColouring/test-instances-gc/0008-graph_colouring-125-0_1200.asp,36,587001931,4206817,10362004,469,1487314145,12458,3082822955,5,62086,0.03249,0.632074917,0.590542,1,48740,35228,77380,0.033411,0.666324,L3:0=020;1=fff,00000c00,Thu Apr 2 12:08:17 PM UTC 2026,5409570_936,coppernode23
"sh -c 'amoclingo -e=/home/guests/mmacri/AMOSUM/benchmarks/GraphColouring/encoding-amosum-amo.asp -l=true -m=minfly -lg=cpp -i=""$0""'",4,/home/guests/mmacri/AMOSUM/benchmarks/GraphColouring/test-instances-gc/0009-graph_colouring-125-0_1200.asp,41,576179125,4199696,10277321,469,1464198093,12386,3014340849,5,61108,0.073406,0.621249414,0.539782,1,48712,35196,77388,0.083225,0.606451,L3:0=fff;1=004,00300000,Thu Apr 2 12:08:24 PM UTC 2026,5409570_941,coppernode27
"sh -c 'amoclingo -e=/home/guests/mmacri/AMOSUM/benchmarks/GraphColouring/encoding-amosum-amo.asp -l=true -m=minfly -lg=cpp -i=""$0""'",4,/home/guests/mmacri/AMOSUM/benchmarks/GraphColouring/test-instances-gc/0050-graph_colouring-145-0_5568.asp,249,190760579162,826478174,2386995614,915,412796203509,17497,1105320927241,6,17200119,0.052959,172.01561221,171.950093,1,80492,37052,114864,0.072181,172.009,L3:0=fff;1=004,00300000,Thu Apr 2 12:28:00 PM UTC 2026,5409570_1149,coppernode26
"sh -c 'amoclingo -e=/home/guests/mmacri/AMOSUM/benchmarks/GraphColouring/encoding-amosum-amo.asp -l=true -m=minfly -lg=cpp -i=""$0""'",4,/home/guests/mmacri/AMOSUM/benchmarks/GraphColouring/test-instances-gc/0047-graph_colouring-145-0_5568.asp,234,230632313784,864924430,2587585997,703,480307748874,17775,1328689677795,4,20013020,0.063664,200.140146112,200.069104,1,81748,36784,116084,0.072917,200.138,L3:0=020;1=fff,00000c00,Thu Apr 2 12:27:59 PM UTC 2026,5409570_1134,coppernode25
"sh -c 'amoclingo -e=/home/guests/mmacri/AMOSUM/benchmarks/GraphColouring/encoding-amosum-amo.asp -l=true -m=minfly -lg=cpp -i=""$0""'",4,/home/guests/mmacri/AMOSUM/benchmarks/GraphColouring/test-instances-gc/0049-graph_colouring-145-0_4176.asp,243,1455969079807,13442162512,29978851176,2564,2891774952564,27490,8011362639581,2,120491464,0.092332,1204.949370003,1204.827635,1,116884,70032,156600,0.10468,1204.9,L3:0=002;1=fff,0000000c,Thu Apr 2 12:27:59 PM UTC 2026,5409570_1143,coppernode30
"sh -c 'amoclingo -e=/home/guests/mmacri/AMOSUM/benchmarks/GraphColouring/encoding-amosum-amo.asp -l=true -m=minfly -lg=cpp -i=""$0""'",4,/home/guests/mmacri/AMOSUM/benchmarks/GraphColouring/test-instances-gc/0012-graph_colouring-130-0_6240.asp,60,645000507,4237238,10455131,476,1660454191,12426,3453330479,4,69282,0.039498,0.70384168,0.655567,1,48752,35500,77380,0.055392,0.716784,L3:0=fff;1=010,03000000,Thu Apr 2 12:08:37 PM UTC 2026,5409570_960,coppernode30
"sh -c 'amoclingo -e=/home/guests/mmacri/AMOSUM/benchmarks/GraphColouring/encoding-amosum-amo.asp -l=true -m=minfly -lg=cpp -i=""$0""'",4,/home/guests/mmacri/AMOSUM/benchmarks/GraphColouring/test-instances-gc/0004-graph_colouring-125-0_2400.asp,17,79352013713,127024852,279859175,505,125044350433,26467,450859575645,4,5210308,0.076823,52.109274951,52.028581,1,117832,68704,152256,0.089355,52.0929,L3:0=020;1=fff,00000c00,Thu Apr 2 12:07:59 PM UTC 2026,5409570_917,coppernode24
"sh -c 'amoclingo -e=/home/guests/mmacri/AMOSUM/benchmarks/GraphColouring/encoding-amosum-amo.asp -l=true -m=minfly -lg=cpp -i=""$0""'",4,/home/guests/mmacri/AMOSUM/benchmarks/GraphColouring/test-instances-gc/0028-graph_colouring-135-0_6480.asp,140,4344027016,9420046,26130900,670,7106723146,13804,23969737194,4,296241,0.05941,3.029284274,2.905789,1,66480,35644,100344,0.067799,2.97467,L3:0=fff;1=010,03000000,Thu Apr 2 12:27:54 PM UTC 2026,5409570_1040,coppernode21
"sh -c 'amoclingo -e=/home/guests/mmacri/AMOSUM/benchmarks/GraphColouring/encoding-amosum-amo.asp -l=true -m=minfly -lg=cpp -i=""$0""'",4,/home/guests/mmacri/AMOSUM/benchmarks/GraphColouring/test-instances-gc/0028-graph_colouring-135-0_2592.asp,137,285368747283,489848509,1104489582,616,446003594705,43366,1616113793714,8,18583650,0.109994,185.843971723,185.729013,1,183296,134416,217184,0.119825,185.797,L3:0=010;1=fff,00000300,Thu Apr 2 12:27:09 PM UTC 2026,5409570_1037,coppernode29
"sh -c 'amoclingo -e=/home/guests/mmacri/AMOSUM/benchmarks/GraphColouring/encoding-amosum-amo.asp -l=true -m=minfly -lg=cpp -i=""$0""'",4,/home/guests/mmacri/AMOSUM/benchmarks/GraphColouring/test-instances-gc/0017-graph_colouring-130-0_4992.asp,84,39824089271,98811971,321679641,515,85225029833,14815,232430345798,4,3551158,0.037142,35.522067854,35.476766,1,71128,35724,104960,0.05691,35.5337,L3:0=fff;1=080,c0000000,Thu Apr 2 12:09:24 PM UTC 2026,5409570_984,coppernode27
"sh -c 'amoclingo -e=/home/guests/mmacri/AMOSUM/benchmarks/GraphColouring/encoding-amosum-amo.asp -l=true -m=minfly -lg=cpp -i=""$0""'",4,/home/guests/mmacri/AMOSUM/benchmarks/GraphColouring/test-instances-gc/0059-graph_colouring-150-0_7200.asp,295,7160570977,32752785,69587361,507,12403223247,15758,39865035059,4,516910,0.026365,5.178381638,5.145123,1,72420,37572,106668,0.038647,5.21073,L3:0=080;1=fff,0000c000,Thu Apr 2 12:28:06 PM UTC 2026,5409570_1195,coppernode27
"sh -c 'amoclingo -e=/home/guests/mmacri/AMOSUM/benchmarks/GraphColouring/encoding-amosum-amo.asp -l=true -m=minfly -lg=cpp -i=""$0""'",4,/home/guests/mmacri/AMOSUM/benchmarks/GraphColouring/test-instances-gc/0055-graph_colouring-150-0_1440.asp,271,692015788,4231931,11211948,491,1687575681,13543,3642135335,5,70426,0.062101,0.713420455,0.644421,1,48712,37308,77380,0.077912,0.705352,L3:0=020;1=fff,00000c00,Thu Apr 2 12:28:01 PM UTC 2026,5409570_1171,coppernode27
"sh -c 'amoclingo -e=/home/guests/mmacri/AMOSUM/benchmarks/GraphColouring/encoding-amosum-amo.asp -l=true -m=minfly -lg=cpp -i=""$0""'",4,/home/guests/mmacri/AMOSUM/benchmarks/GraphColouring/test-instances-gc/0042-graph_colouring-145-0_1392.asp,206,677508540,4363371,11043091,490,1669836475,13400,3563667069,7,69685,0.039288,0.704993828,0.659696,1,48712,37044,77380,0.055139,0.720794,L3:0=010;1=fff,00000300,Thu Apr 2 12:27:58 PM UTC 2026,5409570_1106,coppernode27
"sh -c 'amoclingo -e=/home/guests/mmacri/AMOSUM/benchmarks/GraphColouring/encoding-amosum-amo.asp -l=true -m=minfly -lg=cpp -i=""$0""'",4,/home/guests/mmacri/AMOSUM/benchmarks/GraphColouring/test-instances-gc/0021-graph_colouring-135-0_6480.asp,105,3437434185,11263747,28373196,637,5980968885,14028,19028807619,4,249328,0.06956,2.524303784,2.42648,1,66580,36232,100988,0.082019,2.49043,L3:0=040;1=fff,00003000,Thu Apr 2 12:10:18 PM UTC 2026,5409570_1005,coppernode30
"sh -c 'amoclingo -e=/home/guests/mmacri/AMOSUM/benchmarks/GraphColouring/encoding-amosum-amo.asp -l=true -m=minfly -lg=cpp -i=""$0""'",4,/home/guests/mmacri/AMOSUM/benchmarks/GraphColouring/test-instances-gc/0035-graph_colouring-140-0_2688.asp,172,131167042994,284210028,604677283,755,208795148358,41373,737152129438,4,8699959,0.095095,87.039165536,86.907117,1,173240,125636,208768,0.103773,86.9764,L3:0=fff;1=002,000c0000,Thu Apr 2 12:27:56 PM UTC 2026,5409570_1072,coppernode26
"sh -c 'amoclingo -e=/home/guests/mmacri/AMOSUM/benchmarks/GraphColouring/encoding-amosum-amo.asp -l=true -m=minfly -lg=cpp -i=""$0""'",4,/home/guests/mmacri/AMOSUM/benchmarks/GraphColouring/test-instances-gc/0005-graph_colouring-125-0_6000.asp,25,640481207,4237174,10530659,470,1622192988,12197,3418322043,4,67693,0.05981,0.687007028,0.619339,1,49016,35236,77264,0.068997,0.686672,L3:0=010;1=fff,00000300,Thu Apr 2 12:08:01 PM UTC 2026,5409570_925,coppernode30
"sh -c 'amoclingo -e=/home/guests/mmacri/AMOSUM/benchmarks/GraphColouring/encoding-amosum-amo.asp -l=true -m=minfly -lg=cpp -i=""$0""'",4,/home/guests/mmacri/AMOSUM/benchmarks/GraphColouring/test-instances-gc/0011-graph_colouring-130-0_2496.asp,52,1811038566112,4460725394,9812151669,1012,2891924875264,55201,10141089374449,4,120497285,0.172797,1204.984801638,1204.802192,1,230668,181336,266140,0.182027,1204.87,L3:0=004;1=fff,00000030,Thu Apr 2 12:08:33 PM UTC 2026,5409570_952,coppernode29
"sh -c 'amoclingo -e=/home/guests/mmacri/AMOSUM/benchmarks/GraphColouring/encoding-amosum-amo.asp -l=true -m=minfly -lg=cpp -i=""$0""'",4,/home/guests/mmacri/AMOSUM/benchmarks/GraphColouring/test-instances-gc/0036-graph_colouring-140-0_4032.asp,178,1827099055543,5801446985,12152283031,1078,2891946141073,69063,10154120225338,6,120498196,0.164098,1204.988514764,1204.820922,1,280872,232184,317876,0.185419,1204.88,L3:0=fff;1=004,00300000,Thu Apr 2 12:27:56 PM UTC 2026,5409570_1078,coppernode21
"sh -c 'amoclingo -e=/home/guests/mmacri/AMOSUM/benchmarks/GraphColouring/encoding-amosum-amo.asp -l=true -m=minfly -lg=cpp -i=""$0""'",4,/home/guests/mmacri/AMOSUM/benchmarks/GraphColouring/test-instances-gc/0040-graph_colouring-140-0_1344.asp,196,941186909,4495487,11609217,723,2047323312,14039,5069481351,7,85435,0.069591,0.968732293,0.787714,1,51352,37044,79516,0.093346,0.844968,L3:0=fff;1=010,03000000,Thu Apr 2 12:27:57 PM UTC 2026,5409570_1096,coppernode27
"sh -c 'amoclingo -e=/home/guests/mmacri/AMOSUM/benchmarks/GraphColouring/encoding-amosum-amo.asp -l=true -m=minfly -lg=cpp -i=""$0""'",4,/home/guests/mmacri/AMOSUM/benchmarks/GraphColouring/test-instances-gc/0012-graph_colouring-130-0_3744.asp,58,1611049723744,8700635219,19136211885,1046,2891940348192,67011,8861614093942,4,120497863,0.180146,1204.989802405,1204.800964,1,276384,227184,312360,0.1903,1204.87,L3:0=fff;1=008,00c00000,Thu Apr 2 12:08:36 PM UTC 2026,5409570_958,coppernode26
"sh -c 'amoclingo -e=/home/guests/mmacri/AMOSUM/benchmarks/GraphColouring/encoding-amosum-amo.asp -l=true -m=minfly -lg=cpp -i=""$0""'",4,/home/guests/mmacri/AMOSUM/benchmarks/GraphColouring/test-instances-gc/0035-graph_colouring-140-0_6720.asp,175,729543196,4047151,11519928,706,1830991127,12878,3939476932,6,76419,0.059957,2.911847126,0.707244,1,49328,36080,78292,0.067684,0.782401,L3:0=080;1=fff,0000c000,Thu Apr 2 12:27:56 PM UTC 2026,5409570_1075,coppernode26
"sh -c 'amoclingo -e=/home/guests/mmacri/AMOSUM/benchmarks/GraphColouring/encoding-amosum-amo.asp -l=true -m=minfly -lg=cpp -i=""$0""'",4,/home/guests/mmacri/AMOSUM/benchmarks/GraphColouring/test-instances-gc/0021-graph_colouring-135-0_2592.asp,102,527620282778,990255901,2118343519,1160,839378789198,53541,2983776828766,6,34974561,0.133622,349.762012642,349.614674,1,221640,173496,256824,0.14556,349.68,L3:0=002;1=fff,0000000c,Thu Apr 2 12:10:09 PM UTC 2026,5409570_1002,coppernode26
"sh -c 'amoclingo -e=/home/guests/mmacri/AMOSUM/benchmarks/GraphColouring/encoding-amosum-amo.asp -l=true -m=minfly -lg=cpp -i=""$0""'",4,/home/guests/mmacri/AMOSUM/benchmarks/GraphColouring/test-instances-gc/0011-graph_colouring-130-0_6240.asp,55,641399196,4274409,10615730,477,1649243813,12417,3433284283,8,68820,0.05463,0.718970245,0.635832,1,48460,35440,76860,0.075108,0.692085,L3:0=fff;1=010,03000000,Thu Apr 2 12:08:34 PM UTC 2026,5409570_955,coppernode30
"sh -c 'amoclingo -e=/home/guests/mmacri/AMOSUM/benchmarks/GraphColouring/encoding-amosum-amo.asp -l=true -m=minfly -lg=cpp -i=""$0""'",4,/home/guests/mmacri/AMOSUM/benchmarks/GraphColouring/test-instances-gc/0005-graph_colouring-125-0_2400.asp,22,1795939412843,4684249099,10074101148,914,2891934606295,75592,10104430082907,4,120497590,0.228441,1204.989818087,1204.750131,1,308968,261048,345372,0.241786,1204.81,L3:0=fff;1=020,0c000000,Thu Apr 2 12:08:00 PM UTC 2026,5409570_922,coppernode23
"sh -c 'amoclingo -e=/home/guests/mmacri/AMOSUM/benchmarks/GraphColouring/encoding-amosum-amo.asp -l=true -m=minfly -lg=cpp -i=""$0""'",4,/home/guests/mmacri/AMOSUM/benchmarks/GraphColouring/test-instances-gc/0039-graph_colouring-140-0_1344.asp,191,1091921767,4569744,11400165,493,2264740596,14598,5993146645,7,94467,0.056903,0.97144764,0.890193,1,48708,36780,77396,0.069568,0.954708,L3:0=040;1=fff,00003000,Thu Apr 2 12:27:57 PM UTC 2026,5409570_1091,coppernode21
"sh -c 'amoclingo -e=/home/guests/mmacri/AMOSUM/benchmarks/GraphColouring/encoding-amosum-amo.asp -l=true -m=minfly -lg=cpp -i=""$0""'",4,/home/guests/mmacri/AMOSUM/benchmarks/GraphColouring/test-instances-gc/0022-graph_colouring-135-0_3888.asp,108,1930477431414,3616727234,7903929530,1071,2891940104528,46750,10725303315477,2,120497857,0.151397,1204.983372253,1204.830547,1,196472,146980,232188,0.168878,1204.89,L3:0=fff;1=080,c0000000,Thu Apr 2 12:10:26 PM UTC 2026,5409570_1008,coppernode25
"sh -c 'amoclingo -e=/home/guests/mmacri/AMOSUM/benchmarks/GraphColouring/encoding-amosum-amo.asp -l=true -m=minfly -lg=cpp -i=""$0""'",4,/home/guests/mmacri/AMOSUM/benchmarks/GraphColouring/test-instances-gc/0006-graph_colouring-125-0_3600.asp,28,1437643798537,13909305128,31594836203,1488,2891835525610,22267,7786717928759,2,120493667,0.124515,1204.954467531,1204.815481,1,100388,51368,137560,0.128693,1204.89,L3:0=010;1=fff,00000300,Thu Apr 2 12:08:03 PM UTC 2026,5409570_928,coppernode30
"sh -c 'amoclingo -e=/home/guests/mmacri/AMOSUM/benchmarks/GraphColouring/encoding-amosum-amo.asp -l=true -m=minfly -lg=cpp -i=""$0""'",4,/home/guests/mmacri/AMOSUM/benchmarks/GraphColouring/test-instances-gc/0059-graph_colouring-150-0_2880.asp,292,1833116386243,4155956243,9156336742,1086,2891937179838,76464,10237546686625,6,120497733,0.202393,1204.987911049,1204.777758,1,312924,263508,350656,0.22703,1204.83,L3:0=fff;1=008,00c00000,Thu Apr 2 12:28:05 PM UTC 2026,5409570_1192,coppernode27
"sh -c 'amoclingo -e=/home/guests/mmacri/AMOSUM/benchmarks/GraphColouring/encoding-amosum-amo.asp -l=true -m=minfly -lg=cpp -i=""$0""'",4,/home/guests/mmacri/AMOSUM/benchmarks/GraphColouring/test-instances-gc/0060-graph_colouring-150-0_4320.asp,298,1929348832814,4150730246,8611369656,1499,2891733959177,56293,10604854426140,4,120489395,0.136137,1204.984623733,1204.76086,1,231312,182152,272008,0.145294,1204.83,L3:0=fff;1=008,00c00000,Thu Apr 2 12:28:07 PM UTC 2026,5409570_1198,coppernode25
"sh -c 'amoclingo -e=/home/guests/mmacri/AMOSUM/benchmarks/GraphColouring/encoding-amosum-amo.asp -l=true -m=minfly -lg=cpp -i=""$0""'",4,/home/guests/mmacri/AMOSUM/benchmarks/GraphColouring/test-instances-gc/0041-graph_colouring-145-0_1392.asp,201,1132421620,4577051,12100857,495,2360159608,14884,6258367077,5,98444,0.029515,0.992413419,0.957266,1,68772,37044,102188,0.038865,1.02585,L3:0=040;1=fff,00003000,Thu Apr 2 12:27:57 PM UTC 2026,5409570_1101,coppernode27
"sh -c 'amoclingo -e=/home/guests/mmacri/AMOSUM/benchmarks/GraphColouring/encoding-amosum-amo.asp -l=true -m=minfly -lg=cpp -i=""$0""'",4,/home/guests/mmacri/AMOSUM/benchmarks/GraphColouring/test-instances-gc/0056-graph_colouring-150-0_1440.asp,276,1362330496,4699638,12182276,489,2672998805,15510,7582452330,5,111476,0.066221,1.123086908,1.050919,1,70456,37036,103588,0.079642,1.11462,L3:0=fff;1=040,30000000,Thu Apr 2 12:28:02 PM UTC 2026,5409570_1176,coppernode24
"sh -c 'amoclingo -e=/home/guests/mmacri/AMOSUM/benchmarks/GraphColouring/encoding-amosum-amo.asp -l=true -m=minfly -lg=cpp -i=""$0""'",4,/home/guests/mmacri/AMOSUM/benchmarks/GraphColouring/test-instances-gc/0002-graph_colouring-125-0_6000.asp,10,655648504,4233712,10506452,469,1648071647,12328,3504068977,4,68767,0.049575,0.696873796,0.640078,1,48708,35456,77268,0.050446,0.71654,L3:0=fff;1=008,00c00000,Thu Apr 2 12:07:58 PM UTC 2026,5409570_910,coppernode28
"sh -c 'amoclingo -e=/home/guests/mmacri/AMOSUM/benchmarks/GraphColouring/encoding-amosum-amo.asp -l=true -m=minfly -lg=cpp -i=""$0""'",4,/home/guests/mmacri/AMOSUM/benchmarks/GraphColouring/test-instances-gc/0014-graph_colouring-130-0_2496.asp,67,1788396521383,3981470758,8620942856,1148,2891820627862,55536,10109481669250,6,120492938,0.128651,1204.986499319,1204.803852,1,229412,180524,265400,0.141077,1204.87,L3:0=010;1=fff,00000300,Thu Apr 2 12:08:54 PM UTC 2026,5409570_967,coppernode23
"sh -c 'amoclingo -e=/home/guests/mmacri/AMOSUM/benchmarks/GraphColouring/encoding-amosum-amo.asp -l=true -m=minfly -lg=cpp -i=""$0""'",4,/home/guests/mmacri/AMOSUM/benchmarks/GraphColouring/test-instances-gc/0018-graph_colouring-130-0_4992.asp,89,82161824499,212822309,684879942,601,173960083387,15515,478354992290,6,7248474,0.039644,72.583627157,72.447704,1,74116,35720,108296,0.044636,72.5198,L3:0=fff;1=040,30000000,Thu Apr 2 12:09:44 PM UTC 2026,5409570_989,coppernode29
"sh -c 'amoclingo -e=/home/guests/mmacri/AMOSUM/benchmarks/GraphColouring/encoding-amosum-amo.asp -l=true -m=minfly -lg=cpp -i=""$0""'",4,/home/guests/mmacri/AMOSUM/benchmarks/GraphColouring/test-instances-gc/0026-graph_colouring-135-0_6480.asp,130,3497522718,9485981,25240000,911,5992381700,13859,19317433353,4,249829,0.061687,2.611074935,2.440406,1,66208,36224,100056,0.073529,2.50522,L3:0=fff;1=080,c0000000,Thu Apr 2 12:21:40 PM UTC 2026,5409570_1030,coppernode23
"sh -c 'amoclingo -e=/home/guests/mmacri/AMOSUM/benchmarks/GraphColouring/encoding-amosum-amo.asp -l=true -m=minfly -lg=cpp -i=""$0""'",4,/home/guests/mmacri/AMOSUM/benchmarks/GraphColouring/test-instances-gc/0030-graph_colouring-135-0_2592.asp,147,319533055633,577011766,1254538529,974,516877793281,36255,1818916840322,4,21536767,0.131855,215.473053797,215.238973,1,153436,104888,187680,0.140354,215.31,L3:0=fff;1=008,00c00000,Thu Apr 2 12:27:55 PM UTC 2026,5409570_1047,coppernode24
"sh -c 'amoclingo -e=/home/guests/mmacri/AMOSUM/benchmarks/GraphColouring/encoding-amosum-amo.asp -l=true -m=minfly -lg=cpp -i=""$0""'",4,/home/guests/mmacri/AMOSUM/benchmarks/GraphColouring/test-instances-gc/0002-graph_colouring-125-0_2400.asp,7,57044411854,98410714,211534847,491,92299777925,22159,327855784561,4,3845930,0.06376,38.466485491,38.397635,1,100940,51572,134664,0.081259,38.4566,L3:0=fff;1=008,00c00000,Thu Apr 2 12:07:57 PM UTC 2026,5409570_907,coppernode26
"sh -c 'amoclingo -e=/home/guests/mmacri/AMOSUM/benchmarks/GraphColouring/encoding-amosum-amo.asp -l=true -m=minfly -lg=cpp -i=""$0""'",4,/home/guests/mmacri/AMOSUM/benchmarks/GraphColouring/test-instances-gc/0017-graph_colouring-130-0_3744.asp,83,1490319531368,12978083679,29139177370,2630,2891777951060,25974,8079952447597,2,120491695,0.121648,1204.954632235,1204.796411,1,115928,67256,152848,0.129536,1204.87,L3:0=fff;1=004,00300000,Thu Apr 2 12:09:22 PM UTC 2026,5409570_983,coppernode29
"sh -c 'amoclingo -e=/home/guests/mmacri/AMOSUM/benchmarks/GraphColouring/encoding-amosum-amo.asp -l=true -m=minfly -lg=cpp -i=""$0""'",4,/home/guests/mmacri/AMOSUM/benchmarks/GraphColouring/test-instances-gc/0048-graph_colouring-145-0_5568.asp,239,194039536960,664241191,1960122069,696,394107710391,18088,1111086445866,6,16421340,0.089322,164.223615462,164.126592,1,82996,37048,117272,0.112408,164.182,L3:0=004;1=fff,00000030,Thu Apr 2 12:27:59 PM UTC 2026,5409570_1139,coppernode25
"sh -c 'amoclingo -e=/home/guests/mmacri/AMOSUM/benchmarks/GraphColouring/encoding-amosum-amo.asp -l=true -m=minfly -lg=cpp -i=""$0""'",4,/home/guests/mmacri/AMOSUM/benchmarks/GraphColouring/test-instances-gc/0049-graph_colouring-145-0_5568.asp,244,186602223003,669445788,2084523228,718,395920442634,17926,1080479464447,4,16496865,0.048829,164.979834362,164.922519,1,79208,36684,115272,0.061185,164.99,L3:0=080;1=fff,0000c000,Thu Apr 2 12:27:59 PM UTC 2026,5409570_1144,coppernode30
"sh -c 'amoclingo -e=/home/guests/mmacri/AMOSUM/benchmarks/GraphColouring/encoding-amosum-amo.asp -l=true -m=minfly -lg=cpp -i=""$0""'",4,/home/guests/mmacri/AMOSUM/benchmarks/GraphColouring/test-instances-gc/0047-graph_colouring-145-0_4176.asp,233,1500702451118,12725736463,28024302890,1375,2891845503076,25537,8221398770271,4,120494050,0.072141,1204.951642817,1204.871609,1,110312,62208,148604,0.095061,1204.93,L3:0=040;1=fff,00003000,Thu Apr 2 12:27:59 PM UTC 2026,5409570_1133,coppernode28
"sh -c 'amoclingo -e=/home/guests/mmacri/AMOSUM/benchmarks/GraphColouring/encoding-amosum-amo.asp -l=true -m=minfly -lg=cpp -i=""$0""'",4,/home/guests/mmacri/AMOSUM/benchmarks/GraphColouring/test-instances-gc/0037-graph_colouring-140-0_2688.asp,182,484910551167,1041052333,2319180152,740,775018741953,44517,2731924965520,4,32292659,0.144709,322.960572485,322.784444,1,186936,138348,221752,0.17169,322.836,L3:0=fff;1=008,00c00000,Thu Apr 2 12:27:56 PM UTC 2026,5409570_1082,coppernode21
"sh -c 'amoclingo -e=/home/guests/mmacri/AMOSUM/benchmarks/GraphColouring/encoding-amosum-amo.asp -l=true -m=minfly -lg=cpp -i=""$0""'",4,/home/guests/mmacri/AMOSUM/benchmarks/GraphColouring/test-instances-gc/0034-graph_colouring-140-0_1344.asp,166,627488645,3678778,10850924,538,1580028549,13154,3278152651,4,65937,0.060126,0.668788038,0.601389,1,47808,36092,77380,0.060985,0.68093,L3:0=fff;1=008,00c00000,Thu Apr 2 12:27:55 PM UTC 2026,5409570_1066,coppernode29
"sh -c 'amoclingo -e=/home/guests/mmacri/AMOSUM/benchmarks/GraphColouring/encoding-amosum-amo.asp -l=true -m=minfly -lg=cpp -i=""$0""'",4,/home/guests/mmacri/AMOSUM/benchmarks/GraphColouring/test-instances-gc/0023-graph_colouring-135-0_1296.asp,111,605388355,4403796,11296210,896,1535864704,12697,3167315347,6,64145,0.086603,0.744218762,0.558271,1,47908,35716,76360,0.091574,0.629711,L3:0=080;1=fff,0000c000,Thu Apr 2 12:11:03 PM UTC 2026,5409570_1011,coppernode24
"sh -c 'amoclingo -e=/home/guests/mmacri/AMOSUM/benchmarks/GraphColouring/encoding-amosum-amo.asp -l=true -m=minfly -lg=cpp -i=""$0""'",4,/home/guests/mmacri/AMOSUM/benchmarks/GraphColouring/test-instances-gc/0038-graph_colouring-140-0_4032.asp,188,1480878538498,13746002924,30044052625,2157,2891719373879,27059,8057971688097,4,120489083,0.084593,1204.952812517,1204.811236,1,119012,70852,157176,0.089629,1204.88,L3:0=fff;1=002,000c0000,Thu Apr 2 12:27:56 PM UTC 2026,5409570_1088,coppernode21
"sh -c 'amoclingo -e=/home/guests/mmacri/AMOSUM/benchmarks/GraphColouring/encoding-amosum-amo.asp -l=true -m=minfly -lg=cpp -i=""$0""'",4,/home/guests/mmacri/AMOSUM/benchmarks/GraphColouring/test-instances-gc/0010-graph_colouring-125-0_1200.asp,46,567472804,4127165,10664238,462,1463770044,12220,2961835289,7,61083,0.047329,0.633642906,0.565683,1,47752,34908,76356,0.067152,0.622811,L3:0=fff;1=008,00c00000,Thu Apr 2 12:08:27 PM UTC 2026,5409570_946,coppernode22
"sh -c 'amoclingo -e=/home/guests/mmacri/AMOSUM/benchmarks/GraphColouring/encoding-amosum-amo.asp -l=true -m=minfly -lg=cpp -i=""$0""'",4,/home/guests/mmacri/AMOSUM/benchmarks/GraphColouring/test-instances-gc/0007-graph_colouring-125-0_1200.asp,31,573334171,4210251,10283116,466,1455575800,12268,2990326665,5,60753,0.049158,0.617707846,0.560476,1,48768,34988,77392,0.076954,0.609758,L3:0=008;1=fff,000000c0,Thu Apr 2 12:08:10 PM UTC 2026,5409570_931,coppernode29
"sh -c 'amoclingo -e=/home/guests/mmacri/AMOSUM/benchmarks/GraphColouring/encoding-amosum-amo.asp -l=true -m=minfly -lg=cpp -i=""$0""'",4,/home/guests/mmacri/AMOSUM/benchmarks/GraphColouring/test-instances-gc/0043-graph_colouring-145-0_2784.asp,212,1818800731884,4668296664,10037256714,1109,2891947666420,90403,10118671167680,4,120498266,0.227851,1204.98998374,1204.758342,1,361320,313412,398516,0.238146,1204.83,L3:0=fff;1=020,0c000000,Thu Apr 2 12:27:58 PM UTC 2026,5409570_1112,coppernode21
"sh -c 'amoclingo -e=/home/guests/mmacri/AMOSUM/benchmarks/GraphColouring/encoding-amosum-amo.asp -l=true -m=minfly -lg=cpp -i=""$0""'",4,/home/guests/mmacri/AMOSUM/benchmarks/GraphColouring/test-instances-gc/0053-graph_colouring-150-0_7200.asp,265,8755548638,23842149,55508894,500,14229756697,15356,48505672711,4,593010,0.060015,5.938461522,5.872119,1,70896,37636,105044,0.076037,5.93382,L3:0=fff;1=008,00c00000,Thu Apr 2 12:28:01 PM UTC 2026,5409570_1165,coppernode25
"sh -c 'amoclingo -e=/home/guests/mmacri/AMOSUM/benchmarks/GraphColouring/encoding-amosum-amo.asp -l=true -m=minfly -lg=cpp -i=""$0""'",4,/home/guests/mmacri/AMOSUM/benchmarks/GraphColouring/test-instances-gc/0044-graph_colouring-145-0_4176.asp,218,1885012190045,4009066878,8554836692,992,2891936603696,49031,10496682287905,4,120497636,0.107562,1204.982589732,1204.871845,1,204260,155804,239776,0.111782,1204.95,L3:0=fff;1=020,0c000000,Thu Apr 2 12:27:58 PM UTC 2026,5409570_1118,coppernode30
"sh -c 'amoclingo -e=/home/guests/mmacri/AMOSUM/benchmarks/GraphColouring/encoding-amosum-amo.asp -l=true -m=minfly -lg=cpp -i=""$0""'",4,/home/guests/mmacri/AMOSUM/benchmarks/GraphColouring/test-instances-gc/0057-graph_colouring-150-0_1440.asp,281,796137525,4506371,11234673,499,1835774888,14014,4231886002,5,76601,0.055282,0.775038405,0.713046,1,48976,37836,77380,0.074764,0.770071,L3:0=020;1=fff,00000c00,Thu Apr 2 12:28:03 PM UTC 2026,5409570_1181,coppernode27
"sh -c 'amoclingo -e=/home/guests/mmacri/AMOSUM/benchmarks/GraphColouring/encoding-amosum-amo.asp -l=true -m=minfly -lg=cpp -i=""$0""'",4,/home/guests/mmacri/AMOSUM/benchmarks/GraphColouring/test-instances-gc/0018-graph_colouring-130-0_6240.asp,90,649423623,4220770,10307975,475,1649531820,12478,3466196470,4,68826,0.053727,0.698012706,0.636601,1,48956,35704,77264,0.077458,0.689668,L3:0=fff;1=002,000c0000,Thu Apr 2 12:09:44 PM UTC 2026,5409570_990,coppernode30
"sh -c 'amoclingo -e=/home/guests/mmacri/AMOSUM/benchmarks/GraphColouring/encoding-amosum-amo.asp -l=true -m=minfly -lg=cpp -i=""$0""'",4,/home/guests/mmacri/AMOSUM/benchmarks/GraphColouring/test-instances-gc/0026-graph_colouring-135-0_5184.asp,129,1749623355494,10186801504,18445004211,1862,2891668796618,29292,9457843091011,2,120486782,0.113612,1204.981612663,1204.758235,1,125588,77500,164148,0.125499,1204.82,L3:0=004;1=fff,00000030,Thu Apr 2 12:21:24 PM UTC 2026,5409570_1029,coppernode28
"sh -c 'amoclingo -e=/home/guests/mmacri/AMOSUM/benchmarks/GraphColouring/encoding-amosum-amo.asp -l=true -m=minfly -lg=cpp -i=""$0""'",4,/home/guests/mmacri/AMOSUM/benchmarks/GraphColouring/test-instances-gc/0015-graph_colouring-130-0_4992.asp,74,76312325651,192591961,619972326,983,163623441085,15274,445148415979,8,6817824,0.071658,68.288518253,68.109903,1,73152,35724,107248,0.099362,68.1591,L3:0=010;1=fff,00000300,Thu Apr 2 12:09:05 PM UTC 2026,5409570_974,coppernode21
"sh -c 'amoclingo -e=/home/guests/mmacri/AMOSUM/benchmarks/GraphColouring/encoding-amosum-amo.asp -l=true -m=minfly -lg=cpp -i=""$0""'",4,/home/guests/mmacri/AMOSUM/benchmarks/GraphColouring/test-instances-gc/0025-graph_colouring-135-0_3888.asp,123,1875164520654,4855801080,10811332210,2443,2891641423221,59397,10357279088305,8,120485843,0.249011,1204.98860273,1204.615076,1,243192,194944,278924,0.262363,1204.68,L3:0=002;1=fff,0000000c,Thu Apr 2 12:16:00 PM UTC 2026,5409570_1023,coppernode26
"sh -c 'amoclingo -e=/home/guests/mmacri/AMOSUM/benchmarks/GraphColouring/encoding-amosum-amo.asp -l=true -m=minfly -lg=cpp -i=""$0""'",4,/home/guests/mmacri/AMOSUM/benchmarks/GraphColouring/test-instances-gc/0031-graph_colouring-140-0_5376.asp,154,122293899841,337792797,1091964203,711,253095036470,16339,705670374706,6,10545805,0.063692,105.476631617,105.396766,1,77016,36508,112284,0.072781,105.467,L3:0=fff;1=002,000c0000,Thu Apr 2 12:27:55 PM UTC 2026,5409570_1054,coppernode24
"sh -c 'amoclingo -e=/home/guests/mmacri/AMOSUM/benchmarks/GraphColouring/encoding-amosum-amo.asp -l=true -m=minfly -lg=cpp -i=""$0""'",4,/home/guests/mmacri/AMOSUM/benchmarks/GraphColouring/test-instances-gc/0052-graph_colouring-150-0_2880.asp,257,1840357770895,3722943779,7978480480,1022,2891941862632,82013,10291711262351,4,120497959,0.161819,1204.99083985,1204.820764,1,335392,286352,371352,0.185909,1204.87,L3:0=040;1=fff,00003000,Thu Apr 2 12:28:00 PM UTC 2026,5409570_1157,coppernode27
"sh -c 'amoclingo -e=/home/guests/mmacri/AMOSUM/benchmarks/GraphColouring/encoding-amosum-amo.asp -l=true -m=minfly -lg=cpp -i=""$0""'",4,/home/guests/mmacri/AMOSUM/benchmarks/GraphColouring/test-instances-gc/0044-graph_colouring-145-0_6960.asp,220,735929473,4479778,11151508,494,1817635730,13175,3931707493,4,75838,0.071217,0.767004719,0.689188,1,48956,37288,77380,0.083807,0.753845,L3:0=002;1=fff,0000000c,Thu Apr 2 12:27:58 PM UTC 2026,5409570_1120,coppernode30
"sh -c 'amoclingo -e=/home/guests/mmacri/AMOSUM/benchmarks/GraphColouring/encoding-amosum-amo.asp -l=true -m=minfly -lg=cpp -i=""$0""'",4,/home/guests/mmacri/AMOSUM/benchmarks/GraphColouring/test-instances-gc/0026-graph_colouring-135-0_2592.asp,127,1779836593099,5975638814,12830027304,1128,2891943826830,85450,9862250463084,4,120498050,0.221669,1204.994542272,1204.761584,1,350040,302020,388756,0.23918,1204.82,L3:0=fff;1=004,00300000,Thu Apr 2 12:20:03 PM UTC 2026,5409570_1027,coppernode24
"sh -c 'amoclingo -e=/home/guests/mmacri/AMOSUM/benchmarks/GraphColouring/encoding-amosum-amo.asp -l=true -m=minfly -lg=cpp -i=""$0""'",4,/home/guests/mmacri/AMOSUM/benchmarks/GraphColouring/test-instances-gc/0030-graph_colouring-135-0_6480.asp,150,6670102996,21367600,50102279,499,10984073801,14302,37007802213,8,457771,0.06264,4.601024075,4.517473,1,68576,35192,102924,0.070664,4.5875,L3:0=040;1=fff,00003000,Thu Apr 2 12:27:55 PM UTC 2026,5409570_1050,coppernode22
"sh -c 'amoclingo -e=/home/guests/mmacri/AMOSUM/benchmarks/GraphColouring/encoding-amosum-amo.asp -l=true -m=minfly -lg=cpp -i=""$0""'",4,/home/guests/mmacri/AMOSUM/benchmarks/GraphColouring/test-instances-gc/0014-graph_colouring-130-0_6240.asp,70,630075061,4408835,11263760,636,1617210524,12499,3342069552,12,67514,0.047808,0.794641329,0.630146,1,48128,35780,76364,0.057843,0.697043,L3:0=020;1=fff,00000c00,Thu Apr 2 12:08:56 PM UTC 2026,5409570_970,coppernode29
"sh -c 'amoclingo -e=/home/guests/mmacri/AMOSUM/benchmarks/GraphColouring/encoding-amosum-amo.asp -l=true -m=minfly -lg=cpp -i=""$0""'",4,/home/guests/mmacri/AMOSUM/benchmarks/GraphColouring/test-instances-gc/0019-graph_colouring-130-0_4992.asp,94,80865258915,278116282,834145864,579,170880647746,15183,467123508423,4,7120174,0.048574,71.214522499,71.155754,1,73560,35452,108192,0.052527,71.2285,L3:0=080;1=fff,0000c000,Thu Apr 2 12:09:51 PM UTC 2026,5409570_994,coppernode24
"sh -c 'amoclingo -e=/home/guests/mmacri/AMOSUM/benchmarks/GraphColouring/encoding-amosum-amo.asp -l=true -m=minfly -lg=cpp -i=""$0""'",4,/home/guests/mmacri/AMOSUM/benchmarks/GraphColouring/test-instances-gc/0052-graph_colouring-150-0_5760.asp,259,1819008637016,9529961840,17006606785,1255,2891859552055,35147,9720897993986,2,120494607,0.112597,1204.952638573,1204.83656,1,146756,97332,187340,0.134249,1204.89,L3:0=fff;1=080,c0000000,Thu Apr 2 12:28:00 PM UTC 2026,5409570_1159,coppernode22
"sh -c 'amoclingo -e=/home/guests/mmacri/AMOSUM/benchmarks/GraphColouring/encoding-amosum-amo.asp -l=true -m=minfly -lg=cpp -i=""$0""'",4,/home/guests/mmacri/AMOSUM/benchmarks/GraphColouring/test-instances-gc/0051-graph_colouring-150-0_4320.asp,253,1886570500271,3998551376,8742128888,1189,2891923263406,55735,10496618392341,4,120497193,0.155934,1204.984230775,1204.819056,1,229036,180364,265812,0.172894,1204.88,L3:0=fff;1=010,03000000,Thu Apr 2 12:28:00 PM UTC 2026,5409570_1153,coppernode29
"sh -c 'amoclingo -e=/home/guests/mmacri/AMOSUM/benchmarks/GraphColouring/encoding-amosum-amo.asp -l=true -m=minfly -lg=cpp -i=""$0""'",4,/home/guests/mmacri/AMOSUM/benchmarks/GraphColouring/test-instances-gc/0045-graph_colouring-145-0_5568.asp,224,189464629682,730273632,2237429508,665,414661588176,17457,1105655861448,4,17277729,0.068533,172.788175237,172.711328,1,80328,37036,114844,0.094524,172.763,L3:0=fff;1=020,0c000000,Thu Apr 2 12:27:58 PM UTC 2026,5409570_1124,coppernode24
"sh -c 'amoclingo -e=/home/guests/mmacri/AMOSUM/benchmarks/GraphColouring/encoding-amosum-amo.asp -l=true -m=minfly -lg=cpp -i=""$0""'",4,/home/guests/mmacri/AMOSUM/benchmarks/GraphColouring/test-instances-gc/0009-graph_colouring-125-0_2400.asp,42,641950860709,1382979078,2973527269,1337,1000935463244,51612,3605094441609,4,41706055,0.116263,417.07878496,416.94686,1,217188,168168,252884,0.12417,417.016,L3:0=002;1=fff,0000000c,Thu Apr 2 12:08:24 PM UTC 2026,5409570_942,coppernode23
"sh -c 'amoclingo -e=/home/guests/mmacri/AMOSUM/benchmarks/GraphColouring/encoding-amosum-amo.asp -l=true -m=minfly -lg=cpp -i=""$0""'",4,/home/guests/mmacri/AMOSUM/benchmarks/GraphColouring/test-instances-gc/0007-graph_colouring-125-0_6000.asp,35,644998183,4192132,10486103,468,1651219431,12184,3459091218,4,68906,0.03797,0.700224365,0.653408,1,48680,34904,77392,0.046306,0.721795,L3:0=020;1=fff,00000c00,Thu Apr 2 12:08:16 PM UTC 2026,5409570_935,coppernode23
"sh -c 'amoclingo -e=/home/guests/mmacri/AMOSUM/benchmarks/GraphColouring/encoding-amosum-amo.asp -l=true -m=minfly -lg=cpp -i=""$0""'",4,/home/guests/mmacri/AMOSUM/benchmarks/GraphColouring/test-instances-gc/0033-graph_colouring-140-0_2688.asp,162,1801591112801,4825233662,10279479335,2669,2891541016425,79655,10053092866418,8,120481796,0.187044,1204.993623387,1204.635419,1,326220,278056,363944,0.209974,1204.69,L3:0=fff;1=002,000c0000,Thu Apr 2 12:27:55 PM UTC 2026,5409570_1062,coppernode25
"sh -c 'amoclingo -e=/home/guests/mmacri/AMOSUM/benchmarks/GraphColouring/encoding-amosum-amo.asp -l=true -m=minfly -lg=cpp -i=""$0""'",4,/home/guests/mmacri/AMOSUM/benchmarks/GraphColouring/test-instances-gc/0023-graph_colouring-135-0_6480.asp,115,6259974529,16729432,42385103,900,10397580603,14143,34749736462,6,433386,0.048474,4.440929224,4.28898,1,68468,35992,101996,0.065186,4.34915,L3:0=fff;1=020,0c000000,Thu Apr 2 12:11:43 PM UTC 2026,5409570_1015,coppernode25
"sh -c 'amoclingo -e=/home/guests/mmacri/AMOSUM/benchmarks/GraphColouring/encoding-amosum-amo.asp -l=true -m=minfly -lg=cpp -i=""$0""'",4,/home/guests/mmacri/AMOSUM/benchmarks/GraphColouring/test-instances-gc/0010-graph_colouring-125-0_3600.asp,48,1471266210939,14215572743,31638026248,1376,2891852251425,23377,7932105254125,2,120494357,0.08556,1204.954917037,1204.861122,1,101268,52640,137844,0.10597,1204.92,L3:0=fff;1=008,00c00000,Thu Apr 2 12:08:29 PM UTC 2026,5409570_948,coppernode22
"sh -c 'amoclingo -e=/home/guests/mmacri/AMOSUM/benchmarks/GraphColouring/encoding-amosum-amo.asp -l=true -m=minfly -lg=cpp -i=""$0""'",4,/home/guests/mmacri/AMOSUM/benchmarks/GraphColouring/test-instances-gc/0038-graph_colouring-140-0_1344.asp,186,786898942,3787025,11365236,691,1804551942,13770,4214488671,5,75309,0.058362,0.825901904,0.697598,1,48648,35752,78408,0.080514,0.756326,L3:0=fff;1=020,0c000000,Thu Apr 2 12:27:56 PM UTC 2026,5409570_1086,coppernode22
"sh -c 'amoclingo -e=/home/guests/mmacri/AMOSUM/benchmarks/GraphColouring/encoding-amosum-amo.asp -l=true -m=minfly -lg=cpp -i=""$0""'",4,/home/guests/mmacri/AMOSUM/benchmarks/GraphColouring/test-instances-gc/0034-graph_colouring-140-0_4032.asp,168,1895921493549,3845035466,8771741765,2507,2891634892021,53404,10563697758284,4,120485519,0.120433,1204.981550631,1204.739839,1,222556,173396,259112,0.137265,1204.81,L3:0=fff;1=002,000c0000,Thu Apr 2 12:27:56 PM UTC 2026,5409570_1068,coppernode28
"sh -c 'amoclingo -e=/home/guests/mmacri/AMOSUM/benchmarks/GraphColouring/encoding-amosum-amo.asp -l=true -m=minfly -lg=cpp -i=""$0""'",4,/home/guests/mmacri/AMOSUM/benchmarks/GraphColouring/test-instances-gc/0057-graph_colouring-150-0_7200.asp,285,2961166138,5494660,14669648,497,4864519569,14131,16179007945,4,202798,0.091459,2.03713916,1.938768,1,66728,37836,100520,0.113093,1.99364,L3:0=010;1=fff,00000300,Thu Apr 2 12:28:04 PM UTC 2026,5409570_1185,coppernode27
"sh -c 'amoclingo -e=/home/guests/mmacri/AMOSUM/benchmarks/GraphColouring/encoding-amosum-amo.asp -l=true -m=minfly -lg=cpp -i=""$0""'",4,/home/guests/mmacri/AMOSUM/benchmarks/GraphColouring/test-instances-gc/0044-graph_colouring-145-0_1392.asp,216,710958470,4298435,11274680,494,1733728479,13729,3756060679,5,72341,0.041703,0.731397531,0.683828,1,48508,37372,77396,0.053578,0.748777,L3:0=fff;1=008,00c00000,Thu Apr 2 12:27:58 PM UTC 2026,5409570_1116,coppernode25
"sh -c 'amoclingo -e=/home/guests/mmacri/AMOSUM/benchmarks/GraphColouring/encoding-amosum-amo.asp -l=true -m=minfly -lg=cpp -i=""$0""'",4,/home/guests/mmacri/AMOSUM/benchmarks/GraphColouring/test-instances-gc/0053-graph_colouring-150-0_1440.asp,261,958832562,4605441,11529726,495,2078693441,14524,5197128183,5,86718,0.054572,0.875834208,0.814883,1,49032,37628,77404,0.071144,0.875151,L3:0=008;1=fff,000000c0,Thu Apr 2 12:28:00 PM UTC 2026,5409570_1161,coppernode28
"sh -c 'amoclingo -e=/home/guests/mmacri/AMOSUM/benchmarks/GraphColouring/encoding-amosum-amo.asp -l=true -m=minfly -lg=cpp -i=""$0""'",4,/home/guests/mmacri/AMOSUM/benchmarks/GraphColouring/test-instances-gc/0030-graph_colouring-135-0_5184.asp,149,1750297217651,9787189409,17505558708,1198,2891863867915,27665,9534884966938,2,120494806,0.118454,1204.953683893,1204.832284,1,119752,71500,159004,0.134377,1204.89,L3:0=010;1=fff,00000300,Thu Apr 2 12:27:55 PM UTC 2026,5409570_1049,coppernode22
"sh -c 'amoclingo -e=/home/guests/mmacri/AMOSUM/benchmarks/GraphColouring/encoding-amosum-amo.asp -l=true -m=minfly -lg=cpp -i=""$0""'",4,/home/guests/mmacri/AMOSUM/benchmarks/GraphColouring/test-instances-gc/0018-graph_colouring-130-0_2496.asp,87,1812029043144,4534803166,9630611435,987,2891927971014,64647,10196998489022,4,120497374,0.148277,1204.988334448,1204.82738,1,265588,217044,301384,0.161136,1204.89,L3:0=004;1=fff,00000030,Thu Apr 2 12:09:30 PM UTC 2026,5409570_987,coppernode23
"sh -c 'amoclingo -e=/home/guests/mmacri/AMOSUM/benchmarks/GraphColouring/encoding-amosum-amo.asp -l=true -m=minfly -lg=cpp -i=""$0""'",4,/home/guests/mmacri/AMOSUM/benchmarks/GraphColouring/test-instances-gc/0014-graph_colouring-130-0_4992.asp,69,38245595754,82669686,279218323,517,82729747605,14618,225065353720,6,3447193,0.075786,34.515699077,34.398263,1,70484,35696,104408,0.080808,34.47,L3:0=004;1=fff,00000030,Thu Apr 2 12:08:55 PM UTC 2026,5409570_969,coppernode23
"sh -c 'amoclingo -e=/home/guests/mmacri/AMOSUM/benchmarks/GraphColouring/encoding-amosum-amo.asp -l=true -m=minfly -lg=cpp -i=""$0""'",4,/home/guests/mmacri/AMOSUM/benchmarks/GraphColouring/test-instances-gc/0001-graph_colouring-125-0_3600.asp,3,1468989696280,13331225850,30248573300,1036,2891866641399,27264,7987150383628,2,120494792,0.097949,1204.954448782,1204.852117,1,120292,72592,158884,0.117694,1204.91,L3:0=004;1=fff,00000030,Thu Apr 2 12:07:57 PM UTC 2026,5409570_903,coppernode30
"sh -c 'amoclingo -e=/home/guests/mmacri/AMOSUM/benchmarks/GraphColouring/encoding-amosum-amo.asp -l=true -m=minfly -lg=cpp -i=""$0""'",4,/home/guests/mmacri/AMOSUM/benchmarks/GraphColouring/test-instances-gc/0027-graph_colouring-135-0_5184.asp,134,1743282908108,9309231592,17642406890,1651,2891612284965,33399,9527077273160,6,120484348,0.091701,1204.984076504,1204.756754,1,141396,93352,179232,0.103676,1204.82,L3:0=080;1=fff,0000c000,Thu Apr 2 12:23:36 PM UTC 2026,5409570_1034,coppernode25
"sh -c 'amoclingo -e=/home/guests/mmacri/AMOSUM/benchmarks/GraphColouring/encoding-amosum-amo.asp -l=true -m=minfly -lg=cpp -i=""$0""'",4,/home/guests/mmacri/AMOSUM/benchmarks/GraphColouring/test-instances-gc/0029-graph_colouring-135-0_3888.asp,143,1907102061975,4556924188,10041878281,2210,2891643913587,64564,10552544431803,8,120485812,0.162051,1204.988896628,1204.700499,1,265804,217276,301368,0.181231,1204.76,L3:0=fff;1=002,000c0000,Thu Apr 2 12:27:55 PM UTC 2026,5409570_1043,coppernode23
"sh -c 'amoclingo -e=/home/guests/mmacri/AMOSUM/benchmarks/GraphColouring/encoding-amosum-amo.asp -l=true -m=minfly -lg=cpp -i=""$0""'",4,/home/guests/mmacri/AMOSUM/benchmarks/GraphColouring/test-instances-gc/0003-graph_colouring-125-0_4800.asp,14,77840960329,212864473,693389221,700,169833066738,14903,453750769070,4,7076551,0.030136,70.777408913,70.737657,1,72880,34912,106692,0.046067,70.799,L3:0=fff;1=002,000c0000,Thu Apr 2 12:07:59 PM UTC 2026,5409570_914,coppernode30
"sh -c 'amoclingo -e=/home/guests/mmacri/AMOSUM/benchmarks/GraphColouring/encoding-amosum-amo.asp -l=true -m=minfly -lg=cpp -i=""$0""'",4,/home/guests/mmacri/AMOSUM/benchmarks/GraphColouring/test-instances-gc/0002-graph_colouring-125-0_4800.asp,9,37413999759,85609341,283993252,513,82712261375,14240,220411160934,4,3446473,0.05491,34.474392882,34.411944,1,70252,35516,104588,0.059938,34.4838,L3:0=004;1=fff,00000030,Thu Apr 2 12:07:58 PM UTC 2026,5409570_909,coppernode29
"sh -c 'amoclingo -e=/home/guests/mmacri/AMOSUM/benchmarks/GraphColouring/encoding-amosum-amo.asp -l=true -m=minfly -lg=cpp -i=""$0""'",4,/home/guests/mmacri/AMOSUM/benchmarks/GraphColouring/test-instances-gc/0013-graph_colouring-130-0_3744.asp,63,1897612361842,4382932521,9631478496,1044,2891934162054,54810,10536076396256,4,120497559,0.128265,1204.983565258,1204.850215,1,228032,178676,264900,0.137537,1204.92,L3:0=fff;1=010,03000000,Thu Apr 2 12:08:40 PM UTC 2026,5409570_963,coppernode30
"sh -c 'amoclingo -e=/home/guests/mmacri/AMOSUM/benchmarks/GraphColouring/encoding-amosum-amo.asp -l=true -m=minfly -lg=cpp -i=""$0""'",4,/home/guests/mmacri/AMOSUM/benchmarks/GraphColouring/test-instances-gc/0048-graph_colouring-145-0_6960.asp,240,829724585,4338750,11366695,491,1917554576,13152,4421612488,4,80010,0.059908,0.808509484,0.742183,1,48772,37108,77388,0.08008,0.800701,L3:0=fff;1=008,00c00000,Thu Apr 2 12:27:59 PM UTC 2026,5409570_1140,coppernode25
"sh -c 'amoclingo -e=/home/guests/mmacri/AMOSUM/benchmarks/GraphColouring/encoding-amosum-amo.asp -l=true -m=minfly -lg=cpp -i=""$0""'",4,/home/guests/mmacri/AMOSUM/benchmarks/GraphColouring/test-instances-gc/0048-graph_colouring-145-0_2784.asp,237,1827318851210,4022359861,8808592837,1045,2891945040253,75230,10227364953433,4,120498105,0.236172,1204.991511145,1204.747929,1,308840,259844,345216,0.252837,1204.81,L3:0=080;1=fff,0000c000,Thu Apr 2 12:27:59 PM UTC 2026,5409570_1137,coppernode26
"sh -c 'amoclingo -e=/home/guests/mmacri/AMOSUM/benchmarks/GraphColouring/encoding-amosum-amo.asp -l=true -m=minfly -lg=cpp -i=""$0""'",4,/home/guests/mmacri/AMOSUM/benchmarks/GraphColouring/test-instances-gc/0039-graph_colouring-140-0_6720.asp,195,820026381,4348858,11313569,699,1906765945,13055,4372778381,6,79576,0.040988,0.891974014,0.757394,1,48260,37100,76264,0.044923,0.833951,L3:0=008;1=fff,000000c0,Thu Apr 2 12:27:57 PM UTC 2026,5409570_1095,coppernode27
"sh -c 'amoclingo -e=/home/guests/mmacri/AMOSUM/benchmarks/GraphColouring/encoding-amosum-amo.asp -l=true -m=minfly -lg=cpp -i=""$0""'",4,/home/guests/mmacri/AMOSUM/benchmarks/GraphColouring/test-instances-gc/0011-graph_colouring-130-0_1248.asp,51,581863545,4233436,10431960,477,1485082646,12529,3038821669,5,61985,0.053632,0.630253442,0.568326,1,48700,35452,77392,0.059561,0.638998,L3:0=008;1=fff,000000c0,Thu Apr 2 12:08:31 PM UTC 2026,5409570_951,coppernode24
"sh -c 'amoclingo -e=/home/guests/mmacri/AMOSUM/benchmarks/GraphColouring/encoding-amosum-amo.asp -l=true -m=minfly -lg=cpp -i=""$0""'",4,/home/guests/mmacri/AMOSUM/benchmarks/GraphColouring/test-instances-gc/0006-graph_colouring-125-0_1200.asp,26,571457793,4165327,10278598,474,1448352449,12356,2986364333,4,60453,0.053757,0.614133113,0.552981,1,49032,35252,77380,0.078704,0.60449,L3:0=020;1=fff,00000c00,Thu Apr 2 12:08:01 PM UTC 2026,5409570_926,coppernode28
"sh -c 'amoclingo -e=/home/guests/mmacri/AMOSUM/benchmarks/GraphColouring/encoding-amosum-amo.asp -l=true -m=minfly -lg=cpp -i=""$0""'",4,/home/guests/mmacri/AMOSUM/benchmarks/GraphColouring/test-instances-gc/0035-graph_colouring-140-0_1344.asp,171,651062190,4119670,10782729,483,1606195117,13131,3424440064,7,67024,0.037264,0.677912425,0.635232,1,48712,36252,77380,0.0507,0.698959,L3:0=fff;1=040,30000000,Thu Apr 2 12:27:56 PM UTC 2026,5409570_1071,coppernode27
"sh -c 'amoclingo -e=/home/guests/mmacri/AMOSUM/benchmarks/GraphColouring/encoding-amosum-amo.asp -l=true -m=minfly -lg=cpp -i=""$0""'",4,/home/guests/mmacri/AMOSUM/benchmarks/GraphColouring/test-instances-gc/0022-graph_colouring-135-0_1296.asp,106,682127503,4312922,10554712,480,1641232627,13140,3608792405,5,68489,0.04674,0.695207726,0.64046,1,48956,36496,77396,0.090405,0.673253,L3:0=040;1=fff,00003000,Thu Apr 2 12:10:21 PM UTC 2026,5409570_1006,coppernode30
"sh -c 'amoclingo -e=/home/guests/mmacri/AMOSUM/benchmarks/GraphColouring/encoding-amosum-amo.asp -l=true -m=minfly -lg=cpp -i=""$0""'",4,/home/guests/mmacri/AMOSUM/benchmarks/GraphColouring/test-instances-gc/0041-graph_colouring-145-0_6960.asp,205,747393434,3991064,11941359,512,1883942754,13212,4038700007,6,78600,0.049968,0.803606278,0.738479,1,48436,37036,77396,0.070535,0.79499,L3:0=040;1=fff,00003000,Thu Apr 2 12:27:58 PM UTC 2026,5409570_1105,coppernode26
"sh -c 'amoclingo -e=/home/guests/mmacri/AMOSUM/benchmarks/GraphColouring/encoding-amosum-amo.asp -l=true -m=minfly -lg=cpp -i=""$0""'",4,/home/guests/mmacri/AMOSUM/benchmarks/GraphColouring/test-instances-gc/0055-graph_colouring-150-0_2880.asp,272,1806592117901,4662716369,10212217121,944,2891957018111,86960,10100138622375,4,120498527,0.190724,1204.993526366,1204.797394,1,355412,306112,390980,0.217504,1204.85,L3:0=fff;1=080,c0000000,Thu Apr 2 12:28:01 PM UTC 2026,5409570_1172,coppernode24
"sh -c 'amoclingo -e=/home/guests/mmacri/AMOSUM/benchmarks/GraphColouring/encoding-amosum-amo.asp -l=true -m=minfly -lg=cpp -i=""$0""'",4,/home/guests/mmacri/AMOSUM/benchmarks/GraphColouring/test-instances-gc/0056-graph_colouring-150-0_4320.asp,278,1879367051980,4502745791,9763034528,1236,2891944957111,67520,10393640180487,4,120498187,0.199892,1204.988635815,1204.785013,1,272008,223264,309484,0.217365,1204.84,L3:0=020;1=fff,00000c00,Thu Apr 2 12:28:02 PM UTC 2026,5409570_1178,coppernode22
"sh -c 'amoclingo -e=/home/guests/mmacri/AMOSUM/benchmarks/GraphColouring/encoding-amosum-amo.asp -l=true -m=minfly -lg=cpp -i=""$0""'",4,/home/guests/mmacri/AMOSUM/benchmarks/GraphColouring/test-instances-gc/0060-graph_colouring-150-0_1440.asp,296,1236759892,4899496,12355260,503,2538167258,15540,6892437192,5,105861,0.064044,1.068691266,0.996859,1,68680,37836,102196,0.08377,1.05377,L3:0=010;1=fff,00000300,Thu Apr 2 12:28:06 PM UTC 2026,5409570_1196,coppernode27
"sh -c 'amoclingo -e=/home/guests/mmacri/AMOSUM/benchmarks/GraphColouring/encoding-amosum-amo.asp -l=true -m=minfly -lg=cpp -i=""$0""'",4,/home/guests/mmacri/AMOSUM/benchmarks/GraphColouring/test-instances-gc/0055-graph_colouring-150-0_7200.asp,275,4489992103,8337668,21300682,499,7092338072,14739,24686264360,2,295617,0.028334,2.965382234,2.930177,1,69324,37284,102852,0.044212,2.99132,L3:0=040;1=fff,00003000,Thu Apr 2 12:28:02 PM UTC 2026,5409570_1175,coppernode22
"sh -c 'amoclingo -e=/home/guests/mmacri/AMOSUM/benchmarks/GraphColouring/encoding-amosum-amo.asp -l=true -m=minfly -lg=cpp -i=""$0""'",4,/home/guests/mmacri/AMOSUM/benchmarks/GraphColouring/test-instances-gc/0041-graph_colouring-145-0_2784.asp,202,1846243498045,4056237208,9020249669,955,2891849330883,69969,10259905850412,8,120494034,0.186937,1204.988285248,1204.756435,1,288104,238808,322752,0.187747,1204.83,L3:0=fff;1=080,c0000000,Thu Apr 2 12:27:57 PM UTC 2026,5409570_1102,coppernode28
"sh -c 'amoclingo -e=/home/guests/mmacri/AMOSUM/benchmarks/GraphColouring/encoding-amosum-amo.asp -l=true -m=minfly -lg=cpp -i=""$0""'",4,/home/guests/mmacri/AMOSUM/benchmarks/GraphColouring/test-instances-gc/0059-graph_colouring-150-0_1440.asp,291,891885774,4686874,11566086,496,1991096094,14608,4820741127,5,83067,0.076008,0.839736357,0.757141,1,48948,37548,77380,0.079954,0.829825,L3:0=040;1=fff,00003000,Thu Apr 2 12:28:05 PM UTC 2026,5409570_1191,coppernode22
"sh -c 'amoclingo -e=/home/guests/mmacri/AMOSUM/benchmarks/GraphColouring/encoding-amosum-amo.asp -l=true -m=minfly -lg=cpp -i=""$0""'",4,/home/guests/mmacri/AMOSUM/benchmarks/GraphColouring/test-instances-gc/0042-graph_colouring-145-0_4176.asp,208,1467685545878,14483958718,31761485532,1470,2891847323423,25051,8062997510386,4,120494215,0.096075,1204.950735854,1204.848665,1,111084,61744,148004,0.111266,1204.91,L3:0=008;1=fff,000000c0,Thu Apr 2 12:27:58 PM UTC 2026,5409570_1108,coppernode22
"sh -c 'amoclingo -e=/home/guests/mmacri/AMOSUM/benchmarks/GraphColouring/encoding-amosum-amo.asp -l=true -m=minfly -lg=cpp -i=""$0""'",4,/home/guests/mmacri/AMOSUM/benchmarks/GraphColouring/test-instances-gc/0039-graph_colouring-140-0_2688.asp,192,1816079451151,4035971915,8873003777,997,2891951779627,70067,10163404746383,4,120498268,0.176312,1204.988731909,1204.80918,1,288560,239532,323844,0.185547,1204.88,L3:0=fff;1=004,00300000,Thu Apr 2 12:27:57 PM UTC 2026,5409570_1092,coppernode30
"sh -c 'amoclingo -e=/home/guests/mmacri/AMOSUM/benchmarks/GraphColouring/encoding-amosum-amo.asp -l=true -m=minfly -lg=cpp -i=""$0""'",4,/home/guests/mmacri/AMOSUM/benchmarks/GraphColouring/test-instances-gc/0005-graph_colouring-125-0_1200.asp,21,573228144,4139346,10223181,466,1449072203,12331,2992331585,5,60480,0.025522,0.614183141,0.581493,1,48972,35192,77384,0.053136,0.630453,L3:0=020;1=fff,00000c00,Thu Apr 2 12:08:00 PM UTC 2026,5409570_921,coppernode28
"sh -c 'amoclingo -e=/home/guests/mmacri/AMOSUM/benchmarks/GraphColouring/encoding-amosum-amo.asp -l=true -m=minfly -lg=cpp -i=""$0""'",4,/home/guests/mmacri/AMOSUM/benchmarks/GraphColouring/test-instances-gc/0012-graph_colouring-130-0_1248.asp,56,625599663,4244245,10420329,475,1546785592,12717,3296089936,5,64545,0.041311,0.656423319,0.60635,1,48752,35500,77388,0.053197,0.671356,L3:0=fff;1=010,03000000,Thu Apr 2 12:08:36 PM UTC 2026,5409570_956,coppernode30
"sh -c 'amoclingo -e=/home/guests/mmacri/AMOSUM/benchmarks/GraphColouring/encoding-amosum-amo.asp -l=true -m=minfly -lg=cpp -i=""$0""'",4,/home/guests/mmacri/AMOSUM/benchmarks/GraphColouring/test-instances-gc/0040-graph_colouring-140-0_4032.asp,198,1572821536647,10659316545,24292822629,1293,2891714058889,30376,8707625210903,4,120488524,0.089063,1204.951655145,1204.799406,1,131932,83208,166980,0.105842,1204.86,L3:0=010;1=fff,00000300,Thu Apr 2 12:27:57 PM UTC 2026,5409570_1098,coppernode28
"sh -c 'amoclingo -e=/home/guests/mmacri/AMOSUM/benchmarks/GraphColouring/encoding-amosum-amo.asp -l=true -m=minfly -lg=cpp -i=""$0""'",4,/home/guests/mmacri/AMOSUM/benchmarks/GraphColouring/test-instances-gc/0021-graph_colouring-135-0_1296.asp,101,925383948,4597072,10916649,488,2005456491,13952,5035532489,6,83670,0.053004,0.846492877,0.78586,1,48716,36260,77388,0.072813,0.842962,L3:0=002;1=fff,0000000c,Thu Apr 2 12:10:07 PM UTC 2026,5409570_1001,coppernode26
"sh -c 'amoclingo -e=/home/guests/mmacri/AMOSUM/benchmarks/GraphColouring/encoding-amosum-amo.asp -l=true -m=minfly -lg=cpp -i=""$0""'",4,/home/guests/mmacri/AMOSUM/benchmarks/GraphColouring/test-instances-gc/0036-graph_colouring-140-0_1344.asp,176,723976124,4049359,11912059,814,1729835726,13376,3830285664,7,72211,0.052049,0.823392836,0.673509,1,50228,36188,79436,0.06747,0.740869,L3:0=fff;1=080,c0000000,Thu Apr 2 12:27:56 PM UTC 2026,5409570_1076,coppernode26
"sh -c 'amoclingo -e=/home/guests/mmacri/AMOSUM/benchmarks/GraphColouring/encoding-amosum-amo.asp -l=true -m=minfly -lg=cpp -i=""$0""'",4,/home/guests/mmacri/AMOSUM/benchmarks/GraphColouring/test-instances-gc/0046-graph_colouring-145-0_6960.asp,230,772572607,4504640,11419923,491,1917740774,13302,4164264681,4,80005,0.072127,0.809162612,0.730295,1,49032,37628,77404,0.08963,0.789611,L3:0=fff;1=080,c0000000,Thu Apr 2 12:27:59 PM UTC 2026,5409570_1130,coppernode29
"sh -c 'amoclingo -e=/home/guests/mmacri/AMOSUM/benchmarks/GraphColouring/encoding-amosum-amo.asp -l=true -m=minfly -lg=cpp -i=""$0""'",4,/home/guests/mmacri/AMOSUM/benchmarks/GraphColouring/test-instances-gc/0050-graph_colouring-145-0_2784.asp,247,1807124927993,5307086825,11580668711,1101,2891925354019,99659,10053411497664,6,120497304,0.32889,1204.99480871,1204.647017,1,405044,356304,442928,0.344663,1204.71,L3:0=080;1=fff,0000c000,Thu Apr 2 12:28:00 PM UTC 2026,5409570_1147,coppernode21
"sh -c 'amoclingo -e=/home/guests/mmacri/AMOSUM/benchmarks/GraphColouring/encoding-amosum-amo.asp -l=true -m=minfly -lg=cpp -i=""$0""'",4,/home/guests/mmacri/AMOSUM/benchmarks/GraphColouring/test-instances-gc/0028-graph_colouring-135-0_5184.asp,139,1748830631555,9104171070,16969787349,3449,2891564257011,30204,9595832973257,4,120483004,0.128336,1204.982909942,1204.706495,1,128752,80476,166684,0.132297,1204.78,L3:0=004;1=fff,00000030,Thu Apr 2 12:27:54 PM UTC 2026,5409570_1039,coppernode22
"sh -c 'amoclingo -e=/home/guests/mmacri/AMOSUM/benchmarks/GraphColouring/encoding-amosum-amo.asp -l=true -m=minfly -lg=cpp -i=""$0""'",4,/home/guests/mmacri/AMOSUM/benchmarks/GraphColouring/test-instances-gc/0001-graph_colouring-125-0_4800.asp,4,59948536285,122282431,405183911,524,124696499820,14916,347265463266,6,5195803,0.065452,51.978507644,51.894968,1,71964,35260,106324,0.08591,51.9514,L3:0=fff;1=080,c0000000,Thu Apr 2 12:07:57 PM UTC 2026,5409570_904,coppernode25
"sh -c 'amoclingo -e=/home/guests/mmacri/AMOSUM/benchmarks/GraphColouring/encoding-amosum-amo.asp -l=true -m=minfly -lg=cpp -i=""$0""'",4,/home/guests/mmacri/AMOSUM/benchmarks/GraphColouring/test-instances-gc/0004-graph_colouring-125-0_4800.asp,19,36908936617,77496427,268968127,511,81505055781,14039,217183375007,2,3396153,0.061773,33.97122071,33.902062,1,69388,35176,102648,0.078325,33.9624,L3:0=fff;1=010,03000000,Thu Apr 2 12:08:00 PM UTC 2026,5409570_919,coppernode30
"sh -c 'amoclingo -e=/home/guests/mmacri/AMOSUM/benchmarks/GraphColouring/encoding-amosum-amo.asp -l=true -m=minfly -lg=cpp -i=""$0""'",4,/home/guests/mmacri/AMOSUM/benchmarks/GraphColouring/test-instances-gc/0016-graph_colouring-130-0_6240.asp,80,646572732,4367528,10748227,479,1653720748,12542,3451476543,4,69016,0.043625,0.701011247,0.648774,1,48744,36024,77380,0.059405,0.709588,L3:0=080;1=fff,0000c000,Thu Apr 2 12:09:13 PM UTC 2026,5409570_980,coppernode22
"sh -c 'amoclingo -e=/home/guests/mmacri/AMOSUM/benchmarks/GraphColouring/encoding-amosum-amo.asp -l=true -m=minfly -lg=cpp -i=""$0""'",4,/home/guests/mmacri/AMOSUM/benchmarks/GraphColouring/test-instances-gc/0029-graph_colouring-135-0_5184.asp,144,1794562670898,9005786576,16621842189,1621,2891591902052,28759,9728047243168,2,120483495,0.123103,1204.955859164,1204.716148,1,121136,72360,159780,0.139266,1204.78,L3:0=040;1=fff,00003000,Thu Apr 2 12:27:55 PM UTC 2026,5409570_1044,coppernode23
"sh -c 'amoclingo -e=/home/guests/mmacri/AMOSUM/benchmarks/GraphColouring/encoding-amosum-amo.asp -l=true -m=minfly -lg=cpp -i=""$0""'",4,/home/guests/mmacri/AMOSUM/benchmarks/GraphColouring/test-instances-gc/0027-graph_colouring-135-0_3888.asp,133,1824293069256,5603903067,12036065678,1597,2891710457495,65833,10127021280815,9,120488499,0.232398,1204.990506301,1204.656604,1,272444,222988,307976,0.245136,1204.72,L3:0=080;1=fff,0000c000,Thu Apr 2 12:22:41 PM UTC 2026,5409570_1033,coppernode22
"sh -c 'amoclingo -e=/home/guests/mmacri/AMOSUM/benchmarks/GraphColouring/encoding-amosum-amo.asp -l=true -m=minfly -lg=cpp -i=""$0""'",4,/home/guests/mmacri/AMOSUM/benchmarks/GraphColouring/test-instances-gc/0013-graph_colouring-130-0_4992.asp,64,106604821384,314218904,968587979,734,229506509249,15851,616261421112,6,9562928,0.056578,95.68190244,95.575659,1,76400,35464,110976,0.060541,95.6486,L3:0=fff;1=080,c0000000,Thu Apr 2 12:08:50 PM UTC 2026,5409570_964,coppernode25
"sh -c 'amoclingo -e=/home/guests/mmacri/AMOSUM/benchmarks/GraphColouring/encoding-amosum-amo.asp -l=true -m=minfly -lg=cpp -i=""$0""'",4,/home/guests/mmacri/AMOSUM/benchmarks/GraphColouring/test-instances-gc/0003-graph_colouring-125-0_3600.asp,13,1475011232090,12585843529,28100412007,1256,2891858710607,22479,7956343089922,2,120494591,0.085876,1204.954776431,1204.863023,1,99680,50628,135768,0.097746,1204.93,L3:0=008;1=fff,000000c0,Thu Apr 2 12:07:59 PM UTC 2026,5409570_913,coppernode25
"sh -c 'amoclingo -e=/home/guests/mmacri/AMOSUM/benchmarks/GraphColouring/encoding-amosum-amo.asp -l=true -m=minfly -lg=cpp -i=""$0""'",4,/home/guests/mmacri/AMOSUM/benchmarks/GraphColouring/test-instances-gc/0057-graph_colouring-150-0_2880.asp,282,1850631523499,3590530995,7963824051,3119,2891859818230,103938,10366367768597,4,120495136,0.271498,1204.995844302,1204.682085,1,421716,371768,458756,0.280794,1204.75,L3:0=fff;1=004,00300000,Thu Apr 2 12:28:03 PM UTC 2026,5409570_1182,coppernode28
"sh -c 'amoclingo -e=/home/guests/mmacri/AMOSUM/benchmarks/GraphColouring/encoding-amosum-amo.asp -l=true -m=minfly -lg=cpp -i=""$0""'",4,/home/guests/mmacri/AMOSUM/benchmarks/GraphColouring/test-instances-gc/0054-graph_colouring-150-0_1440.asp,266,888913353,4480349,11202246,496,1964036865,14096,4763529140,5,81933,0.054988,0.827961125,0.766525,1,48956,37552,77384,0.068297,0.829981,L3:0=fff;1=008,00c00000,Thu Apr 2 12:28:01 PM UTC 2026,5409570_1166,coppernode30
"sh -c 'amoclingo -e=/home/guests/mmacri/AMOSUM/benchmarks/GraphColouring/encoding-amosum-amo.asp -l=true -m=minfly -lg=cpp -i=""$0""'",4,/home/guests/mmacri/AMOSUM/benchmarks/GraphColouring/test-instances-gc/0043-graph_colouring-145-0_1392.asp,211,719980191,3919636,11380445,554,1736869607,13949,3808961500,4,72480,0.064394,0.733336939,0.662669,1,47796,36736,77380,0.080057,0.727001,L3:0=004;1=fff,00000030,Thu Apr 2 12:27:58 PM UTC 2026,5409570_1111,coppernode21
"sh -c 'amoclingo -e=/home/guests/mmacri/AMOSUM/benchmarks/GraphColouring/encoding-amosum-amo.asp -l=true -m=minfly -lg=cpp -i=""$0""'",4,/home/guests/mmacri/AMOSUM/benchmarks/GraphColouring/test-instances-gc/0058-graph_colouring-150-0_4320.asp,288,1908138916842,4073476623,8650433210,1101,2891928449694,49011,10581411857435,4,120497435,0.123546,1204.983614353,1204.854048,1,204148,154684,241400,0.14034,1204.91,L3:0=008;1=fff,000000c0,Thu Apr 2 12:28:04 PM UTC 2026,5409570_1188,coppernode25
"sh -c 'amoclingo -e=/home/guests/mmacri/AMOSUM/benchmarks/GraphColouring/encoding-amosum-amo.asp -l=true -m=minfly -lg=cpp -i=""$0""'",4,/home/guests/mmacri/AMOSUM/benchmarks/GraphColouring/test-instances-gc/0007-graph_colouring-125-0_2400.asp,32,15251518526,25438681,59135595,479,24953969368,17236,88204972697,4,1039853,0.074979,10.407291819,10.325695,1,81384,34928,114412,0.08616,10.3917,L3:0=fff;1=010,03000000,Thu Apr 2 12:08:10 PM UTC 2026,5409570_932,coppernode28
"sh -c 'amoclingo -e=/home/guests/mmacri/AMOSUM/benchmarks/GraphColouring/encoding-amosum-amo.asp -l=true -m=minfly -lg=cpp -i=""$0""'",4,/home/guests/mmacri/AMOSUM/benchmarks/GraphColouring/test-instances-gc/0009-graph_colouring-125-0_6000.asp,45,622146011,4233421,10461079,471,1599869191,12237,3317060730,4,66754,0.024402,0.677971732,0.645287,1,48744,35232,77384,0.0302,0.716487,L3:0=fff;1=004,00300000,Thu Apr 2 12:08:26 PM UTC 2026,5409570_945,coppernode22
"sh -c 'amoclingo -e=/home/guests/mmacri/AMOSUM/benchmarks/GraphColouring/encoding-amosum-amo.asp -l=true -m=minfly -lg=cpp -i=""$0""'",4,/home/guests/mmacri/AMOSUM/benchmarks/GraphColouring/test-instances-gc/0023-graph_colouring-135-0_2592.asp,112,1775173821102,4367814559,9273800606,949,2891689082680,78805,9995739466294,8,120487435,0.185435,1204.9897179,1204.691771,1,324608,275664,360516,0.19673,1204.76,L3:0=020;1=fff,00000c00,Thu Apr 2 12:11:04 PM UTC 2026,5409570_1012,coppernode29
"sh -c 'amoclingo -e=/home/guests/mmacri/AMOSUM/benchmarks/GraphColouring/encoding-amosum-amo.asp -l=true -m=minfly -lg=cpp -i=""$0""'",4,/home/guests/mmacri/AMOSUM/benchmarks/GraphColouring/test-instances-gc/0033-graph_colouring-140-0_6720.asp,165,682700875,3621803,11013833,556,1733269043,13050,3640370868,4,72326,0.053157,0.733080419,0.672397,1,47536,35860,77400,0.066349,0.739353,L3:0=fff;1=002,000c0000,Thu Apr 2 12:27:55 PM UTC 2026,5409570_1065,coppernode29
"sh -c 'amoclingo -e=/home/guests/mmacri/AMOSUM/benchmarks/GraphColouring/encoding-amosum-amo.asp -l=true -m=minfly -lg=cpp -i=""$0""'",4,/home/guests/mmacri/AMOSUM/benchmarks/GraphColouring/test-instances-gc/0008-graph_colouring-125-0_3600.asp,38,1456138692394,13707003548,31076724075,1160,2891834752297,22325,7895057295809,4,120493504,0.079582,1204.9544004,1204.85855,1,102604,53524,139600,0.104156,1204.91,L3:0=fff;1=010,03000000,Thu Apr 2 12:08:21 PM UTC 2026,5409570_938,coppernode28
"sh -c 'amoclingo -e=/home/guests/mmacri/AMOSUM/benchmarks/GraphColouring/encoding-amosum-amo.asp -l=true -m=minfly -lg=cpp -i=""$0""'",4,/home/guests/mmacri/AMOSUM/benchmarks/GraphColouring/test-instances-gc/0024-graph_colouring-135-0_3888.asp,118,1861111603403,5636706018,11439177413,1623,2891708772505,57166,10261828285634,8,120488363,0.186526,1204.988727168,1204.701417,1,236112,187704,275428,0.202429,1204.76,L3:0=004;1=fff,00000030,Thu Apr 2 12:12:39 PM UTC 2026,5409570_1018,coppernode26
"sh -c 'amoclingo -e=/home/guests/mmacri/AMOSUM/benchmarks/GraphColouring/encoding-amosum-amo.asp -l=true -m=minfly -lg=cpp -i=""$0""'",4,/home/guests/mmacri/AMOSUM/benchmarks/GraphColouring/test-instances-gc/0037-graph_colouring-140-0_1344.asp,181,730249952,3831769,10847472,486,1713239993,13402,3880276058,7,71482,0.084514,0.722676195,0.632401,1,48708,36516,77384,0.102232,0.692474,L3:0=004;1=fff,00000030,Thu Apr 2 12:27:56 PM UTC 2026,5409570_1081,coppernode21
"sh -c 'amoclingo -e=/home/guests/mmacri/AMOSUM/benchmarks/GraphColouring/encoding-amosum-amo.asp -l=true -m=minfly -lg=cpp -i=""$0""'",4,/home/guests/mmacri/AMOSUM/benchmarks/GraphColouring/test-instances-gc/0046-graph_colouring-145-0_5568.asp,229,186137836407,750790506,2248897920,664,402911749516,17427,1078800376962,4,16788157,0.054487,167.891840795,167.829523,1,79316,37572,114172,0.073085,167.889,L3:0=fff;1=010,03000000,Thu Apr 2 12:27:59 PM UTC 2026,5409570_1129,coppernode27
"sh -c 'amoclingo -e=/home/guests/mmacri/AMOSUM/benchmarks/GraphColouring/encoding-amosum-amo.asp -l=true -m=minfly -lg=cpp -i=""$0""'",4,/home/guests/mmacri/AMOSUM/benchmarks/GraphColouring/test-instances-gc/0045-graph_colouring-145-0_4176.asp,223,1767570043171,5728829473,12639096887,1066,2891936225204,55762,9759708521697,4,120497803,0.168787,1204.983833729,1204.81173,1,231128,181908,266468,0.184729,1204.87,L3:0=040;1=fff,00003000,Thu Apr 2 12:27:58 PM UTC 2026,5409570_1123,coppernode21
"sh -c 'amoclingo -e=/home/guests/mmacri/AMOSUM/benchmarks/GraphColouring/encoding-amosum-amo.asp -l=true -m=minfly -lg=cpp -i=""$0""'",4,/home/guests/mmacri/AMOSUM/benchmarks/GraphColouring/test-instances-gc/0051-graph_colouring-150-0_5760.asp,254,1731902496053,10178798709,17961924072,1386,2891838208364,36610,9424584964134,2,120493713,0.105151,1204.952298833,1204.835104,1,151252,103372,191956,0.122438,1204.9,L3:0=fff;1=080,c0000000,Thu Apr 2 12:28:00 PM UTC 2026,5409570_1154,coppernode29
"sh -c 'amoclingo -e=/home/guests/mmacri/AMOSUM/benchmarks/GraphColouring/encoding-amosum-amo.asp -l=true -m=minfly -lg=cpp -i=""$0""'",4,/home/guests/mmacri/AMOSUM/benchmarks/GraphColouring/test-instances-gc/0032-graph_colouring-140-0_2688.asp,157,1911400838825,2493671605,5647330670,1041,2891905814667,68250,10666813316322,6,120496467,0.198026,1204.990580056,1204.769801,1,277860,228632,313508,0.206014,1204.84,L3:0=040;1=fff,00003000,Thu Apr 2 12:27:55 PM UTC 2026,5409570_1057,coppernode29
"sh -c 'amoclingo -e=/home/guests/mmacri/AMOSUM/benchmarks/GraphColouring/encoding-amosum-amo.asp -l=true -m=minfly -lg=cpp -i=""$0""'",4,/home/guests/mmacri/AMOSUM/benchmarks/GraphColouring/test-instances-gc/0024-graph_colouring-135-0_6480.asp,120,4461365624,19729266,46466002,916,7999942583,14553,24849388964,6,333485,0.078588,3.446631629,3.259424,1,68996,36284,103412,0.098933,3.31576,L3:0=002;1=fff,0000000c,Thu Apr 2 12:15:22 PM UTC 2026,5409570_1020,coppernode23
"sh -c 'amoclingo -e=/home/guests/mmacri/AMOSUM/benchmarks/GraphColouring/encoding-amosum-amo.asp -l=true -m=minfly -lg=cpp -i=""$0""'",4,/home/guests/mmacri/AMOSUM/benchmarks/GraphColouring/test-instances-gc/0020-graph_colouring-130-0_4992.asp,99,84103340241,236089718,734762075,552,175775412493,15573,486424046156,4,7324106,0.046196,73.251400987,73.197281,1,74208,35460,108896,0.07837,73.2418,L3:0=fff;1=080,c0000000,Thu Apr 2 12:10:00 PM UTC 2026,5409570_999,coppernode27
"sh -c 'amoclingo -e=/home/guests/mmacri/AMOSUM/benchmarks/GraphColouring/encoding-amosum-amo.asp -l=true -m=minfly -lg=cpp -i=""$0""'",4,/home/guests/mmacri/AMOSUM/benchmarks/GraphColouring/test-instances-gc/0016-graph_colouring-130-0_2496.asp,77,1827943584634,3931821338,8697417626,1069,2891946173148,63085,10262101249094,4,120498163,0.133812,1204.988767473,1204.850759,1,262252,213616,298024,0.14572,1204.92,L3:0=fff;1=004,00300000,Thu Apr 2 12:09:09 PM UTC 2026,5409570_977,coppernode22
"sh -c 'amoclingo -e=/home/guests/mmacri/AMOSUM/benchmarks/GraphColouring/encoding-amosum-amo.asp -l=true -m=minfly -lg=cpp -i=""$0""'",4,/home/guests/mmacri/AMOSUM/benchmarks/GraphColouring/test-instances-gc/0019-graph_colouring-130-0_3744.asp,93,1778606754243,6190822736,13644319510,2193,2891884620336,60041,9822464480464,6,120495853,0.185272,1204.986810575,1204.777188,1,243844,194664,279292,0.197199,1204.84,L3:0=fff;1=002,000c0000,Thu Apr 2 12:09:47 PM UTC 2026,5409570_993,coppernode30
