domain,instance_name,r,a,r_a,r_a_2,r_a_3,a_r,a_r_2,a_r_3,f1,f2,f3,f_horn,n_facts,f_normal,f_constr,c_r,best_config,min_time
GraphColouring,0001-wgc-n20-d30-p19.asp,913,322,2.835404,8.039514,22.795269,0.352683,0.124386,0.043869,0.044907,0.733844,0.0,0.910186,181,0.220153,0.73494,0.73494,CLINGO-AMO,0.0831679999999999
GraphColouring,0001-wgc-n20-d30-p30.asp,913,322,2.835404,8.039514,22.795269,0.352683,0.124386,0.043869,0.044907,0.733844,0.0,0.910186,181,0.220153,0.73494,0.73494,CLINGO-AMO,0.087697
GraphColouring,0001-wgc-n20-d30-p41.asp,913,322,2.835404,8.039514,22.795269,0.352683,0.124386,0.043869,0.044907,0.733844,0.0,0.910186,181,0.220153,0.73494,0.73494,CLINGO-AMO,0.087519
GraphColouring,0001-wgc-n20-d30-p48.asp,913,322,2.835404,8.039514,22.795269,0.352683,0.124386,0.043869,0.044907,0.733844,0.0,0.910186,181,0.220153,0.73494,0.73494,EOCLINGO-INF-MR,0.51116
GraphColouring,0001-wgc-n20-d30-p59.asp,913,322,2.835404,8.039514,22.795269,0.352683,0.124386,0.043869,0.044907,0.733844,0.0,0.910186,181,0.220153,0.73494,0.73494,EOCLINGO-INF-MR,0.507215
GraphColouring,0001-wgc-n20-d30-p70.asp,913,322,2.835404,8.039514,22.795269,0.352683,0.124386,0.043869,0.044907,0.733844,0.0,0.910186,181,0.220153,0.73494,0.73494,CLINGO-AMO,0.086618
GraphColouring,0001-wgc-n20-d30-p8.asp,913,322,2.835404,8.039514,22.795269,0.352683,0.124386,0.043869,0.044907,0.733844,0.0,0.910186,181,0.220153,0.73494,0.73494,CLINGO-AMO,0.0856529999999999
GraphColouring,0001-wgc-n20-d30-p80.asp,913,322,2.835404,8.039514,22.795269,0.352683,0.124386,0.043869,0.044907,0.733844,0.0,0.910186,181,0.220153,0.73494,0.73494,CLINGO-AMO,0.0890769999999999
GraphColouring,0001-wgc-n20-d30-p89.asp,913,322,2.835404,8.039514,22.795269,0.352683,0.124386,0.043869,0.044907,0.733844,0.0,0.910186,181,0.220153,0.73494,0.73494,CLINGO-AMO,0.129
GraphColouring,0002-wgc-n20-d30-p19.asp,889,318,2.795597,7.815365,21.848616,0.357705,0.127953,0.045769,0.046119,0.731159,0.0,0.907762,177,0.221597,0.732283,0.732283,CLINGO-AMO,0.08651
GraphColouring,0002-wgc-n20-d30-p31.asp,889,318,2.795597,7.815365,21.848616,0.357705,0.127953,0.045769,0.046119,0.731159,0.0,0.907762,177,0.221597,0.732283,0.732283,CLINGO-AMO,0.084189
GraphColouring,0002-wgc-n20-d30-p39.asp,889,318,2.795597,7.815365,21.848616,0.357705,0.127953,0.045769,0.046119,0.731159,0.0,0.907762,177,0.221597,0.732283,0.732283,CLINGO-AMO,0.0862309999999999
GraphColouring,0002-wgc-n20-d30-p50.asp,889,318,2.795597,7.815365,21.848616,0.357705,0.127953,0.045769,0.046119,0.731159,0.0,0.907762,177,0.221597,0.732283,0.732283,AMOCLINGO-L,0.506708
GraphColouring,0002-wgc-n20-d30-p58.asp,889,318,2.795597,7.815365,21.848616,0.357705,0.127953,0.045769,0.046119,0.731159,0.0,0.907762,177,0.221597,0.732283,0.732283,CLINGO-AMO,0.122614
GraphColouring,0002-wgc-n20-d30-p69.asp,889,318,2.795597,7.815365,21.848616,0.357705,0.127953,0.045769,0.046119,0.731159,0.0,0.907762,177,0.221597,0.732283,0.732283,CLINGO-AMO,0.090359
GraphColouring,0002-wgc-n20-d30-p79.asp,889,318,2.795597,7.815365,21.848616,0.357705,0.127953,0.045769,0.046119,0.731159,0.0,0.907762,177,0.221597,0.732283,0.732283,WASP-AMO,0.140231
GraphColouring,0002-wgc-n20-d30-p8.asp,889,318,2.795597,7.815365,21.848616,0.357705,0.127953,0.045769,0.046119,0.731159,0.0,0.907762,177,0.221597,0.732283,0.732283,CLINGO-AMO,0.087718
GraphColouring,0002-wgc-n20-d30-p91.asp,889,318,2.795597,7.815365,21.848616,0.357705,0.127953,0.045769,0.046119,0.731159,0.0,0.907762,177,0.221597,0.732283,0.732283,CLINGO-AMO,0.115428
GraphColouring,0003-wgc-n20-d30-p18.asp,733,292,2.510274,6.301475,15.81843,0.398363,0.158693,0.063217,0.055935,0.709413,0.0,0.888131,151,0.233288,0.710778,0.710778,CLINGO-AMO,0.085987
GraphColouring,0003-wgc-n20-d30-p28.asp,733,292,2.510274,6.301475,15.81843,0.398363,0.158693,0.063217,0.055935,0.709413,0.0,0.888131,151,0.233288,0.710778,0.710778,CLINGO-AMO,0.0827799999999999
GraphColouring,0003-wgc-n20-d30-p39.asp,733,292,2.510274,6.301475,15.81843,0.398363,0.158693,0.063217,0.055935,0.709413,0.0,0.888131,151,0.233288,0.710778,0.710778,CLINGO-AMO,0.0891189999999999
GraphColouring,0003-wgc-n20-d30-p48.asp,733,292,2.510274,6.301475,15.81843,0.398363,0.158693,0.063217,0.055935,0.709413,0.0,0.888131,151,0.233288,0.710778,0.710778,CLINGO-AMO,0.088822
GraphColouring,0003-wgc-n20-d30-p60.asp,733,292,2.510274,6.301475,15.81843,0.398363,0.158693,0.063217,0.055935,0.709413,0.0,0.888131,151,0.233288,0.710778,0.710778,EOCLINGO-INF-MR,0.504658
GraphColouring,0003-wgc-n20-d30-p71.asp,733,292,2.510274,6.301475,15.81843,0.398363,0.158693,0.063217,0.055935,0.709413,0.0,0.888131,151,0.233288,0.710778,0.710778,WASP-AMO,0.19197
GraphColouring,0003-wgc-n20-d30-p8.asp,733,292,2.510274,6.301475,15.81843,0.398363,0.158693,0.063217,0.055935,0.709413,0.0,0.888131,151,0.233288,0.710778,0.710778,CLINGO-AMO,0.083594
GraphColouring,0003-wgc-n20-d30-p81.asp,733,292,2.510274,6.301475,15.81843,0.398363,0.158693,0.063217,0.055935,0.709413,0.0,0.888131,151,0.233288,0.710778,0.710778,CLINGO-AMO,0.107967
GraphColouring,0003-wgc-n20-d30-p88.asp,733,292,2.510274,6.301475,15.81843,0.398363,0.158693,0.063217,0.055935,0.709413,0.0,0.888131,151,0.233288,0.710778,0.710778,CLINGO-AMO,0.103449
GraphColouring,0004-wgc-n20-d30-p10.asp,829,308,2.691558,7.244487,19.49896,0.371532,0.138036,0.051285,0.049457,0.723764,0.0,0.901086,167,0.225573,0.72497,0.72497,CLINGO-AMO,0.086713
GraphColouring,0004-wgc-n20-d30-p20.asp,829,308,2.691558,7.244487,19.49896,0.371532,0.138036,0.051285,0.049457,0.723764,0.0,0.901086,167,0.225573,0.72497,0.72497,CLINGO-AMO,0.085228
GraphColouring,0004-wgc-n20-d30-p28.asp,829,308,2.691558,7.244487,19.49896,0.371532,0.138036,0.051285,0.049457,0.723764,0.0,0.901086,167,0.225573,0.72497,0.72497,CLINGO-AMO,0.088409
GraphColouring,0004-wgc-n20-d30-p39.asp,829,308,2.691558,7.244487,19.49896,0.371532,0.138036,0.051285,0.049457,0.723764,0.0,0.901086,167,0.225573,0.72497,0.72497,CLINGO-AMO,0.08292
GraphColouring,0004-wgc-n20-d30-p50.asp,829,308,2.691558,7.244487,19.49896,0.371532,0.138036,0.051285,0.049457,0.723764,0.0,0.901086,167,0.225573,0.72497,0.72497,AMOCLINGO-L,0.509484
GraphColouring,0004-wgc-n20-d30-p61.asp,829,308,2.691558,7.244487,19.49896,0.371532,0.138036,0.051285,0.049457,0.723764,0.0,0.901086,167,0.225573,0.72497,0.72497,EOCLINGO-INF-MR,0.5070209999999999
GraphColouring,0004-wgc-n20-d30-p71.asp,829,308,2.691558,7.244487,19.49896,0.371532,0.138036,0.051285,0.049457,0.723764,0.0,0.901086,167,0.225573,0.72497,0.72497,CLINGO-AMO,0.319608
GraphColouring,0004-wgc-n20-d30-p80.asp,829,308,2.691558,7.244487,19.49896,0.371532,0.138036,0.051285,0.049457,0.723764,0.0,0.901086,167,0.225573,0.72497,0.72497,CLINGO-AMO,0.087648
GraphColouring,0004-wgc-n20-d30-p89.asp,829,308,2.691558,7.244487,19.49896,0.371532,0.138036,0.051285,0.049457,0.723764,0.0,0.901086,167,0.225573,0.72497,0.72497,CLINGO-AMO,0.095041
GraphColouring,0005-wgc-n20-d30-p10.asp,889,318,2.795597,7.815365,21.848616,0.357705,0.127953,0.045769,0.046119,0.731159,0.0,0.907762,177,0.221597,0.732283,0.732283,CLINGO-AMO,0.083969
GraphColouring,0005-wgc-n20-d30-p18.asp,889,318,2.795597,7.815365,21.848616,0.357705,0.127953,0.045769,0.046119,0.731159,0.0,0.907762,177,0.221597,0.732283,0.732283,CLINGO-AMO,0.083139
GraphColouring,0005-wgc-n20-d30-p29.asp,889,318,2.795597,7.815365,21.848616,0.357705,0.127953,0.045769,0.046119,0.731159,0.0,0.907762,177,0.221597,0.732283,0.732283,CLINGO-AMO,0.083454
GraphColouring,0005-wgc-n20-d30-p40.asp,889,318,2.795597,7.815365,21.848616,0.357705,0.127953,0.045769,0.046119,0.731159,0.0,0.907762,177,0.221597,0.732283,0.732283,CLINGO-AMO,0.085001
GraphColouring,0005-wgc-n20-d30-p49.asp,889,318,2.795597,7.815365,21.848616,0.357705,0.127953,0.045769,0.046119,0.731159,0.0,0.907762,177,0.221597,0.732283,0.732283,EOCLINGO-INF-MR,0.509286
GraphColouring,0005-wgc-n20-d30-p60.asp,889,318,2.795597,7.815365,21.848616,0.357705,0.127953,0.045769,0.046119,0.731159,0.0,0.907762,177,0.221597,0.732283,0.732283,CLINGO-AMO,0.2478479999999999
GraphColouring,0005-wgc-n20-d30-p70.asp,889,318,2.795597,7.815365,21.848616,0.357705,0.127953,0.045769,0.046119,0.731159,0.0,0.907762,177,0.221597,0.732283,0.732283,CLINGO-AMO,0.168118
GraphColouring,0005-wgc-n20-d30-p79.asp,889,318,2.795597,7.815365,21.848616,0.357705,0.127953,0.045769,0.046119,0.731159,0.0,0.907762,177,0.221597,0.732283,0.732283,CLINGO-AMO,0.090282
GraphColouring,0005-wgc-n20-d30-p91.asp,889,318,2.795597,7.815365,21.848616,0.357705,0.127953,0.045769,0.046119,0.731159,0.0,0.907762,177,0.221597,0.732283,0.732283,CLINGO-AMO,0.091526
GraphColouring,0006-wgc-n20-d30-p11.asp,697,286,2.437063,5.939276,14.474389,0.41033,0.168371,0.069088,0.058824,0.703013,0.0,0.882353,145,0.236729,0.704448,0.704448,CLINGO-AMO,0.084527
GraphColouring,0006-wgc-n20-d30-p21.asp,697,286,2.437063,5.939276,14.474389,0.41033,0.168371,0.069088,0.058824,0.703013,0.0,0.882353,145,0.236729,0.704448,0.704448,CLINGO-AMO,0.08523
GraphColouring,0006-wgc-n20-d30-p28.asp,697,286,2.437063,5.939276,14.474389,0.41033,0.168371,0.069088,0.058824,0.703013,0.0,0.882353,145,0.236729,0.704448,0.704448,CLINGO-AMO,0.085886
GraphColouring,0006-wgc-n20-d30-p40.asp,697,286,2.437063,5.939276,14.474389,0.41033,0.168371,0.069088,0.058824,0.703013,0.0,0.882353,145,0.236729,0.704448,0.704448,CLINGO-AMO,0.083347
GraphColouring,0006-wgc-n20-d30-p48.asp,697,286,2.437063,5.939276,14.474389,0.41033,0.168371,0.069088,0.058824,0.703013,0.0,0.882353,145,0.236729,0.704448,0.704448,CLINGO-AMO,0.085476
GraphColouring,0006-wgc-n20-d30-p58.asp,697,286,2.437063,5.939276,14.474389,0.41033,0.168371,0.069088,0.058824,0.703013,0.0,0.882353,145,0.236729,0.704448,0.704448,AMOCLINGO-L,0.504234
GraphColouring,0006-wgc-n20-d30-p69.asp,697,286,2.437063,5.939276,14.474389,0.41033,0.168371,0.069088,0.058824,0.703013,0.0,0.882353,145,0.236729,0.704448,0.704448,CLINGO-AMO,0.190911
GraphColouring,0006-wgc-n20-d30-p79.asp,697,286,2.437063,5.939276,14.474389,0.41033,0.168371,0.069088,0.058824,0.703013,0.0,0.882353,145,0.236729,0.704448,0.704448,WASP-AMO,0.138419
GraphColouring,0006-wgc-n20-d30-p90.asp,697,286,2.437063,5.939276,14.474389,0.41033,0.168371,0.069088,0.058824,0.703013,0.0,0.882353,145,0.236729,0.704448,0.704448,CLINGO-AMO,0.105745
GraphColouring,0007-wgc-n20-d30-p11.asp,805,304,2.648026,7.012043,18.568075,0.37764,0.142612,0.053856,0.050932,0.720497,0.0,0.898137,163,0.227329,0.721739,0.721739,CLINGO-AMO,0.083507
GraphColouring,0007-wgc-n20-d30-p18.asp,805,304,2.648026,7.012043,18.568075,0.37764,0.142612,0.053856,0.050932,0.720497,0.0,0.898137,163,0.227329,0.721739,0.721739,CLINGO-AMO,0.083631
GraphColouring,0007-wgc-n20-d30-p29.asp,805,304,2.648026,7.012043,18.568075,0.37764,0.142612,0.053856,0.050932,0.720497,0.0,0.898137,163,0.227329,0.721739,0.721739,CLINGO-AMO,0.083758
GraphColouring,0007-wgc-n20-d30-p40.asp,805,304,2.648026,7.012043,18.568075,0.37764,0.142612,0.053856,0.050932,0.720497,0.0,0.898137,163,0.227329,0.721739,0.721739,CLINGO-AMO,0.084458
GraphColouring,0007-wgc-n20-d30-p48.asp,805,304,2.648026,7.012043,18.568075,0.37764,0.142612,0.053856,0.050932,0.720497,0.0,0.898137,163,0.227329,0.721739,0.721739,CLINGO-AMO,0.084897
GraphColouring,0007-wgc-n20-d30-p59.asp,805,304,2.648026,7.012043,18.568075,0.37764,0.142612,0.053856,0.050932,0.720497,0.0,0.898137,163,0.227329,0.721739,0.721739,AMOCLINGO-L,0.508808
GraphColouring,0007-wgc-n20-d30-p68.asp,805,304,2.648026,7.012043,18.568075,0.37764,0.142612,0.053856,0.050932,0.720497,0.0,0.898137,163,0.227329,0.721739,0.721739,CLINGO-AMO,0.475008
GraphColouring,0007-wgc-n20-d30-p80.asp,805,304,2.648026,7.012043,18.568075,0.37764,0.142612,0.053856,0.050932,0.720497,0.0,0.898137,163,0.227329,0.721739,0.721739,CLINGO-AMO,0.198714
GraphColouring,0007-wgc-n20-d30-p90.asp,805,304,2.648026,7.012043,18.568075,0.37764,0.142612,0.053856,0.050932,0.720497,0.0,0.898137,163,0.227329,0.721739,0.721739,CLINGO-AMO,0.10294
GraphColouring,0008-wgc-n20-d30-p19.asp,829,308,2.691558,7.244487,19.49896,0.371532,0.138036,0.051285,0.049457,0.723764,0.0,0.901086,167,0.225573,0.72497,0.72497,CLINGO-AMO,0.083552
GraphColouring,0008-wgc-n20-d30-p31.asp,829,308,2.691558,7.244487,19.49896,0.371532,0.138036,0.051285,0.049457,0.723764,0.0,0.901086,167,0.225573,0.72497,0.72497,CLINGO-AMO,0.084077
GraphColouring,0008-wgc-n20-d30-p40.asp,829,308,2.691558,7.244487,19.49896,0.371532,0.138036,0.051285,0.049457,0.723764,0.0,0.901086,167,0.225573,0.72497,0.72497,CLINGO-AMO,0.089889
GraphColouring,0008-wgc-n20-d30-p48.asp,829,308,2.691558,7.244487,19.49896,0.371532,0.138036,0.051285,0.049457,0.723764,0.0,0.901086,167,0.225573,0.72497,0.72497,EOCLINGO-L,0.506783
GraphColouring,0008-wgc-n20-d30-p61.asp,829,308,2.691558,7.244487,19.49896,0.371532,0.138036,0.051285,0.049457,0.723764,0.0,0.901086,167,0.225573,0.72497,0.72497,EOCLINGO-INF-MR,0.508391
GraphColouring,0008-wgc-n20-d30-p68.asp,829,308,2.691558,7.244487,19.49896,0.371532,0.138036,0.051285,0.049457,0.723764,0.0,0.901086,167,0.225573,0.72497,0.72497,CLINGO-AMO,0.406217
GraphColouring,0008-wgc-n20-d30-p79.asp,829,308,2.691558,7.244487,19.49896,0.371532,0.138036,0.051285,0.049457,0.723764,0.0,0.901086,167,0.225573,0.72497,0.72497,WASP-AMO,0.167572
GraphColouring,0008-wgc-n20-d30-p8.asp,829,308,2.691558,7.244487,19.49896,0.371532,0.138036,0.051285,0.049457,0.723764,0.0,0.901086,167,0.225573,0.72497,0.72497,CLINGO-AMO,0.0829699999999999
GraphColouring,0008-wgc-n20-d30-p89.asp,829,308,2.691558,7.244487,19.49896,0.371532,0.138036,0.051285,0.049457,0.723764,0.0,0.901086,167,0.225573,0.72497,0.72497,CLINGO-AMO,0.114805
GraphColouring,0009-wgc-n20-d30-p18.asp,793,302,2.625828,6.894972,18.105009,0.380832,0.145033,0.055233,0.051702,0.718789,0.0,0.896595,161,0.228247,0.72005,0.72005,CLINGO-AMO,0.083443
GraphColouring,0009-wgc-n20-d30-p31.asp,793,302,2.625828,6.894972,18.105009,0.380832,0.145033,0.055233,0.051702,0.718789,0.0,0.896595,161,0.228247,0.72005,0.72005,CLINGO-AMO,0.083565
GraphColouring,0009-wgc-n20-d30-p41.asp,793,302,2.625828,6.894972,18.105009,0.380832,0.145033,0.055233,0.051702,0.718789,0.0,0.896595,161,0.228247,0.72005,0.72005,CLINGO-AMO,0.083581
GraphColouring,0009-wgc-n20-d30-p48.asp,793,302,2.625828,6.894972,18.105009,0.380832,0.145033,0.055233,0.051702,0.718789,0.0,0.896595,161,0.228247,0.72005,0.72005,CLINGO-AMO,0.086618
GraphColouring,0009-wgc-n20-d30-p58.asp,793,302,2.625828,6.894972,18.105009,0.380832,0.145033,0.055233,0.051702,0.718789,0.0,0.896595,161,0.228247,0.72005,0.72005,EOCLINGO-L,0.506677
GraphColouring,0009-wgc-n20-d30-p68.asp,793,302,2.625828,6.894972,18.105009,0.380832,0.145033,0.055233,0.051702,0.718789,0.0,0.896595,161,0.228247,0.72005,0.72005,AMOCLINGO-L,0.5041439999999999
GraphColouring,0009-wgc-n20-d30-p79.asp,793,302,2.625828,6.894972,18.105009,0.380832,0.145033,0.055233,0.051702,0.718789,0.0,0.896595,161,0.228247,0.72005,0.72005,CLINGO-AMO,0.087211
GraphColouring,0009-wgc-n20-d30-p89.asp,793,302,2.625828,6.894972,18.105009,0.380832,0.145033,0.055233,0.051702,0.718789,0.0,0.896595,161,0.228247,0.72005,0.72005,CLINGO-AMO,0.105682
GraphColouring,0009-wgc-n20-d30-p9.asp,793,302,2.625828,6.894972,18.105009,0.380832,0.145033,0.055233,0.051702,0.718789,0.0,0.896595,161,0.228247,0.72005,0.72005,CLINGO-AMO,0.084511
GraphColouring,0010-wgc-n20-d30-p11.asp,925,324,2.854938,8.150673,23.269667,0.35027,0.122689,0.042974,0.044324,0.735135,0.0,0.911351,183,0.219459,0.736216,0.736216,CLINGO-AMO,0.083777
GraphColouring,0010-wgc-n20-d30-p19.asp,925,324,2.854938,8.150673,23.269667,0.35027,0.122689,0.042974,0.044324,0.735135,0.0,0.911351,183,0.219459,0.736216,0.736216,CLINGO-AMO,0.085362
GraphColouring,0010-wgc-n20-d30-p29.asp,925,324,2.854938,8.150673,23.269667,0.35027,0.122689,0.042974,0.044324,0.735135,0.0,0.911351,183,0.219459,0.736216,0.736216,CLINGO-AMO,0.083496
GraphColouring,0010-wgc-n20-d30-p39.asp,925,324,2.854938,8.150673,23.269667,0.35027,0.122689,0.042974,0.044324,0.735135,0.0,0.911351,183,0.219459,0.736216,0.736216,CLINGO-AMO,0.084656
GraphColouring,0010-wgc-n20-d30-p49.asp,925,324,2.854938,8.150673,23.269667,0.35027,0.122689,0.042974,0.044324,0.735135,0.0,0.911351,183,0.219459,0.736216,0.736216,EOCLINGO-INF-MR,0.510668
GraphColouring,0010-wgc-n20-d30-p60.asp,925,324,2.854938,8.150673,23.269667,0.35027,0.122689,0.042974,0.044324,0.735135,0.0,0.911351,183,0.219459,0.736216,0.736216,CLINGO-AMO,0.094168
GraphColouring,0010-wgc-n20-d30-p68.asp,925,324,2.854938,8.150673,23.269667,0.35027,0.122689,0.042974,0.044324,0.735135,0.0,0.911351,183,0.219459,0.736216,0.736216,CLINGO-AMO,0.089939
GraphColouring,0010-wgc-n20-d30-p80.asp,925,324,2.854938,8.150673,23.269667,0.35027,0.122689,0.042974,0.044324,0.735135,0.0,0.911351,183,0.219459,0.736216,0.736216,WASP-AMO,0.17061
GraphColouring,0010-wgc-n20-d30-p88.asp,925,324,2.854938,8.150673,23.269667,0.35027,0.122689,0.042974,0.044324,0.735135,0.0,0.911351,183,0.219459,0.736216,0.736216,CLINGO-AMO,0.145995
GraphColouring,0011-wgc-n20-d50-p11.asp,1345,394,3.413706,11.653386,39.781228,0.292937,0.085812,0.025137,0.030483,0.765799,0.0,0.939033,253,0.202974,0.766543,0.766543,CLINGO-AMO,0.084434
GraphColouring,0011-wgc-n20-d50-p20.asp,1345,394,3.413706,11.653386,39.781228,0.292937,0.085812,0.025137,0.030483,0.765799,0.0,0.939033,253,0.202974,0.766543,0.766543,CLINGO-AMO,0.087989
GraphColouring,0011-wgc-n20-d50-p29.asp,1345,394,3.413706,11.653386,39.781228,0.292937,0.085812,0.025137,0.030483,0.765799,0.0,0.939033,253,0.202974,0.766543,0.766543,CLINGO-AMO,0.088804
GraphColouring,0011-wgc-n20-d50-p41.asp,1345,394,3.413706,11.653386,39.781228,0.292937,0.085812,0.025137,0.030483,0.765799,0.0,0.939033,253,0.202974,0.766543,0.766543,AMOCLINGO-L,0.514876
GraphColouring,0011-wgc-n20-d50-p51.asp,1345,394,3.413706,11.653386,39.781228,0.292937,0.085812,0.025137,0.030483,0.765799,0.0,0.939033,253,0.202974,0.766543,0.766543,CLINGO-AMO,0.1142159999999999
GraphColouring,0011-wgc-n20-d50-p58.asp,1345,394,3.413706,11.653386,39.781228,0.292937,0.085812,0.025137,0.030483,0.765799,0.0,0.939033,253,0.202974,0.766543,0.766543,CLINGO-AMO,0.1298409999999999
GraphColouring,0011-wgc-n20-d50-p68.asp,1345,394,3.413706,11.653386,39.781228,0.292937,0.085812,0.025137,0.030483,0.765799,0.0,0.939033,253,0.202974,0.766543,0.766543,CLINGO-AMO,0.23241
GraphColouring,0011-wgc-n20-d50-p78.asp,1345,394,3.413706,11.653386,39.781228,0.292937,0.085812,0.025137,0.030483,0.765799,0.0,0.939033,253,0.202974,0.766543,0.766543,CLINGO-AMO,0.093835
GraphColouring,0011-wgc-n20-d50-p89.asp,1345,394,3.413706,11.653386,39.781228,0.292937,0.085812,0.025137,0.030483,0.765799,0.0,0.939033,253,0.202974,0.766543,0.766543,CLINGO-AMO,0.0966969999999999
GraphColouring,0012-wgc-n20-d50-p19.asp,1273,382,3.332461,11.105295,37.007958,0.300079,0.090047,0.027021,0.032207,0.76198,0.0,0.935585,241,0.205027,0.762765,0.762765,CLINGO-AMO,0.085045
GraphColouring,0012-wgc-n20-d50-p30.asp,1273,382,3.332461,11.105295,37.007958,0.300079,0.090047,0.027021,0.032207,0.76198,0.0,0.935585,241,0.205027,0.762765,0.762765,CLINGO-AMO,0.085786
GraphColouring,0012-wgc-n20-d50-p39.asp,1273,382,3.332461,11.105295,37.007958,0.300079,0.090047,0.027021,0.032207,0.76198,0.0,0.935585,241,0.205027,0.762765,0.762765,EOCLINGO-INF-MR,0.515516
GraphColouring,0012-wgc-n20-d50-p48.asp,1273,382,3.332461,11.105295,37.007958,0.300079,0.090047,0.027021,0.032207,0.76198,0.0,0.935585,241,0.205027,0.762765,0.762765,CLINGO-AMO,0.47272
GraphColouring,0012-wgc-n20-d50-p59.asp,1273,382,3.332461,11.105295,37.007958,0.300079,0.090047,0.027021,0.032207,0.76198,0.0,0.935585,241,0.205027,0.762765,0.762765,CLINGO-AMO,0.0874
GraphColouring,0012-wgc-n20-d50-p68.asp,1273,382,3.332461,11.105295,37.007958,0.300079,0.090047,0.027021,0.032207,0.76198,0.0,0.935585,241,0.205027,0.762765,0.762765,CLINGO-AMO,0.366338
GraphColouring,0012-wgc-n20-d50-p79.asp,1273,382,3.332461,11.105295,37.007958,0.300079,0.090047,0.027021,0.032207,0.76198,0.0,0.935585,241,0.205027,0.762765,0.762765,CLINGO-AMO,0.183853
GraphColouring,0012-wgc-n20-d50-p8.asp,1273,382,3.332461,11.105295,37.007958,0.300079,0.090047,0.027021,0.032207,0.76198,0.0,0.935585,241,0.205027,0.762765,0.762765,CLINGO-AMO,0.084053
GraphColouring,0012-wgc-n20-d50-p91.asp,1273,382,3.332461,11.105295,37.007958,0.300079,0.090047,0.027021,0.032207,0.76198,0.0,0.935585,241,0.205027,0.762765,0.762765,CLINGO-AMO,0.096904
GraphColouring,0013-wgc-n20-d50-p11.asp,1237,376,3.289894,10.8234,35.607835,0.303961,0.092392,0.028084,0.033145,0.759903,0.0,0.933711,235,0.206144,0.760711,0.760711,CLINGO-AMO,0.085964
GraphColouring,0013-wgc-n20-d50-p19.asp,1237,376,3.289894,10.8234,35.607835,0.303961,0.092392,0.028084,0.033145,0.759903,0.0,0.933711,235,0.206144,0.760711,0.760711,CLINGO-AMO,0.083231
GraphColouring,0013-wgc-n20-d50-p28.asp,1237,376,3.289894,10.8234,35.607835,0.303961,0.092392,0.028084,0.033145,0.759903,0.0,0.933711,235,0.206144,0.760711,0.760711,CLINGO-AMO,0.084074
GraphColouring,0013-wgc-n20-d50-p39.asp,1237,376,3.289894,10.8234,35.607835,0.303961,0.092392,0.028084,0.033145,0.759903,0.0,0.933711,235,0.206144,0.760711,0.760711,EOCLINGO-L,0.513641
GraphColouring,0013-wgc-n20-d50-p50.asp,1237,376,3.289894,10.8234,35.607835,0.303961,0.092392,0.028084,0.033145,0.759903,0.0,0.933711,235,0.206144,0.760711,0.760711,AMOCLINGO-L,0.512578
GraphColouring,0013-wgc-n20-d50-p60.asp,1237,376,3.289894,10.8234,35.607835,0.303961,0.092392,0.028084,0.033145,0.759903,0.0,0.933711,235,0.206144,0.760711,0.760711,WASP-AMO,0.25206
GraphColouring,0013-wgc-n20-d50-p68.asp,1237,376,3.289894,10.8234,35.607835,0.303961,0.092392,0.028084,0.033145,0.759903,0.0,0.933711,235,0.206144,0.760711,0.760711,CLINGO-AMO,0.308706
GraphColouring,0013-wgc-n20-d50-p80.asp,1237,376,3.289894,10.8234,35.607835,0.303961,0.092392,0.028084,0.033145,0.759903,0.0,0.933711,235,0.206144,0.760711,0.760711,CLINGO-AMO,0.187826
GraphColouring,0013-wgc-n20-d50-p91.asp,1237,376,3.289894,10.8234,35.607835,0.303961,0.092392,0.028084,0.033145,0.759903,0.0,0.933711,235,0.206144,0.760711,0.760711,CLINGO-AMO,0.088225
GraphColouring,0014-wgc-n20-d50-p10.asp,1189,368,3.230978,10.439221,33.728895,0.309504,0.095793,0.029648,0.034483,0.756939,0.0,0.931034,227,0.207738,0.75778,0.75778,CLINGO-AMO,0.0837789999999999
GraphColouring,0014-wgc-n20-d50-p18.asp,1189,368,3.230978,10.439221,33.728895,0.309504,0.095793,0.029648,0.034483,0.756939,0.0,0.931034,227,0.207738,0.75778,0.75778,CLINGO-AMO,0.083975
GraphColouring,0014-wgc-n20-d50-p30.asp,1189,368,3.230978,10.439221,33.728895,0.309504,0.095793,0.029648,0.034483,0.756939,0.0,0.931034,227,0.207738,0.75778,0.75778,CLINGO-AMO,0.085058
GraphColouring,0014-wgc-n20-d50-p38.asp,1189,368,3.230978,10.439221,33.728895,0.309504,0.095793,0.029648,0.034483,0.756939,0.0,0.931034,227,0.207738,0.75778,0.75778,CLINGO-AMO,0.08444
GraphColouring,0014-wgc-n20-d50-p49.asp,1189,368,3.230978,10.439221,33.728895,0.309504,0.095793,0.029648,0.034483,0.756939,0.0,0.931034,227,0.207738,0.75778,0.75778,EOCLINGO-L,0.513122
GraphColouring,0014-wgc-n20-d50-p61.asp,1189,368,3.230978,10.439221,33.728895,0.309504,0.095793,0.029648,0.034483,0.756939,0.0,0.931034,227,0.207738,0.75778,0.75778,CLINGO-AMO,0.087939
GraphColouring,0014-wgc-n20-d50-p70.asp,1189,368,3.230978,10.439221,33.728895,0.309504,0.095793,0.029648,0.034483,0.756939,0.0,0.931034,227,0.207738,0.75778,0.75778,CLINGO-AMO,0.088334
GraphColouring,0014-wgc-n20-d50-p80.asp,1189,368,3.230978,10.439221,33.728895,0.309504,0.095793,0.029648,0.034483,0.756939,0.0,0.931034,227,0.207738,0.75778,0.75778,CLINGO-AMO,0.105233
GraphColouring,0014-wgc-n20-d50-p91.asp,1189,368,3.230978,10.439221,33.728895,0.309504,0.095793,0.029648,0.034483,0.756939,0.0,0.931034,227,0.207738,0.75778,0.75778,CLINGO-AMO,0.087709
GraphColouring,0015-wgc-n20-d50-p11.asp,1309,388,3.373711,11.381928,38.39934,0.296409,0.087859,0.026042,0.031322,0.763942,0.0,0.937357,247,0.203972,0.764706,0.764706,CLINGO-AMO,0.084828
GraphColouring,0015-wgc-n20-d50-p21.asp,1309,388,3.373711,11.381928,38.39934,0.296409,0.087859,0.026042,0.031322,0.763942,0.0,0.937357,247,0.203972,0.764706,0.764706,CLINGO-AMO,0.0844119999999999
GraphColouring,0015-wgc-n20-d50-p28.asp,1309,388,3.373711,11.381928,38.39934,0.296409,0.087859,0.026042,0.031322,0.763942,0.0,0.937357,247,0.203972,0.764706,0.764706,CLINGO-AMO,0.085099
GraphColouring,0015-wgc-n20-d50-p39.asp,1309,388,3.373711,11.381928,38.39934,0.296409,0.087859,0.026042,0.031322,0.763942,0.0,0.937357,247,0.203972,0.764706,0.764706,EOCLINGO-INF-MR,0.517123
GraphColouring,0015-wgc-n20-d50-p49.asp,1309,388,3.373711,11.381928,38.39934,0.296409,0.087859,0.026042,0.031322,0.763942,0.0,0.937357,247,0.203972,0.764706,0.764706,CLINGO-AMO,0.103762
GraphColouring,0015-wgc-n20-d50-p61.asp,1309,388,3.373711,11.381928,38.39934,0.296409,0.087859,0.026042,0.031322,0.763942,0.0,0.937357,247,0.203972,0.764706,0.764706,WASP-AMO,0.1994
GraphColouring,0015-wgc-n20-d50-p71.asp,1309,388,3.373711,11.381928,38.39934,0.296409,0.087859,0.026042,0.031322,0.763942,0.0,0.937357,247,0.203972,0.764706,0.764706,CLINGO-AMO,0.086513
GraphColouring,0015-wgc-n20-d50-p78.asp,1309,388,3.373711,11.381928,38.39934,0.296409,0.087859,0.026042,0.031322,0.763942,0.0,0.937357,247,0.203972,0.764706,0.764706,CLINGO-AMO,0.086781
GraphColouring,0015-wgc-n20-d50-p88.asp,1309,388,3.373711,11.381928,38.39934,0.296409,0.087859,0.026042,0.031322,0.763942,0.0,0.937357,247,0.203972,0.764706,0.764706,CLINGO-AMO,0.093258
GraphColouring,0016-wgc-n20-d50-p10.asp,1237,376,3.289894,10.8234,35.607835,0.303961,0.092392,0.028084,0.033145,0.759903,0.0,0.933711,235,0.206144,0.760711,0.760711,CLINGO-AMO,0.0838339999999999
GraphColouring,0016-wgc-n20-d50-p18.asp,1237,376,3.289894,10.8234,35.607835,0.303961,0.092392,0.028084,0.033145,0.759903,0.0,0.933711,235,0.206144,0.760711,0.760711,CLINGO-AMO,0.084177
GraphColouring,0016-wgc-n20-d50-p29.asp,1237,376,3.289894,10.8234,35.607835,0.303961,0.092392,0.028084,0.033145,0.759903,0.0,0.933711,235,0.206144,0.760711,0.760711,CLINGO-AMO,0.084976
GraphColouring,0016-wgc-n20-d50-p41.asp,1237,376,3.289894,10.8234,35.607835,0.303961,0.092392,0.028084,0.033145,0.759903,0.0,0.933711,235,0.206144,0.760711,0.760711,EOCLINGO-L,0.513912
GraphColouring,0016-wgc-n20-d50-p49.asp,1237,376,3.289894,10.8234,35.607835,0.303961,0.092392,0.028084,0.033145,0.759903,0.0,0.933711,235,0.206144,0.760711,0.760711,CLINGO-AMO,0.489448
GraphColouring,0016-wgc-n20-d50-p59.asp,1237,376,3.289894,10.8234,35.607835,0.303961,0.092392,0.028084,0.033145,0.759903,0.0,0.933711,235,0.206144,0.760711,0.760711,CLINGO-AMO,0.115371
GraphColouring,0016-wgc-n20-d50-p68.asp,1237,376,3.289894,10.8234,35.607835,0.303961,0.092392,0.028084,0.033145,0.759903,0.0,0.933711,235,0.206144,0.760711,0.760711,CLINGO-AMO,0.087193
GraphColouring,0016-wgc-n20-d50-p80.asp,1237,376,3.289894,10.8234,35.607835,0.303961,0.092392,0.028084,0.033145,0.759903,0.0,0.933711,235,0.206144,0.760711,0.760711,CLINGO-AMO,0.174418
GraphColouring,0016-wgc-n20-d50-p88.asp,1237,376,3.289894,10.8234,35.607835,0.303961,0.092392,0.028084,0.033145,0.759903,0.0,0.933711,235,0.206144,0.760711,0.760711,CLINGO-AMO,0.0878589999999999
GraphColouring,0017-wgc-n20-d50-p21.asp,1213,372,3.260753,10.632508,34.669979,0.306678,0.094051,0.028843,0.0338,0.75845,0.0,0.932399,231,0.206925,0.759275,0.759275,CLINGO-AMO,0.084662
GraphColouring,0017-wgc-n20-d50-p30.asp,1213,372,3.260753,10.632508,34.669979,0.306678,0.094051,0.028843,0.0338,0.75845,0.0,0.932399,231,0.206925,0.759275,0.759275,CLINGO-AMO,0.084187
GraphColouring,0017-wgc-n20-d50-p40.asp,1213,372,3.260753,10.632508,34.669979,0.306678,0.094051,0.028843,0.0338,0.75845,0.0,0.932399,231,0.206925,0.759275,0.759275,AMOCLINGO-L,0.523257
GraphColouring,0017-wgc-n20-d50-p51.asp,1213,372,3.260753,10.632508,34.669979,0.306678,0.094051,0.028843,0.0338,0.75845,0.0,0.932399,231,0.206925,0.759275,0.759275,AMOCLINGO-L,0.5149750000000001
GraphColouring,0017-wgc-n20-d50-p59.asp,1213,372,3.260753,10.632508,34.669979,0.306678,0.094051,0.028843,0.0338,0.75845,0.0,0.932399,231,0.206925,0.759275,0.759275,CLINGO-AMO,0.093263
GraphColouring,0017-wgc-n20-d50-p68.asp,1213,372,3.260753,10.632508,34.669979,0.306678,0.094051,0.028843,0.0338,0.75845,0.0,0.932399,231,0.206925,0.759275,0.759275,CLINGO-AMO,0.086628
GraphColouring,0017-wgc-n20-d50-p8.asp,1213,372,3.260753,10.632508,34.669979,0.306678,0.094051,0.028843,0.0338,0.75845,0.0,0.932399,231,0.206925,0.759275,0.759275,CLINGO-AMO,0.083983
GraphColouring,0017-wgc-n20-d50-p80.asp,1213,372,3.260753,10.632508,34.669979,0.306678,0.094051,0.028843,0.0338,0.75845,0.0,0.932399,231,0.206925,0.759275,0.759275,CLINGO-AMO,0.204566
GraphColouring,0017-wgc-n20-d50-p88.asp,1213,372,3.260753,10.632508,34.669979,0.306678,0.094051,0.028843,0.0338,0.75845,0.0,0.932399,231,0.206925,0.759275,0.759275,CLINGO-AMO,0.178882
GraphColouring,0018-wgc-n20-d50-p10.asp,1165,364,3.200549,10.243517,32.784882,0.312446,0.097623,0.030502,0.035193,0.755365,0.0,0.929614,223,0.208584,0.756223,0.756223,CLINGO-AMO,0.083991
GraphColouring,0018-wgc-n20-d50-p20.asp,1165,364,3.200549,10.243517,32.784882,0.312446,0.097623,0.030502,0.035193,0.755365,0.0,0.929614,223,0.208584,0.756223,0.756223,CLINGO-AMO,0.084178
GraphColouring,0018-wgc-n20-d50-p31.asp,1165,364,3.200549,10.243517,32.784882,0.312446,0.097623,0.030502,0.035193,0.755365,0.0,0.929614,223,0.208584,0.756223,0.756223,CLINGO-AMO,0.084781
GraphColouring,0018-wgc-n20-d50-p40.asp,1165,364,3.200549,10.243517,32.784882,0.312446,0.097623,0.030502,0.035193,0.755365,0.0,0.929614,223,0.208584,0.756223,0.756223,AMOCLINGO-L,0.516409
GraphColouring,0018-wgc-n20-d50-p50.asp,1165,364,3.200549,10.243517,32.784882,0.312446,0.097623,0.030502,0.035193,0.755365,0.0,0.929614,223,0.208584,0.756223,0.756223,CLINGO-AMO,0.241903
GraphColouring,0018-wgc-n20-d50-p60.asp,1165,364,3.200549,10.243517,32.784882,0.312446,0.097623,0.030502,0.035193,0.755365,0.0,0.929614,223,0.208584,0.756223,0.756223,CLINGO-AMO,0.08827
GraphColouring,0018-wgc-n20-d50-p68.asp,1165,364,3.200549,10.243517,32.784882,0.312446,0.097623,0.030502,0.035193,0.755365,0.0,0.929614,223,0.208584,0.756223,0.756223,CLINGO-AMO,0.08779
GraphColouring,0018-wgc-n20-d50-p81.asp,1165,364,3.200549,10.243517,32.784882,0.312446,0.097623,0.030502,0.035193,0.755365,0.0,0.929614,223,0.208584,0.756223,0.756223,CLINGO-AMO,0.160844
GraphColouring,0018-wgc-n20-d50-p88.asp,1165,364,3.200549,10.243517,32.784882,0.312446,0.097623,0.030502,0.035193,0.755365,0.0,0.929614,223,0.208584,0.756223,0.756223,CLINGO-AMO,0.093932
GraphColouring,0019-wgc-n20-d50-p21.asp,1129,358,3.153631,9.94539,31.364094,0.317095,0.100549,0.031884,0.036315,0.752879,0.0,0.927369,217,0.20992,0.753764,0.753764,CLINGO-AMO,0.084068
GraphColouring,0019-wgc-n20-d50-p30.asp,1129,358,3.153631,9.94539,31.364094,0.317095,0.100549,0.031884,0.036315,0.752879,0.0,0.927369,217,0.20992,0.753764,0.753764,CLINGO-AMO,0.086134
GraphColouring,0019-wgc-n20-d50-p38.asp,1129,358,3.153631,9.94539,31.364094,0.317095,0.100549,0.031884,0.036315,0.752879,0.0,0.927369,217,0.20992,0.753764,0.753764,CLINGO-AMO,0.0839589999999999
GraphColouring,0019-wgc-n20-d50-p48.asp,1129,358,3.153631,9.94539,31.364094,0.317095,0.100549,0.031884,0.036315,0.752879,0.0,0.927369,217,0.20992,0.753764,0.753764,EOCLINGO-L,0.509665
GraphColouring,0019-wgc-n20-d50-p61.asp,1129,358,3.153631,9.94539,31.364094,0.317095,0.100549,0.031884,0.036315,0.752879,0.0,0.927369,217,0.20992,0.753764,0.753764,WASP-AMO,0.123653
GraphColouring,0019-wgc-n20-d50-p69.asp,1129,358,3.153631,9.94539,31.364094,0.317095,0.100549,0.031884,0.036315,0.752879,0.0,0.927369,217,0.20992,0.753764,0.753764,CLINGO-AMO,0.088934
GraphColouring,0019-wgc-n20-d50-p79.asp,1129,358,3.153631,9.94539,31.364094,0.317095,0.100549,0.031884,0.036315,0.752879,0.0,0.927369,217,0.20992,0.753764,0.753764,CLINGO-AMO,0.086923
GraphColouring,0019-wgc-n20-d50-p9.asp,1129,358,3.153631,9.94539,31.364094,0.317095,0.100549,0.031884,0.036315,0.752879,0.0,0.927369,217,0.20992,0.753764,0.753764,CLINGO-AMO,0.083919
GraphColouring,0019-wgc-n20-d50-p91.asp,1129,358,3.153631,9.94539,31.364094,0.317095,0.100549,0.031884,0.036315,0.752879,0.0,0.927369,217,0.20992,0.753764,0.753764,CLINGO-AMO,0.101193
GraphColouring,0020-wgc-n20-d50-p11.asp,1237,376,3.289894,10.8234,35.607835,0.303961,0.092392,0.028084,0.033145,0.759903,0.0,0.933711,235,0.206144,0.760711,0.760711,CLINGO-AMO,0.08425
GraphColouring,0020-wgc-n20-d50-p18.asp,1237,376,3.289894,10.8234,35.607835,0.303961,0.092392,0.028084,0.033145,0.759903,0.0,0.933711,235,0.206144,0.760711,0.760711,CLINGO-AMO,0.084291
GraphColouring,0020-wgc-n20-d50-p31.asp,1237,376,3.289894,10.8234,35.607835,0.303961,0.092392,0.028084,0.033145,0.759903,0.0,0.933711,235,0.206144,0.760711,0.760711,CLINGO-AMO,0.085296
GraphColouring,0020-wgc-n20-d50-p39.asp,1237,376,3.289894,10.8234,35.607835,0.303961,0.092392,0.028084,0.033145,0.759903,0.0,0.933711,235,0.206144,0.760711,0.760711,AMOCLINGO-L,0.516566
GraphColouring,0020-wgc-n20-d50-p49.asp,1237,376,3.289894,10.8234,35.607835,0.303961,0.092392,0.028084,0.033145,0.759903,0.0,0.933711,235,0.206144,0.760711,0.760711,AMOCLINGO-L,0.510836
GraphColouring,0020-wgc-n20-d50-p58.asp,1237,376,3.289894,10.8234,35.607835,0.303961,0.092392,0.028084,0.033145,0.759903,0.0,0.933711,235,0.206144,0.760711,0.760711,CLINGO-AMO,0.088026
GraphColouring,0020-wgc-n20-d50-p69.asp,1237,376,3.289894,10.8234,35.607835,0.303961,0.092392,0.028084,0.033145,0.759903,0.0,0.933711,235,0.206144,0.760711,0.760711,CLINGO-AMO,0.088167
GraphColouring,0020-wgc-n20-d50-p78.asp,1237,376,3.289894,10.8234,35.607835,0.303961,0.092392,0.028084,0.033145,0.759903,0.0,0.933711,235,0.206144,0.760711,0.760711,CLINGO-AMO,0.086701
GraphColouring,0020-wgc-n20-d50-p89.asp,1237,376,3.289894,10.8234,35.607835,0.303961,0.092392,0.028084,0.033145,0.759903,0.0,0.933711,235,0.206144,0.760711,0.760711,CLINGO-AMO,0.102842
GraphColouring,0021-wgc-n20-d70-p11.asp,1597,436,3.662844,13.416426,49.142278,0.273012,0.074535,0.020349,0.025673,0.776456,0.0,0.948654,295,0.197245,0.777082,0.777082,CLINGO-AMO,0.085021
GraphColouring,0021-wgc-n20-d70-p20.asp,1597,436,3.662844,13.416426,49.142278,0.273012,0.074535,0.020349,0.025673,0.776456,0.0,0.948654,295,0.197245,0.777082,0.777082,CLINGO-AMO,0.084203
GraphColouring,0021-wgc-n20-d70-p31.asp,1597,436,3.662844,13.416426,49.142278,0.273012,0.074535,0.020349,0.025673,0.776456,0.0,0.948654,295,0.197245,0.777082,0.777082,EOCLINGO-INF-MR,0.521948
GraphColouring,0021-wgc-n20-d70-p39.asp,1597,436,3.662844,13.416426,49.142278,0.273012,0.074535,0.020349,0.025673,0.776456,0.0,0.948654,295,0.197245,0.777082,0.777082,AMOCLINGO-L,0.517027
GraphColouring,0021-wgc-n20-d70-p51.asp,1597,436,3.662844,13.416426,49.142278,0.273012,0.074535,0.020349,0.025673,0.776456,0.0,0.948654,295,0.197245,0.777082,0.777082,WASP-AMO,0.197974
GraphColouring,0021-wgc-n20-d70-p60.asp,1597,436,3.662844,13.416426,49.142278,0.273012,0.074535,0.020349,0.025673,0.776456,0.0,0.948654,295,0.197245,0.777082,0.777082,CLINGO-AMO,0.088117
GraphColouring,0021-wgc-n20-d70-p70.asp,1597,436,3.662844,13.416426,49.142278,0.273012,0.074535,0.020349,0.025673,0.776456,0.0,0.948654,295,0.197245,0.777082,0.777082,CLINGO-AMO,0.094637
GraphColouring,0021-wgc-n20-d70-p81.asp,1597,436,3.662844,13.416426,49.142278,0.273012,0.074535,0.020349,0.025673,0.776456,0.0,0.948654,295,0.197245,0.777082,0.777082,CLINGO-AMO,0.134036
GraphColouring,0021-wgc-n20-d70-p90.asp,1597,436,3.662844,13.416426,49.142278,0.273012,0.074535,0.020349,0.025673,0.776456,0.0,0.948654,295,0.197245,0.777082,0.777082,CLINGO-AMO,0.11202
GraphColouring,0022-wgc-n20-d70-p21.asp,1729,458,3.775109,14.251449,53.800777,0.264893,0.070168,0.018587,0.023713,0.780798,0.0,0.952574,317,0.19491,0.781377,0.781377,CLINGO-AMO,0.084664
GraphColouring,0022-wgc-n20-d70-p31.asp,1729,458,3.775109,14.251449,53.800777,0.264893,0.070168,0.018587,0.023713,0.780798,0.0,0.952574,317,0.19491,0.781377,0.781377,EOCLINGO-INF-MR,0.526138
GraphColouring,0022-wgc-n20-d70-p39.asp,1729,458,3.775109,14.251449,53.800777,0.264893,0.070168,0.018587,0.023713,0.780798,0.0,0.952574,317,0.19491,0.781377,0.781377,EOCLINGO-INF-MR,0.519131
GraphColouring,0022-wgc-n20-d70-p48.asp,1729,458,3.775109,14.251449,53.800777,0.264893,0.070168,0.018587,0.023713,0.780798,0.0,0.952574,317,0.19491,0.781377,0.781377,CLINGO-AMO,0.1514009999999999
GraphColouring,0022-wgc-n20-d70-p61.asp,1729,458,3.775109,14.251449,53.800777,0.264893,0.070168,0.018587,0.023713,0.780798,0.0,0.952574,317,0.19491,0.781377,0.781377,CLINGO-AMO,0.087351
GraphColouring,0022-wgc-n20-d70-p70.asp,1729,458,3.775109,14.251449,53.800777,0.264893,0.070168,0.018587,0.023713,0.780798,0.0,0.952574,317,0.19491,0.781377,0.781377,CLINGO-AMO,0.117005
GraphColouring,0022-wgc-n20-d70-p80.asp,1729,458,3.775109,14.251449,53.800777,0.264893,0.070168,0.018587,0.023713,0.780798,0.0,0.952574,317,0.19491,0.781377,0.781377,CLINGO-AMO,0.106615
GraphColouring,0022-wgc-n20-d70-p9.asp,1729,458,3.775109,14.251449,53.800777,0.264893,0.070168,0.018587,0.023713,0.780798,0.0,0.952574,317,0.19491,0.781377,0.781377,CLINGO-AMO,0.084643
GraphColouring,0022-wgc-n20-d70-p91.asp,1729,458,3.775109,14.251449,53.800777,0.264893,0.070168,0.018587,0.023713,0.780798,0.0,0.952574,317,0.19491,0.781377,0.781377,CLINGO-AMO,0.098398
GraphColouring,0023-wgc-n20-d70-p19.asp,1645,444,3.704955,13.726691,50.856773,0.269909,0.072851,0.019663,0.024924,0.778116,0.0,0.950152,303,0.196353,0.778723,0.778723,CLINGO-AMO,0.084993
GraphColouring,0023-wgc-n20-d70-p30.asp,1645,444,3.704955,13.726691,50.856773,0.269909,0.072851,0.019663,0.024924,0.778116,0.0,0.950152,303,0.196353,0.778723,0.778723,EOCLINGO-L,0.518729
GraphColouring,0023-wgc-n20-d70-p41.asp,1645,444,3.704955,13.726691,50.856773,0.269909,0.072851,0.019663,0.024924,0.778116,0.0,0.950152,303,0.196353,0.778723,0.778723,EOCLINGO-INF-MR,0.519767
GraphColouring,0023-wgc-n20-d70-p48.asp,1645,444,3.704955,13.726691,50.856773,0.269909,0.072851,0.019663,0.024924,0.778116,0.0,0.950152,303,0.196353,0.778723,0.778723,CLINGO-AMO,0.175058
GraphColouring,0023-wgc-n20-d70-p58.asp,1645,444,3.704955,13.726691,50.856773,0.269909,0.072851,0.019663,0.024924,0.778116,0.0,0.950152,303,0.196353,0.778723,0.778723,CLINGO-AMO,0.088215
GraphColouring,0023-wgc-n20-d70-p70.asp,1645,444,3.704955,13.726691,50.856773,0.269909,0.072851,0.019663,0.024924,0.778116,0.0,0.950152,303,0.196353,0.778723,0.778723,CLINGO-AMO,0.2247549999999999
GraphColouring,0023-wgc-n20-d70-p79.asp,1645,444,3.704955,13.726691,50.856773,0.269909,0.072851,0.019663,0.024924,0.778116,0.0,0.950152,303,0.196353,0.778723,0.778723,CLINGO-AMO,0.151991
GraphColouring,0023-wgc-n20-d70-p89.asp,1645,444,3.704955,13.726691,50.856773,0.269909,0.072851,0.019663,0.024924,0.778116,0.0,0.950152,303,0.196353,0.778723,0.778723,CLINGO-AMO,0.094328
GraphColouring,0023-wgc-n20-d70-p9.asp,1645,444,3.704955,13.726691,50.856773,0.269909,0.072851,0.019663,0.024924,0.778116,0.0,0.950152,303,0.196353,0.778723,0.778723,CLINGO-AMO,0.084171
GraphColouring,0024-wgc-n20-d70-p21.asp,1669,448,3.725446,13.878951,51.705289,0.268424,0.072052,0.01934,0.024566,0.77891,0.0,0.950869,307,0.195926,0.779509,0.779509,CLINGO-AMO,0.086644
GraphColouring,0024-wgc-n20-d70-p30.asp,1669,448,3.725446,13.878951,51.705289,0.268424,0.072052,0.01934,0.024566,0.77891,0.0,0.950869,307,0.195926,0.779509,0.779509,EOCLINGO-INF-MR,0.522871
GraphColouring,0024-wgc-n20-d70-p39.asp,1669,448,3.725446,13.878951,51.705289,0.268424,0.072052,0.01934,0.024566,0.77891,0.0,0.950869,307,0.195926,0.779509,0.779509,AMOCLINGO-L,0.521787
GraphColouring,0024-wgc-n20-d70-p48.asp,1669,448,3.725446,13.878951,51.705289,0.268424,0.072052,0.01934,0.024566,0.77891,0.0,0.950869,307,0.195926,0.779509,0.779509,CLINGO-AMO,0.094797
GraphColouring,0024-wgc-n20-d70-p61.asp,1669,448,3.725446,13.878951,51.705289,0.268424,0.072052,0.01934,0.024566,0.77891,0.0,0.950869,307,0.195926,0.779509,0.779509,CLINGO-AMO,0.422734
GraphColouring,0024-wgc-n20-d70-p69.asp,1669,448,3.725446,13.878951,51.705289,0.268424,0.072052,0.01934,0.024566,0.77891,0.0,0.950869,307,0.195926,0.779509,0.779509,CLINGO-AMO,0.087781
GraphColouring,0024-wgc-n20-d70-p8.asp,1669,448,3.725446,13.878951,51.705289,0.268424,0.072052,0.01934,0.024566,0.77891,0.0,0.950869,307,0.195926,0.779509,0.779509,CLINGO-AMO,0.084457
GraphColouring,0024-wgc-n20-d70-p81.asp,1669,448,3.725446,13.878951,51.705289,0.268424,0.072052,0.01934,0.024566,0.77891,0.0,0.950869,307,0.195926,0.779509,0.779509,CLINGO-AMO,0.089736
GraphColouring,0024-wgc-n20-d70-p91.asp,1669,448,3.725446,13.878951,51.705289,0.268424,0.072052,0.01934,0.024566,0.77891,0.0,0.950869,307,0.195926,0.779509,0.779509,CLINGO-AMO,0.0922579999999999
GraphColouring,0025-wgc-n20-d70-p10.asp,1693,452,3.745575,14.029334,52.547925,0.266982,0.071279,0.01903,0.024217,0.779681,0.0,0.951565,311,0.195511,0.780272,0.780272,CLINGO-AMO,0.087537
GraphColouring,0025-wgc-n20-d70-p20.asp,1693,452,3.745575,14.029334,52.547925,0.266982,0.071279,0.01903,0.024217,0.779681,0.0,0.951565,311,0.195511,0.780272,0.780272,CLINGO-AMO,0.0877189999999999
GraphColouring,0025-wgc-n20-d70-p30.asp,1693,452,3.745575,14.029334,52.547925,0.266982,0.071279,0.01903,0.024217,0.779681,0.0,0.951565,311,0.195511,0.780272,0.780272,EOCLINGO-L,0.52012
GraphColouring,0025-wgc-n20-d70-p40.asp,1693,452,3.745575,14.029334,52.547925,0.266982,0.071279,0.01903,0.024217,0.779681,0.0,0.951565,311,0.195511,0.780272,0.780272,AMOCLINGO-INF-MR,0.519436
GraphColouring,0025-wgc-n20-d70-p51.asp,1693,452,3.745575,14.029334,52.547925,0.266982,0.071279,0.01903,0.024217,0.779681,0.0,0.951565,311,0.195511,0.780272,0.780272,CLINGO-AMO,0.251503
GraphColouring,0025-wgc-n20-d70-p61.asp,1693,452,3.745575,14.029334,52.547925,0.266982,0.071279,0.01903,0.024217,0.779681,0.0,0.951565,311,0.195511,0.780272,0.780272,CLINGO-AMO,0.424275
GraphColouring,0025-wgc-n20-d70-p68.asp,1693,452,3.745575,14.029334,52.547925,0.266982,0.071279,0.01903,0.024217,0.779681,0.0,0.951565,311,0.195511,0.780272,0.780272,CLINGO-AMO,0.251552
GraphColouring,0025-wgc-n20-d70-p79.asp,1693,452,3.745575,14.029334,52.547925,0.266982,0.071279,0.01903,0.024217,0.779681,0.0,0.951565,311,0.195511,0.780272,0.780272,CLINGO-AMO,0.159379
GraphColouring,0025-wgc-n20-d70-p91.asp,1693,452,3.745575,14.029334,52.547925,0.266982,0.071279,0.01903,0.024217,0.779681,0.0,0.951565,311,0.195511,0.780272,0.780272,CLINGO-AMO,0.093415
GraphColouring,0026-wgc-n20-d70-p10.asp,1729,458,3.775109,14.251449,53.800777,0.264893,0.070168,0.018587,0.023713,0.780798,0.0,0.952574,317,0.19491,0.781377,0.781377,CLINGO-AMO,0.084506
GraphColouring,0026-wgc-n20-d70-p18.asp,1729,458,3.775109,14.251449,53.800777,0.264893,0.070168,0.018587,0.023713,0.780798,0.0,0.952574,317,0.19491,0.781377,0.781377,CLINGO-AMO,0.084245
GraphColouring,0026-wgc-n20-d70-p31.asp,1729,458,3.775109,14.251449,53.800777,0.264893,0.070168,0.018587,0.023713,0.780798,0.0,0.952574,317,0.19491,0.781377,0.781377,AMOCLINGO-L,0.52561
GraphColouring,0026-wgc-n20-d70-p40.asp,1729,458,3.775109,14.251449,53.800777,0.264893,0.070168,0.018587,0.023713,0.780798,0.0,0.952574,317,0.19491,0.781377,0.781377,CLINGO-AMO,0.315738
GraphColouring,0026-wgc-n20-d70-p50.asp,1729,458,3.775109,14.251449,53.800777,0.264893,0.070168,0.018587,0.023713,0.780798,0.0,0.952574,317,0.19491,0.781377,0.781377,CLINGO-AMO,0.250701
GraphColouring,0026-wgc-n20-d70-p61.asp,1729,458,3.775109,14.251449,53.800777,0.264893,0.070168,0.018587,0.023713,0.780798,0.0,0.952574,317,0.19491,0.781377,0.781377,EOCLINGO-INF-MR,0.522392
GraphColouring,0026-wgc-n20-d70-p68.asp,1729,458,3.775109,14.251449,53.800777,0.264893,0.070168,0.018587,0.023713,0.780798,0.0,0.952574,317,0.19491,0.781377,0.781377,CLINGO-AMO,0.402334
GraphColouring,0026-wgc-n20-d70-p80.asp,1729,458,3.775109,14.251449,53.800777,0.264893,0.070168,0.018587,0.023713,0.780798,0.0,0.952574,317,0.19491,0.781377,0.781377,CLINGO-AMO,0.133506
GraphColouring,0026-wgc-n20-d70-p89.asp,1729,458,3.775109,14.251449,53.800777,0.264893,0.070168,0.018587,0.023713,0.780798,0.0,0.952574,317,0.19491,0.781377,0.781377,CLINGO-AMO,0.098323
GraphColouring,0027-wgc-n20-d70-p10.asp,1777,466,3.813305,14.541293,55.450381,0.26224,0.06877,0.018034,0.023073,0.782217,0.0,0.953855,325,0.194147,0.78278,0.78278,CLINGO-AMO,0.08425
GraphColouring,0027-wgc-n20-d70-p18.asp,1777,466,3.813305,14.541293,55.450381,0.26224,0.06877,0.018034,0.023073,0.782217,0.0,0.953855,325,0.194147,0.78278,0.78278,CLINGO-AMO,0.08521
GraphColouring,0027-wgc-n20-d70-p31.asp,1777,466,3.813305,14.541293,55.450381,0.26224,0.06877,0.018034,0.023073,0.782217,0.0,0.953855,325,0.194147,0.78278,0.78278,EOCLINGO-L,0.5229269999999999
GraphColouring,0027-wgc-n20-d70-p38.asp,1777,466,3.813305,14.541293,55.450381,0.26224,0.06877,0.018034,0.023073,0.782217,0.0,0.953855,325,0.194147,0.78278,0.78278,AMOCLINGO-L,0.5214529999999999
GraphColouring,0027-wgc-n20-d70-p50.asp,1777,466,3.813305,14.541293,55.450381,0.26224,0.06877,0.018034,0.023073,0.782217,0.0,0.953855,325,0.194147,0.78278,0.78278,CLINGO-AMO,0.1062869999999999
GraphColouring,0027-wgc-n20-d70-p60.asp,1777,466,3.813305,14.541293,55.450381,0.26224,0.06877,0.018034,0.023073,0.782217,0.0,0.953855,325,0.194147,0.78278,0.78278,CLINGO-AMO,0.456258
GraphColouring,0027-wgc-n20-d70-p70.asp,1777,466,3.813305,14.541293,55.450381,0.26224,0.06877,0.018034,0.023073,0.782217,0.0,0.953855,325,0.194147,0.78278,0.78278,CLINGO-AMO,0.097994
GraphColouring,0027-wgc-n20-d70-p79.asp,1777,466,3.813305,14.541293,55.450381,0.26224,0.06877,0.018034,0.023073,0.782217,0.0,0.953855,325,0.194147,0.78278,0.78278,CLINGO-AMO,0.112339
GraphColouring,0027-wgc-n20-d70-p88.asp,1777,466,3.813305,14.541293,55.450381,0.26224,0.06877,0.018034,0.023073,0.782217,0.0,0.953855,325,0.194147,0.78278,0.78278,CLINGO-AMO,0.125852
GraphColouring,0028-wgc-n20-d70-p21.asp,1717,456,3.765351,14.177867,53.384645,0.265579,0.070532,0.018732,0.023879,0.780431,0.0,0.952242,315,0.195108,0.781013,0.781013,CLINGO-AMO,0.0845539999999999
GraphColouring,0028-wgc-n20-d70-p29.asp,1717,456,3.765351,14.177867,53.384645,0.265579,0.070532,0.018732,0.023879,0.780431,0.0,0.952242,315,0.195108,0.781013,0.781013,EOCLINGO-L,0.519846
GraphColouring,0028-wgc-n20-d70-p41.asp,1717,456,3.765351,14.177867,53.384645,0.265579,0.070532,0.018732,0.023879,0.780431,0.0,0.952242,315,0.195108,0.781013,0.781013,WASP-AMO,0.428112
GraphColouring,0028-wgc-n20-d70-p51.asp,1717,456,3.765351,14.177867,53.384645,0.265579,0.070532,0.018732,0.023879,0.780431,0.0,0.952242,315,0.195108,0.781013,0.781013,CLINGO-AMO,0.088016
GraphColouring,0028-wgc-n20-d70-p61.asp,1717,456,3.765351,14.177867,53.384645,0.265579,0.070532,0.018732,0.023879,0.780431,0.0,0.952242,315,0.195108,0.781013,0.781013,CLINGO-AMO,0.210868
GraphColouring,0028-wgc-n20-d70-p68.asp,1717,456,3.765351,14.177867,53.384645,0.265579,0.070532,0.018732,0.023879,0.780431,0.0,0.952242,315,0.195108,0.781013,0.781013,CLINGO-AMO,0.08699
GraphColouring,0028-wgc-n20-d70-p80.asp,1717,456,3.765351,14.177867,53.384645,0.265579,0.070532,0.018732,0.023879,0.780431,0.0,0.952242,315,0.195108,0.781013,0.781013,CLINGO-AMO,0.115371
GraphColouring,0028-wgc-n20-d70-p9.asp,1717,456,3.765351,14.177867,53.384645,0.265579,0.070532,0.018732,0.023879,0.780431,0.0,0.952242,315,0.195108,0.781013,0.781013,CLINGO-AMO,0.088019
GraphColouring,0028-wgc-n20-d70-p90.asp,1717,456,3.765351,14.177867,53.384645,0.265579,0.070532,0.018732,0.023879,0.780431,0.0,0.952242,315,0.195108,0.781013,0.781013,CLINGO-AMO,0.088193
GraphColouring,0029-wgc-n20-d70-p18.asp,1669,448,3.725446,13.878951,51.705289,0.268424,0.072052,0.01934,0.024566,0.77891,0.0,0.950869,307,0.195926,0.779509,0.779509,CLINGO-AMO,0.087699
GraphColouring,0029-wgc-n20-d70-p31.asp,1669,448,3.725446,13.878951,51.705289,0.268424,0.072052,0.01934,0.024566,0.77891,0.0,0.950869,307,0.195926,0.779509,0.779509,EOCLINGO-L,0.52077
GraphColouring,0029-wgc-n20-d70-p40.asp,1669,448,3.725446,13.878951,51.705289,0.268424,0.072052,0.01934,0.024566,0.77891,0.0,0.950869,307,0.195926,0.779509,0.779509,CLINGO-AMO,0.426791
GraphColouring,0029-wgc-n20-d70-p49.asp,1669,448,3.725446,13.878951,51.705289,0.268424,0.072052,0.01934,0.024566,0.77891,0.0,0.950869,307,0.195926,0.779509,0.779509,CLINGO-AMO,0.16909
GraphColouring,0029-wgc-n20-d70-p60.asp,1669,448,3.725446,13.878951,51.705289,0.268424,0.072052,0.01934,0.024566,0.77891,0.0,0.950869,307,0.195926,0.779509,0.779509,CLINGO-AMO,0.304901
GraphColouring,0029-wgc-n20-d70-p70.asp,1669,448,3.725446,13.878951,51.705289,0.268424,0.072052,0.01934,0.024566,0.77891,0.0,0.950869,307,0.195926,0.779509,0.779509,CLINGO-AMO,0.1949189999999999
GraphColouring,0029-wgc-n20-d70-p78.asp,1669,448,3.725446,13.878951,51.705289,0.268424,0.072052,0.01934,0.024566,0.77891,0.0,0.950869,307,0.195926,0.779509,0.779509,CLINGO-AMO,0.14456
GraphColouring,0029-wgc-n20-d70-p8.asp,1669,448,3.725446,13.878951,51.705289,0.268424,0.072052,0.01934,0.024566,0.77891,0.0,0.950869,307,0.195926,0.779509,0.779509,CLINGO-AMO,0.0843069999999999
GraphColouring,0029-wgc-n20-d70-p91.asp,1669,448,3.725446,13.878951,51.705289,0.268424,0.072052,0.01934,0.024566,0.77891,0.0,0.950869,307,0.195926,0.779509,0.779509,CLINGO-AMO,0.091984
GraphColouring,0030-wgc-n20-d70-p21.asp,1657,446,3.715247,13.803058,51.281763,0.269161,0.072448,0.0195,0.024744,0.778515,0.0,0.950513,305,0.196138,0.779119,0.779119,CLINGO-AMO,0.084436
GraphColouring,0030-wgc-n20-d70-p29.asp,1657,446,3.715247,13.803058,51.281763,0.269161,0.072448,0.0195,0.024744,0.778515,0.0,0.950513,305,0.196138,0.779119,0.779119,EOCLINGO-L,0.519946
GraphColouring,0030-wgc-n20-d70-p38.asp,1657,446,3.715247,13.803058,51.281763,0.269161,0.072448,0.0195,0.024744,0.778515,0.0,0.950513,305,0.196138,0.779119,0.779119,AMOCLINGO-L,0.522799
GraphColouring,0030-wgc-n20-d70-p51.asp,1657,446,3.715247,13.803058,51.281763,0.269161,0.072448,0.0195,0.024744,0.778515,0.0,0.950513,305,0.196138,0.779119,0.779119,CLINGO-AMO,0.3031399999999999
GraphColouring,0030-wgc-n20-d70-p58.asp,1657,446,3.715247,13.803058,51.281763,0.269161,0.072448,0.0195,0.024744,0.778515,0.0,0.950513,305,0.196138,0.779119,0.779119,CLINGO-AMO,0.219742
GraphColouring,0030-wgc-n20-d70-p68.asp,1657,446,3.715247,13.803058,51.281763,0.269161,0.072448,0.0195,0.024744,0.778515,0.0,0.950513,305,0.196138,0.779119,0.779119,CLINGO-AMO,0.086867
GraphColouring,0030-wgc-n20-d70-p80.asp,1657,446,3.715247,13.803058,51.281763,0.269161,0.072448,0.0195,0.024744,0.778515,0.0,0.950513,305,0.196138,0.779119,0.779119,CLINGO-AMO,0.1682739999999999
GraphColouring,0030-wgc-n20-d70-p9.asp,1657,446,3.715247,13.803058,51.281763,0.269161,0.072448,0.0195,0.024744,0.778515,0.0,0.950513,305,0.196138,0.779119,0.779119,CLINGO-AMO,0.084266
GraphColouring,0030-wgc-n20-d70-p91.asp,1657,446,3.715247,13.803058,51.281763,0.269161,0.072448,0.0195,0.024744,0.778515,0.0,0.950513,305,0.196138,0.779119,0.779119,CLINGO-AMO,0.121835
GraphColouring,0031-wgc-n40-d30-p11.asp,2953,822,3.592457,12.90575,46.363359,0.278361,0.077485,0.021569,0.02743,0.775483,0.0,0.945141,541,0.196749,0.775821,0.775821,CLINGO-AMO,0.0877989999999999
GraphColouring,0031-wgc-n40-d30-p21.asp,2953,822,3.592457,12.90575,46.363359,0.278361,0.077485,0.021569,0.02743,0.775483,0.0,0.945141,541,0.196749,0.775821,0.775821,CLINGO-AMO,0.088122
GraphColouring,0031-wgc-n40-d30-p31.asp,2953,822,3.592457,12.90575,46.363359,0.278361,0.077485,0.021569,0.02743,0.775483,0.0,0.945141,541,0.196749,0.775821,0.775821,CLINGO-AMO,0.089574
GraphColouring,0031-wgc-n40-d30-p41.asp,2953,822,3.592457,12.90575,46.363359,0.278361,0.077485,0.021569,0.02743,0.775483,0.0,0.945141,541,0.196749,0.775821,0.775821,EOCLINGO-L,0.546339
GraphColouring,0031-wgc-n40-d30-p49.asp,2953,822,3.592457,12.90575,46.363359,0.278361,0.077485,0.021569,0.02743,0.775483,0.0,0.945141,541,0.196749,0.775821,0.775821,EOCLINGO-L,0.549612
GraphColouring,0031-wgc-n40-d30-p59.asp,2953,822,3.592457,12.90575,46.363359,0.278361,0.077485,0.021569,0.02743,0.775483,0.0,0.945141,541,0.196749,0.775821,0.775821,AMOCLINGO-L,0.54315
GraphColouring,0031-wgc-n40-d30-p68.asp,2953,822,3.592457,12.90575,46.363359,0.278361,0.077485,0.021569,0.02743,0.775483,0.0,0.945141,541,0.196749,0.775821,0.775821,EOCLINGO-L,0.541625
GraphColouring,0031-wgc-n40-d30-p79.asp,2953,822,3.592457,12.90575,46.363359,0.278361,0.077485,0.021569,0.02743,0.775483,0.0,0.945141,541,0.196749,0.775821,0.775821,AMOCLINGO-L,0.544997
GraphColouring,0031-wgc-n40-d30-p89.asp,2953,822,3.592457,12.90575,46.363359,0.278361,0.077485,0.021569,0.02743,0.775483,0.0,0.945141,541,0.196749,0.775821,0.775821,CLINGO-AMO,0.278713
GraphColouring,0032-wgc-n40-d30-p19.asp,3133,852,3.67723,13.522021,49.723581,0.271944,0.073953,0.020111,0.025854,0.778806,0.0,0.948292,571,0.195021,0.779125,0.779125,CLINGO-AMO,0.08916
GraphColouring,0032-wgc-n40-d30-p31.asp,3133,852,3.67723,13.522021,49.723581,0.271944,0.073953,0.020111,0.025854,0.778806,0.0,0.948292,571,0.195021,0.779125,0.779125,CLINGO-AMO,0.3435269999999999
GraphColouring,0032-wgc-n40-d30-p40.asp,3133,852,3.67723,13.522021,49.723581,0.271944,0.073953,0.020111,0.025854,0.778806,0.0,0.948292,571,0.195021,0.779125,0.779125,EOCLINGO-INF-MR,0.547377
GraphColouring,0032-wgc-n40-d30-p48.asp,3133,852,3.67723,13.522021,49.723581,0.271944,0.073953,0.020111,0.025854,0.778806,0.0,0.948292,571,0.195021,0.779125,0.779125,EOCLINGO-L,0.546748
GraphColouring,0032-wgc-n40-d30-p60.asp,3133,852,3.67723,13.522021,49.723581,0.271944,0.073953,0.020111,0.025854,0.778806,0.0,0.948292,571,0.195021,0.779125,0.779125,AMOCLINGO-L,0.54977
GraphColouring,0032-wgc-n40-d30-p68.asp,3133,852,3.67723,13.522021,49.723581,0.271944,0.073953,0.020111,0.025854,0.778806,0.0,0.948292,571,0.195021,0.779125,0.779125,CLINGO-AMO,0.377133
GraphColouring,0032-wgc-n40-d30-p80.asp,3133,852,3.67723,13.522021,49.723581,0.271944,0.073953,0.020111,0.025854,0.778806,0.0,0.948292,571,0.195021,0.779125,0.779125,EOCLINGO-L,0.542104
GraphColouring,0032-wgc-n40-d30-p9.asp,3133,852,3.67723,13.522021,49.723581,0.271944,0.073953,0.020111,0.025854,0.778806,0.0,0.948292,571,0.195021,0.779125,0.779125,CLINGO-AMO,0.088297
GraphColouring,0032-wgc-n40-d30-p91.asp,3133,852,3.67723,13.522021,49.723581,0.271944,0.073953,0.020111,0.025854,0.778806,0.0,0.948292,571,0.195021,0.779125,0.779125,CLINGO-AMO,0.093901
GraphColouring,0033-wgc-n40-d30-p20.asp,2797,796,3.513819,12.346925,43.38486,0.284591,0.080992,0.02305,0.02896,0.772256,0.0,0.942081,515,0.198427,0.772614,0.772614,CLINGO-AMO,0.087788
GraphColouring,0033-wgc-n40-d30-p29.asp,2797,796,3.513819,12.346925,43.38486,0.284591,0.080992,0.02305,0.02896,0.772256,0.0,0.942081,515,0.198427,0.772614,0.772614,CLINGO-AMO,0.091334
GraphColouring,0033-wgc-n40-d30-p41.asp,2797,796,3.513819,12.346925,43.38486,0.284591,0.080992,0.02305,0.02896,0.772256,0.0,0.942081,515,0.198427,0.772614,0.772614,AMOCLINGO-L,0.576391
GraphColouring,0033-wgc-n40-d30-p51.asp,2797,796,3.513819,12.346925,43.38486,0.284591,0.080992,0.02305,0.02896,0.772256,0.0,0.942081,515,0.198427,0.772614,0.772614,EOCLINGO-L,0.5439769999999999
GraphColouring,0033-wgc-n40-d30-p61.asp,2797,796,3.513819,12.346925,43.38486,0.284591,0.080992,0.02305,0.02896,0.772256,0.0,0.942081,515,0.198427,0.772614,0.772614,AMOCLINGO-L,0.544869
GraphColouring,0033-wgc-n40-d30-p71.asp,2797,796,3.513819,12.346925,43.38486,0.284591,0.080992,0.02305,0.02896,0.772256,0.0,0.942081,515,0.198427,0.772614,0.772614,AMOCLINGO-L,0.542266
GraphColouring,0033-wgc-n40-d30-p78.asp,2797,796,3.513819,12.346925,43.38486,0.284591,0.080992,0.02305,0.02896,0.772256,0.0,0.942081,515,0.198427,0.772614,0.772614,CLINGO-AMO,0.154623
GraphColouring,0033-wgc-n40-d30-p88.asp,2797,796,3.513819,12.346925,43.38486,0.284591,0.080992,0.02305,0.02896,0.772256,0.0,0.942081,515,0.198427,0.772614,0.772614,CLINGO-AMO,0.290145
GraphColouring,0033-wgc-n40-d30-p9.asp,2797,796,3.513819,12.346925,43.38486,0.284591,0.080992,0.02305,0.02896,0.772256,0.0,0.942081,515,0.198427,0.772614,0.772614,CLINGO-AMO,0.0873729999999999
GraphColouring,0034-wgc-n40-d30-p19.asp,3121,850,3.671765,13.481856,49.502203,0.272349,0.074174,0.020201,0.025953,0.778597,0.0,0.948094,569,0.19513,0.778917,0.778917,CLINGO-AMO,0.088188
GraphColouring,0034-wgc-n40-d30-p31.asp,3121,850,3.671765,13.481856,49.502203,0.272349,0.074174,0.020201,0.025953,0.778597,0.0,0.948094,569,0.19513,0.778917,0.778917,CLINGO-AMO,0.089218
GraphColouring,0034-wgc-n40-d30-p40.asp,3121,850,3.671765,13.481856,49.502203,0.272349,0.074174,0.020201,0.025953,0.778597,0.0,0.948094,569,0.19513,0.778917,0.778917,EOCLINGO-L,0.559121
GraphColouring,0034-wgc-n40-d30-p48.asp,3121,850,3.671765,13.481856,49.502203,0.272349,0.074174,0.020201,0.025953,0.778597,0.0,0.948094,569,0.19513,0.778917,0.778917,AMOCLINGO-L,0.5521159999999999
GraphColouring,0034-wgc-n40-d30-p61.asp,3121,850,3.671765,13.481856,49.502203,0.272349,0.074174,0.020201,0.025953,0.778597,0.0,0.948094,569,0.19513,0.778917,0.778917,EOCLINGO-L,0.5449229999999999
GraphColouring,0034-wgc-n40-d30-p69.asp,3121,850,3.671765,13.481856,49.502203,0.272349,0.074174,0.020201,0.025953,0.778597,0.0,0.948094,569,0.19513,0.778917,0.778917,CLINGO-AMO,0.257911
GraphColouring,0034-wgc-n40-d30-p78.asp,3121,850,3.671765,13.481856,49.502203,0.272349,0.074174,0.020201,0.025953,0.778597,0.0,0.948094,569,0.19513,0.778917,0.778917,EOCLINGO-L,0.543005
GraphColouring,0034-wgc-n40-d30-p8.asp,3121,850,3.671765,13.481856,49.502203,0.272349,0.074174,0.020201,0.025953,0.778597,0.0,0.948094,569,0.19513,0.778917,0.778917,CLINGO-AMO,0.0881479999999999
GraphColouring,0034-wgc-n40-d30-p91.asp,3121,850,3.671765,13.481856,49.502203,0.272349,0.074174,0.020201,0.025953,0.778597,0.0,0.948094,569,0.19513,0.778917,0.778917,CLINGO-AMO,0.091833
GraphColouring,0035-wgc-n40-d30-p21.asp,2989,828,3.609903,13.031402,47.042104,0.277016,0.076738,0.021258,0.027099,0.776179,0.0,0.945801,547,0.196387,0.776514,0.776514,CLINGO-AMO,0.088778
GraphColouring,0035-wgc-n40-d30-p31.asp,2989,828,3.609903,13.031402,47.042104,0.277016,0.076738,0.021258,0.027099,0.776179,0.0,0.945801,547,0.196387,0.776514,0.776514,CLINGO-AMO,0.112385
GraphColouring,0035-wgc-n40-d30-p39.asp,2989,828,3.609903,13.031402,47.042104,0.277016,0.076738,0.021258,0.027099,0.776179,0.0,0.945801,547,0.196387,0.776514,0.776514,EOCLINGO-L,0.664399
GraphColouring,0035-wgc-n40-d30-p48.asp,2989,828,3.609903,13.031402,47.042104,0.277016,0.076738,0.021258,0.027099,0.776179,0.0,0.945801,547,0.196387,0.776514,0.776514,EOCLINGO-L,0.553279
GraphColouring,0035-wgc-n40-d30-p59.asp,2989,828,3.609903,13.031402,47.042104,0.277016,0.076738,0.021258,0.027099,0.776179,0.0,0.945801,547,0.196387,0.776514,0.776514,EOCLINGO-L,0.542436
GraphColouring,0035-wgc-n40-d30-p70.asp,2989,828,3.609903,13.031402,47.042104,0.277016,0.076738,0.021258,0.027099,0.776179,0.0,0.945801,547,0.196387,0.776514,0.776514,AMOCLINGO-L,0.5435
GraphColouring,0035-wgc-n40-d30-p79.asp,2989,828,3.609903,13.031402,47.042104,0.277016,0.076738,0.021258,0.027099,0.776179,0.0,0.945801,547,0.196387,0.776514,0.776514,CLINGO-AMO,0.100104
GraphColouring,0035-wgc-n40-d30-p89.asp,2989,828,3.609903,13.031402,47.042104,0.277016,0.076738,0.021258,0.027099,0.776179,0.0,0.945801,547,0.196387,0.776514,0.776514,CLINGO-AMO,0.171798
GraphColouring,0035-wgc-n40-d30-p9.asp,2989,828,3.609903,13.031402,47.042104,0.277016,0.076738,0.021258,0.027099,0.776179,0.0,0.945801,547,0.196387,0.776514,0.776514,CLINGO-AMO,0.0877199999999999
GraphColouring,0036-wgc-n40-d30-p21.asp,2881,810,3.55679,12.650756,44.996084,0.281152,0.079047,0.022224,0.028115,0.774037,0.0,0.94377,529,0.197501,0.774384,0.774384,CLINGO-AMO,0.087608
GraphColouring,0036-wgc-n40-d30-p29.asp,2881,810,3.55679,12.650756,44.996084,0.281152,0.079047,0.022224,0.028115,0.774037,0.0,0.94377,529,0.197501,0.774384,0.774384,CLINGO-AMO,0.08931
GraphColouring,0036-wgc-n40-d30-p39.asp,2881,810,3.55679,12.650756,44.996084,0.281152,0.079047,0.022224,0.028115,0.774037,0.0,0.94377,529,0.197501,0.774384,0.774384,AMOCLINGO-L,0.654571
GraphColouring,0036-wgc-n40-d30-p51.asp,2881,810,3.55679,12.650756,44.996084,0.281152,0.079047,0.022224,0.028115,0.774037,0.0,0.94377,529,0.197501,0.774384,0.774384,EOCLINGO-L,0.546312
GraphColouring,0036-wgc-n40-d30-p59.asp,2881,810,3.55679,12.650756,44.996084,0.281152,0.079047,0.022224,0.028115,0.774037,0.0,0.94377,529,0.197501,0.774384,0.774384,AMOCLINGO-L,0.540761
GraphColouring,0036-wgc-n40-d30-p68.asp,2881,810,3.55679,12.650756,44.996084,0.281152,0.079047,0.022224,0.028115,0.774037,0.0,0.94377,529,0.197501,0.774384,0.774384,CLINGO-AMO,0.116434
GraphColouring,0036-wgc-n40-d30-p79.asp,2881,810,3.55679,12.650756,44.996084,0.281152,0.079047,0.022224,0.028115,0.774037,0.0,0.94377,529,0.197501,0.774384,0.774384,CLINGO-AMO,0.09872
GraphColouring,0036-wgc-n40-d30-p89.asp,2881,810,3.55679,12.650756,44.996084,0.281152,0.079047,0.022224,0.028115,0.774037,0.0,0.94377,529,0.197501,0.774384,0.774384,EOCLINGO-INF-MR,0.540164
GraphColouring,0036-wgc-n40-d30-p9.asp,2881,810,3.55679,12.650756,44.996084,0.281152,0.079047,0.022224,0.028115,0.774037,0.0,0.94377,529,0.197501,0.774384,0.774384,CLINGO-AMO,0.087507
GraphColouring,0037-wgc-n40-d30-p18.asp,3121,850,3.671765,13.481856,49.502203,0.272349,0.074174,0.020201,0.025953,0.778597,0.0,0.948094,569,0.19513,0.778917,0.778917,CLINGO-AMO,0.088576
GraphColouring,0037-wgc-n40-d30-p30.asp,3121,850,3.671765,13.481856,49.502203,0.272349,0.074174,0.020201,0.025953,0.778597,0.0,0.948094,569,0.19513,0.778917,0.778917,CLINGO-AMO,0.104211
GraphColouring,0037-wgc-n40-d30-p41.asp,3121,850,3.671765,13.481856,49.502203,0.272349,0.074174,0.020201,0.025953,0.778597,0.0,0.948094,569,0.19513,0.778917,0.778917,EOCLINGO-L,0.5459930000000001
GraphColouring,0037-wgc-n40-d30-p48.asp,3121,850,3.671765,13.481856,49.502203,0.272349,0.074174,0.020201,0.025953,0.778597,0.0,0.948094,569,0.19513,0.778917,0.778917,EOCLINGO-INF-MR,0.549781
GraphColouring,0037-wgc-n40-d30-p60.asp,3121,850,3.671765,13.481856,49.502203,0.272349,0.074174,0.020201,0.025953,0.778597,0.0,0.948094,569,0.19513,0.778917,0.778917,EOCLINGO-L,0.54845
GraphColouring,0037-wgc-n40-d30-p71.asp,3121,850,3.671765,13.481856,49.502203,0.272349,0.074174,0.020201,0.025953,0.778597,0.0,0.948094,569,0.19513,0.778917,0.778917,CLINGO-AMO,0.391065
GraphColouring,0037-wgc-n40-d30-p80.asp,3121,850,3.671765,13.481856,49.502203,0.272349,0.074174,0.020201,0.025953,0.778597,0.0,0.948094,569,0.19513,0.778917,0.778917,CLINGO-AMO,0.190296
GraphColouring,0037-wgc-n40-d30-p88.asp,3121,850,3.671765,13.481856,49.502203,0.272349,0.074174,0.020201,0.025953,0.778597,0.0,0.948094,569,0.19513,0.778917,0.778917,AMOCLINGO-INF-MR,0.5428310000000001
GraphColouring,0037-wgc-n40-d30-p9.asp,3121,850,3.671765,13.481856,49.502203,0.272349,0.074174,0.020201,0.025953,0.778597,0.0,0.948094,569,0.19513,0.778917,0.778917,CLINGO-AMO,0.0879699999999999
GraphColouring,0038-wgc-n40-d30-p10.asp,2929,818,3.580685,12.821302,45.909039,0.279276,0.077995,0.021782,0.027654,0.775009,0.0,0.944691,537,0.196996,0.77535,0.77535,CLINGO-AMO,0.087621
GraphColouring,0038-wgc-n40-d30-p19.asp,2929,818,3.580685,12.821302,45.909039,0.279276,0.077995,0.021782,0.027654,0.775009,0.0,0.944691,537,0.196996,0.77535,0.77535,CLINGO-AMO,0.087917
GraphColouring,0038-wgc-n40-d30-p30.asp,2929,818,3.580685,12.821302,45.909039,0.279276,0.077995,0.021782,0.027654,0.775009,0.0,0.944691,537,0.196996,0.77535,0.77535,CLINGO-AMO,0.090628
GraphColouring,0038-wgc-n40-d30-p39.asp,2929,818,3.580685,12.821302,45.909039,0.279276,0.077995,0.021782,0.027654,0.775009,0.0,0.944691,537,0.196996,0.77535,0.77535,EOCLINGO-L,0.545228
GraphColouring,0038-wgc-n40-d30-p48.asp,2929,818,3.580685,12.821302,45.909039,0.279276,0.077995,0.021782,0.027654,0.775009,0.0,0.944691,537,0.196996,0.77535,0.77535,EOCLINGO-L,0.544098
GraphColouring,0038-wgc-n40-d30-p59.asp,2929,818,3.580685,12.821302,45.909039,0.279276,0.077995,0.021782,0.027654,0.775009,0.0,0.944691,537,0.196996,0.77535,0.77535,AMOCLINGO-L,0.543222
GraphColouring,0038-wgc-n40-d30-p71.asp,2929,818,3.580685,12.821302,45.909039,0.279276,0.077995,0.021782,0.027654,0.775009,0.0,0.944691,537,0.196996,0.77535,0.77535,AMOCLINGO-L,0.543255
GraphColouring,0038-wgc-n40-d30-p81.asp,2929,818,3.580685,12.821302,45.909039,0.279276,0.077995,0.021782,0.027654,0.775009,0.0,0.944691,537,0.196996,0.77535,0.77535,AMOCLINGO-L,0.54338
GraphColouring,0038-wgc-n40-d30-p90.asp,2929,818,3.580685,12.821302,45.909039,0.279276,0.077995,0.021782,0.027654,0.775009,0.0,0.944691,537,0.196996,0.77535,0.77535,CLINGO-AMO,0.291408
GraphColouring,0039-wgc-n40-d30-p10.asp,2929,818,3.580685,12.821302,45.909039,0.279276,0.077995,0.021782,0.027654,0.775009,0.0,0.944691,537,0.196996,0.77535,0.77535,CLINGO-AMO,0.087119
GraphColouring,0039-wgc-n40-d30-p20.asp,2929,818,3.580685,12.821302,45.909039,0.279276,0.077995,0.021782,0.027654,0.775009,0.0,0.944691,537,0.196996,0.77535,0.77535,CLINGO-AMO,0.087237
GraphColouring,0039-wgc-n40-d30-p29.asp,2929,818,3.580685,12.821302,45.909039,0.279276,0.077995,0.021782,0.027654,0.775009,0.0,0.944691,537,0.196996,0.77535,0.77535,CLINGO-AMO,0.0882469999999999
GraphColouring,0039-wgc-n40-d30-p41.asp,2929,818,3.580685,12.821302,45.909039,0.279276,0.077995,0.021782,0.027654,0.775009,0.0,0.944691,537,0.196996,0.77535,0.77535,AMOCLINGO-L,0.587341
GraphColouring,0039-wgc-n40-d30-p49.asp,2929,818,3.580685,12.821302,45.909039,0.279276,0.077995,0.021782,0.027654,0.775009,0.0,0.944691,537,0.196996,0.77535,0.77535,AMOCLINGO-L,0.578966
GraphColouring,0039-wgc-n40-d30-p58.asp,2929,818,3.580685,12.821302,45.909039,0.279276,0.077995,0.021782,0.027654,0.775009,0.0,0.944691,537,0.196996,0.77535,0.77535,EOCLINGO-L,0.543562
GraphColouring,0039-wgc-n40-d30-p68.asp,2929,818,3.580685,12.821302,45.909039,0.279276,0.077995,0.021782,0.027654,0.775009,0.0,0.944691,537,0.196996,0.77535,0.77535,AMOCLINGO-L,0.5418890000000001
GraphColouring,0039-wgc-n40-d30-p78.asp,2929,818,3.580685,12.821302,45.909039,0.279276,0.077995,0.021782,0.027654,0.775009,0.0,0.944691,537,0.196996,0.77535,0.77535,CLINGO-AMO,0.239398
GraphColouring,0039-wgc-n40-d30-p88.asp,2929,818,3.580685,12.821302,45.909039,0.279276,0.077995,0.021782,0.027654,0.775009,0.0,0.944691,537,0.196996,0.77535,0.77535,EOCLINGO-L,0.542411
GraphColouring,0040-wgc-n40-d30-p11.asp,2881,810,3.55679,12.650756,44.996084,0.281152,0.079047,0.022224,0.028115,0.774037,0.0,0.94377,529,0.197501,0.774384,0.774384,CLINGO-AMO,0.0914509999999999
GraphColouring,0040-wgc-n40-d30-p18.asp,2881,810,3.55679,12.650756,44.996084,0.281152,0.079047,0.022224,0.028115,0.774037,0.0,0.94377,529,0.197501,0.774384,0.774384,CLINGO-AMO,0.08768
GraphColouring,0040-wgc-n40-d30-p31.asp,2881,810,3.55679,12.650756,44.996084,0.281152,0.079047,0.022224,0.028115,0.774037,0.0,0.94377,529,0.197501,0.774384,0.774384,CLINGO-AMO,0.08915
GraphColouring,0040-wgc-n40-d30-p39.asp,2881,810,3.55679,12.650756,44.996084,0.281152,0.079047,0.022224,0.028115,0.774037,0.0,0.94377,529,0.197501,0.774384,0.774384,AMOCLINGO-L,1.038437
GraphColouring,0040-wgc-n40-d30-p48.asp,2881,810,3.55679,12.650756,44.996084,0.281152,0.079047,0.022224,0.028115,0.774037,0.0,0.94377,529,0.197501,0.774384,0.774384,AMOCLINGO-L,0.553327
GraphColouring,0040-wgc-n40-d30-p60.asp,2881,810,3.55679,12.650756,44.996084,0.281152,0.079047,0.022224,0.028115,0.774037,0.0,0.94377,529,0.197501,0.774384,0.774384,EOCLINGO-L,0.541867
GraphColouring,0040-wgc-n40-d30-p71.asp,2881,810,3.55679,12.650756,44.996084,0.281152,0.079047,0.022224,0.028115,0.774037,0.0,0.94377,529,0.197501,0.774384,0.774384,AMOCLINGO-L,0.541309
GraphColouring,0040-wgc-n40-d30-p80.asp,2881,810,3.55679,12.650756,44.996084,0.281152,0.079047,0.022224,0.028115,0.774037,0.0,0.94377,529,0.197501,0.774384,0.774384,EOCLINGO-INF-MR,0.5425679999999999
GraphColouring,0040-wgc-n40-d30-p88.asp,2881,810,3.55679,12.650756,44.996084,0.281152,0.079047,0.022224,0.028115,0.774037,0.0,0.94377,529,0.197501,0.774384,0.774384,CLINGO-AMO,0.302952
GraphColouring,0041-wgc-n40-d50-p21.asp,5113,1182,4.325719,18.711846,80.94219,0.231175,0.053442,0.012354,0.015842,0.799922,0.0,0.968316,901,0.184041,0.800117,0.800117,CLINGO-AMO,0.097707
GraphColouring,0041-wgc-n40-d50-p28.asp,5113,1182,4.325719,18.711846,80.94219,0.231175,0.053442,0.012354,0.015842,0.799922,0.0,0.968316,901,0.184041,0.800117,0.800117,EOCLINGO-INF-MR,0.56979
GraphColouring,0041-wgc-n40-d50-p38.asp,5113,1182,4.325719,18.711846,80.94219,0.231175,0.053442,0.012354,0.015842,0.799922,0.0,0.968316,901,0.184041,0.800117,0.800117,EOCLINGO-INF-MR,0.571602
GraphColouring,0041-wgc-n40-d50-p48.asp,5113,1182,4.325719,18.711846,80.94219,0.231175,0.053442,0.012354,0.015842,0.799922,0.0,0.968316,901,0.184041,0.800117,0.800117,EOCLINGO-INF-MR,0.573603
GraphColouring,0041-wgc-n40-d50-p59.asp,5113,1182,4.325719,18.711846,80.94219,0.231175,0.053442,0.012354,0.015842,0.799922,0.0,0.968316,901,0.184041,0.800117,0.800117,EOCLINGO-L,0.570628
GraphColouring,0041-wgc-n40-d50-p68.asp,5113,1182,4.325719,18.711846,80.94219,0.231175,0.053442,0.012354,0.015842,0.799922,0.0,0.968316,901,0.184041,0.800117,0.800117,EOCLINGO-L,0.56896
GraphColouring,0041-wgc-n40-d50-p8.asp,5113,1182,4.325719,18.711846,80.94219,0.231175,0.053442,0.012354,0.015842,0.799922,0.0,0.968316,901,0.184041,0.800117,0.800117,CLINGO-AMO,0.091628
GraphColouring,0041-wgc-n40-d50-p81.asp,5113,1182,4.325719,18.711846,80.94219,0.231175,0.053442,0.012354,0.015842,0.799922,0.0,0.968316,901,0.184041,0.800117,0.800117,AMOCLINGO-L,0.572105
GraphColouring,0041-wgc-n40-d50-p91.asp,5113,1182,4.325719,18.711846,80.94219,0.231175,0.053442,0.012354,0.015842,0.799922,0.0,0.968316,901,0.184041,0.800117,0.800117,CLINGO-AMO,0.10964
GraphColouring,0042-wgc-n40-d50-p18.asp,5185,1194,4.342546,18.857706,81.890458,0.23028,0.053029,0.012211,0.015622,0.800386,0.0,0.968756,913,0.183799,0.800579,0.800579,CLINGO-AMO,0.092027
GraphColouring,0042-wgc-n40-d50-p29.asp,5185,1194,4.342546,18.857706,81.890458,0.23028,0.053029,0.012211,0.015622,0.800386,0.0,0.968756,913,0.183799,0.800579,0.800579,EOCLINGO-INF-MR,0.5716760000000001
GraphColouring,0042-wgc-n40-d50-p38.asp,5185,1194,4.342546,18.857706,81.890458,0.23028,0.053029,0.012211,0.015622,0.800386,0.0,0.968756,913,0.183799,0.800579,0.800579,EOCLINGO-INF-MR,0.572564
GraphColouring,0042-wgc-n40-d50-p50.asp,5185,1194,4.342546,18.857706,81.890458,0.23028,0.053029,0.012211,0.015622,0.800386,0.0,0.968756,913,0.183799,0.800579,0.800579,EOCLINGO-L,0.571414
GraphColouring,0042-wgc-n40-d50-p60.asp,5185,1194,4.342546,18.857706,81.890458,0.23028,0.053029,0.012211,0.015622,0.800386,0.0,0.968756,913,0.183799,0.800579,0.800579,EOCLINGO-L,0.573651
GraphColouring,0042-wgc-n40-d50-p70.asp,5185,1194,4.342546,18.857706,81.890458,0.23028,0.053029,0.012211,0.015622,0.800386,0.0,0.968756,913,0.183799,0.800579,0.800579,CLINGO-AMO,0.103432
GraphColouring,0042-wgc-n40-d50-p78.asp,5185,1194,4.342546,18.857706,81.890458,0.23028,0.053029,0.012211,0.015622,0.800386,0.0,0.968756,913,0.183799,0.800579,0.800579,AMOCLINGO-L,0.572127
GraphColouring,0042-wgc-n40-d50-p9.asp,5185,1194,4.342546,18.857706,81.890458,0.23028,0.053029,0.012211,0.015622,0.800386,0.0,0.968756,913,0.183799,0.800579,0.800579,CLINGO-AMO,0.090763
GraphColouring,0042-wgc-n40-d50-p91.asp,5185,1194,4.342546,18.857706,81.890458,0.23028,0.053029,0.012211,0.015622,0.800386,0.0,0.968756,913,0.183799,0.800579,0.800579,EOCLINGO-L,0.571207
GraphColouring,0043-wgc-n40-d50-p21.asp,5005,1164,4.299828,18.488522,79.497469,0.232567,0.054088,0.012579,0.016184,0.799201,0.0,0.967632,883,0.184416,0.799401,0.799401,EOCLINGO-INF-MR,0.569601
GraphColouring,0043-wgc-n40-d50-p29.asp,5005,1164,4.299828,18.488522,79.497469,0.232567,0.054088,0.012579,0.016184,0.799201,0.0,0.967632,883,0.184416,0.799401,0.799401,EOCLINGO-L,0.5698139999999999
GraphColouring,0043-wgc-n40-d50-p41.asp,5005,1164,4.299828,18.488522,79.497469,0.232567,0.054088,0.012579,0.016184,0.799201,0.0,0.967632,883,0.184416,0.799401,0.799401,EOCLINGO-INF-MR,0.569564
GraphColouring,0043-wgc-n40-d50-p50.asp,5005,1164,4.299828,18.488522,79.497469,0.232567,0.054088,0.012579,0.016184,0.799201,0.0,0.967632,883,0.184416,0.799401,0.799401,CLINGO-AMO,0.468171
GraphColouring,0043-wgc-n40-d50-p59.asp,5005,1164,4.299828,18.488522,79.497469,0.232567,0.054088,0.012579,0.016184,0.799201,0.0,0.967632,883,0.184416,0.799401,0.799401,CLINGO-AMO,0.102543
GraphColouring,0043-wgc-n40-d50-p69.asp,5005,1164,4.299828,18.488522,79.497469,0.232567,0.054088,0.012579,0.016184,0.799201,0.0,0.967632,883,0.184416,0.799401,0.799401,CLINGO-AMO,0.383429
GraphColouring,0043-wgc-n40-d50-p79.asp,5005,1164,4.299828,18.488522,79.497469,0.232567,0.054088,0.012579,0.016184,0.799201,0.0,0.967632,883,0.184416,0.799401,0.799401,AMOCLINGO-L,0.569959
GraphColouring,0043-wgc-n40-d50-p8.asp,5005,1164,4.299828,18.488522,79.497469,0.232567,0.054088,0.012579,0.016184,0.799201,0.0,0.967632,883,0.184416,0.799401,0.799401,CLINGO-AMO,0.093635
GraphColouring,0043-wgc-n40-d50-p89.asp,5005,1164,4.299828,18.488522,79.497469,0.232567,0.054088,0.012579,0.016184,0.799201,0.0,0.967632,883,0.184416,0.799401,0.799401,AMOCLINGO-L,0.5706610000000001
GraphColouring,0044-wgc-n40-d50-p19.asp,4765,1124,4.239324,17.971867,76.188563,0.235887,0.055643,0.013125,0.016999,0.797482,0.0,0.966002,843,0.18531,0.797692,0.797692,CLINGO-AMO,0.094416
GraphColouring,0044-wgc-n40-d50-p31.asp,4765,1124,4.239324,17.971867,76.188563,0.235887,0.055643,0.013125,0.016999,0.797482,0.0,0.966002,843,0.18531,0.797692,0.797692,EOCLINGO-INF-MR,0.567692
GraphColouring,0044-wgc-n40-d50-p38.asp,4765,1124,4.239324,17.971867,76.188563,0.235887,0.055643,0.013125,0.016999,0.797482,0.0,0.966002,843,0.18531,0.797692,0.797692,EOCLINGO-INF-MR,0.5667220000000001
GraphColouring,0044-wgc-n40-d50-p51.asp,4765,1124,4.239324,17.971867,76.188563,0.235887,0.055643,0.013125,0.016999,0.797482,0.0,0.966002,843,0.18531,0.797692,0.797692,AMOCLINGO-L,0.5694319999999999
GraphColouring,0044-wgc-n40-d50-p60.asp,4765,1124,4.239324,17.971867,76.188563,0.235887,0.055643,0.013125,0.016999,0.797482,0.0,0.966002,843,0.18531,0.797692,0.797692,CLINGO-AMO,0.10557
GraphColouring,0044-wgc-n40-d50-p69.asp,4765,1124,4.239324,17.971867,76.188563,0.235887,0.055643,0.013125,0.016999,0.797482,0.0,0.966002,843,0.18531,0.797692,0.797692,EOCLINGO-L,0.567338
GraphColouring,0044-wgc-n40-d50-p78.asp,4765,1124,4.239324,17.971867,76.188563,0.235887,0.055643,0.013125,0.016999,0.797482,0.0,0.966002,843,0.18531,0.797692,0.797692,CLINGO-AMO,0.5075879999999999
GraphColouring,0044-wgc-n40-d50-p8.asp,4765,1124,4.239324,17.971867,76.188563,0.235887,0.055643,0.013125,0.016999,0.797482,0.0,0.966002,843,0.18531,0.797692,0.797692,CLINGO-AMO,0.089702
GraphColouring,0044-wgc-n40-d50-p90.asp,4765,1124,4.239324,17.971867,76.188563,0.235887,0.055643,0.013125,0.016999,0.797482,0.0,0.966002,843,0.18531,0.797692,0.797692,CLINGO-AMO,0.1430509999999999
GraphColouring,0045-wgc-n40-d50-p19.asp,5029,1168,4.305651,18.538628,79.820856,0.232253,0.053941,0.012528,0.016107,0.799364,0.0,0.967787,887,0.184331,0.799563,0.799563,CLINGO-AMO,0.093678
GraphColouring,0045-wgc-n40-d50-p29.asp,5029,1168,4.305651,18.538628,79.820856,0.232253,0.053941,0.012528,0.016107,0.799364,0.0,0.967787,887,0.184331,0.799563,0.799563,EOCLINGO-INF-MR,0.571277
GraphColouring,0045-wgc-n40-d50-p40.asp,5029,1168,4.305651,18.538628,79.820856,0.232253,0.053941,0.012528,0.016107,0.799364,0.0,0.967787,887,0.184331,0.799563,0.799563,EOCLINGO-L,0.572887
GraphColouring,0045-wgc-n40-d50-p48.asp,5029,1168,4.305651,18.538628,79.820856,0.232253,0.053941,0.012528,0.016107,0.799364,0.0,0.967787,887,0.184331,0.799563,0.799563,EOCLINGO-INF-MR,0.573844
GraphColouring,0045-wgc-n40-d50-p59.asp,5029,1168,4.305651,18.538628,79.820856,0.232253,0.053941,0.012528,0.016107,0.799364,0.0,0.967787,887,0.184331,0.799563,0.799563,CLINGO-AMO,0.100406
GraphColouring,0045-wgc-n40-d50-p71.asp,5029,1168,4.305651,18.538628,79.820856,0.232253,0.053941,0.012528,0.016107,0.799364,0.0,0.967787,887,0.184331,0.799563,0.799563,EOCLINGO-L,0.568219
GraphColouring,0045-wgc-n40-d50-p8.asp,5029,1168,4.305651,18.538628,79.820856,0.232253,0.053941,0.012528,0.016107,0.799364,0.0,0.967787,887,0.184331,0.799563,0.799563,CLINGO-AMO,0.090111
GraphColouring,0045-wgc-n40-d50-p80.asp,5029,1168,4.305651,18.538628,79.820856,0.232253,0.053941,0.012528,0.016107,0.799364,0.0,0.967787,887,0.184331,0.799563,0.799563,CLINGO-AMO,0.09459
GraphColouring,0045-wgc-n40-d50-p90.asp,5029,1168,4.305651,18.538628,79.820856,0.232253,0.053941,0.012528,0.016107,0.799364,0.0,0.967787,887,0.184331,0.799563,0.799563,EOCLINGO-INF-MR,0.570451
GraphColouring,0046-wgc-n40-d50-p11.asp,4969,1158,4.291019,18.412844,79.009864,0.233045,0.05431,0.012657,0.016301,0.798954,0.0,0.967398,877,0.184544,0.799155,0.799155,CLINGO-AMO,0.093578
GraphColouring,0046-wgc-n40-d50-p18.asp,4969,1158,4.291019,18.412844,79.009864,0.233045,0.05431,0.012657,0.016301,0.798954,0.0,0.967398,877,0.184544,0.799155,0.799155,CLINGO-AMO,0.091514
GraphColouring,0046-wgc-n40-d50-p29.asp,4969,1158,4.291019,18.412844,79.009864,0.233045,0.05431,0.012657,0.016301,0.798954,0.0,0.967398,877,0.184544,0.799155,0.799155,EOCLINGO-L,0.5711350000000001
GraphColouring,0046-wgc-n40-d50-p41.asp,4969,1158,4.291019,18.412844,79.009864,0.233045,0.05431,0.012657,0.016301,0.798954,0.0,0.967398,877,0.184544,0.799155,0.799155,AMOCLINGO-L,0.573634
GraphColouring,0046-wgc-n40-d50-p49.asp,4969,1158,4.291019,18.412844,79.009864,0.233045,0.05431,0.012657,0.016301,0.798954,0.0,0.967398,877,0.184544,0.799155,0.799155,AMOCLINGO-L,0.5707249999999999
GraphColouring,0046-wgc-n40-d50-p58.asp,4969,1158,4.291019,18.412844,79.009864,0.233045,0.05431,0.012657,0.016301,0.798954,0.0,0.967398,877,0.184544,0.799155,0.799155,CLINGO-AMO,0.38748
GraphColouring,0046-wgc-n40-d50-p68.asp,4969,1158,4.291019,18.412844,79.009864,0.233045,0.05431,0.012657,0.016301,0.798954,0.0,0.967398,877,0.184544,0.799155,0.799155,EOCLINGO-L,0.5667179999999999
GraphColouring,0046-wgc-n40-d50-p80.asp,4969,1158,4.291019,18.412844,79.009864,0.233045,0.05431,0.012657,0.016301,0.798954,0.0,0.967398,877,0.184544,0.799155,0.799155,CLINGO-AMO,0.095105
GraphColouring,0046-wgc-n40-d50-p91.asp,4969,1158,4.291019,18.412844,79.009864,0.233045,0.05431,0.012657,0.016301,0.798954,0.0,0.967398,877,0.184544,0.799155,0.799155,CLINGO-AMO,0.34634
GraphColouring,0047-wgc-n40-d50-p20.asp,4573,1092,4.187729,17.537074,73.440511,0.238793,0.057022,0.013616,0.017713,0.795976,0.0,0.964575,811,0.186092,0.796195,0.796195,CLINGO-AMO,0.0910769999999999
GraphColouring,0047-wgc-n40-d50-p29.asp,4573,1092,4.187729,17.537074,73.440511,0.238793,0.057022,0.013616,0.017713,0.795976,0.0,0.964575,811,0.186092,0.796195,0.796195,EOCLINGO-INF-MR,0.5639770000000001
GraphColouring,0047-wgc-n40-d50-p40.asp,4573,1092,4.187729,17.537074,73.440511,0.238793,0.057022,0.013616,0.017713,0.795976,0.0,0.964575,811,0.186092,0.796195,0.796195,EOCLINGO-INF-MR,0.564628
GraphColouring,0047-wgc-n40-d50-p48.asp,4573,1092,4.187729,17.537074,73.440511,0.238793,0.057022,0.013616,0.017713,0.795976,0.0,0.964575,811,0.186092,0.796195,0.796195,AMOCLINGO-L,0.567941
GraphColouring,0047-wgc-n40-d50-p59.asp,4573,1092,4.187729,17.537074,73.440511,0.238793,0.057022,0.013616,0.017713,0.795976,0.0,0.964575,811,0.186092,0.796195,0.796195,CLINGO-AMO,0.3279999999999999
GraphColouring,0047-wgc-n40-d50-p69.asp,4573,1092,4.187729,17.537074,73.440511,0.238793,0.057022,0.013616,0.017713,0.795976,0.0,0.964575,811,0.186092,0.796195,0.796195,CLINGO-AMO,0.104175
GraphColouring,0047-wgc-n40-d50-p81.asp,4573,1092,4.187729,17.537074,73.440511,0.238793,0.057022,0.013616,0.017713,0.795976,0.0,0.964575,811,0.186092,0.796195,0.796195,EOCLINGO-INF-MR,0.5632539999999999
GraphColouring,0047-wgc-n40-d50-p9.asp,4573,1092,4.187729,17.537074,73.440511,0.238793,0.057022,0.013616,0.017713,0.795976,0.0,0.964575,811,0.186092,0.796195,0.796195,CLINGO-AMO,0.089821
GraphColouring,0047-wgc-n40-d50-p91.asp,4573,1092,4.187729,17.537074,73.440511,0.238793,0.057022,0.013616,0.017713,0.795976,0.0,0.964575,811,0.186092,0.796195,0.796195,AMOCLINGO-L,0.563199
GraphColouring,0048-wgc-n40-d50-p18.asp,4849,1138,4.260984,18.155986,77.36237,0.234688,0.055078,0.012926,0.016704,0.798103,0.0,0.966591,857,0.184987,0.798309,0.798309,CLINGO-AMO,0.09051
GraphColouring,0048-wgc-n40-d50-p29.asp,4849,1138,4.260984,18.155986,77.36237,0.234688,0.055078,0.012926,0.016704,0.798103,0.0,0.966591,857,0.184987,0.798309,0.798309,EOCLINGO-INF-MR,0.5696340000000001
GraphColouring,0048-wgc-n40-d50-p38.asp,4849,1138,4.260984,18.155986,77.36237,0.234688,0.055078,0.012926,0.016704,0.798103,0.0,0.966591,857,0.184987,0.798309,0.798309,EOCLINGO-L,0.5737869999999999
GraphColouring,0048-wgc-n40-d50-p49.asp,4849,1138,4.260984,18.155986,77.36237,0.234688,0.055078,0.012926,0.016704,0.798103,0.0,0.966591,857,0.184987,0.798309,0.798309,AMOCLINGO-L,0.568937
GraphColouring,0048-wgc-n40-d50-p58.asp,4849,1138,4.260984,18.155986,77.36237,0.234688,0.055078,0.012926,0.016704,0.798103,0.0,0.966591,857,0.184987,0.798309,0.798309,AMOCLINGO-L,0.571586
GraphColouring,0048-wgc-n40-d50-p70.asp,4849,1138,4.260984,18.155986,77.36237,0.234688,0.055078,0.012926,0.016704,0.798103,0.0,0.966591,857,0.184987,0.798309,0.798309,AMOCLINGO-L,0.569379
GraphColouring,0048-wgc-n40-d50-p79.asp,4849,1138,4.260984,18.155986,77.36237,0.234688,0.055078,0.012926,0.016704,0.798103,0.0,0.966591,857,0.184987,0.798309,0.798309,AMOCLINGO-L,0.57031
GraphColouring,0048-wgc-n40-d50-p8.asp,4849,1138,4.260984,18.155986,77.36237,0.234688,0.055078,0.012926,0.016704,0.798103,0.0,0.966591,857,0.184987,0.798309,0.798309,CLINGO-AMO,0.089784
GraphColouring,0048-wgc-n40-d50-p91.asp,4849,1138,4.260984,18.155986,77.36237,0.234688,0.055078,0.012926,0.016704,0.798103,0.0,0.966591,857,0.184987,0.798309,0.798309,EOCLINGO-INF-MR,0.567315
GraphColouring,0049-wgc-n40-d50-p10.asp,4525,1084,4.174354,17.425233,72.739097,0.239558,0.057388,0.013748,0.017901,0.79558,0.0,0.964199,803,0.186298,0.795801,0.795801,CLINGO-AMO,0.08975
GraphColouring,0049-wgc-n40-d50-p19.asp,4525,1084,4.174354,17.425233,72.739097,0.239558,0.057388,0.013748,0.017901,0.79558,0.0,0.964199,803,0.186298,0.795801,0.795801,CLINGO-AMO,0.091609
GraphColouring,0049-wgc-n40-d50-p31.asp,4525,1084,4.174354,17.425233,72.739097,0.239558,0.057388,0.013748,0.017901,0.79558,0.0,0.964199,803,0.186298,0.795801,0.795801,EOCLINGO-INF-MR,0.5682459999999999
GraphColouring,0049-wgc-n40-d50-p38.asp,4525,1084,4.174354,17.425233,72.739097,0.239558,0.057388,0.013748,0.017901,0.79558,0.0,0.964199,803,0.186298,0.795801,0.795801,EOCLINGO-INF-MR,0.568135
GraphColouring,0049-wgc-n40-d50-p51.asp,4525,1084,4.174354,17.425233,72.739097,0.239558,0.057388,0.013748,0.017901,0.79558,0.0,0.964199,803,0.186298,0.795801,0.795801,EOCLINGO-L,0.5646329999999999
GraphColouring,0049-wgc-n40-d50-p59.asp,4525,1084,4.174354,17.425233,72.739097,0.239558,0.057388,0.013748,0.017901,0.79558,0.0,0.964199,803,0.186298,0.795801,0.795801,CLINGO-AMO,0.111589
GraphColouring,0049-wgc-n40-d50-p70.asp,4525,1084,4.174354,17.425233,72.739097,0.239558,0.057388,0.013748,0.017901,0.79558,0.0,0.964199,803,0.186298,0.795801,0.795801,EOCLINGO-L,0.562979
GraphColouring,0049-wgc-n40-d50-p78.asp,4525,1084,4.174354,17.425233,72.739097,0.239558,0.057388,0.013748,0.017901,0.79558,0.0,0.964199,803,0.186298,0.795801,0.795801,CLINGO-AMO,0.0949479999999999
GraphColouring,0049-wgc-n40-d50-p90.asp,4525,1084,4.174354,17.425233,72.739097,0.239558,0.057388,0.013748,0.017901,0.79558,0.0,0.964199,803,0.186298,0.795801,0.795801,AMOCLINGO-INF-MR,0.561788
GraphColouring,0050-wgc-n40-d50-p11.asp,5029,1168,4.305651,18.538628,79.820856,0.232253,0.053941,0.012528,0.016107,0.799364,0.0,0.967787,887,0.184331,0.799563,0.799563,CLINGO-AMO,0.093318
GraphColouring,0050-wgc-n40-d50-p19.asp,5029,1168,4.305651,18.538628,79.820856,0.232253,0.053941,0.012528,0.016107,0.799364,0.0,0.967787,887,0.184331,0.799563,0.799563,CLINGO-AMO,0.09195
GraphColouring,0050-wgc-n40-d50-p28.asp,5029,1168,4.305651,18.538628,79.820856,0.232253,0.053941,0.012528,0.016107,0.799364,0.0,0.967787,887,0.184331,0.799563,0.799563,EOCLINGO-INF-MR,0.569871
GraphColouring,0050-wgc-n40-d50-p41.asp,5029,1168,4.305651,18.538628,79.820856,0.232253,0.053941,0.012528,0.016107,0.799364,0.0,0.967787,887,0.184331,0.799563,0.799563,AMOCLINGO-L,0.573017
GraphColouring,0050-wgc-n40-d50-p49.asp,5029,1168,4.305651,18.538628,79.820856,0.232253,0.053941,0.012528,0.016107,0.799364,0.0,0.967787,887,0.184331,0.799563,0.799563,AMOCLINGO-L,0.572617
GraphColouring,0050-wgc-n40-d50-p59.asp,5029,1168,4.305651,18.538628,79.820856,0.232253,0.053941,0.012528,0.016107,0.799364,0.0,0.967787,887,0.184331,0.799563,0.799563,CLINGO-AMO,0.275777
GraphColouring,0050-wgc-n40-d50-p68.asp,5029,1168,4.305651,18.538628,79.820856,0.232253,0.053941,0.012528,0.016107,0.799364,0.0,0.967787,887,0.184331,0.799563,0.799563,CLINGO-AMO,0.285539
GraphColouring,0050-wgc-n40-d50-p81.asp,5029,1168,4.305651,18.538628,79.820856,0.232253,0.053941,0.012528,0.016107,0.799364,0.0,0.967787,887,0.184331,0.799563,0.799563,CLINGO-AMO,0.264704
GraphColouring,0050-wgc-n40-d50-p91.asp,5029,1168,4.305651,18.538628,79.820856,0.232253,0.053941,0.012528,0.016107,0.799364,0.0,0.967787,887,0.184331,0.799563,0.799563,EOCLINGO-INF-MR,0.571105
GraphColouring,0051-wgc-n40-d70-p10.asp,6901,1480,4.662838,21.742057,101.379685,0.214462,0.045994,0.009864,0.011737,0.808578,0.0,0.976525,1199,0.179539,0.808723,0.808723,CLINGO-AMO,0.098898
GraphColouring,0051-wgc-n40-d70-p18.asp,6901,1480,4.662838,21.742057,101.379685,0.214462,0.045994,0.009864,0.011737,0.808578,0.0,0.976525,1199,0.179539,0.808723,0.808723,EOCLINGO-L,0.595505
GraphColouring,0051-wgc-n40-d70-p28.asp,6901,1480,4.662838,21.742057,101.379685,0.214462,0.045994,0.009864,0.011737,0.808578,0.0,0.976525,1199,0.179539,0.808723,0.808723,EOCLINGO-L,0.5961200000000001
GraphColouring,0051-wgc-n40-d70-p41.asp,6901,1480,4.662838,21.742057,101.379685,0.214462,0.045994,0.009864,0.011737,0.808578,0.0,0.976525,1199,0.179539,0.808723,0.808723,EOCLINGO-L,0.595142
GraphColouring,0051-wgc-n40-d70-p49.asp,6901,1480,4.662838,21.742057,101.379685,0.214462,0.045994,0.009864,0.011737,0.808578,0.0,0.976525,1199,0.179539,0.808723,0.808723,AMOCLINGO-L,0.5955349999999999
GraphColouring,0051-wgc-n40-d70-p59.asp,6901,1480,4.662838,21.742057,101.379685,0.214462,0.045994,0.009864,0.011737,0.808578,0.0,0.976525,1199,0.179539,0.808723,0.808723,EOCLINGO-INF-MR,0.597116
GraphColouring,0051-wgc-n40-d70-p68.asp,6901,1480,4.662838,21.742057,101.379685,0.214462,0.045994,0.009864,0.011737,0.808578,0.0,0.976525,1199,0.179539,0.808723,0.808723,CLINGO-AMO,0.102491
GraphColouring,0051-wgc-n40-d70-p79.asp,6901,1480,4.662838,21.742057,101.379685,0.214462,0.045994,0.009864,0.011737,0.808578,0.0,0.976525,1199,0.179539,0.808723,0.808723,CLINGO-AMO,0.098992
GraphColouring,0051-wgc-n40-d70-p91.asp,6901,1480,4.662838,21.742057,101.379685,0.214462,0.045994,0.009864,0.011737,0.808578,0.0,0.976525,1199,0.179539,0.808723,0.808723,AMOCLINGO-L,0.596515
GraphColouring,0052-wgc-n40-d70-p18.asp,7081,1510,4.689404,21.99051,103.122383,0.213247,0.045474,0.009697,0.011439,0.809208,0.0,0.977122,1229,0.179212,0.809349,0.809349,EOCLINGO-L,0.5993409999999999
GraphColouring,0052-wgc-n40-d70-p31.asp,7081,1510,4.689404,21.99051,103.122383,0.213247,0.045474,0.009697,0.011439,0.809208,0.0,0.977122,1229,0.179212,0.809349,0.809349,EOCLINGO-L,0.6021559999999999
GraphColouring,0052-wgc-n40-d70-p38.asp,7081,1510,4.689404,21.99051,103.122383,0.213247,0.045474,0.009697,0.011439,0.809208,0.0,0.977122,1229,0.179212,0.809349,0.809349,AMOCLINGO-L,0.6017640000000001
GraphColouring,0052-wgc-n40-d70-p49.asp,7081,1510,4.689404,21.99051,103.122383,0.213247,0.045474,0.009697,0.011439,0.809208,0.0,0.977122,1229,0.179212,0.809349,0.809349,EOCLINGO-L,0.601578
GraphColouring,0052-wgc-n40-d70-p61.asp,7081,1510,4.689404,21.99051,103.122383,0.213247,0.045474,0.009697,0.011439,0.809208,0.0,0.977122,1229,0.179212,0.809349,0.809349,CLINGO-AMO,0.098787
GraphColouring,0052-wgc-n40-d70-p70.asp,7081,1510,4.689404,21.99051,103.122383,0.213247,0.045474,0.009697,0.011439,0.809208,0.0,0.977122,1229,0.179212,0.809349,0.809349,CLINGO-AMO,0.098667
GraphColouring,0052-wgc-n40-d70-p79.asp,7081,1510,4.689404,21.99051,103.122383,0.213247,0.045474,0.009697,0.011439,0.809208,0.0,0.977122,1229,0.179212,0.809349,0.809349,AMOCLINGO-L,0.599404
GraphColouring,0052-wgc-n40-d70-p8.asp,7081,1510,4.689404,21.99051,103.122383,0.213247,0.045474,0.009697,0.011439,0.809208,0.0,0.977122,1229,0.179212,0.809349,0.809349,CLINGO-AMO,0.093122
GraphColouring,0052-wgc-n40-d70-p88.asp,7081,1510,4.689404,21.99051,103.122383,0.213247,0.045474,0.009697,0.011439,0.809208,0.0,0.977122,1229,0.179212,0.809349,0.809349,AMOCLINGO-INF-MR,0.5980759999999999
GraphColouring,0053-wgc-n40-d70-p11.asp,6925,1484,4.666442,21.775681,101.614955,0.214296,0.045923,0.009841,0.011697,0.808664,0.0,0.976606,1203,0.179495,0.808809,0.808809,WASP-AMO,0.117239
GraphColouring,0053-wgc-n40-d70-p21.asp,6925,1484,4.666442,21.775681,101.614955,0.214296,0.045923,0.009841,0.011697,0.808664,0.0,0.976606,1203,0.179495,0.808809,0.808809,EOCLINGO-L,0.599788
GraphColouring,0053-wgc-n40-d70-p30.asp,6925,1484,4.666442,21.775681,101.614955,0.214296,0.045923,0.009841,0.011697,0.808664,0.0,0.976606,1203,0.179495,0.808809,0.808809,EOCLINGO-L,0.602687
GraphColouring,0053-wgc-n40-d70-p39.asp,6925,1484,4.666442,21.775681,101.614955,0.214296,0.045923,0.009841,0.011697,0.808664,0.0,0.976606,1203,0.179495,0.808809,0.808809,EOCLINGO-L,0.5934440000000001
GraphColouring,0053-wgc-n40-d70-p50.asp,6925,1484,4.666442,21.775681,101.614955,0.214296,0.045923,0.009841,0.011697,0.808664,0.0,0.976606,1203,0.179495,0.808809,0.808809,AMOCLINGO-L,0.595676
GraphColouring,0053-wgc-n40-d70-p59.asp,6925,1484,4.666442,21.775681,101.614955,0.214296,0.045923,0.009841,0.011697,0.808664,0.0,0.976606,1203,0.179495,0.808809,0.808809,CLINGO-AMO,0.097509
GraphColouring,0053-wgc-n40-d70-p70.asp,6925,1484,4.666442,21.775681,101.614955,0.214296,0.045923,0.009841,0.011697,0.808664,0.0,0.976606,1203,0.179495,0.808809,0.808809,CLINGO-AMO,0.097556
GraphColouring,0053-wgc-n40-d70-p79.asp,6925,1484,4.666442,21.775681,101.614955,0.214296,0.045923,0.009841,0.011697,0.808664,0.0,0.976606,1203,0.179495,0.808809,0.808809,EOCLINGO-L,0.5952270000000001
GraphColouring,0053-wgc-n40-d70-p89.asp,6925,1484,4.666442,21.775681,101.614955,0.214296,0.045923,0.009841,0.011697,0.808664,0.0,0.976606,1203,0.179495,0.808809,0.808809,AMOCLINGO-L,0.593481
GraphColouring,0054-wgc-n40-d70-p11.asp,6685,1444,4.629501,21.432283,99.220784,0.216006,0.046659,0.010079,0.012117,0.807779,0.0,0.975767,1163,0.179955,0.807928,0.807928,CLINGO-AMO,0.093755
GraphColouring,0054-wgc-n40-d70-p19.asp,6685,1444,4.629501,21.432283,99.220784,0.216006,0.046659,0.010079,0.012117,0.807779,0.0,0.975767,1163,0.179955,0.807928,0.807928,EOCLINGO-INF-MR,0.5963269999999999
GraphColouring,0054-wgc-n40-d70-p31.asp,6685,1444,4.629501,21.432283,99.220784,0.216006,0.046659,0.010079,0.012117,0.807779,0.0,0.975767,1163,0.179955,0.807928,0.807928,EOCLINGO-L,0.59751
GraphColouring,0054-wgc-n40-d70-p38.asp,6685,1444,4.629501,21.432283,99.220784,0.216006,0.046659,0.010079,0.012117,0.807779,0.0,0.975767,1163,0.179955,0.807928,0.807928,AMOCLINGO-L,0.595354
GraphColouring,0054-wgc-n40-d70-p49.asp,6685,1444,4.629501,21.432283,99.220784,0.216006,0.046659,0.010079,0.012117,0.807779,0.0,0.975767,1163,0.179955,0.807928,0.807928,CLINGO-AMO,0.108249
GraphColouring,0054-wgc-n40-d70-p61.asp,6685,1444,4.629501,21.432283,99.220784,0.216006,0.046659,0.010079,0.012117,0.807779,0.0,0.975767,1163,0.179955,0.807928,0.807928,CLINGO-AMO,0.098359
GraphColouring,0054-wgc-n40-d70-p69.asp,6685,1444,4.629501,21.432283,99.220784,0.216006,0.046659,0.010079,0.012117,0.807779,0.0,0.975767,1163,0.179955,0.807928,0.807928,CLINGO-AMO,0.200378
GraphColouring,0054-wgc-n40-d70-p81.asp,6685,1444,4.629501,21.432283,99.220784,0.216006,0.046659,0.010079,0.012117,0.807779,0.0,0.975767,1163,0.179955,0.807928,0.807928,AMOCLINGO-L,0.589794
GraphColouring,0054-wgc-n40-d70-p89.asp,6685,1444,4.629501,21.432283,99.220784,0.216006,0.046659,0.010079,0.012117,0.807779,0.0,0.975767,1163,0.179955,0.807928,0.807928,AMOCLINGO-L,0.592092
GraphColouring,0055-wgc-n40-d70-p21.asp,6973,1492,4.673592,21.842467,102.082789,0.213968,0.045782,0.009796,0.011616,0.808834,0.0,0.976768,1211,0.179406,0.808977,0.808977,EOCLINGO-L,0.6094160000000001
GraphColouring,0055-wgc-n40-d70-p29.asp,6973,1492,4.673592,21.842467,102.082789,0.213968,0.045782,0.009796,0.011616,0.808834,0.0,0.976768,1211,0.179406,0.808977,0.808977,EOCLINGO-L,0.60729
GraphColouring,0055-wgc-n40-d70-p41.asp,6973,1492,4.673592,21.842467,102.082789,0.213968,0.045782,0.009796,0.011616,0.808834,0.0,0.976768,1211,0.179406,0.808977,0.808977,EOCLINGO-INF-MR,0.603267
GraphColouring,0055-wgc-n40-d70-p49.asp,6973,1492,4.673592,21.842467,102.082789,0.213968,0.045782,0.009796,0.011616,0.808834,0.0,0.976768,1211,0.179406,0.808977,0.808977,CLINGO-AMO,0.302299
GraphColouring,0055-wgc-n40-d70-p61.asp,6973,1492,4.673592,21.842467,102.082789,0.213968,0.045782,0.009796,0.011616,0.808834,0.0,0.976768,1211,0.179406,0.808977,0.808977,CLINGO-AMO,0.295933
GraphColouring,0055-wgc-n40-d70-p70.asp,6973,1492,4.673592,21.842467,102.082789,0.213968,0.045782,0.009796,0.011616,0.808834,0.0,0.976768,1211,0.179406,0.808977,0.808977,CLINGO-AMO,0.0978169999999999
GraphColouring,0055-wgc-n40-d70-p8.asp,6973,1492,4.673592,21.842467,102.082789,0.213968,0.045782,0.009796,0.011616,0.808834,0.0,0.976768,1211,0.179406,0.808977,0.808977,CLINGO-AMO,0.092648
GraphColouring,0055-wgc-n40-d70-p81.asp,6973,1492,4.673592,21.842467,102.082789,0.213968,0.045782,0.009796,0.011616,0.808834,0.0,0.976768,1211,0.179406,0.808977,0.808977,EOCLINGO-INF-MR,0.600304
GraphColouring,0055-wgc-n40-d70-p88.asp,6973,1492,4.673592,21.842467,102.082789,0.213968,0.045782,0.009796,0.011616,0.808834,0.0,0.976768,1211,0.179406,0.808977,0.808977,CLINGO-AMO,0.371421
GraphColouring,0056-wgc-n40-d70-p19.asp,6685,1444,4.629501,21.432283,99.220784,0.216006,0.046659,0.010079,0.012117,0.807779,0.0,0.975767,1163,0.179955,0.807928,0.807928,EOCLINGO-L,0.591843
GraphColouring,0056-wgc-n40-d70-p29.asp,6685,1444,4.629501,21.432283,99.220784,0.216006,0.046659,0.010079,0.012117,0.807779,0.0,0.975767,1163,0.179955,0.807928,0.807928,EOCLINGO-INF-MR,0.595485
GraphColouring,0056-wgc-n40-d70-p38.asp,6685,1444,4.629501,21.432283,99.220784,0.216006,0.046659,0.010079,0.012117,0.807779,0.0,0.975767,1163,0.179955,0.807928,0.807928,EOCLINGO-L,0.5928939999999999
GraphColouring,0056-wgc-n40-d70-p51.asp,6685,1444,4.629501,21.432283,99.220784,0.216006,0.046659,0.010079,0.012117,0.807779,0.0,0.975767,1163,0.179955,0.807928,0.807928,CLINGO-AMO,0.439296
GraphColouring,0056-wgc-n40-d70-p61.asp,6685,1444,4.629501,21.432283,99.220784,0.216006,0.046659,0.010079,0.012117,0.807779,0.0,0.975767,1163,0.179955,0.807928,0.807928,EOCLINGO-L,0.592641
GraphColouring,0056-wgc-n40-d70-p71.asp,6685,1444,4.629501,21.432283,99.220784,0.216006,0.046659,0.010079,0.012117,0.807779,0.0,0.975767,1163,0.179955,0.807928,0.807928,CLINGO-AMO,0.099412
GraphColouring,0056-wgc-n40-d70-p81.asp,6685,1444,4.629501,21.432283,99.220784,0.216006,0.046659,0.010079,0.012117,0.807779,0.0,0.975767,1163,0.179955,0.807928,0.807928,AMOCLINGO-L,0.590872
GraphColouring,0056-wgc-n40-d70-p89.asp,6685,1444,4.629501,21.432283,99.220784,0.216006,0.046659,0.010079,0.012117,0.807779,0.0,0.975767,1163,0.179955,0.807928,0.807928,EOCLINGO-L,0.59198
GraphColouring,0056-wgc-n40-d70-p9.asp,6685,1444,4.629501,21.432283,99.220784,0.216006,0.046659,0.010079,0.012117,0.807779,0.0,0.975767,1163,0.179955,0.807928,0.807928,CLINGO-AMO,0.09532
GraphColouring,0057-wgc-n40-d70-p21.asp,6709,1448,4.633287,21.467351,99.464405,0.215829,0.046582,0.010054,0.012073,0.80787,0.0,0.975853,1167,0.179908,0.808019,0.808019,EOCLINGO-L,0.59709
GraphColouring,0057-wgc-n40-d70-p28.asp,6709,1448,4.633287,21.467351,99.464405,0.215829,0.046582,0.010054,0.012073,0.80787,0.0,0.975853,1167,0.179908,0.808019,0.808019,EOCLINGO-L,0.595672
GraphColouring,0057-wgc-n40-d70-p41.asp,6709,1448,4.633287,21.467351,99.464405,0.215829,0.046582,0.010054,0.012073,0.80787,0.0,0.975853,1167,0.179908,0.808019,0.808019,AMOCLINGO-L,0.5936490000000001
GraphColouring,0057-wgc-n40-d70-p50.asp,6709,1448,4.633287,21.467351,99.464405,0.215829,0.046582,0.010054,0.012073,0.80787,0.0,0.975853,1167,0.179908,0.808019,0.808019,EOCLINGO-INF-MR,0.595035
GraphColouring,0057-wgc-n40-d70-p60.asp,6709,1448,4.633287,21.467351,99.464405,0.215829,0.046582,0.010054,0.012073,0.80787,0.0,0.975853,1167,0.179908,0.808019,0.808019,EOCLINGO-INF-MR,0.595761
GraphColouring,0057-wgc-n40-d70-p70.asp,6709,1448,4.633287,21.467351,99.464405,0.215829,0.046582,0.010054,0.012073,0.80787,0.0,0.975853,1167,0.179908,0.808019,0.808019,CLINGO-AMO,0.09691
GraphColouring,0057-wgc-n40-d70-p8.asp,6709,1448,4.633287,21.467351,99.464405,0.215829,0.046582,0.010054,0.012073,0.80787,0.0,0.975853,1167,0.179908,0.808019,0.808019,CLINGO-AMO,0.092563
GraphColouring,0057-wgc-n40-d70-p81.asp,6709,1448,4.633287,21.467351,99.464405,0.215829,0.046582,0.010054,0.012073,0.80787,0.0,0.975853,1167,0.179908,0.808019,0.808019,CLINGO-AMO,0.097538
GraphColouring,0057-wgc-n40-d70-p90.asp,6709,1448,4.633287,21.467351,99.464405,0.215829,0.046582,0.010054,0.012073,0.80787,0.0,0.975853,1167,0.179908,0.808019,0.808019,AMOCLINGO-L,0.5936
GraphColouring,0058-wgc-n40-d70-p21.asp,6853,1472,4.655571,21.674338,100.906412,0.214796,0.046138,0.00991,0.01182,0.808405,0.0,0.976361,1191,0.179629,0.808551,0.808551,EOCLINGO-INF-MR,0.596091
GraphColouring,0058-wgc-n40-d70-p31.asp,6853,1472,4.655571,21.674338,100.906412,0.214796,0.046138,0.00991,0.01182,0.808405,0.0,0.976361,1191,0.179629,0.808551,0.808551,EOCLINGO-L,0.595333
GraphColouring,0058-wgc-n40-d70-p38.asp,6853,1472,4.655571,21.674338,100.906412,0.214796,0.046138,0.00991,0.01182,0.808405,0.0,0.976361,1191,0.179629,0.808551,0.808551,AMOCLINGO-L,0.599089
GraphColouring,0058-wgc-n40-d70-p51.asp,6853,1472,4.655571,21.674338,100.906412,0.214796,0.046138,0.00991,0.01182,0.808405,0.0,0.976361,1191,0.179629,0.808551,0.808551,CLINGO-AMO,0.130138
GraphColouring,0058-wgc-n40-d70-p59.asp,6853,1472,4.655571,21.674338,100.906412,0.214796,0.046138,0.00991,0.01182,0.808405,0.0,0.976361,1191,0.179629,0.808551,0.808551,CLINGO-AMO,0.18135
GraphColouring,0058-wgc-n40-d70-p71.asp,6853,1472,4.655571,21.674338,100.906412,0.214796,0.046138,0.00991,0.01182,0.808405,0.0,0.976361,1191,0.179629,0.808551,0.808551,CLINGO-AMO,0.261413
GraphColouring,0058-wgc-n40-d70-p79.asp,6853,1472,4.655571,21.674338,100.906412,0.214796,0.046138,0.00991,0.01182,0.808405,0.0,0.976361,1191,0.179629,0.808551,0.808551,AMOCLINGO-L,0.593497
GraphColouring,0058-wgc-n40-d70-p8.asp,6853,1472,4.655571,21.674338,100.906412,0.214796,0.046138,0.00991,0.01182,0.808405,0.0,0.976361,1191,0.179629,0.808551,0.808551,CLINGO-AMO,0.0928379999999999
GraphColouring,0058-wgc-n40-d70-p91.asp,6853,1472,4.655571,21.674338,100.906412,0.214796,0.046138,0.00991,0.01182,0.808405,0.0,0.976361,1191,0.179629,0.808551,0.808551,CLINGO-AMO,0.508695
GraphColouring,0059-wgc-n40-d70-p11.asp,6913,1482,4.664642,21.758888,101.497433,0.214379,0.045958,0.009852,0.011717,0.808621,0.0,0.976566,1201,0.179517,0.808766,0.808766,CLINGO-AMO,0.092749
GraphColouring,0059-wgc-n40-d70-p19.asp,6913,1482,4.664642,21.758888,101.497433,0.214379,0.045958,0.009852,0.011717,0.808621,0.0,0.976566,1201,0.179517,0.808766,0.808766,EOCLINGO-L,0.5958920000000001
GraphColouring,0059-wgc-n40-d70-p29.asp,6913,1482,4.664642,21.758888,101.497433,0.214379,0.045958,0.009852,0.011717,0.808621,0.0,0.976566,1201,0.179517,0.808766,0.808766,EOCLINGO-L,0.594624
GraphColouring,0059-wgc-n40-d70-p41.asp,6913,1482,4.664642,21.758888,101.497433,0.214379,0.045958,0.009852,0.011717,0.808621,0.0,0.976566,1201,0.179517,0.808766,0.808766,EOCLINGO-L,0.595179
GraphColouring,0059-wgc-n40-d70-p48.asp,6913,1482,4.664642,21.758888,101.497433,0.214379,0.045958,0.009852,0.011717,0.808621,0.0,0.976566,1201,0.179517,0.808766,0.808766,CLINGO-AMO,0.34291
GraphColouring,0059-wgc-n40-d70-p58.asp,6913,1482,4.664642,21.758888,101.497433,0.214379,0.045958,0.009852,0.011717,0.808621,0.0,0.976566,1201,0.179517,0.808766,0.808766,AMOCLINGO-L,0.597332
GraphColouring,0059-wgc-n40-d70-p70.asp,6913,1482,4.664642,21.758888,101.497433,0.214379,0.045958,0.009852,0.011717,0.808621,0.0,0.976566,1201,0.179517,0.808766,0.808766,AMOCLINGO-L,0.5947
GraphColouring,0059-wgc-n40-d70-p80.asp,6913,1482,4.664642,21.758888,101.497433,0.214379,0.045958,0.009852,0.011717,0.808621,0.0,0.976566,1201,0.179517,0.808766,0.808766,CLINGO-AMO,0.3611109999999999
GraphColouring,0059-wgc-n40-d70-p89.asp,6913,1482,4.664642,21.758888,101.497433,0.214379,0.045958,0.009852,0.011717,0.808621,0.0,0.976566,1201,0.179517,0.808766,0.808766,AMOCLINGO-L,0.594958
GraphColouring,0060-wgc-n40-d70-p20.asp,6973,1492,4.673592,21.842467,102.082789,0.213968,0.045782,0.009796,0.011616,0.808834,0.0,0.976768,1211,0.179406,0.808977,0.808977,EOCLINGO-L,0.601142
GraphColouring,0060-wgc-n40-d70-p30.asp,6973,1492,4.673592,21.842467,102.082789,0.213968,0.045782,0.009796,0.011616,0.808834,0.0,0.976768,1211,0.179406,0.808977,0.808977,EOCLINGO-INF-MR,0.6035739999999999
GraphColouring,0060-wgc-n40-d70-p40.asp,6973,1492,4.673592,21.842467,102.082789,0.213968,0.045782,0.009796,0.011616,0.808834,0.0,0.976768,1211,0.179406,0.808977,0.808977,EOCLINGO-L,0.6004980000000001
GraphColouring,0060-wgc-n40-d70-p49.asp,6973,1492,4.673592,21.842467,102.082789,0.213968,0.045782,0.009796,0.011616,0.808834,0.0,0.976768,1211,0.179406,0.808977,0.808977,CLINGO-AMO,0.1058959999999999
GraphColouring,0060-wgc-n40-d70-p61.asp,6973,1492,4.673592,21.842467,102.082789,0.213968,0.045782,0.009796,0.011616,0.808834,0.0,0.976768,1211,0.179406,0.808977,0.808977,CLINGO-AMO,0.355368
GraphColouring,0060-wgc-n40-d70-p68.asp,6973,1492,4.673592,21.842467,102.082789,0.213968,0.045782,0.009796,0.011616,0.808834,0.0,0.976768,1211,0.179406,0.808977,0.808977,AMOCLINGO-L,0.601029
GraphColouring,0060-wgc-n40-d70-p78.asp,6973,1492,4.673592,21.842467,102.082789,0.213968,0.045782,0.009796,0.011616,0.808834,0.0,0.976768,1211,0.179406,0.808977,0.808977,AMOCLINGO-L,0.598179
GraphColouring,0060-wgc-n40-d70-p8.asp,6973,1492,4.673592,21.842467,102.082789,0.213968,0.045782,0.009796,0.011616,0.808834,0.0,0.976768,1211,0.179406,0.808977,0.808977,CLINGO-AMO,0.092259
GraphColouring,0060-wgc-n40-d70-p90.asp,6973,1492,4.673592,21.842467,102.082789,0.213968,0.045782,0.009796,0.011616,0.808834,0.0,0.976768,1211,0.179406,0.808977,0.808977,AMOCLINGO-L,0.597021
GraphColouring,0061-wgc-n60-d30-p11.asp,6709,1608,4.172264,17.407784,72.629866,0.239678,0.057446,0.013768,0.018035,0.795946,0.0,0.963929,1187,0.18587,0.796095,0.796095,CLINGO-AMO,0.1003139999999999
GraphColouring,0061-wgc-n60-d30-p18.asp,6709,1608,4.172264,17.407784,72.629866,0.239678,0.057446,0.013768,0.018035,0.795946,0.0,0.963929,1187,0.18587,0.796095,0.796095,WASP-AMO,0.128858
GraphColouring,0061-wgc-n60-d30-p28.asp,6709,1608,4.172264,17.407784,72.629866,0.239678,0.057446,0.013768,0.018035,0.795946,0.0,0.963929,1187,0.18587,0.796095,0.796095,EOCLINGO-INF-MR,0.6070310000000001
GraphColouring,0061-wgc-n60-d30-p39.asp,6709,1608,4.172264,17.407784,72.629866,0.239678,0.057446,0.013768,0.018035,0.795946,0.0,0.963929,1187,0.18587,0.796095,0.796095,EOCLINGO-INF-MR,0.6070610000000001
GraphColouring,0061-wgc-n60-d30-p48.asp,6709,1608,4.172264,17.407784,72.629866,0.239678,0.057446,0.013768,0.018035,0.795946,0.0,0.963929,1187,0.18587,0.796095,0.796095,EOCLINGO-L,0.603459
GraphColouring,0061-wgc-n60-d30-p59.asp,6709,1608,4.172264,17.407784,72.629866,0.239678,0.057446,0.013768,0.018035,0.795946,0.0,0.963929,1187,0.18587,0.796095,0.796095,AMOCLINGO-L,0.603593
GraphColouring,0061-wgc-n60-d30-p71.asp,6709,1608,4.172264,17.407784,72.629866,0.239678,0.057446,0.013768,0.018035,0.795946,0.0,0.963929,1187,0.18587,0.796095,0.796095,AMOCLINGO-L,0.599703
GraphColouring,0061-wgc-n60-d30-p79.asp,6709,1608,4.172264,17.407784,72.629866,0.239678,0.057446,0.013768,0.018035,0.795946,0.0,0.963929,1187,0.18587,0.796095,0.796095,CLINGO-AMO,0.155154
GraphColouring,0061-wgc-n60-d30-p89.asp,6709,1608,4.172264,17.407784,72.629866,0.239678,0.057446,0.013768,0.018035,0.795946,0.0,0.963929,1187,0.18587,0.796095,0.796095,CLINGO-AMO,0.1915539999999999
GraphColouring,0062-wgc-n60-d30-p10.asp,6577,1586,4.14691,17.196866,71.313865,0.241143,0.05815,0.014023,0.018397,0.795195,0.0,0.963205,1165,0.186255,0.795347,0.795347,CLINGO-AMO,0.096428
GraphColouring,0062-wgc-n60-d30-p21.asp,6577,1586,4.14691,17.196866,71.313865,0.241143,0.05815,0.014023,0.018397,0.795195,0.0,0.963205,1165,0.186255,0.795347,0.795347,EOCLINGO-L,0.601803
GraphColouring,0062-wgc-n60-d30-p28.asp,6577,1586,4.14691,17.196866,71.313865,0.241143,0.05815,0.014023,0.018397,0.795195,0.0,0.963205,1165,0.186255,0.795347,0.795347,EOCLINGO-L,0.60233
GraphColouring,0062-wgc-n60-d30-p41.asp,6577,1586,4.14691,17.196866,71.313865,0.241143,0.05815,0.014023,0.018397,0.795195,0.0,0.963205,1165,0.186255,0.795347,0.795347,EOCLINGO-L,0.600788
GraphColouring,0062-wgc-n60-d30-p48.asp,6577,1586,4.14691,17.196866,71.313865,0.241143,0.05815,0.014023,0.018397,0.795195,0.0,0.963205,1165,0.186255,0.795347,0.795347,EOCLINGO-L,0.600248
GraphColouring,0062-wgc-n60-d30-p61.asp,6577,1586,4.14691,17.196866,71.313865,0.241143,0.05815,0.014023,0.018397,0.795195,0.0,0.963205,1165,0.186255,0.795347,0.795347,AMOCLINGO-L,0.598349
GraphColouring,0062-wgc-n60-d30-p71.asp,6577,1586,4.14691,17.196866,71.313865,0.241143,0.05815,0.014023,0.018397,0.795195,0.0,0.963205,1165,0.186255,0.795347,0.795347,EOCLINGO-L,0.59535
GraphColouring,0062-wgc-n60-d30-p78.asp,6577,1586,4.14691,17.196866,71.313865,0.241143,0.05815,0.014023,0.018397,0.795195,0.0,0.963205,1165,0.186255,0.795347,0.795347,CLINGO-AMO,0.390013
GraphColouring,0062-wgc-n60-d30-p90.asp,6577,1586,4.14691,17.196866,71.313865,0.241143,0.05815,0.014023,0.018397,0.795195,0.0,0.963205,1165,0.186255,0.795347,0.795347,AMOCLINGO-L,0.596744
GraphColouring,0063-wgc-n60-d30-p11.asp,6985,1654,4.223096,17.834536,75.316948,0.236793,0.056071,0.013277,0.017323,0.797423,0.0,0.965354,1233,0.185111,0.797566,0.797566,CLINGO-AMO,0.096967
GraphColouring,0063-wgc-n60-d30-p18.asp,6985,1654,4.223096,17.834536,75.316948,0.236793,0.056071,0.013277,0.017323,0.797423,0.0,0.965354,1233,0.185111,0.797566,0.797566,WASP-AMO,0.420793
GraphColouring,0063-wgc-n60-d30-p30.asp,6985,1654,4.223096,17.834536,75.316948,0.236793,0.056071,0.013277,0.017323,0.797423,0.0,0.965354,1233,0.185111,0.797566,0.797566,EOCLINGO-L,0.607795
GraphColouring,0063-wgc-n60-d30-p40.asp,6985,1654,4.223096,17.834536,75.316948,0.236793,0.056071,0.013277,0.017323,0.797423,0.0,0.965354,1233,0.185111,0.797566,0.797566,EOCLINGO-L,0.610397
GraphColouring,0063-wgc-n60-d30-p51.asp,6985,1654,4.223096,17.834536,75.316948,0.236793,0.056071,0.013277,0.017323,0.797423,0.0,0.965354,1233,0.185111,0.797566,0.797566,EOCLINGO-L,0.610394
GraphColouring,0063-wgc-n60-d30-p58.asp,6985,1654,4.223096,17.834536,75.316948,0.236793,0.056071,0.013277,0.017323,0.797423,0.0,0.965354,1233,0.185111,0.797566,0.797566,AMOCLINGO-L,0.610599
GraphColouring,0063-wgc-n60-d30-p69.asp,6985,1654,4.223096,17.834536,75.316948,0.236793,0.056071,0.013277,0.017323,0.797423,0.0,0.965354,1233,0.185111,0.797566,0.797566,AMOCLINGO-L,0.606677
GraphColouring,0063-wgc-n60-d30-p79.asp,6985,1654,4.223096,17.834536,75.316948,0.236793,0.056071,0.013277,0.017323,0.797423,0.0,0.965354,1233,0.185111,0.797566,0.797566,EOCLINGO-L,0.607903
GraphColouring,0063-wgc-n60-d30-p91.asp,6985,1654,4.223096,17.834536,75.316948,0.236793,0.056071,0.013277,0.017323,0.797423,0.0,0.965354,1233,0.185111,0.797566,0.797566,AMOCLINGO-L,0.608231
GraphColouring,0064-wgc-n60-d30-p11.asp,7021,1660,4.229518,17.888823,75.661101,0.236434,0.055901,0.013217,0.017234,0.797607,0.0,0.965532,1239,0.185016,0.79775,0.79775,CLINGO-AMO,0.0952099999999999
GraphColouring,0064-wgc-n60-d30-p18.asp,7021,1660,4.229518,17.888823,75.661101,0.236434,0.055901,0.013217,0.017234,0.797607,0.0,0.965532,1239,0.185016,0.79775,0.79775,WASP-AMO,0.134701
GraphColouring,0064-wgc-n60-d30-p31.asp,7021,1660,4.229518,17.888823,75.661101,0.236434,0.055901,0.013217,0.017234,0.797607,0.0,0.965532,1239,0.185016,0.79775,0.79775,EOCLINGO-INF-MR,0.607713
GraphColouring,0064-wgc-n60-d30-p38.asp,7021,1660,4.229518,17.888823,75.661101,0.236434,0.055901,0.013217,0.017234,0.797607,0.0,0.965532,1239,0.185016,0.79775,0.79775,EOCLINGO-INF-MR,0.610496
GraphColouring,0064-wgc-n60-d30-p50.asp,7021,1660,4.229518,17.888823,75.661101,0.236434,0.055901,0.013217,0.017234,0.797607,0.0,0.965532,1239,0.185016,0.79775,0.79775,AMOCLINGO-L,0.621325
GraphColouring,0064-wgc-n60-d30-p58.asp,7021,1660,4.229518,17.888823,75.661101,0.236434,0.055901,0.013217,0.017234,0.797607,0.0,0.965532,1239,0.185016,0.79775,0.79775,AMOCLINGO-L,0.61406
GraphColouring,0064-wgc-n60-d30-p71.asp,7021,1660,4.229518,17.888823,75.661101,0.236434,0.055901,0.013217,0.017234,0.797607,0.0,0.965532,1239,0.185016,0.79775,0.79775,CLINGO-AMO,0.127373
GraphColouring,0064-wgc-n60-d30-p79.asp,7021,1660,4.229518,17.888823,75.661101,0.236434,0.055901,0.013217,0.017234,0.797607,0.0,0.965532,1239,0.185016,0.79775,0.79775,AMOCLINGO-L,0.609362
GraphColouring,0064-wgc-n60-d30-p91.asp,7021,1660,4.229518,17.888823,75.661101,0.236434,0.055901,0.013217,0.017234,0.797607,0.0,0.965532,1239,0.185016,0.79775,0.79775,CLINGO-AMO,0.101758
GraphColouring,0065-wgc-n60-d30-p19.asp,6745,1614,4.179058,17.464528,72.985279,0.239288,0.057259,0.013701,0.017939,0.796145,0.0,0.964122,1193,0.185767,0.796294,0.796294,WASP-AMO,0.288344
GraphColouring,0065-wgc-n60-d30-p30.asp,6745,1614,4.179058,17.464528,72.985279,0.239288,0.057259,0.013701,0.017939,0.796145,0.0,0.964122,1193,0.185767,0.796294,0.796294,EOCLINGO-L,0.600906
GraphColouring,0065-wgc-n60-d30-p41.asp,6745,1614,4.179058,17.464528,72.985279,0.239288,0.057259,0.013701,0.017939,0.796145,0.0,0.964122,1193,0.185767,0.796294,0.796294,EOCLINGO-L,0.604644
GraphColouring,0065-wgc-n60-d30-p49.asp,6745,1614,4.179058,17.464528,72.985279,0.239288,0.057259,0.013701,0.017939,0.796145,0.0,0.964122,1193,0.185767,0.796294,0.796294,EOCLINGO-L,0.602323
GraphColouring,0065-wgc-n60-d30-p60.asp,6745,1614,4.179058,17.464528,72.985279,0.239288,0.057259,0.013701,0.017939,0.796145,0.0,0.964122,1193,0.185767,0.796294,0.796294,EOCLINGO-L,0.605221
GraphColouring,0065-wgc-n60-d30-p69.asp,6745,1614,4.179058,17.464528,72.985279,0.239288,0.057259,0.013701,0.017939,0.796145,0.0,0.964122,1193,0.185767,0.796294,0.796294,EOCLINGO-L,0.608197
GraphColouring,0065-wgc-n60-d30-p78.asp,6745,1614,4.179058,17.464528,72.985279,0.239288,0.057259,0.013701,0.017939,0.796145,0.0,0.964122,1193,0.185767,0.796294,0.796294,CLINGO-AMO,0.446127
GraphColouring,0065-wgc-n60-d30-p88.asp,6745,1614,4.179058,17.464528,72.985279,0.239288,0.057259,0.013701,0.017939,0.796145,0.0,0.964122,1193,0.185767,0.796294,0.796294,AMOCLINGO-L,0.599853
GraphColouring,0065-wgc-n60-d30-p9.asp,6745,1614,4.179058,17.464528,72.985279,0.239288,0.057259,0.013701,0.017939,0.796145,0.0,0.964122,1193,0.185767,0.796294,0.796294,CLINGO-AMO,0.095445
GraphColouring,0066-wgc-n60-d30-p10.asp,6949,1648,4.216626,17.779937,74.971347,0.237156,0.056243,0.013338,0.017413,0.797237,0.0,0.965175,1227,0.185207,0.797381,0.797381,CLINGO-AMO,0.096935
GraphColouring,0066-wgc-n60-d30-p20.asp,6949,1648,4.216626,17.779937,74.971347,0.237156,0.056243,0.013338,0.017413,0.797237,0.0,0.965175,1227,0.185207,0.797381,0.797381,WASP-AMO,0.309242
GraphColouring,0066-wgc-n60-d30-p28.asp,6949,1648,4.216626,17.779937,74.971347,0.237156,0.056243,0.013338,0.017413,0.797237,0.0,0.965175,1227,0.185207,0.797381,0.797381,EOCLINGO-L,0.6158119999999999
GraphColouring,0066-wgc-n60-d30-p40.asp,6949,1648,4.216626,17.779937,74.971347,0.237156,0.056243,0.013338,0.017413,0.797237,0.0,0.965175,1227,0.185207,0.797381,0.797381,EOCLINGO-INF-MR,0.607175
GraphColouring,0066-wgc-n60-d30-p49.asp,6949,1648,4.216626,17.779937,74.971347,0.237156,0.056243,0.013338,0.017413,0.797237,0.0,0.965175,1227,0.185207,0.797381,0.797381,EOCLINGO-L,0.608709
GraphColouring,0066-wgc-n60-d30-p58.asp,6949,1648,4.216626,17.779937,74.971347,0.237156,0.056243,0.013338,0.017413,0.797237,0.0,0.965175,1227,0.185207,0.797381,0.797381,AMOCLINGO-L,0.606355
GraphColouring,0066-wgc-n60-d30-p70.asp,6949,1648,4.216626,17.779937,74.971347,0.237156,0.056243,0.013338,0.017413,0.797237,0.0,0.965175,1227,0.185207,0.797381,0.797381,CLINGO-AMO,0.136192
GraphColouring,0066-wgc-n60-d30-p78.asp,6949,1648,4.216626,17.779937,74.971347,0.237156,0.056243,0.013338,0.017413,0.797237,0.0,0.965175,1227,0.185207,0.797381,0.797381,CLINGO-AMO,0.322621
GraphColouring,0066-wgc-n60-d30-p91.asp,6949,1648,4.216626,17.779937,74.971347,0.237156,0.056243,0.013338,0.017413,0.797237,0.0,0.965175,1227,0.185207,0.797381,0.797381,EOCLINGO-L,0.601194
GraphColouring,0067-wgc-n60-d30-p18.asp,6913,1642,4.21011,17.725023,74.62429,0.237524,0.056417,0.0134,0.017503,0.797049,0.0,0.964993,1221,0.185303,0.797194,0.797194,WASP-AMO,0.108961
GraphColouring,0067-wgc-n60-d30-p29.asp,6913,1642,4.21011,17.725023,74.62429,0.237524,0.056417,0.0134,0.017503,0.797049,0.0,0.964993,1221,0.185303,0.797194,0.797194,EOCLINGO-INF-MR,0.605252
GraphColouring,0067-wgc-n60-d30-p41.asp,6913,1642,4.21011,17.725023,74.62429,0.237524,0.056417,0.0134,0.017503,0.797049,0.0,0.964993,1221,0.185303,0.797194,0.797194,EOCLINGO-INF-MR,0.608692
GraphColouring,0067-wgc-n60-d30-p51.asp,6913,1642,4.21011,17.725023,74.62429,0.237524,0.056417,0.0134,0.017503,0.797049,0.0,0.964993,1221,0.185303,0.797194,0.797194,EOCLINGO-L,0.61339
GraphColouring,0067-wgc-n60-d30-p61.asp,6913,1642,4.21011,17.725023,74.62429,0.237524,0.056417,0.0134,0.017503,0.797049,0.0,0.964993,1221,0.185303,0.797194,0.797194,EOCLINGO-L,0.607865
GraphColouring,0067-wgc-n60-d30-p71.asp,6913,1642,4.21011,17.725023,74.62429,0.237524,0.056417,0.0134,0.017503,0.797049,0.0,0.964993,1221,0.185303,0.797194,0.797194,AMOCLINGO-L,0.602597
GraphColouring,0067-wgc-n60-d30-p79.asp,6913,1642,4.21011,17.725023,74.62429,0.237524,0.056417,0.0134,0.017503,0.797049,0.0,0.964993,1221,0.185303,0.797194,0.797194,AMOCLINGO-L,0.602309
GraphColouring,0067-wgc-n60-d30-p9.asp,6913,1642,4.21011,17.725023,74.62429,0.237524,0.056417,0.0134,0.017503,0.797049,0.0,0.964993,1221,0.185303,0.797194,0.797194,CLINGO-AMO,0.095261
GraphColouring,0067-wgc-n60-d30-p90.asp,6913,1642,4.21011,17.725023,74.62429,0.237524,0.056417,0.0134,0.017503,0.797049,0.0,0.964993,1221,0.185303,0.797194,0.797194,EOCLINGO-L,0.601931
GraphColouring,0068-wgc-n60-d30-p18.asp,6673,1602,4.165418,17.350709,72.27296,0.240072,0.057635,0.013836,0.018133,0.795744,0.0,0.963734,1181,0.185973,0.795894,0.795894,WASP-AMO,0.286799
GraphColouring,0068-wgc-n60-d30-p28.asp,6673,1602,4.165418,17.350709,72.27296,0.240072,0.057635,0.013836,0.018133,0.795744,0.0,0.963734,1181,0.185973,0.795894,0.795894,EOCLINGO-L,0.606402
GraphColouring,0068-wgc-n60-d30-p39.asp,6673,1602,4.165418,17.350709,72.27296,0.240072,0.057635,0.013836,0.018133,0.795744,0.0,0.963734,1181,0.185973,0.795894,0.795894,EOCLINGO-INF-MR,0.601609
GraphColouring,0068-wgc-n60-d30-p51.asp,6673,1602,4.165418,17.350709,72.27296,0.240072,0.057635,0.013836,0.018133,0.795744,0.0,0.963734,1181,0.185973,0.795894,0.795894,EOCLINGO-INF-MR,0.610258
GraphColouring,0068-wgc-n60-d30-p59.asp,6673,1602,4.165418,17.350709,72.27296,0.240072,0.057635,0.013836,0.018133,0.795744,0.0,0.963734,1181,0.185973,0.795894,0.795894,EOCLINGO-L,0.604213
GraphColouring,0068-wgc-n60-d30-p69.asp,6673,1602,4.165418,17.350709,72.27296,0.240072,0.057635,0.013836,0.018133,0.795744,0.0,0.963734,1181,0.185973,0.795894,0.795894,AMOCLINGO-L,0.5992700000000001
GraphColouring,0068-wgc-n60-d30-p78.asp,6673,1602,4.165418,17.350709,72.27296,0.240072,0.057635,0.013836,0.018133,0.795744,0.0,0.963734,1181,0.185973,0.795894,0.795894,CLINGO-AMO,0.147525
GraphColouring,0068-wgc-n60-d30-p8.asp,6673,1602,4.165418,17.350709,72.27296,0.240072,0.057635,0.013836,0.018133,0.795744,0.0,0.963734,1181,0.185973,0.795894,0.795894,CLINGO-AMO,0.095216
GraphColouring,0068-wgc-n60-d30-p90.asp,6673,1602,4.165418,17.350709,72.27296,0.240072,0.057635,0.013836,0.018133,0.795744,0.0,0.963734,1181,0.185973,0.795894,0.795894,CLINGO-AMO,0.302218
GraphColouring,0069-wgc-n60-d30-p11.asp,6625,1594,4.156211,17.274088,71.794752,0.240604,0.05789,0.013929,0.018264,0.795472,0.0,0.963472,1173,0.186113,0.795623,0.795623,CLINGO-AMO,0.098912
GraphColouring,0069-wgc-n60-d30-p21.asp,6625,1594,4.156211,17.274088,71.794752,0.240604,0.05789,0.013929,0.018264,0.795472,0.0,0.963472,1173,0.186113,0.795623,0.795623,EOCLINGO-L,0.6166159999999999
GraphColouring,0069-wgc-n60-d30-p28.asp,6625,1594,4.156211,17.274088,71.794752,0.240604,0.05789,0.013929,0.018264,0.795472,0.0,0.963472,1173,0.186113,0.795623,0.795623,EOCLINGO-L,0.6115870000000001
GraphColouring,0069-wgc-n60-d30-p41.asp,6625,1594,4.156211,17.274088,71.794752,0.240604,0.05789,0.013929,0.018264,0.795472,0.0,0.963472,1173,0.186113,0.795623,0.795623,EOCLINGO-L,0.6059070000000001
GraphColouring,0069-wgc-n60-d30-p48.asp,6625,1594,4.156211,17.274088,71.794752,0.240604,0.05789,0.013929,0.018264,0.795472,0.0,0.963472,1173,0.186113,0.795623,0.795623,AMOCLINGO-L,0.6323749999999999
GraphColouring,0069-wgc-n60-d30-p59.asp,6625,1594,4.156211,17.274088,71.794752,0.240604,0.05789,0.013929,0.018264,0.795472,0.0,0.963472,1173,0.186113,0.795623,0.795623,AMOCLINGO-L,0.603759
GraphColouring,0069-wgc-n60-d30-p70.asp,6625,1594,4.156211,17.274088,71.794752,0.240604,0.05789,0.013929,0.018264,0.795472,0.0,0.963472,1173,0.186113,0.795623,0.795623,AMOCLINGO-L,0.596391
GraphColouring,0069-wgc-n60-d30-p81.asp,6625,1594,4.156211,17.274088,71.794752,0.240604,0.05789,0.013929,0.018264,0.795472,0.0,0.963472,1173,0.186113,0.795623,0.795623,EOCLINGO-L,0.5969570000000001
GraphColouring,0069-wgc-n60-d30-p91.asp,6625,1594,4.156211,17.274088,71.794752,0.240604,0.05789,0.013929,0.018264,0.795472,0.0,0.963472,1173,0.186113,0.795623,0.795623,CLINGO-AMO,0.1376109999999999
GraphColouring,0070-wgc-n60-d30-p10.asp,6421,1560,4.116026,16.941667,69.732336,0.242953,0.059026,0.014341,0.018844,0.794269,0.0,0.962311,1139,0.186731,0.794425,0.794425,CLINGO-AMO,0.094695
GraphColouring,0070-wgc-n60-d30-p20.asp,6421,1560,4.116026,16.941667,69.732336,0.242953,0.059026,0.014341,0.018844,0.794269,0.0,0.962311,1139,0.186731,0.794425,0.794425,EOCLINGO-L,0.598406
GraphColouring,0070-wgc-n60-d30-p29.asp,6421,1560,4.116026,16.941667,69.732336,0.242953,0.059026,0.014341,0.018844,0.794269,0.0,0.962311,1139,0.186731,0.794425,0.794425,EOCLINGO-INF-MR,0.600174
GraphColouring,0070-wgc-n60-d30-p38.asp,6421,1560,4.116026,16.941667,69.732336,0.242953,0.059026,0.014341,0.018844,0.794269,0.0,0.962311,1139,0.186731,0.794425,0.794425,EOCLINGO-L,0.598171
GraphColouring,0070-wgc-n60-d30-p51.asp,6421,1560,4.116026,16.941667,69.732336,0.242953,0.059026,0.014341,0.018844,0.794269,0.0,0.962311,1139,0.186731,0.794425,0.794425,AMOCLINGO-L,0.615784
GraphColouring,0070-wgc-n60-d30-p59.asp,6421,1560,4.116026,16.941667,69.732336,0.242953,0.059026,0.014341,0.018844,0.794269,0.0,0.962311,1139,0.186731,0.794425,0.794425,AMOCLINGO-L,0.6002379999999999
GraphColouring,0070-wgc-n60-d30-p68.asp,6421,1560,4.116026,16.941667,69.732336,0.242953,0.059026,0.014341,0.018844,0.794269,0.0,0.962311,1139,0.186731,0.794425,0.794425,AMOCLINGO-L,0.596577
GraphColouring,0070-wgc-n60-d30-p78.asp,6421,1560,4.116026,16.941667,69.732336,0.242953,0.059026,0.014341,0.018844,0.794269,0.0,0.962311,1139,0.186731,0.794425,0.794425,AMOCLINGO-L,0.5960840000000001
GraphColouring,0070-wgc-n60-d30-p88.asp,6421,1560,4.116026,16.941667,69.732336,0.242953,0.059026,0.014341,0.018844,0.794269,0.0,0.962311,1139,0.186731,0.794425,0.794425,CLINGO-AMO,0.180451
GraphColouring,0071-wgc-n60-d50-p10.asp,10993,2322,4.734281,22.413415,106.111398,0.211225,0.044616,0.009424,0.011007,0.810516,0.0,0.977986,1901,0.178386,0.810607,0.810607,CLINGO-AMO,0.116497
GraphColouring,0071-wgc-n60-d50-p21.asp,10993,2322,4.734281,22.413415,106.111398,0.211225,0.044616,0.009424,0.011007,0.810516,0.0,0.977986,1901,0.178386,0.810607,0.810607,EOCLINGO-L,0.6689430000000001
GraphColouring,0071-wgc-n60-d50-p30.asp,10993,2322,4.734281,22.413415,106.111398,0.211225,0.044616,0.009424,0.011007,0.810516,0.0,0.977986,1901,0.178386,0.810607,0.810607,EOCLINGO-INF-MR,0.664579
GraphColouring,0071-wgc-n60-d50-p39.asp,10993,2322,4.734281,22.413415,106.111398,0.211225,0.044616,0.009424,0.011007,0.810516,0.0,0.977986,1901,0.178386,0.810607,0.810607,EOCLINGO-L,0.664681
GraphColouring,0071-wgc-n60-d50-p49.asp,10993,2322,4.734281,22.413415,106.111398,0.211225,0.044616,0.009424,0.011007,0.810516,0.0,0.977986,1901,0.178386,0.810607,0.810607,EOCLINGO-L,0.662468
GraphColouring,0071-wgc-n60-d50-p60.asp,10993,2322,4.734281,22.413415,106.111398,0.211225,0.044616,0.009424,0.011007,0.810516,0.0,0.977986,1901,0.178386,0.810607,0.810607,CLINGO-AMO,0.218848
GraphColouring,0071-wgc-n60-d50-p71.asp,10993,2322,4.734281,22.413415,106.111398,0.211225,0.044616,0.009424,0.011007,0.810516,0.0,0.977986,1901,0.178386,0.810607,0.810607,AMOCLINGO-L,0.662219
GraphColouring,0071-wgc-n60-d50-p80.asp,10993,2322,4.734281,22.413415,106.111398,0.211225,0.044616,0.009424,0.011007,0.810516,0.0,0.977986,1901,0.178386,0.810607,0.810607,CLINGO-AMO,0.111396
GraphColouring,0071-wgc-n60-d50-p88.asp,10993,2322,4.734281,22.413415,106.111398,0.211225,0.044616,0.009424,0.011007,0.810516,0.0,0.977986,1901,0.178386,0.810607,0.810607,AMOCLINGO-L,0.659447
GraphColouring,0072-wgc-n60-d50-p11.asp,10981,2320,4.73319,22.403084,106.038047,0.211274,0.044637,0.009431,0.011019,0.810491,0.0,0.977962,1899,0.178399,0.810582,0.810582,WASP-AMO,0.128364
GraphColouring,0072-wgc-n60-d50-p21.asp,10981,2320,4.73319,22.403084,106.038047,0.211274,0.044637,0.009431,0.011019,0.810491,0.0,0.977962,1899,0.178399,0.810582,0.810582,EOCLINGO-INF-MR,0.663443
GraphColouring,0072-wgc-n60-d50-p29.asp,10981,2320,4.73319,22.403084,106.038047,0.211274,0.044637,0.009431,0.011019,0.810491,0.0,0.977962,1899,0.178399,0.810582,0.810582,EOCLINGO-L,0.664679
GraphColouring,0072-wgc-n60-d50-p40.asp,10981,2320,4.73319,22.403084,106.038047,0.211274,0.044637,0.009431,0.011019,0.810491,0.0,0.977962,1899,0.178399,0.810582,0.810582,EOCLINGO-L,0.6626070000000001
GraphColouring,0072-wgc-n60-d50-p49.asp,10981,2320,4.73319,22.403084,106.038047,0.211274,0.044637,0.009431,0.011019,0.810491,0.0,0.977962,1899,0.178399,0.810582,0.810582,EOCLINGO-L,0.66329
GraphColouring,0072-wgc-n60-d50-p58.asp,10981,2320,4.73319,22.403084,106.038047,0.211274,0.044637,0.009431,0.011019,0.810491,0.0,0.977962,1899,0.178399,0.810582,0.810582,CLINGO-AMO,0.232199
GraphColouring,0072-wgc-n60-d50-p68.asp,10981,2320,4.73319,22.403084,106.038047,0.211274,0.044637,0.009431,0.011019,0.810491,0.0,0.977962,1899,0.178399,0.810582,0.810582,AMOCLINGO-L,0.667303
GraphColouring,0072-wgc-n60-d50-p81.asp,10981,2320,4.73319,22.403084,106.038047,0.211274,0.044637,0.009431,0.011019,0.810491,0.0,0.977962,1899,0.178399,0.810582,0.810582,CLINGO-AMO,0.110387
GraphColouring,0072-wgc-n60-d50-p89.asp,10981,2320,4.73319,22.403084,106.038047,0.211274,0.044637,0.009431,0.011019,0.810491,0.0,0.977962,1899,0.178399,0.810582,0.810582,CLINGO-AMO,0.1073509999999999
GraphColouring,0073-wgc-n60-d50-p20.asp,11269,2368,4.758868,22.646827,107.773266,0.210134,0.044156,0.009279,0.010737,0.811075,0.0,0.978525,1947,0.178099,0.811163,0.811163,EOCLINGO-INF-MR,0.6645380000000001
GraphColouring,0073-wgc-n60-d50-p31.asp,11269,2368,4.758868,22.646827,107.773266,0.210134,0.044156,0.009279,0.010737,0.811075,0.0,0.978525,1947,0.178099,0.811163,0.811163,EOCLINGO-INF-MR,0.6665
GraphColouring,0073-wgc-n60-d50-p39.asp,11269,2368,4.758868,22.646827,107.773266,0.210134,0.044156,0.009279,0.010737,0.811075,0.0,0.978525,1947,0.178099,0.811163,0.811163,EOCLINGO-INF-MR,0.6650780000000001
GraphColouring,0073-wgc-n60-d50-p48.asp,11269,2368,4.758868,22.646827,107.773266,0.210134,0.044156,0.009279,0.010737,0.811075,0.0,0.978525,1947,0.178099,0.811163,0.811163,EOCLINGO-L,0.662303
GraphColouring,0073-wgc-n60-d50-p60.asp,11269,2368,4.758868,22.646827,107.773266,0.210134,0.044156,0.009279,0.010737,0.811075,0.0,0.978525,1947,0.178099,0.811163,0.811163,EOCLINGO-L,0.666528
GraphColouring,0073-wgc-n60-d50-p68.asp,11269,2368,4.758868,22.646827,107.773266,0.210134,0.044156,0.009279,0.010737,0.811075,0.0,0.978525,1947,0.178099,0.811163,0.811163,CLINGO-AMO,0.4935279999999999
GraphColouring,0073-wgc-n60-d50-p8.asp,11269,2368,4.758868,22.646827,107.773266,0.210134,0.044156,0.009279,0.010737,0.811075,0.0,0.978525,1947,0.178099,0.811163,0.811163,CLINGO-AMO,0.101536
GraphColouring,0073-wgc-n60-d50-p80.asp,11269,2368,4.758868,22.646827,107.773266,0.210134,0.044156,0.009279,0.010737,0.811075,0.0,0.978525,1947,0.178099,0.811163,0.811163,CLINGO-AMO,0.108825
GraphColouring,0073-wgc-n60-d50-p90.asp,11269,2368,4.758868,22.646827,107.773266,0.210134,0.044156,0.009279,0.010737,0.811075,0.0,0.978525,1947,0.178099,0.811163,0.811163,CLINGO-AMO,0.1074529999999999
GraphColouring,0074-wgc-n60-d50-p18.asp,11365,2384,4.767198,22.726177,108.340184,0.209767,0.044002,0.00923,0.010647,0.811263,0.0,0.978707,1963,0.178003,0.811351,0.811351,EOCLINGO-INF-MR,0.6679970000000001
GraphColouring,0074-wgc-n60-d50-p29.asp,11365,2384,4.767198,22.726177,108.340184,0.209767,0.044002,0.00923,0.010647,0.811263,0.0,0.978707,1963,0.178003,0.811351,0.811351,EOCLINGO-L,1.055746
GraphColouring,0074-wgc-n60-d50-p41.asp,11365,2384,4.767198,22.726177,108.340184,0.209767,0.044002,0.00923,0.010647,0.811263,0.0,0.978707,1963,0.178003,0.811351,0.811351,EOCLINGO-L,0.683172
GraphColouring,0074-wgc-n60-d50-p50.asp,11365,2384,4.767198,22.726177,108.340184,0.209767,0.044002,0.00923,0.010647,0.811263,0.0,0.978707,1963,0.178003,0.811351,0.811351,AMOCLINGO-L,0.6679679999999999
GraphColouring,0074-wgc-n60-d50-p59.asp,11365,2384,4.767198,22.726177,108.340184,0.209767,0.044002,0.00923,0.010647,0.811263,0.0,0.978707,1963,0.178003,0.811351,0.811351,EOCLINGO-L,0.671206
GraphColouring,0074-wgc-n60-d50-p71.asp,11365,2384,4.767198,22.726177,108.340184,0.209767,0.044002,0.00923,0.010647,0.811263,0.0,0.978707,1963,0.178003,0.811351,0.811351,EOCLINGO-L,0.66896
GraphColouring,0074-wgc-n60-d50-p78.asp,11365,2384,4.767198,22.726177,108.340184,0.209767,0.044002,0.00923,0.010647,0.811263,0.0,0.978707,1963,0.178003,0.811351,0.811351,AMOCLINGO-L,0.6760929999999999
GraphColouring,0074-wgc-n60-d50-p89.asp,11365,2384,4.767198,22.726177,108.340184,0.209767,0.044002,0.00923,0.010647,0.811263,0.0,0.978707,1963,0.178003,0.811351,0.811351,CLINGO-AMO,0.240316
GraphColouring,0074-wgc-n60-d50-p9.asp,11365,2384,4.767198,22.726177,108.340184,0.209767,0.044002,0.00923,0.010647,0.811263,0.0,0.978707,1963,0.178003,0.811351,0.811351,CLINGO-AMO,0.10201
GraphColouring,0075-wgc-n60-d50-p11.asp,10765,2284,4.713222,22.214466,104.701717,0.212169,0.045016,0.009551,0.01124,0.810033,0.0,0.97752,1863,0.178634,0.810125,0.810125,WASP-AMO,0.123447
GraphColouring,0075-wgc-n60-d50-p21.asp,10765,2284,4.713222,22.214466,104.701717,0.212169,0.045016,0.009551,0.01124,0.810033,0.0,0.97752,1863,0.178634,0.810125,0.810125,EOCLINGO-L,0.661969
GraphColouring,0075-wgc-n60-d50-p31.asp,10765,2284,4.713222,22.214466,104.701717,0.212169,0.045016,0.009551,0.01124,0.810033,0.0,0.97752,1863,0.178634,0.810125,0.810125,EOCLINGO-L,0.661418
GraphColouring,0075-wgc-n60-d50-p40.asp,10765,2284,4.713222,22.214466,104.701717,0.212169,0.045016,0.009551,0.01124,0.810033,0.0,0.97752,1863,0.178634,0.810125,0.810125,EOCLINGO-INF-MR,0.660702
GraphColouring,0075-wgc-n60-d50-p50.asp,10765,2284,4.713222,22.214466,104.701717,0.212169,0.045016,0.009551,0.01124,0.810033,0.0,0.97752,1863,0.178634,0.810125,0.810125,EOCLINGO-L,0.661829
GraphColouring,0075-wgc-n60-d50-p59.asp,10765,2284,4.713222,22.214466,104.701717,0.212169,0.045016,0.009551,0.01124,0.810033,0.0,0.97752,1863,0.178634,0.810125,0.810125,CLINGO-AMO,0.311439
GraphColouring,0075-wgc-n60-d50-p70.asp,10765,2284,4.713222,22.214466,104.701717,0.212169,0.045016,0.009551,0.01124,0.810033,0.0,0.97752,1863,0.178634,0.810125,0.810125,AMOCLINGO-L,0.657623
GraphColouring,0075-wgc-n60-d50-p80.asp,10765,2284,4.713222,22.214466,104.701717,0.212169,0.045016,0.009551,0.01124,0.810033,0.0,0.97752,1863,0.178634,0.810125,0.810125,EOCLINGO-L,0.658485
GraphColouring,0075-wgc-n60-d50-p91.asp,10765,2284,4.713222,22.214466,104.701717,0.212169,0.045016,0.009551,0.01124,0.810033,0.0,0.97752,1863,0.178634,0.810125,0.810125,CLINGO-AMO,0.420872
GraphColouring,0076-wgc-n60-d50-p11.asp,10897,2306,4.725499,22.330338,105.521983,0.211618,0.044782,0.009477,0.011104,0.810315,0.0,0.977792,1885,0.178489,0.810407,0.810407,CLINGO-AMO,0.104516
GraphColouring,0076-wgc-n60-d50-p18.asp,10897,2306,4.725499,22.330338,105.521983,0.211618,0.044782,0.009477,0.011104,0.810315,0.0,0.977792,1885,0.178489,0.810407,0.810407,EOCLINGO-INF-MR,0.66216
GraphColouring,0076-wgc-n60-d50-p31.asp,10897,2306,4.725499,22.330338,105.521983,0.211618,0.044782,0.009477,0.011104,0.810315,0.0,0.977792,1885,0.178489,0.810407,0.810407,EOCLINGO-INF-MR,0.667299
GraphColouring,0076-wgc-n60-d50-p40.asp,10897,2306,4.725499,22.330338,105.521983,0.211618,0.044782,0.009477,0.011104,0.810315,0.0,0.977792,1885,0.178489,0.810407,0.810407,EOCLINGO-L,0.660097
GraphColouring,0076-wgc-n60-d50-p48.asp,10897,2306,4.725499,22.330338,105.521983,0.211618,0.044782,0.009477,0.011104,0.810315,0.0,0.977792,1885,0.178489,0.810407,0.810407,EOCLINGO-L,0.662503
GraphColouring,0076-wgc-n60-d50-p61.asp,10897,2306,4.725499,22.330338,105.521983,0.211618,0.044782,0.009477,0.011104,0.810315,0.0,0.977792,1885,0.178489,0.810407,0.810407,CLINGO-AMO,0.433363
GraphColouring,0076-wgc-n60-d50-p71.asp,10897,2306,4.725499,22.330338,105.521983,0.211618,0.044782,0.009477,0.011104,0.810315,0.0,0.977792,1885,0.178489,0.810407,0.810407,EOCLINGO-L,0.664866
GraphColouring,0076-wgc-n60-d50-p79.asp,10897,2306,4.725499,22.330338,105.521983,0.211618,0.044782,0.009477,0.011104,0.810315,0.0,0.977792,1885,0.178489,0.810407,0.810407,CLINGO-AMO,0.445149
GraphColouring,0076-wgc-n60-d50-p91.asp,10897,2306,4.725499,22.330338,105.521983,0.211618,0.044782,0.009477,0.011104,0.810315,0.0,0.977792,1885,0.178489,0.810407,0.810407,AMOCLINGO-INF-MR,0.6620820000000001
GraphColouring,0077-wgc-n60-d50-p10.asp,11245,2364,4.756768,22.626844,107.63065,0.210227,0.044195,0.009291,0.01076,0.811027,0.0,0.978479,1943,0.178124,0.811116,0.811116,CLINGO-AMO,0.102044
GraphColouring,0077-wgc-n60-d50-p20.asp,11245,2364,4.756768,22.626844,107.63065,0.210227,0.044195,0.009291,0.01076,0.811027,0.0,0.978479,1943,0.178124,0.811116,0.811116,EOCLINGO-L,0.667678
GraphColouring,0077-wgc-n60-d50-p31.asp,11245,2364,4.756768,22.626844,107.63065,0.210227,0.044195,0.009291,0.01076,0.811027,0.0,0.978479,1943,0.178124,0.811116,0.811116,EOCLINGO-INF-MR,0.66989
GraphColouring,0077-wgc-n60-d50-p39.asp,11245,2364,4.756768,22.626844,107.63065,0.210227,0.044195,0.009291,0.01076,0.811027,0.0,0.978479,1943,0.178124,0.811116,0.811116,EOCLINGO-INF-MR,0.6679390000000001
GraphColouring,0077-wgc-n60-d50-p49.asp,11245,2364,4.756768,22.626844,107.63065,0.210227,0.044195,0.009291,0.01076,0.811027,0.0,0.978479,1943,0.178124,0.811116,0.811116,AMOCLINGO-L,0.676845
GraphColouring,0077-wgc-n60-d50-p61.asp,11245,2364,4.756768,22.626844,107.63065,0.210227,0.044195,0.009291,0.01076,0.811027,0.0,0.978479,1943,0.178124,0.811116,0.811116,CLINGO-AMO,0.371415
GraphColouring,0077-wgc-n60-d50-p69.asp,11245,2364,4.756768,22.626844,107.63065,0.210227,0.044195,0.009291,0.01076,0.811027,0.0,0.978479,1943,0.178124,0.811116,0.811116,EOCLINGO-L,0.6687639999999999
GraphColouring,0077-wgc-n60-d50-p81.asp,11245,2364,4.756768,22.626844,107.63065,0.210227,0.044195,0.009291,0.01076,0.811027,0.0,0.978479,1943,0.178124,0.811116,0.811116,EOCLINGO-L,0.669441
GraphColouring,0077-wgc-n60-d50-p90.asp,11245,2364,4.756768,22.626844,107.63065,0.210227,0.044195,0.009291,0.01076,0.811027,0.0,0.978479,1943,0.178124,0.811116,0.811116,CLINGO-AMO,0.190005
GraphColouring,0078-wgc-n60-d50-p11.asp,11485,2404,4.777454,22.824069,109.040945,0.209316,0.043813,0.009171,0.010535,0.811493,0.0,0.978929,1983,0.177884,0.81158,0.81158,WASP-AMO,0.12821
GraphColouring,0078-wgc-n60-d50-p21.asp,11485,2404,4.777454,22.824069,109.040945,0.209316,0.043813,0.009171,0.010535,0.811493,0.0,0.978929,1983,0.177884,0.81158,0.81158,EOCLINGO-L,0.669207
GraphColouring,0078-wgc-n60-d50-p29.asp,11485,2404,4.777454,22.824069,109.040945,0.209316,0.043813,0.009171,0.010535,0.811493,0.0,0.978929,1983,0.177884,0.81158,0.81158,EOCLINGO-INF-MR,0.67428
GraphColouring,0078-wgc-n60-d50-p40.asp,11485,2404,4.777454,22.824069,109.040945,0.209316,0.043813,0.009171,0.010535,0.811493,0.0,0.978929,1983,0.177884,0.81158,0.81158,EOCLINGO-L,0.6658729999999999
GraphColouring,0078-wgc-n60-d50-p50.asp,11485,2404,4.777454,22.824069,109.040945,0.209316,0.043813,0.009171,0.010535,0.811493,0.0,0.978929,1983,0.177884,0.81158,0.81158,EOCLINGO-L,0.670672
GraphColouring,0078-wgc-n60-d50-p60.asp,11485,2404,4.777454,22.824069,109.040945,0.209316,0.043813,0.009171,0.010535,0.811493,0.0,0.978929,1983,0.177884,0.81158,0.81158,AMOCLINGO-L,0.674249
GraphColouring,0078-wgc-n60-d50-p69.asp,11485,2404,4.777454,22.824069,109.040945,0.209316,0.043813,0.009171,0.010535,0.811493,0.0,0.978929,1983,0.177884,0.81158,0.81158,EOCLINGO-L,0.6679499999999999
GraphColouring,0078-wgc-n60-d50-p79.asp,11485,2404,4.777454,22.824069,109.040945,0.209316,0.043813,0.009171,0.010535,0.811493,0.0,0.978929,1983,0.177884,0.81158,0.81158,CLINGO-AMO,0.110722
GraphColouring,0078-wgc-n60-d50-p90.asp,11485,2404,4.777454,22.824069,109.040945,0.209316,0.043813,0.009171,0.010535,0.811493,0.0,0.978929,1983,0.177884,0.81158,0.81158,CLINGO-AMO,0.109222
GraphColouring,0079-wgc-n60-d50-p10.asp,11509,2408,4.779485,22.843477,109.180058,0.209228,0.043776,0.009159,0.010514,0.811539,0.0,0.978973,1987,0.177861,0.811626,0.811626,CLINGO-AMO,0.121036
GraphColouring,0079-wgc-n60-d50-p20.asp,11509,2408,4.779485,22.843477,109.180058,0.209228,0.043776,0.009159,0.010514,0.811539,0.0,0.978973,1987,0.177861,0.811626,0.811626,EOCLINGO-INF-MR,0.6731269999999999
GraphColouring,0079-wgc-n60-d50-p30.asp,11509,2408,4.779485,22.843477,109.180058,0.209228,0.043776,0.009159,0.010514,0.811539,0.0,0.978973,1987,0.177861,0.811626,0.811626,EOCLINGO-INF-MR,0.672214
GraphColouring,0079-wgc-n60-d50-p39.asp,11509,2408,4.779485,22.843477,109.180058,0.209228,0.043776,0.009159,0.010514,0.811539,0.0,0.978973,1987,0.177861,0.811626,0.811626,EOCLINGO-L,0.674035
GraphColouring,0079-wgc-n60-d50-p48.asp,11509,2408,4.779485,22.843477,109.180058,0.209228,0.043776,0.009159,0.010514,0.811539,0.0,0.978973,1987,0.177861,0.811626,0.811626,EOCLINGO-L,0.671146
GraphColouring,0079-wgc-n60-d50-p61.asp,11509,2408,4.779485,22.843477,109.180058,0.209228,0.043776,0.009159,0.010514,0.811539,0.0,0.978973,1987,0.177861,0.811626,0.811626,EOCLINGO-L,0.668309
GraphColouring,0079-wgc-n60-d50-p70.asp,11509,2408,4.779485,22.843477,109.180058,0.209228,0.043776,0.009159,0.010514,0.811539,0.0,0.978973,1987,0.177861,0.811626,0.811626,CLINGO-AMO,0.21643
GraphColouring,0079-wgc-n60-d50-p78.asp,11509,2408,4.779485,22.843477,109.180058,0.209228,0.043776,0.009159,0.010514,0.811539,0.0,0.978973,1987,0.177861,0.811626,0.811626,AMOCLINGO-L,0.67638
GraphColouring,0079-wgc-n60-d50-p89.asp,11509,2408,4.779485,22.843477,109.180058,0.209228,0.043776,0.009159,0.010514,0.811539,0.0,0.978973,1987,0.177861,0.811626,0.811626,EOCLINGO-L,0.6689799999999999
GraphColouring,0080-wgc-n60-d50-p18.asp,10897,2306,4.725499,22.330338,105.521983,0.211618,0.044782,0.009477,0.011104,0.810315,0.0,0.977792,1885,0.178489,0.810407,0.810407,EOCLINGO-L,0.658966
GraphColouring,0080-wgc-n60-d50-p30.asp,10897,2306,4.725499,22.330338,105.521983,0.211618,0.044782,0.009477,0.011104,0.810315,0.0,0.977792,1885,0.178489,0.810407,0.810407,EOCLINGO-L,0.666312
GraphColouring,0080-wgc-n60-d50-p38.asp,10897,2306,4.725499,22.330338,105.521983,0.211618,0.044782,0.009477,0.011104,0.810315,0.0,0.977792,1885,0.178489,0.810407,0.810407,EOCLINGO-INF-MR,0.6619360000000001
GraphColouring,0080-wgc-n60-d50-p51.asp,10897,2306,4.725499,22.330338,105.521983,0.211618,0.044782,0.009477,0.011104,0.810315,0.0,0.977792,1885,0.178489,0.810407,0.810407,EOCLINGO-L,0.662982
GraphColouring,0080-wgc-n60-d50-p61.asp,10897,2306,4.725499,22.330338,105.521983,0.211618,0.044782,0.009477,0.011104,0.810315,0.0,0.977792,1885,0.178489,0.810407,0.810407,AMOCLINGO-L,0.657663
GraphColouring,0080-wgc-n60-d50-p69.asp,10897,2306,4.725499,22.330338,105.521983,0.211618,0.044782,0.009477,0.011104,0.810315,0.0,0.977792,1885,0.178489,0.810407,0.810407,CLINGO-AMO,0.27155
GraphColouring,0080-wgc-n60-d50-p78.asp,10897,2306,4.725499,22.330338,105.521983,0.211618,0.044782,0.009477,0.011104,0.810315,0.0,0.977792,1885,0.178489,0.810407,0.810407,AMOCLINGO-L,0.65708
GraphColouring,0080-wgc-n60-d50-p8.asp,10897,2306,4.725499,22.330338,105.521983,0.211618,0.044782,0.009477,0.011104,0.810315,0.0,0.977792,1885,0.178489,0.810407,0.810407,CLINGO-AMO,0.1041609999999999
GraphColouring,0080-wgc-n60-d50-p90.asp,10897,2306,4.725499,22.330338,105.521983,0.211618,0.044782,0.009477,0.011104,0.810315,0.0,0.977792,1885,0.178489,0.810407,0.810407,CLINGO-AMO,0.107026
GraphColouring,0081-wgc-n60-d70-p11.asp,14929,2978,5.013096,25.131132,125.984778,0.199478,0.039791,0.007937,0.008105,0.816532,0.0,0.98379,2557,0.175296,0.816599,0.816599,WASP-AMO,0.137137
GraphColouring,0081-wgc-n60-d70-p20.asp,14929,2978,5.013096,25.131132,125.984778,0.199478,0.039791,0.007937,0.008105,0.816532,0.0,0.98379,2557,0.175296,0.816599,0.816599,EOCLINGO-L,0.722801
GraphColouring,0081-wgc-n60-d70-p31.asp,14929,2978,5.013096,25.131132,125.984778,0.199478,0.039791,0.007937,0.008105,0.816532,0.0,0.98379,2557,0.175296,0.816599,0.816599,EOCLINGO-L,0.730248
GraphColouring,0081-wgc-n60-d70-p40.asp,14929,2978,5.013096,25.131132,125.984778,0.199478,0.039791,0.007937,0.008105,0.816532,0.0,0.98379,2557,0.175296,0.816599,0.816599,CLINGO-AMO,0.467392
GraphColouring,0081-wgc-n60-d70-p48.asp,14929,2978,5.013096,25.131132,125.984778,0.199478,0.039791,0.007937,0.008105,0.816532,0.0,0.98379,2557,0.175296,0.816599,0.816599,AMOCLINGO-L,0.719393
GraphColouring,0081-wgc-n60-d70-p60.asp,14929,2978,5.013096,25.131132,125.984778,0.199478,0.039791,0.007937,0.008105,0.816532,0.0,0.98379,2557,0.175296,0.816599,0.816599,CLINGO-AMO,0.2528809999999999
GraphColouring,0081-wgc-n60-d70-p69.asp,14929,2978,5.013096,25.131132,125.984778,0.199478,0.039791,0.007937,0.008105,0.816532,0.0,0.98379,2557,0.175296,0.816599,0.816599,CLINGO-AMO,0.225542
GraphColouring,0081-wgc-n60-d70-p79.asp,14929,2978,5.013096,25.131132,125.984778,0.199478,0.039791,0.007937,0.008105,0.816532,0.0,0.98379,2557,0.175296,0.816599,0.816599,EOCLINGO-L,0.725476
GraphColouring,0081-wgc-n60-d70-p89.asp,14929,2978,5.013096,25.131132,125.984778,0.199478,0.039791,0.007937,0.008105,0.816532,0.0,0.98379,2557,0.175296,0.816599,0.816599,CLINGO-AMO,0.1084479999999999
GraphColouring,0082-wgc-n60-d70-p11.asp,15421,3060,5.039542,25.396988,127.989202,0.198431,0.039375,0.007813,0.007846,0.817068,0.0,0.984307,2639,0.175021,0.817132,0.817132,WASP-AMO,0.2700909999999999
GraphColouring,0082-wgc-n60-d70-p18.asp,15421,3060,5.039542,25.396988,127.989202,0.198431,0.039375,0.007813,0.007846,0.817068,0.0,0.984307,2639,0.175021,0.817132,0.817132,EOCLINGO-L,0.731433
GraphColouring,0082-wgc-n60-d70-p30.asp,15421,3060,5.039542,25.396988,127.989202,0.198431,0.039375,0.007813,0.007846,0.817068,0.0,0.984307,2639,0.175021,0.817132,0.817132,EOCLINGO-L,0.7314689999999999
GraphColouring,0082-wgc-n60-d70-p41.asp,15421,3060,5.039542,25.396988,127.989202,0.198431,0.039375,0.007813,0.007846,0.817068,0.0,0.984307,2639,0.175021,0.817132,0.817132,EOCLINGO-INF-MR,0.732403
GraphColouring,0082-wgc-n60-d70-p48.asp,15421,3060,5.039542,25.396988,127.989202,0.198431,0.039375,0.007813,0.007846,0.817068,0.0,0.984307,2639,0.175021,0.817132,0.817132,CLINGO-AMO,0.36173
GraphColouring,0082-wgc-n60-d70-p59.asp,15421,3060,5.039542,25.396988,127.989202,0.198431,0.039375,0.007813,0.007846,0.817068,0.0,0.984307,2639,0.175021,0.817132,0.817132,CLINGO-AMO,0.257607
GraphColouring,0082-wgc-n60-d70-p69.asp,15421,3060,5.039542,25.396988,127.989202,0.198431,0.039375,0.007813,0.007846,0.817068,0.0,0.984307,2639,0.175021,0.817132,0.817132,CLINGO-AMO,0.115354
GraphColouring,0082-wgc-n60-d70-p81.asp,15421,3060,5.039542,25.396988,127.989202,0.198431,0.039375,0.007813,0.007846,0.817068,0.0,0.984307,2639,0.175021,0.817132,0.817132,AMOCLINGO-L,0.730605
GraphColouring,0082-wgc-n60-d70-p90.asp,15421,3060,5.039542,25.396988,127.989202,0.198431,0.039375,0.007813,0.007846,0.817068,0.0,0.984307,2639,0.175021,0.817132,0.817132,CLINGO-AMO,0.109056
GraphColouring,0083-wgc-n60-d70-p18.asp,15025,2994,5.01837,25.184038,126.382824,0.199268,0.039708,0.007912,0.008053,0.816639,0.0,0.983894,2573,0.175241,0.816705,0.816705,EOCLINGO-INF-MR,0.725783
GraphColouring,0083-wgc-n60-d70-p31.asp,15025,2994,5.01837,25.184038,126.382824,0.199268,0.039708,0.007912,0.008053,0.816639,0.0,0.983894,2573,0.175241,0.816705,0.816705,EOCLINGO-L,0.733155
GraphColouring,0083-wgc-n60-d70-p38.asp,15025,2994,5.01837,25.184038,126.382824,0.199268,0.039708,0.007912,0.008053,0.816639,0.0,0.983894,2573,0.175241,0.816705,0.816705,EOCLINGO-L,0.723472
GraphColouring,0083-wgc-n60-d70-p50.asp,15025,2994,5.01837,25.184038,126.382824,0.199268,0.039708,0.007912,0.008053,0.816639,0.0,0.983894,2573,0.175241,0.816705,0.816705,CLINGO-AMO,0.1794909999999999
GraphColouring,0083-wgc-n60-d70-p60.asp,15025,2994,5.01837,25.184038,126.382824,0.199268,0.039708,0.007912,0.008053,0.816639,0.0,0.983894,2573,0.175241,0.816705,0.816705,CLINGO-AMO,0.162179
GraphColouring,0083-wgc-n60-d70-p71.asp,15025,2994,5.01837,25.184038,126.382824,0.199268,0.039708,0.007912,0.008053,0.816639,0.0,0.983894,2573,0.175241,0.816705,0.816705,CLINGO-AMO,0.119493
GraphColouring,0083-wgc-n60-d70-p8.asp,15025,2994,5.01837,25.184038,126.382824,0.199268,0.039708,0.007912,0.008053,0.816639,0.0,0.983894,2573,0.175241,0.816705,0.816705,CLINGO-AMO,0.111654
GraphColouring,0083-wgc-n60-d70-p81.asp,15025,2994,5.01837,25.184038,126.382824,0.199268,0.039708,0.007912,0.008053,0.816639,0.0,0.983894,2573,0.175241,0.816705,0.816705,EOCLINGO-L,0.724475
GraphColouring,0083-wgc-n60-d70-p88.asp,15025,2994,5.01837,25.184038,126.382824,0.199268,0.039708,0.007912,0.008053,0.816639,0.0,0.983894,2573,0.175241,0.816705,0.816705,AMOCLINGO-L,0.7216929999999999
GraphColouring,0084-wgc-n60-d70-p19.asp,15337,3046,5.035128,25.352514,127.653156,0.198605,0.039444,0.007834,0.007889,0.816979,0.0,0.984221,2625,0.175067,0.817044,0.817044,EOCLINGO-L,0.7280880000000001
GraphColouring,0084-wgc-n60-d70-p31.asp,15337,3046,5.035128,25.352514,127.653156,0.198605,0.039444,0.007834,0.007889,0.816979,0.0,0.984221,2625,0.175067,0.817044,0.817044,EOCLINGO-L,0.732243
GraphColouring,0084-wgc-n60-d70-p41.asp,15337,3046,5.035128,25.352514,127.653156,0.198605,0.039444,0.007834,0.007889,0.816979,0.0,0.984221,2625,0.175067,0.817044,0.817044,EOCLINGO-L,0.7350690000000001
GraphColouring,0084-wgc-n60-d70-p51.asp,15337,3046,5.035128,25.352514,127.653156,0.198605,0.039444,0.007834,0.007889,0.816979,0.0,0.984221,2625,0.175067,0.817044,0.817044,CLINGO-AMO,0.186651
GraphColouring,0084-wgc-n60-d70-p61.asp,15337,3046,5.035128,25.352514,127.653156,0.198605,0.039444,0.007834,0.007889,0.816979,0.0,0.984221,2625,0.175067,0.817044,0.817044,AMOCLINGO-L,0.729985
GraphColouring,0084-wgc-n60-d70-p68.asp,15337,3046,5.035128,25.352514,127.653156,0.198605,0.039444,0.007834,0.007889,0.816979,0.0,0.984221,2625,0.175067,0.817044,0.817044,AMOCLINGO-L,0.7256170000000001
GraphColouring,0084-wgc-n60-d70-p81.asp,15337,3046,5.035128,25.352514,127.653156,0.198605,0.039444,0.007834,0.007889,0.816979,0.0,0.984221,2625,0.175067,0.817044,0.817044,CLINGO-AMO,0.108094
GraphColouring,0084-wgc-n60-d70-p9.asp,15337,3046,5.035128,25.352514,127.653156,0.198605,0.039444,0.007834,0.007889,0.816979,0.0,0.984221,2625,0.175067,0.817044,0.817044,WASP-AMO,0.307315
GraphColouring,0084-wgc-n60-d70-p90.asp,15337,3046,5.035128,25.352514,127.653156,0.198605,0.039444,0.007834,0.007889,0.816979,0.0,0.984221,2625,0.175067,0.817044,0.817044,EOCLINGO-L,0.727012
GraphColouring,0085-wgc-n60-d70-p11.asp,15409,3058,5.038914,25.390658,127.941348,0.198455,0.039385,0.007816,0.007853,0.817055,0.0,0.984295,2637,0.175028,0.81712,0.81712,EOCLINGO-INF-MR,0.732524
GraphColouring,0085-wgc-n60-d70-p19.asp,15409,3058,5.038914,25.390658,127.941348,0.198455,0.039385,0.007816,0.007853,0.817055,0.0,0.984295,2637,0.175028,0.81712,0.81712,EOCLINGO-L,0.733289
GraphColouring,0085-wgc-n60-d70-p31.asp,15409,3058,5.038914,25.390658,127.941348,0.198455,0.039385,0.007816,0.007853,0.817055,0.0,0.984295,2637,0.175028,0.81712,0.81712,EOCLINGO-INF-MR,0.736246
GraphColouring,0085-wgc-n60-d70-p38.asp,15409,3058,5.038914,25.390658,127.941348,0.198455,0.039385,0.007816,0.007853,0.817055,0.0,0.984295,2637,0.175028,0.81712,0.81712,AMOCLINGO-L,0.731555
GraphColouring,0085-wgc-n60-d70-p50.asp,15409,3058,5.038914,25.390658,127.941348,0.198455,0.039385,0.007816,0.007853,0.817055,0.0,0.984295,2637,0.175028,0.81712,0.81712,CLINGO-AMO,0.194051
GraphColouring,0085-wgc-n60-d70-p60.asp,15409,3058,5.038914,25.390658,127.941348,0.198455,0.039385,0.007816,0.007853,0.817055,0.0,0.984295,2637,0.175028,0.81712,0.81712,CLINGO-AMO,0.1166389999999999
GraphColouring,0085-wgc-n60-d70-p69.asp,15409,3058,5.038914,25.390658,127.941348,0.198455,0.039385,0.007816,0.007853,0.817055,0.0,0.984295,2637,0.175028,0.81712,0.81712,CLINGO-AMO,0.43283
GraphColouring,0085-wgc-n60-d70-p79.asp,15409,3058,5.038914,25.390658,127.941348,0.198455,0.039385,0.007816,0.007853,0.817055,0.0,0.984295,2637,0.175028,0.81712,0.81712,CLINGO-AMO,0.106649
GraphColouring,0085-wgc-n60-d70-p90.asp,15409,3058,5.038914,25.390658,127.941348,0.198455,0.039385,0.007816,0.007853,0.817055,0.0,0.984295,2637,0.175028,0.81712,0.81712,EOCLINGO-INF-MR,0.728297
GraphColouring,0086-wgc-n60-d70-p19.asp,15157,3016,5.025531,25.255957,126.924582,0.198984,0.039595,0.007879,0.007983,0.816784,0.0,0.984034,2595,0.175167,0.81685,0.81685,EOCLINGO-L,0.7272080000000001
GraphColouring,0086-wgc-n60-d70-p31.asp,15157,3016,5.025531,25.255957,126.924582,0.198984,0.039595,0.007879,0.007983,0.816784,0.0,0.984034,2595,0.175167,0.81685,0.81685,EOCLINGO-L,0.724742
GraphColouring,0086-wgc-n60-d70-p40.asp,15157,3016,5.025531,25.255957,126.924582,0.198984,0.039595,0.007879,0.007983,0.816784,0.0,0.984034,2595,0.175167,0.81685,0.81685,AMOCLINGO-L,0.728752
GraphColouring,0086-wgc-n60-d70-p51.asp,15157,3016,5.025531,25.255957,126.924582,0.198984,0.039595,0.007879,0.007983,0.816784,0.0,0.984034,2595,0.175167,0.81685,0.81685,CLINGO-AMO,0.196453
GraphColouring,0086-wgc-n60-d70-p58.asp,15157,3016,5.025531,25.255957,126.924582,0.198984,0.039595,0.007879,0.007983,0.816784,0.0,0.984034,2595,0.175167,0.81685,0.81685,CLINGO-AMO,0.136123
GraphColouring,0086-wgc-n60-d70-p71.asp,15157,3016,5.025531,25.255957,126.924582,0.198984,0.039595,0.007879,0.007983,0.816784,0.0,0.984034,2595,0.175167,0.81685,0.81685,EOCLINGO-L,0.723036
GraphColouring,0086-wgc-n60-d70-p81.asp,15157,3016,5.025531,25.255957,126.924582,0.198984,0.039595,0.007879,0.007983,0.816784,0.0,0.984034,2595,0.175167,0.81685,0.81685,CLINGO-AMO,0.105987
GraphColouring,0086-wgc-n60-d70-p88.asp,15157,3016,5.025531,25.255957,126.924582,0.198984,0.039595,0.007879,0.007983,0.816784,0.0,0.984034,2595,0.175167,0.81685,0.81685,CLINGO-AMO,0.105711
GraphColouring,0086-wgc-n60-d70-p9.asp,15157,3016,5.025531,25.255957,126.924582,0.198984,0.039595,0.007879,0.007983,0.816784,0.0,0.984034,2595,0.175167,0.81685,0.81685,WASP-AMO,0.275095
GraphColouring,0087-wgc-n60-d70-p18.asp,14989,2988,5.016399,25.164258,126.233958,0.199346,0.039739,0.007922,0.008073,0.816599,0.0,0.983855,2567,0.175262,0.816666,0.816666,EOCLINGO-INF-MR,0.7307020000000001
GraphColouring,0087-wgc-n60-d70-p29.asp,14989,2988,5.016399,25.164258,126.233958,0.199346,0.039739,0.007922,0.008073,0.816599,0.0,0.983855,2567,0.175262,0.816666,0.816666,EOCLINGO-L,0.725075
GraphColouring,0087-wgc-n60-d70-p41.asp,14989,2988,5.016399,25.164258,126.233958,0.199346,0.039739,0.007922,0.008073,0.816599,0.0,0.983855,2567,0.175262,0.816666,0.816666,EOCLINGO-L,0.726052
GraphColouring,0087-wgc-n60-d70-p49.asp,14989,2988,5.016399,25.164258,126.233958,0.199346,0.039739,0.007922,0.008073,0.816599,0.0,0.983855,2567,0.175262,0.816666,0.816666,CLINGO-AMO,0.19661
GraphColouring,0087-wgc-n60-d70-p59.asp,14989,2988,5.016399,25.164258,126.233958,0.199346,0.039739,0.007922,0.008073,0.816599,0.0,0.983855,2567,0.175262,0.816666,0.816666,CLINGO-AMO,0.5845779999999999
GraphColouring,0087-wgc-n60-d70-p69.asp,14989,2988,5.016399,25.164258,126.233958,0.199346,0.039739,0.007922,0.008073,0.816599,0.0,0.983855,2567,0.175262,0.816666,0.816666,AMOCLINGO-L,0.723686
GraphColouring,0087-wgc-n60-d70-p8.asp,14989,2988,5.016399,25.164258,126.233958,0.199346,0.039739,0.007922,0.008073,0.816599,0.0,0.983855,2567,0.175262,0.816666,0.816666,CLINGO-AMO,0.127901
GraphColouring,0087-wgc-n60-d70-p80.asp,14989,2988,5.016399,25.164258,126.233958,0.199346,0.039739,0.007922,0.008073,0.816599,0.0,0.983855,2567,0.175262,0.816666,0.816666,AMOCLINGO-L,0.7218829999999999
GraphColouring,0087-wgc-n60-d70-p91.asp,14989,2988,5.016399,25.164258,126.233958,0.199346,0.039739,0.007922,0.008073,0.816599,0.0,0.983855,2567,0.175262,0.816666,0.816666,AMOCLINGO-L,0.721452
GraphColouring,0088-wgc-n60-d70-p21.asp,15253,3032,5.030673,25.307669,127.314603,0.198781,0.039514,0.007855,0.007933,0.816888,0.0,0.984134,2611,0.175113,0.816954,0.816954,EOCLINGO-L,0.7262230000000001
GraphColouring,0088-wgc-n60-d70-p31.asp,15253,3032,5.030673,25.307669,127.314603,0.198781,0.039514,0.007855,0.007933,0.816888,0.0,0.984134,2611,0.175113,0.816954,0.816954,EOCLINGO-L,0.724218
GraphColouring,0088-wgc-n60-d70-p38.asp,15253,3032,5.030673,25.307669,127.314603,0.198781,0.039514,0.007855,0.007933,0.816888,0.0,0.984134,2611,0.175113,0.816954,0.816954,EOCLINGO-L,0.7247359999999999
GraphColouring,0088-wgc-n60-d70-p50.asp,15253,3032,5.030673,25.307669,127.314603,0.198781,0.039514,0.007855,0.007933,0.816888,0.0,0.984134,2611,0.175113,0.816954,0.816954,CLINGO-AMO,0.174017
GraphColouring,0088-wgc-n60-d70-p60.asp,15253,3032,5.030673,25.307669,127.314603,0.198781,0.039514,0.007855,0.007933,0.816888,0.0,0.984134,2611,0.175113,0.816954,0.816954,CLINGO-AMO,0.129655
GraphColouring,0088-wgc-n60-d70-p70.asp,15253,3032,5.030673,25.307669,127.314603,0.198781,0.039514,0.007855,0.007933,0.816888,0.0,0.984134,2611,0.175113,0.816954,0.816954,AMOCLINGO-L,0.728945
GraphColouring,0088-wgc-n60-d70-p78.asp,15253,3032,5.030673,25.307669,127.314603,0.198781,0.039514,0.007855,0.007933,0.816888,0.0,0.984134,2611,0.175113,0.816954,0.816954,EOCLINGO-L,0.7257629999999999
GraphColouring,0088-wgc-n60-d70-p9.asp,15253,3032,5.030673,25.307669,127.314603,0.198781,0.039514,0.007855,0.007933,0.816888,0.0,0.984134,2611,0.175113,0.816954,0.816954,CLINGO-AMO,0.145294
GraphColouring,0088-wgc-n60-d70-p91.asp,15253,3032,5.030673,25.307669,127.314603,0.198781,0.039514,0.007855,0.007933,0.816888,0.0,0.984134,2611,0.175113,0.816954,0.816954,CLINGO-AMO,0.105388
GraphColouring,0089-wgc-n60-d70-p11.asp,15589,3088,5.048251,25.484841,128.653882,0.198088,0.039239,0.007773,0.007762,0.817243,0.0,0.984476,2667,0.174931,0.817307,0.817307,EOCLINGO-L,0.733494
GraphColouring,0089-wgc-n60-d70-p21.asp,15589,3088,5.048251,25.484841,128.653882,0.198088,0.039239,0.007773,0.007762,0.817243,0.0,0.984476,2667,0.174931,0.817307,0.817307,EOCLINGO-L,0.734248
GraphColouring,0089-wgc-n60-d70-p28.asp,15589,3088,5.048251,25.484841,128.653882,0.198088,0.039239,0.007773,0.007762,0.817243,0.0,0.984476,2667,0.174931,0.817307,0.817307,EOCLINGO-L,0.733973
GraphColouring,0089-wgc-n60-d70-p40.asp,15589,3088,5.048251,25.484841,128.653882,0.198088,0.039239,0.007773,0.007762,0.817243,0.0,0.984476,2667,0.174931,0.817307,0.817307,EOCLINGO-L,0.734044
GraphColouring,0089-wgc-n60-d70-p51.asp,15589,3088,5.048251,25.484841,128.653882,0.198088,0.039239,0.007773,0.007762,0.817243,0.0,0.984476,2667,0.174931,0.817307,0.817307,CLINGO-AMO,0.165841
GraphColouring,0089-wgc-n60-d70-p60.asp,15589,3088,5.048251,25.484841,128.653882,0.198088,0.039239,0.007773,0.007762,0.817243,0.0,0.984476,2667,0.174931,0.817307,0.817307,AMOCLINGO-L,0.731086
GraphColouring,0089-wgc-n60-d70-p70.asp,15589,3088,5.048251,25.484841,128.653882,0.198088,0.039239,0.007773,0.007762,0.817243,0.0,0.984476,2667,0.174931,0.817307,0.817307,CLINGO-AMO,0.107005
GraphColouring,0089-wgc-n60-d70-p81.asp,15589,3088,5.048251,25.484841,128.653882,0.198088,0.039239,0.007773,0.007762,0.817243,0.0,0.984476,2667,0.174931,0.817307,0.817307,CLINGO-AMO,0.105935
GraphColouring,0089-wgc-n60-d70-p91.asp,15589,3088,5.048251,25.484841,128.653882,0.198088,0.039239,0.007773,0.007762,0.817243,0.0,0.984476,2667,0.174931,0.817307,0.817307,AMOCLINGO-L,0.730251
GraphColouring,0090-wgc-n60-d70-p18.asp,15073,3002,5.020986,25.210301,126.580566,0.199164,0.039666,0.0079,0.008028,0.816692,0.0,0.983945,2581,0.175214,0.816758,0.816758,EOCLINGO-INF-MR,0.722673
GraphColouring,0090-wgc-n60-d70-p30.asp,15073,3002,5.020986,25.210301,126.580566,0.199164,0.039666,0.0079,0.008028,0.816692,0.0,0.983945,2581,0.175214,0.816758,0.816758,EOCLINGO-L,0.731695
GraphColouring,0090-wgc-n60-d70-p41.asp,15073,3002,5.020986,25.210301,126.580566,0.199164,0.039666,0.0079,0.008028,0.816692,0.0,0.983945,2581,0.175214,0.816758,0.816758,EOCLINGO-L,0.7308070000000001
GraphColouring,0090-wgc-n60-d70-p49.asp,15073,3002,5.020986,25.210301,126.580566,0.199164,0.039666,0.0079,0.008028,0.816692,0.0,0.983945,2581,0.175214,0.816758,0.816758,CLINGO-AMO,0.533946
GraphColouring,0090-wgc-n60-d70-p59.asp,15073,3002,5.020986,25.210301,126.580566,0.199164,0.039666,0.0079,0.008028,0.816692,0.0,0.983945,2581,0.175214,0.816758,0.816758,CLINGO-AMO,0.549411
GraphColouring,0090-wgc-n60-d70-p69.asp,15073,3002,5.020986,25.210301,126.580566,0.199164,0.039666,0.0079,0.008028,0.816692,0.0,0.983945,2581,0.175214,0.816758,0.816758,CLINGO-AMO,0.115647
GraphColouring,0090-wgc-n60-d70-p8.asp,15073,3002,5.020986,25.210301,126.580566,0.199164,0.039666,0.0079,0.008028,0.816692,0.0,0.983945,2581,0.175214,0.816758,0.816758,CLINGO-AMO,0.111747
GraphColouring,0090-wgc-n60-d70-p80.asp,15073,3002,5.020986,25.210301,126.580566,0.199164,0.039666,0.0079,0.008028,0.816692,0.0,0.983945,2581,0.175214,0.816758,0.816758,EOCLINGO-L,0.720594
GraphColouring,0090-wgc-n60-d70-p88.asp,15073,3002,5.020986,25.210301,126.580566,0.199164,0.039666,0.0079,0.008028,0.816692,0.0,0.983945,2581,0.175214,0.816758,0.816758,AMOCLINGO-L,0.721827
GraphColouring,0091-wgc-n80-d30-p10.asp,12085,2664,4.536411,20.579028,93.35494,0.220439,0.048593,0.010712,0.013322,0.805958,0.0,0.973355,2103,0.180637,0.806041,0.806041,CLINGO-AMO,0.121836
GraphColouring,0091-wgc-n80-d30-p20.asp,12085,2664,4.536411,20.579028,93.35494,0.220439,0.048593,0.010712,0.013322,0.805958,0.0,0.973355,2103,0.180637,0.806041,0.806041,EOCLINGO-L,0.691053
GraphColouring,0091-wgc-n80-d30-p28.asp,12085,2664,4.536411,20.579028,93.35494,0.220439,0.048593,0.010712,0.013322,0.805958,0.0,0.973355,2103,0.180637,0.806041,0.806041,EOCLINGO-INF-MR,0.684666
GraphColouring,0091-wgc-n80-d30-p38.asp,12085,2664,4.536411,20.579028,93.35494,0.220439,0.048593,0.010712,0.013322,0.805958,0.0,0.973355,2103,0.180637,0.806041,0.806041,EOCLINGO-INF-MR,0.686765
GraphColouring,0091-wgc-n80-d30-p50.asp,12085,2664,4.536411,20.579028,93.35494,0.220439,0.048593,0.010712,0.013322,0.805958,0.0,0.973355,2103,0.180637,0.806041,0.806041,EOCLINGO-INF-MR,0.68643
GraphColouring,0091-wgc-n80-d30-p61.asp,12085,2664,4.536411,20.579028,93.35494,0.220439,0.048593,0.010712,0.013322,0.805958,0.0,0.973355,2103,0.180637,0.806041,0.806041,EOCLINGO-L,0.6873619999999999
GraphColouring,0091-wgc-n80-d30-p70.asp,12085,2664,4.536411,20.579028,93.35494,0.220439,0.048593,0.010712,0.013322,0.805958,0.0,0.973355,2103,0.180637,0.806041,0.806041,EOCLINGO-L,0.684223
GraphColouring,0091-wgc-n80-d30-p80.asp,12085,2664,4.536411,20.579028,93.35494,0.220439,0.048593,0.010712,0.013322,0.805958,0.0,0.973355,2103,0.180637,0.806041,0.806041,EOCLINGO-L,0.684277
GraphColouring,0091-wgc-n80-d30-p88.asp,12085,2664,4.536411,20.579028,93.35494,0.220439,0.048593,0.010712,0.013322,0.805958,0.0,0.973355,2103,0.180637,0.806041,0.806041,AMOCLINGO-L,0.6874760000000001
GraphColouring,0092-wgc-n80-d30-p11.asp,11401,2550,4.47098,19.989666,89.373403,0.223665,0.050026,0.011189,0.014122,0.804315,0.0,0.971757,1989,0.181475,0.804403,0.804403,CLINGO-AMO,0.129265
GraphColouring,0092-wgc-n80-d30-p19.asp,11401,2550,4.47098,19.989666,89.373403,0.223665,0.050026,0.011189,0.014122,0.804315,0.0,0.971757,1989,0.181475,0.804403,0.804403,EOCLINGO-INF-MR,0.6775410000000001
GraphColouring,0092-wgc-n80-d30-p31.asp,11401,2550,4.47098,19.989666,89.373403,0.223665,0.050026,0.011189,0.014122,0.804315,0.0,0.971757,1989,0.181475,0.804403,0.804403,EOCLINGO-L,0.6730929999999999
GraphColouring,0092-wgc-n80-d30-p41.asp,11401,2550,4.47098,19.989666,89.373403,0.223665,0.050026,0.011189,0.014122,0.804315,0.0,0.971757,1989,0.181475,0.804403,0.804403,EOCLINGO-INF-MR,0.672623
GraphColouring,0092-wgc-n80-d30-p48.asp,11401,2550,4.47098,19.989666,89.373403,0.223665,0.050026,0.011189,0.014122,0.804315,0.0,0.971757,1989,0.181475,0.804403,0.804403,EOCLINGO-L,0.6787890000000001
GraphColouring,0092-wgc-n80-d30-p61.asp,11401,2550,4.47098,19.989666,89.373403,0.223665,0.050026,0.011189,0.014122,0.804315,0.0,0.971757,1989,0.181475,0.804403,0.804403,AMOCLINGO-L,0.6831200000000001
GraphColouring,0092-wgc-n80-d30-p71.asp,11401,2550,4.47098,19.989666,89.373403,0.223665,0.050026,0.011189,0.014122,0.804315,0.0,0.971757,1989,0.181475,0.804403,0.804403,EOCLINGO-L,0.678473
GraphColouring,0092-wgc-n80-d30-p80.asp,11401,2550,4.47098,19.989666,89.373403,0.223665,0.050026,0.011189,0.014122,0.804315,0.0,0.971757,1989,0.181475,0.804403,0.804403,AMOCLINGO-L,0.6763859999999999
GraphColouring,0092-wgc-n80-d30-p91.asp,11401,2550,4.47098,19.989666,89.373403,0.223665,0.050026,0.011189,0.014122,0.804315,0.0,0.971757,1989,0.181475,0.804403,0.804403,CLINGO-AMO,0.224812
GraphColouring,0093-wgc-n80-d30-p20.asp,11521,2570,4.482879,20.096208,90.088874,0.223071,0.049761,0.0111,0.013974,0.804618,0.0,0.972051,2009,0.181321,0.804704,0.804704,EOCLINGO-INF-MR,0.67762
GraphColouring,0093-wgc-n80-d30-p28.asp,11521,2570,4.482879,20.096208,90.088874,0.223071,0.049761,0.0111,0.013974,0.804618,0.0,0.972051,2009,0.181321,0.804704,0.804704,EOCLINGO-INF-MR,0.6772640000000001
GraphColouring,0093-wgc-n80-d30-p39.asp,11521,2570,4.482879,20.096208,90.088874,0.223071,0.049761,0.0111,0.013974,0.804618,0.0,0.972051,2009,0.181321,0.804704,0.804704,EOCLINGO-L,0.6821020000000001
GraphColouring,0093-wgc-n80-d30-p49.asp,11521,2570,4.482879,20.096208,90.088874,0.223071,0.049761,0.0111,0.013974,0.804618,0.0,0.972051,2009,0.181321,0.804704,0.804704,EOCLINGO-L,0.677885
GraphColouring,0093-wgc-n80-d30-p60.asp,11521,2570,4.482879,20.096208,90.088874,0.223071,0.049761,0.0111,0.013974,0.804618,0.0,0.972051,2009,0.181321,0.804704,0.804704,EOCLINGO-L,0.6837570000000001
GraphColouring,0093-wgc-n80-d30-p69.asp,11521,2570,4.482879,20.096208,90.088874,0.223071,0.049761,0.0111,0.013974,0.804618,0.0,0.972051,2009,0.181321,0.804704,0.804704,AMOCLINGO-L,0.679407
GraphColouring,0093-wgc-n80-d30-p79.asp,11521,2570,4.482879,20.096208,90.088874,0.223071,0.049761,0.0111,0.013974,0.804618,0.0,0.972051,2009,0.181321,0.804704,0.804704,AMOCLINGO-L,0.674983
GraphColouring,0093-wgc-n80-d30-p8.asp,11521,2570,4.482879,20.096208,90.088874,0.223071,0.049761,0.0111,0.013974,0.804618,0.0,0.972051,2009,0.181321,0.804704,0.804704,CLINGO-AMO,0.105208
GraphColouring,0093-wgc-n80-d30-p89.asp,11521,2570,4.482879,20.096208,90.088874,0.223071,0.049761,0.0111,0.013974,0.804618,0.0,0.972051,2009,0.181321,0.804704,0.804704,AMOCLINGO-L,0.676536
GraphColouring,0094-wgc-n80-d30-p21.asp,11545,2574,4.485237,20.117351,90.231086,0.222954,0.049708,0.011083,0.013945,0.804677,0.0,0.972109,2013,0.181291,0.804764,0.804764,EOCLINGO-L,0.6824209999999999
GraphColouring,0094-wgc-n80-d30-p31.asp,11545,2574,4.485237,20.117351,90.231086,0.222954,0.049708,0.011083,0.013945,0.804677,0.0,0.972109,2013,0.181291,0.804764,0.804764,EOCLINGO-L,0.680745
GraphColouring,0094-wgc-n80-d30-p40.asp,11545,2574,4.485237,20.117351,90.231086,0.222954,0.049708,0.011083,0.013945,0.804677,0.0,0.972109,2013,0.181291,0.804764,0.804764,EOCLINGO-L,0.681718
GraphColouring,0094-wgc-n80-d30-p50.asp,11545,2574,4.485237,20.117351,90.231086,0.222954,0.049708,0.011083,0.013945,0.804677,0.0,0.972109,2013,0.181291,0.804764,0.804764,EOCLINGO-L,0.677845
GraphColouring,0094-wgc-n80-d30-p61.asp,11545,2574,4.485237,20.117351,90.231086,0.222954,0.049708,0.011083,0.013945,0.804677,0.0,0.972109,2013,0.181291,0.804764,0.804764,EOCLINGO-INF-MR,0.682188
GraphColouring,0094-wgc-n80-d30-p68.asp,11545,2574,4.485237,20.117351,90.231086,0.222954,0.049708,0.011083,0.013945,0.804677,0.0,0.972109,2013,0.181291,0.804764,0.804764,EOCLINGO-INF-MR,0.678456
GraphColouring,0094-wgc-n80-d30-p79.asp,11545,2574,4.485237,20.117351,90.231086,0.222954,0.049708,0.011083,0.013945,0.804677,0.0,0.972109,2013,0.181291,0.804764,0.804764,CLINGO-AMO,0.262282
GraphColouring,0094-wgc-n80-d30-p8.asp,11545,2574,4.485237,20.117351,90.231086,0.222954,0.049708,0.011083,0.013945,0.804677,0.0,0.972109,2013,0.181291,0.804764,0.804764,CLINGO-AMO,0.1064109999999999
GraphColouring,0094-wgc-n80-d30-p89.asp,11545,2574,4.485237,20.117351,90.231086,0.222954,0.049708,0.011083,0.013945,0.804677,0.0,0.972109,2013,0.181291,0.804764,0.804764,CLINGO-AMO,0.55636
GraphColouring,0095-wgc-n80-d30-p18.asp,11965,2644,4.52534,20.478706,92.673114,0.220978,0.048831,0.010791,0.013456,0.805683,0.0,0.973088,2083,0.180777,0.805767,0.805767,EOCLINGO-L,0.686011
GraphColouring,0095-wgc-n80-d30-p31.asp,11965,2644,4.52534,20.478706,92.673114,0.220978,0.048831,0.010791,0.013456,0.805683,0.0,0.973088,2083,0.180777,0.805767,0.805767,EOCLINGO-L,0.6847139999999999
GraphColouring,0095-wgc-n80-d30-p38.asp,11965,2644,4.52534,20.478706,92.673114,0.220978,0.048831,0.010791,0.013456,0.805683,0.0,0.973088,2083,0.180777,0.805767,0.805767,EOCLINGO-INF-MR,0.68442
GraphColouring,0095-wgc-n80-d30-p50.asp,11965,2644,4.52534,20.478706,92.673114,0.220978,0.048831,0.010791,0.013456,0.805683,0.0,0.973088,2083,0.180777,0.805767,0.805767,EOCLINGO-INF-MR,0.685579
GraphColouring,0095-wgc-n80-d30-p59.asp,11965,2644,4.52534,20.478706,92.673114,0.220978,0.048831,0.010791,0.013456,0.805683,0.0,0.973088,2083,0.180777,0.805767,0.805767,EOCLINGO-L,0.690725
GraphColouring,0095-wgc-n80-d30-p69.asp,11965,2644,4.52534,20.478706,92.673114,0.220978,0.048831,0.010791,0.013456,0.805683,0.0,0.973088,2083,0.180777,0.805767,0.805767,AMOCLINGO-L,0.686382
GraphColouring,0095-wgc-n80-d30-p8.asp,11965,2644,4.52534,20.478706,92.673114,0.220978,0.048831,0.010791,0.013456,0.805683,0.0,0.973088,2083,0.180777,0.805767,0.805767,CLINGO-AMO,0.107319
GraphColouring,0095-wgc-n80-d30-p80.asp,11965,2644,4.52534,20.478706,92.673114,0.220978,0.048831,0.010791,0.013456,0.805683,0.0,0.973088,2083,0.180777,0.805767,0.805767,CLINGO-AMO,0.483621
GraphColouring,0095-wgc-n80-d30-p89.asp,11965,2644,4.52534,20.478706,92.673114,0.220978,0.048831,0.010791,0.013456,0.805683,0.0,0.973088,2083,0.180777,0.805767,0.805767,CLINGO-AMO,0.124811
GraphColouring,0096-wgc-n80-d30-p19.asp,12193,2682,4.546234,20.668245,93.962681,0.219962,0.048383,0.010643,0.013204,0.8062,0.0,0.973591,2121,0.180513,0.806282,0.806282,EOCLINGO-L,0.692786
GraphColouring,0096-wgc-n80-d30-p28.asp,12193,2682,4.546234,20.668245,93.962681,0.219962,0.048383,0.010643,0.013204,0.8062,0.0,0.973591,2121,0.180513,0.806282,0.806282,EOCLINGO-INF-MR,0.69017
GraphColouring,0096-wgc-n80-d30-p39.asp,12193,2682,4.546234,20.668245,93.962681,0.219962,0.048383,0.010643,0.013204,0.8062,0.0,0.973591,2121,0.180513,0.806282,0.806282,EOCLINGO-INF-MR,0.692129
GraphColouring,0096-wgc-n80-d30-p48.asp,12193,2682,4.546234,20.668245,93.962681,0.219962,0.048383,0.010643,0.013204,0.8062,0.0,0.973591,2121,0.180513,0.806282,0.806282,EOCLINGO-INF-MR,0.6930310000000001
GraphColouring,0096-wgc-n80-d30-p58.asp,12193,2682,4.546234,20.668245,93.962681,0.219962,0.048383,0.010643,0.013204,0.8062,0.0,0.973591,2121,0.180513,0.806282,0.806282,EOCLINGO-L,0.691964
GraphColouring,0096-wgc-n80-d30-p71.asp,12193,2682,4.546234,20.668245,93.962681,0.219962,0.048383,0.010643,0.013204,0.8062,0.0,0.973591,2121,0.180513,0.806282,0.806282,CLINGO-AMO,0.454569
GraphColouring,0096-wgc-n80-d30-p79.asp,12193,2682,4.546234,20.668245,93.962681,0.219962,0.048383,0.010643,0.013204,0.8062,0.0,0.973591,2121,0.180513,0.806282,0.806282,AMOCLINGO-L,0.6838489999999999
GraphColouring,0096-wgc-n80-d30-p8.asp,12193,2682,4.546234,20.668245,93.962681,0.219962,0.048383,0.010643,0.013204,0.8062,0.0,0.973591,2121,0.180513,0.806282,0.806282,CLINGO-AMO,0.111895
GraphColouring,0096-wgc-n80-d30-p90.asp,12193,2682,4.546234,20.668245,93.962681,0.219962,0.048383,0.010643,0.013204,0.8062,0.0,0.973591,2121,0.180513,0.806282,0.806282,CLINGO-AMO,0.293664
GraphColouring,0097-wgc-n80-d30-p19.asp,11917,2636,4.520865,20.43822,92.398432,0.221197,0.048928,0.010823,0.01351,0.805572,0.0,0.97298,2075,0.180834,0.805656,0.805656,EOCLINGO-INF-MR,0.688018
GraphColouring,0097-wgc-n80-d30-p29.asp,11917,2636,4.520865,20.43822,92.398432,0.221197,0.048928,0.010823,0.01351,0.805572,0.0,0.97298,2075,0.180834,0.805656,0.805656,EOCLINGO-INF-MR,0.687553
GraphColouring,0097-wgc-n80-d30-p40.asp,11917,2636,4.520865,20.43822,92.398432,0.221197,0.048928,0.010823,0.01351,0.805572,0.0,0.97298,2075,0.180834,0.805656,0.805656,EOCLINGO-INF-MR,0.686959
GraphColouring,0097-wgc-n80-d30-p48.asp,11917,2636,4.520865,20.43822,92.398432,0.221197,0.048928,0.010823,0.01351,0.805572,0.0,0.97298,2075,0.180834,0.805656,0.805656,EOCLINGO-L,0.696549
GraphColouring,0097-wgc-n80-d30-p60.asp,11917,2636,4.520865,20.43822,92.398432,0.221197,0.048928,0.010823,0.01351,0.805572,0.0,0.97298,2075,0.180834,0.805656,0.805656,EOCLINGO-L,0.764435
GraphColouring,0097-wgc-n80-d30-p69.asp,11917,2636,4.520865,20.43822,92.398432,0.221197,0.048928,0.010823,0.01351,0.805572,0.0,0.97298,2075,0.180834,0.805656,0.805656,AMOCLINGO-L,0.6844330000000001
GraphColouring,0097-wgc-n80-d30-p80.asp,11917,2636,4.520865,20.43822,92.398432,0.221197,0.048928,0.010823,0.01351,0.805572,0.0,0.97298,2075,0.180834,0.805656,0.805656,AMOCLINGO-L,0.684009
GraphColouring,0097-wgc-n80-d30-p88.asp,11917,2636,4.520865,20.43822,92.398432,0.221197,0.048928,0.010823,0.01351,0.805572,0.0,0.97298,2075,0.180834,0.805656,0.805656,AMOCLINGO-L,0.681592
GraphColouring,0097-wgc-n80-d30-p9.asp,11917,2636,4.520865,20.43822,92.398432,0.221197,0.048928,0.010823,0.01351,0.805572,0.0,0.97298,2075,0.180834,0.805656,0.805656,CLINGO-AMO,0.126091
GraphColouring,0098-wgc-n80-d30-p11.asp,11629,2588,4.493431,20.190924,90.726529,0.222547,0.049527,0.011022,0.013845,0.804884,0.0,0.972311,2027,0.181185,0.80497,0.80497,WASP-AMO,0.129506
GraphColouring,0098-wgc-n80-d30-p21.asp,11629,2588,4.493431,20.190924,90.726529,0.222547,0.049527,0.011022,0.013845,0.804884,0.0,0.972311,2027,0.181185,0.80497,0.80497,EOCLINGO-INF-MR,0.6817920000000001
GraphColouring,0098-wgc-n80-d30-p30.asp,11629,2588,4.493431,20.190924,90.726529,0.222547,0.049527,0.011022,0.013845,0.804884,0.0,0.972311,2027,0.181185,0.80497,0.80497,EOCLINGO-L,0.6863170000000001
GraphColouring,0098-wgc-n80-d30-p39.asp,11629,2588,4.493431,20.190924,90.726529,0.222547,0.049527,0.011022,0.013845,0.804884,0.0,0.972311,2027,0.181185,0.80497,0.80497,EOCLINGO-L,0.681811
GraphColouring,0098-wgc-n80-d30-p48.asp,11629,2588,4.493431,20.190924,90.726529,0.222547,0.049527,0.011022,0.013845,0.804884,0.0,0.972311,2027,0.181185,0.80497,0.80497,EOCLINGO-INF-MR,0.683446
GraphColouring,0098-wgc-n80-d30-p61.asp,11629,2588,4.493431,20.190924,90.726529,0.222547,0.049527,0.011022,0.013845,0.804884,0.0,0.972311,2027,0.181185,0.80497,0.80497,EOCLINGO-L,0.679085
GraphColouring,0098-wgc-n80-d30-p71.asp,11629,2588,4.493431,20.190924,90.726529,0.222547,0.049527,0.011022,0.013845,0.804884,0.0,0.972311,2027,0.181185,0.80497,0.80497,EOCLINGO-L,0.6803570000000001
GraphColouring,0098-wgc-n80-d30-p80.asp,11629,2588,4.493431,20.190924,90.726529,0.222547,0.049527,0.011022,0.013845,0.804884,0.0,0.972311,2027,0.181185,0.80497,0.80497,CLINGO-AMO,0.28227
GraphColouring,0098-wgc-n80-d30-p90.asp,11629,2588,4.493431,20.190924,90.726529,0.222547,0.049527,0.011022,0.013845,0.804884,0.0,0.972311,2027,0.181185,0.80497,0.80497,AMOCLINGO-L,0.6809609999999999
GraphColouring,0099-wgc-n80-d30-p11.asp,11377,2546,4.468578,19.968191,89.229421,0.223785,0.05008,0.011207,0.014151,0.804254,0.0,0.971697,1985,0.181507,0.804342,0.804342,CLINGO-AMO,0.11847
GraphColouring,0099-wgc-n80-d30-p19.asp,11377,2546,4.468578,19.968191,89.229421,0.223785,0.05008,0.011207,0.014151,0.804254,0.0,0.971697,1985,0.181507,0.804342,0.804342,EOCLINGO-INF-MR,0.6798930000000001
GraphColouring,0099-wgc-n80-d30-p31.asp,11377,2546,4.468578,19.968191,89.229421,0.223785,0.05008,0.011207,0.014151,0.804254,0.0,0.971697,1985,0.181507,0.804342,0.804342,EOCLINGO-L,0.676889
GraphColouring,0099-wgc-n80-d30-p40.asp,11377,2546,4.468578,19.968191,89.229421,0.223785,0.05008,0.011207,0.014151,0.804254,0.0,0.971697,1985,0.181507,0.804342,0.804342,EOCLINGO-L,0.678763
GraphColouring,0099-wgc-n80-d30-p51.asp,11377,2546,4.468578,19.968191,89.229421,0.223785,0.05008,0.011207,0.014151,0.804254,0.0,0.971697,1985,0.181507,0.804342,0.804342,EOCLINGO-L,0.6821
GraphColouring,0099-wgc-n80-d30-p59.asp,11377,2546,4.468578,19.968191,89.229421,0.223785,0.05008,0.011207,0.014151,0.804254,0.0,0.971697,1985,0.181507,0.804342,0.804342,EOCLINGO-L,0.678215
GraphColouring,0099-wgc-n80-d30-p69.asp,11377,2546,4.468578,19.968191,89.229421,0.223785,0.05008,0.011207,0.014151,0.804254,0.0,0.971697,1985,0.181507,0.804342,0.804342,EOCLINGO-L,0.67823
GraphColouring,0099-wgc-n80-d30-p79.asp,11377,2546,4.468578,19.968191,89.229421,0.223785,0.05008,0.011207,0.014151,0.804254,0.0,0.971697,1985,0.181507,0.804342,0.804342,EOCLINGO-L,0.6767639999999999
GraphColouring,0099-wgc-n80-d30-p89.asp,11377,2546,4.468578,19.968191,89.229421,0.223785,0.05008,0.011207,0.014151,0.804254,0.0,0.971697,1985,0.181507,0.804342,0.804342,EOCLINGO-INF-MR,0.674459
GraphColouring,0100-wgc-n80-d30-p18.asp,11665,2594,4.496916,20.222253,90.937773,0.222375,0.04945,0.010997,0.013802,0.804972,0.0,0.972396,2033,0.18114,0.805058,0.805058,EOCLINGO-L,0.684739
GraphColouring,0100-wgc-n80-d30-p31.asp,11665,2594,4.496916,20.222253,90.937773,0.222375,0.04945,0.010997,0.013802,0.804972,0.0,0.972396,2033,0.18114,0.805058,0.805058,EOCLINGO-INF-MR,0.683986
GraphColouring,0100-wgc-n80-d30-p38.asp,11665,2594,4.496916,20.222253,90.937773,0.222375,0.04945,0.010997,0.013802,0.804972,0.0,0.972396,2033,0.18114,0.805058,0.805058,EOCLINGO-INF-MR,0.679632
GraphColouring,0100-wgc-n80-d30-p51.asp,11665,2594,4.496916,20.222253,90.937773,0.222375,0.04945,0.010997,0.013802,0.804972,0.0,0.972396,2033,0.18114,0.805058,0.805058,EOCLINGO-L,0.682132
GraphColouring,0100-wgc-n80-d30-p59.asp,11665,2594,4.496916,20.222253,90.937773,0.222375,0.04945,0.010997,0.013802,0.804972,0.0,0.972396,2033,0.18114,0.805058,0.805058,EOCLINGO-L,0.683021
GraphColouring,0100-wgc-n80-d30-p69.asp,11665,2594,4.496916,20.222253,90.937773,0.222375,0.04945,0.010997,0.013802,0.804972,0.0,0.972396,2033,0.18114,0.805058,0.805058,EOCLINGO-L,0.678933
GraphColouring,0100-wgc-n80-d30-p8.asp,11665,2594,4.496916,20.222253,90.937773,0.222375,0.04945,0.010997,0.013802,0.804972,0.0,0.972396,2033,0.18114,0.805058,0.805058,CLINGO-AMO,0.108064
GraphColouring,0100-wgc-n80-d30-p81.asp,11665,2594,4.496916,20.222253,90.937773,0.222375,0.04945,0.010997,0.013802,0.804972,0.0,0.972396,2033,0.18114,0.805058,0.805058,CLINGO-AMO,0.225713
GraphColouring,0100-wgc-n80-d30-p91.asp,11665,2594,4.496916,20.222253,90.937773,0.222375,0.04945,0.010997,0.013802,0.804972,0.0,0.972396,2033,0.18114,0.805058,0.805058,EOCLINGO-L,0.6769689999999999
GraphColouring,0101-wgc-n80-d50-p19.asp,19801,3950,5.012911,25.129281,125.970857,0.199485,0.039794,0.007938,0.008131,0.816625,0.0,0.983738,3389,0.175193,0.816676,0.816676,EOCLINGO-INF-MR,0.808721
GraphColouring,0101-wgc-n80-d50-p29.asp,19801,3950,5.012911,25.129281,125.970857,0.199485,0.039794,0.007938,0.008131,0.816625,0.0,0.983738,3389,0.175193,0.816676,0.816676,EOCLINGO-L,0.804485
GraphColouring,0101-wgc-n80-d50-p40.asp,19801,3950,5.012911,25.129281,125.970857,0.199485,0.039794,0.007938,0.008131,0.816625,0.0,0.983738,3389,0.175193,0.816676,0.816676,EOCLINGO-INF-MR,0.805555
GraphColouring,0101-wgc-n80-d50-p51.asp,19801,3950,5.012911,25.129281,125.970857,0.199485,0.039794,0.007938,0.008131,0.816625,0.0,0.983738,3389,0.175193,0.816676,0.816676,EOCLINGO-L,0.816814
GraphColouring,0101-wgc-n80-d50-p58.asp,19801,3950,5.012911,25.129281,125.970857,0.199485,0.039794,0.007938,0.008131,0.816625,0.0,0.983738,3389,0.175193,0.816676,0.816676,CLINGO-AMO,0.438011
GraphColouring,0101-wgc-n80-d50-p70.asp,19801,3950,5.012911,25.129281,125.970857,0.199485,0.039794,0.007938,0.008131,0.816625,0.0,0.983738,3389,0.175193,0.816676,0.816676,CLINGO-AMO,0.186187
GraphColouring,0101-wgc-n80-d50-p78.asp,19801,3950,5.012911,25.129281,125.970857,0.199485,0.039794,0.007938,0.008131,0.816625,0.0,0.983738,3389,0.175193,0.816676,0.816676,EOCLINGO-L,0.803056
GraphColouring,0101-wgc-n80-d50-p89.asp,19801,3950,5.012911,25.129281,125.970857,0.199485,0.039794,0.007938,0.008131,0.816625,0.0,0.983738,3389,0.175193,0.816676,0.816676,CLINGO-AMO,0.308022
GraphColouring,0101-wgc-n80-d50-p9.asp,19801,3950,5.012911,25.129281,125.970857,0.199485,0.039794,0.007938,0.008131,0.816625,0.0,0.983738,3389,0.175193,0.816676,0.816676,WASP-AMO,0.159193
GraphColouring,0102-wgc-n80-d50-p11.asp,19093,3832,4.982516,24.825462,123.693255,0.200702,0.040281,0.008085,0.008432,0.816006,0.0,0.983135,3271,0.175509,0.816058,0.816058,WASP-AMO,0.310017
GraphColouring,0102-wgc-n80-d50-p18.asp,19093,3832,4.982516,24.825462,123.693255,0.200702,0.040281,0.008085,0.008432,0.816006,0.0,0.983135,3271,0.175509,0.816058,0.816058,EOCLINGO-INF-MR,0.7948689999999999
GraphColouring,0102-wgc-n80-d50-p28.asp,19093,3832,4.982516,24.825462,123.693255,0.200702,0.040281,0.008085,0.008432,0.816006,0.0,0.983135,3271,0.175509,0.816058,0.816058,EOCLINGO-L,0.793512
GraphColouring,0102-wgc-n80-d50-p38.asp,19093,3832,4.982516,24.825462,123.693255,0.200702,0.040281,0.008085,0.008432,0.816006,0.0,0.983135,3271,0.175509,0.816058,0.816058,EOCLINGO-L,0.7972870000000001
GraphColouring,0102-wgc-n80-d50-p49.asp,19093,3832,4.982516,24.825462,123.693255,0.200702,0.040281,0.008085,0.008432,0.816006,0.0,0.983135,3271,0.175509,0.816058,0.816058,EOCLINGO-L,0.799799
GraphColouring,0102-wgc-n80-d50-p61.asp,19093,3832,4.982516,24.825462,123.693255,0.200702,0.040281,0.008085,0.008432,0.816006,0.0,0.983135,3271,0.175509,0.816058,0.816058,CLINGO-AMO,0.376459
GraphColouring,0102-wgc-n80-d50-p68.asp,19093,3832,4.982516,24.825462,123.693255,0.200702,0.040281,0.008085,0.008432,0.816006,0.0,0.983135,3271,0.175509,0.816058,0.816058,CLINGO-AMO,0.2622529999999999
GraphColouring,0102-wgc-n80-d50-p78.asp,19093,3832,4.982516,24.825462,123.693255,0.200702,0.040281,0.008085,0.008432,0.816006,0.0,0.983135,3271,0.175509,0.816058,0.816058,CLINGO-AMO,0.175366
GraphColouring,0102-wgc-n80-d50-p90.asp,19093,3832,4.982516,24.825462,123.693255,0.200702,0.040281,0.008085,0.008432,0.816006,0.0,0.983135,3271,0.175509,0.816058,0.816058,CLINGO-AMO,0.124831
GraphColouring,0103-wgc-n80-d50-p10.asp,19741,3940,5.010406,25.104169,125.782082,0.199585,0.039834,0.00795,0.008156,0.816575,0.0,0.983689,3379,0.175219,0.816625,0.816625,CLINGO-AMO,0.149856
GraphColouring,0103-wgc-n80-d50-p20.asp,19741,3940,5.010406,25.104169,125.782082,0.199585,0.039834,0.00795,0.008156,0.816575,0.0,0.983689,3379,0.175219,0.816625,0.816625,EOCLINGO-INF-MR,0.805319
GraphColouring,0103-wgc-n80-d50-p31.asp,19741,3940,5.010406,25.104169,125.782082,0.199585,0.039834,0.00795,0.008156,0.816575,0.0,0.983689,3379,0.175219,0.816625,0.816625,EOCLINGO-INF-MR,0.806072
GraphColouring,0103-wgc-n80-d50-p39.asp,19741,3940,5.010406,25.104169,125.782082,0.199585,0.039834,0.00795,0.008156,0.816575,0.0,0.983689,3379,0.175219,0.816625,0.816625,EOCLINGO-INF-MR,0.808044
GraphColouring,0103-wgc-n80-d50-p48.asp,19741,3940,5.010406,25.104169,125.782082,0.199585,0.039834,0.00795,0.008156,0.816575,0.0,0.983689,3379,0.175219,0.816625,0.816625,EOCLINGO-INF-MR,0.804455
GraphColouring,0103-wgc-n80-d50-p58.asp,19741,3940,5.010406,25.104169,125.782082,0.199585,0.039834,0.00795,0.008156,0.816575,0.0,0.983689,3379,0.175219,0.816625,0.816625,CLINGO-AMO,0.540516
GraphColouring,0103-wgc-n80-d50-p69.asp,19741,3940,5.010406,25.104169,125.782082,0.199585,0.039834,0.00795,0.008156,0.816575,0.0,0.983689,3379,0.175219,0.816625,0.816625,CLINGO-AMO,0.2198159999999999
GraphColouring,0103-wgc-n80-d50-p80.asp,19741,3940,5.010406,25.104169,125.782082,0.199585,0.039834,0.00795,0.008156,0.816575,0.0,0.983689,3379,0.175219,0.816625,0.816625,CLINGO-AMO,0.133042
GraphColouring,0103-wgc-n80-d50-p90.asp,19741,3940,5.010406,25.104169,125.782082,0.199585,0.039834,0.00795,0.008156,0.816575,0.0,0.983689,3379,0.175219,0.816625,0.816625,AMOCLINGO-L,0.7988190000000001
GraphColouring,0104-wgc-n80-d50-p11.asp,20029,3988,5.022317,25.223668,126.681253,0.199111,0.039645,0.007894,0.008038,0.816816,0.0,0.983923,3427,0.175096,0.816866,0.816866,EOCLINGO-L,0.8138540000000001
GraphColouring,0104-wgc-n80-d50-p19.asp,20029,3988,5.022317,25.223668,126.681253,0.199111,0.039645,0.007894,0.008038,0.816816,0.0,0.983923,3427,0.175096,0.816866,0.816866,EOCLINGO-L,0.813476
GraphColouring,0104-wgc-n80-d50-p29.asp,20029,3988,5.022317,25.223668,126.681253,0.199111,0.039645,0.007894,0.008038,0.816816,0.0,0.983923,3427,0.175096,0.816866,0.816866,EOCLINGO-L,0.813248
GraphColouring,0104-wgc-n80-d50-p39.asp,20029,3988,5.022317,25.223668,126.681253,0.199111,0.039645,0.007894,0.008038,0.816816,0.0,0.983923,3427,0.175096,0.816866,0.816866,EOCLINGO-L,0.809906
GraphColouring,0104-wgc-n80-d50-p49.asp,20029,3988,5.022317,25.223668,126.681253,0.199111,0.039645,0.007894,0.008038,0.816816,0.0,0.983923,3427,0.175096,0.816866,0.816866,EOCLINGO-L,0.809755
GraphColouring,0104-wgc-n80-d50-p60.asp,20029,3988,5.022317,25.223668,126.681253,0.199111,0.039645,0.007894,0.008038,0.816816,0.0,0.983923,3427,0.175096,0.816866,0.816866,CLINGO-AMO,0.417874
GraphColouring,0104-wgc-n80-d50-p71.asp,20029,3988,5.022317,25.223668,126.681253,0.199111,0.039645,0.007894,0.008038,0.816816,0.0,0.983923,3427,0.175096,0.816866,0.816866,CLINGO-AMO,0.178375
GraphColouring,0104-wgc-n80-d50-p78.asp,20029,3988,5.022317,25.223668,126.681253,0.199111,0.039645,0.007894,0.008038,0.816816,0.0,0.983923,3427,0.175096,0.816866,0.816866,CLINGO-AMO,0.141139
GraphColouring,0104-wgc-n80-d50-p91.asp,20029,3988,5.022317,25.223668,126.681253,0.199111,0.039645,0.007894,0.008038,0.816816,0.0,0.983923,3427,0.175096,0.816866,0.816866,AMOCLINGO-L,0.806777
GraphColouring,0105-wgc-n80-d50-p10.asp,19669,3928,5.007383,25.073883,125.554535,0.199705,0.039882,0.007965,0.008185,0.816513,0.0,0.983629,3367,0.17525,0.816564,0.816564,EOCLINGO-INF-MR,0.808512
GraphColouring,0105-wgc-n80-d50-p20.asp,19669,3928,5.007383,25.073883,125.554535,0.199705,0.039882,0.007965,0.008185,0.816513,0.0,0.983629,3367,0.17525,0.816564,0.816564,EOCLINGO-L,0.801673
GraphColouring,0105-wgc-n80-d50-p30.asp,19669,3928,5.007383,25.073883,125.554535,0.199705,0.039882,0.007965,0.008185,0.816513,0.0,0.983629,3367,0.17525,0.816564,0.816564,EOCLINGO-L,0.806658
GraphColouring,0105-wgc-n80-d50-p41.asp,19669,3928,5.007383,25.073883,125.554535,0.199705,0.039882,0.007965,0.008185,0.816513,0.0,0.983629,3367,0.17525,0.816564,0.816564,EOCLINGO-L,0.808575
GraphColouring,0105-wgc-n80-d50-p51.asp,19669,3928,5.007383,25.073883,125.554535,0.199705,0.039882,0.007965,0.008185,0.816513,0.0,0.983629,3367,0.17525,0.816564,0.816564,EOCLINGO-INF-MR,0.8038470000000001
GraphColouring,0105-wgc-n80-d50-p58.asp,19669,3928,5.007383,25.073883,125.554535,0.199705,0.039882,0.007965,0.008185,0.816513,0.0,0.983629,3367,0.17525,0.816564,0.816564,CLINGO-AMO,0.46843
GraphColouring,0105-wgc-n80-d50-p71.asp,19669,3928,5.007383,25.073883,125.554535,0.199705,0.039882,0.007965,0.008185,0.816513,0.0,0.983629,3367,0.17525,0.816564,0.816564,CLINGO-AMO,0.17527
GraphColouring,0105-wgc-n80-d50-p80.asp,19669,3928,5.007383,25.073883,125.554535,0.199705,0.039882,0.007965,0.008185,0.816513,0.0,0.983629,3367,0.17525,0.816564,0.816564,AMOCLINGO-L,0.803046
GraphColouring,0105-wgc-n80-d50-p91.asp,19669,3928,5.007383,25.073883,125.554535,0.199705,0.039882,0.007965,0.008185,0.816513,0.0,0.983629,3367,0.17525,0.816564,0.816564,EOCLINGO-L,0.802391
GraphColouring,0106-wgc-n80-d50-p21.asp,19861,3960,5.015404,25.154278,126.158866,0.199386,0.039755,0.007927,0.008106,0.816676,0.0,0.983787,3399,0.175167,0.816726,0.816726,EOCLINGO-INF-MR,0.805291
GraphColouring,0106-wgc-n80-d50-p31.asp,19861,3960,5.015404,25.154278,126.158866,0.199386,0.039755,0.007927,0.008106,0.816676,0.0,0.983787,3399,0.175167,0.816726,0.816726,EOCLINGO-INF-MR,0.807279
GraphColouring,0106-wgc-n80-d50-p39.asp,19861,3960,5.015404,25.154278,126.158866,0.199386,0.039755,0.007927,0.008106,0.816676,0.0,0.983787,3399,0.175167,0.816726,0.816726,EOCLINGO-INF-MR,0.807744
GraphColouring,0106-wgc-n80-d50-p50.asp,19861,3960,5.015404,25.154278,126.158866,0.199386,0.039755,0.007927,0.008106,0.816676,0.0,0.983787,3399,0.175167,0.816726,0.816726,EOCLINGO-INF-MR,0.80679
GraphColouring,0106-wgc-n80-d50-p59.asp,19861,3960,5.015404,25.154278,126.158866,0.199386,0.039755,0.007927,0.008106,0.816676,0.0,0.983787,3399,0.175167,0.816726,0.816726,CLINGO-AMO,0.447897
GraphColouring,0106-wgc-n80-d50-p68.asp,19861,3960,5.015404,25.154278,126.158866,0.199386,0.039755,0.007927,0.008106,0.816676,0.0,0.983787,3399,0.175167,0.816726,0.816726,CLINGO-AMO,0.213062
GraphColouring,0106-wgc-n80-d50-p8.asp,19861,3960,5.015404,25.154278,126.158866,0.199386,0.039755,0.007927,0.008106,0.816676,0.0,0.983787,3399,0.175167,0.816726,0.816726,CLINGO-AMO,0.125066
GraphColouring,0106-wgc-n80-d50-p80.asp,19861,3960,5.015404,25.154278,126.158866,0.199386,0.039755,0.007927,0.008106,0.816676,0.0,0.983787,3399,0.175167,0.816726,0.816726,CLINGO-AMO,0.14511
GraphColouring,0106-wgc-n80-d50-p88.asp,19861,3960,5.015404,25.154278,126.158866,0.199386,0.039755,0.007927,0.008106,0.816676,0.0,0.983787,3399,0.175167,0.816726,0.816726,AMOCLINGO-L,0.8038839999999999
GraphColouring,0107-wgc-n80-d50-p21.asp,18961,3810,4.97664,24.76695,123.256204,0.200939,0.040376,0.008113,0.008491,0.815885,0.0,0.983018,3249,0.175571,0.815938,0.815938,EOCLINGO-INF-MR,0.79479
GraphColouring,0107-wgc-n80-d50-p30.asp,18961,3810,4.97664,24.76695,123.256204,0.200939,0.040376,0.008113,0.008491,0.815885,0.0,0.983018,3249,0.175571,0.815938,0.815938,EOCLINGO-INF-MR,0.794372
GraphColouring,0107-wgc-n80-d50-p38.asp,18961,3810,4.97664,24.76695,123.256204,0.200939,0.040376,0.008113,0.008491,0.815885,0.0,0.983018,3249,0.175571,0.815938,0.815938,EOCLINGO-INF-MR,0.792504
GraphColouring,0107-wgc-n80-d50-p50.asp,18961,3810,4.97664,24.76695,123.256204,0.200939,0.040376,0.008113,0.008491,0.815885,0.0,0.983018,3249,0.175571,0.815938,0.815938,EOCLINGO-L,0.7879550000000001
GraphColouring,0107-wgc-n80-d50-p60.asp,18961,3810,4.97664,24.76695,123.256204,0.200939,0.040376,0.008113,0.008491,0.815885,0.0,0.983018,3249,0.175571,0.815938,0.815938,CLINGO-AMO,0.443826
GraphColouring,0107-wgc-n80-d50-p70.asp,18961,3810,4.97664,24.76695,123.256204,0.200939,0.040376,0.008113,0.008491,0.815885,0.0,0.983018,3249,0.175571,0.815938,0.815938,CLINGO-AMO,0.190656
GraphColouring,0107-wgc-n80-d50-p81.asp,18961,3810,4.97664,24.76695,123.256204,0.200939,0.040376,0.008113,0.008491,0.815885,0.0,0.983018,3249,0.175571,0.815938,0.815938,AMOCLINGO-L,0.78745
GraphColouring,0107-wgc-n80-d50-p9.asp,18961,3810,4.97664,24.76695,123.256204,0.200939,0.040376,0.008113,0.008491,0.815885,0.0,0.983018,3249,0.175571,0.815938,0.815938,WASP-AMO,0.160443
GraphColouring,0107-wgc-n80-d50-p90.asp,18961,3810,4.97664,24.76695,123.256204,0.200939,0.040376,0.008113,0.008491,0.815885,0.0,0.983018,3249,0.175571,0.815938,0.815938,EOCLINGO-L,0.789932
GraphColouring,0108-wgc-n80-d50-p10.asp,19285,3864,4.990942,24.909502,124.321882,0.200363,0.040145,0.008044,0.008348,0.816178,0.0,0.983303,3303,0.175421,0.81623,0.81623,WASP-AMO,0.331137
GraphColouring,0108-wgc-n80-d50-p19.asp,19285,3864,4.990942,24.909502,124.321882,0.200363,0.040145,0.008044,0.008348,0.816178,0.0,0.983303,3303,0.175421,0.81623,0.81623,EOCLINGO-L,0.801447
GraphColouring,0108-wgc-n80-d50-p29.asp,19285,3864,4.990942,24.909502,124.321882,0.200363,0.040145,0.008044,0.008348,0.816178,0.0,0.983303,3303,0.175421,0.81623,0.81623,EOCLINGO-INF-MR,0.801023
GraphColouring,0108-wgc-n80-d50-p39.asp,19285,3864,4.990942,24.909502,124.321882,0.200363,0.040145,0.008044,0.008348,0.816178,0.0,0.983303,3303,0.175421,0.81623,0.81623,EOCLINGO-INF-MR,0.797631
GraphColouring,0108-wgc-n80-d50-p48.asp,19285,3864,4.990942,24.909502,124.321882,0.200363,0.040145,0.008044,0.008348,0.816178,0.0,0.983303,3303,0.175421,0.81623,0.81623,EOCLINGO-L,0.800139
GraphColouring,0108-wgc-n80-d50-p60.asp,19285,3864,4.990942,24.909502,124.321882,0.200363,0.040145,0.008044,0.008348,0.816178,0.0,0.983303,3303,0.175421,0.81623,0.81623,CLINGO-AMO,0.40894
GraphColouring,0108-wgc-n80-d50-p69.asp,19285,3864,4.990942,24.909502,124.321882,0.200363,0.040145,0.008044,0.008348,0.816178,0.0,0.983303,3303,0.175421,0.81623,0.81623,CLINGO-AMO,0.247483
GraphColouring,0108-wgc-n80-d50-p78.asp,19285,3864,4.990942,24.909502,124.321882,0.200363,0.040145,0.008044,0.008348,0.816178,0.0,0.983303,3303,0.175421,0.81623,0.81623,CLINGO-AMO,0.157862
GraphColouring,0108-wgc-n80-d50-p88.asp,19285,3864,4.990942,24.909502,124.321882,0.200363,0.040145,0.008044,0.008348,0.816178,0.0,0.983303,3303,0.175421,0.81623,0.81623,AMOCLINGO-L,0.794187
GraphColouring,0109-wgc-n80-d50-p19.asp,19429,3888,4.997171,24.971716,124.787929,0.200113,0.040045,0.008014,0.008287,0.816306,0.0,0.983427,3327,0.175356,0.816357,0.816357,EOCLINGO-L,0.7996690000000001
GraphColouring,0109-wgc-n80-d50-p29.asp,19429,3888,4.997171,24.971716,124.787929,0.200113,0.040045,0.008014,0.008287,0.816306,0.0,0.983427,3327,0.175356,0.816357,0.816357,EOCLINGO-INF-MR,0.797011
GraphColouring,0109-wgc-n80-d50-p40.asp,19429,3888,4.997171,24.971716,124.787929,0.200113,0.040045,0.008014,0.008287,0.816306,0.0,0.983427,3327,0.175356,0.816357,0.816357,EOCLINGO-L,0.803859
GraphColouring,0109-wgc-n80-d50-p49.asp,19429,3888,4.997171,24.971716,124.787929,0.200113,0.040045,0.008014,0.008287,0.816306,0.0,0.983427,3327,0.175356,0.816357,0.816357,EOCLINGO-INF-MR,0.8006719999999999
GraphColouring,0109-wgc-n80-d50-p58.asp,19429,3888,4.997171,24.971716,124.787929,0.200113,0.040045,0.008014,0.008287,0.816306,0.0,0.983427,3327,0.175356,0.816357,0.816357,CLINGO-AMO,0.499585
GraphColouring,0109-wgc-n80-d50-p69.asp,19429,3888,4.997171,24.971716,124.787929,0.200113,0.040045,0.008014,0.008287,0.816306,0.0,0.983427,3327,0.175356,0.816357,0.816357,CLINGO-AMO,0.218988
GraphColouring,0109-wgc-n80-d50-p81.asp,19429,3888,4.997171,24.971716,124.787929,0.200113,0.040045,0.008014,0.008287,0.816306,0.0,0.983427,3327,0.175356,0.816357,0.816357,CLINGO-AMO,0.128355
GraphColouring,0109-wgc-n80-d50-p88.asp,19429,3888,4.997171,24.971716,124.787929,0.200113,0.040045,0.008014,0.008287,0.816306,0.0,0.983427,3327,0.175356,0.816357,0.816357,CLINGO-AMO,0.539613
GraphColouring,0109-wgc-n80-d50-p9.asp,19429,3888,4.997171,24.971716,124.787929,0.200113,0.040045,0.008014,0.008287,0.816306,0.0,0.983427,3327,0.175356,0.816357,0.816357,WASP-AMO,0.165338
GraphColouring,0110-wgc-n80-d50-p10.asp,19429,3888,4.997171,24.971716,124.787929,0.200113,0.040045,0.008014,0.008287,0.816306,0.0,0.983427,3327,0.175356,0.816357,0.816357,WASP-AMO,0.2105679999999999
GraphColouring,0110-wgc-n80-d50-p18.asp,19429,3888,4.997171,24.971716,124.787929,0.200113,0.040045,0.008014,0.008287,0.816306,0.0,0.983427,3327,0.175356,0.816357,0.816357,EOCLINGO-INF-MR,0.8038749999999999
GraphColouring,0110-wgc-n80-d50-p31.asp,19429,3888,4.997171,24.971716,124.787929,0.200113,0.040045,0.008014,0.008287,0.816306,0.0,0.983427,3327,0.175356,0.816357,0.816357,EOCLINGO-INF-MR,0.798539
GraphColouring,0110-wgc-n80-d50-p38.asp,19429,3888,4.997171,24.971716,124.787929,0.200113,0.040045,0.008014,0.008287,0.816306,0.0,0.983427,3327,0.175356,0.816357,0.816357,EOCLINGO-L,0.8039259999999999
GraphColouring,0110-wgc-n80-d50-p48.asp,19429,3888,4.997171,24.971716,124.787929,0.200113,0.040045,0.008014,0.008287,0.816306,0.0,0.983427,3327,0.175356,0.816357,0.816357,EOCLINGO-L,0.804132
GraphColouring,0110-wgc-n80-d50-p60.asp,19429,3888,4.997171,24.971716,124.787929,0.200113,0.040045,0.008014,0.008287,0.816306,0.0,0.983427,3327,0.175356,0.816357,0.816357,CLINGO-AMO,0.6327320000000001
GraphColouring,0110-wgc-n80-d50-p71.asp,19429,3888,4.997171,24.971716,124.787929,0.200113,0.040045,0.008014,0.008287,0.816306,0.0,0.983427,3327,0.175356,0.816357,0.816357,CLINGO-AMO,0.189901
GraphColouring,0110-wgc-n80-d50-p78.asp,19429,3888,4.997171,24.971716,124.787929,0.200113,0.040045,0.008014,0.008287,0.816306,0.0,0.983427,3327,0.175356,0.816357,0.816357,CLINGO-AMO,0.142291
GraphColouring,0110-wgc-n80-d50-p90.asp,19429,3888,4.997171,24.971716,124.787929,0.200113,0.040045,0.008014,0.008287,0.816306,0.0,0.983427,3327,0.175356,0.816357,0.816357,CLINGO-AMO,0.363977
GraphColouring,0111-wgc-n80-d70-p19.asp,26989,5148,5.242618,27.485049,144.093624,0.190744,0.036383,0.00694,0.005965,0.821075,0.0,0.988069,4587,0.172922,0.821112,0.821112,EOCLINGO-L,0.925487
GraphColouring,0111-wgc-n80-d70-p30.asp,26989,5148,5.242618,27.485049,144.093624,0.190744,0.036383,0.00694,0.005965,0.821075,0.0,0.988069,4587,0.172922,0.821112,0.821112,EOCLINGO-INF-MR,0.924256
GraphColouring,0111-wgc-n80-d70-p39.asp,26989,5148,5.242618,27.485049,144.093624,0.190744,0.036383,0.00694,0.005965,0.821075,0.0,0.988069,4587,0.172922,0.821112,0.821112,EOCLINGO-L,0.923042
GraphColouring,0111-wgc-n80-d70-p48.asp,26989,5148,5.242618,27.485049,144.093624,0.190744,0.036383,0.00694,0.005965,0.821075,0.0,0.988069,4587,0.172922,0.821112,0.821112,EOCLINGO-L,0.920581
GraphColouring,0111-wgc-n80-d70-p59.asp,26989,5148,5.242618,27.485049,144.093624,0.190744,0.036383,0.00694,0.005965,0.821075,0.0,0.988069,4587,0.172922,0.821112,0.821112,CLINGO-AMO,0.2028789999999999
GraphColouring,0111-wgc-n80-d70-p70.asp,26989,5148,5.242618,27.485049,144.093624,0.190744,0.036383,0.00694,0.005965,0.821075,0.0,0.988069,4587,0.172922,0.821112,0.821112,CLINGO-AMO,0.159246
GraphColouring,0111-wgc-n80-d70-p80.asp,26989,5148,5.242618,27.485049,144.093624,0.190744,0.036383,0.00694,0.005965,0.821075,0.0,0.988069,4587,0.172922,0.821112,0.821112,CLINGO-AMO,0.256565
GraphColouring,0111-wgc-n80-d70-p9.asp,26989,5148,5.242618,27.485049,144.093624,0.190744,0.036383,0.00694,0.005965,0.821075,0.0,0.988069,4587,0.172922,0.821112,0.821112,EOCLINGO-L,0.922372
GraphColouring,0111-wgc-n80-d70-p90.asp,26989,5148,5.242618,27.485049,144.093624,0.190744,0.036383,0.00694,0.005965,0.821075,0.0,0.988069,4587,0.172922,0.821112,0.821112,EOCLINGO-INF-MR,0.916932
GraphColouring,0112-wgc-n80-d70-p21.asp,27349,5208,5.251344,27.576615,144.814293,0.190427,0.036263,0.006905,0.005887,0.821237,0.0,0.988226,4647,0.17284,0.821273,0.821273,EOCLINGO-INF-MR,0.927321
GraphColouring,0112-wgc-n80-d70-p28.asp,27349,5208,5.251344,27.576615,144.814293,0.190427,0.036263,0.006905,0.005887,0.821237,0.0,0.988226,4647,0.17284,0.821273,0.821273,EOCLINGO-INF-MR,0.927792
GraphColouring,0112-wgc-n80-d70-p38.asp,27349,5208,5.251344,27.576615,144.814293,0.190427,0.036263,0.006905,0.005887,0.821237,0.0,0.988226,4647,0.17284,0.821273,0.821273,EOCLINGO-INF-MR,0.92547
GraphColouring,0112-wgc-n80-d70-p49.asp,27349,5208,5.251344,27.576615,144.814293,0.190427,0.036263,0.006905,0.005887,0.821237,0.0,0.988226,4647,0.17284,0.821273,0.821273,EOCLINGO-L,0.932936
GraphColouring,0112-wgc-n80-d70-p60.asp,27349,5208,5.251344,27.576615,144.814293,0.190427,0.036263,0.006905,0.005887,0.821237,0.0,0.988226,4647,0.17284,0.821273,0.821273,CLINGO-AMO,0.246381
GraphColouring,0112-wgc-n80-d70-p71.asp,27349,5208,5.251344,27.576615,144.814293,0.190427,0.036263,0.006905,0.005887,0.821237,0.0,0.988226,4647,0.17284,0.821273,0.821273,CLINGO-AMO,0.156674
GraphColouring,0112-wgc-n80-d70-p79.asp,27349,5208,5.251344,27.576615,144.814293,0.190427,0.036263,0.006905,0.005887,0.821237,0.0,0.988226,4647,0.17284,0.821273,0.821273,CLINGO-AMO,0.14785
GraphColouring,0112-wgc-n80-d70-p8.asp,27349,5208,5.251344,27.576615,144.814293,0.190427,0.036263,0.006905,0.005887,0.821237,0.0,0.988226,4647,0.17284,0.821273,0.821273,WASP-AMO,0.493456
GraphColouring,0112-wgc-n80-d70-p89.asp,27349,5208,5.251344,27.576615,144.814293,0.190427,0.036263,0.006905,0.005887,0.821237,0.0,0.988226,4647,0.17284,0.821273,0.821273,AMOCLINGO-L,0.922149
GraphColouring,0113-wgc-n80-d70-p11.asp,27337,5206,5.251056,27.573594,144.7905,0.190438,0.036267,0.006907,0.005889,0.821231,0.0,0.988221,4645,0.172843,0.821268,0.821268,EOCLINGO-INF-MR,0.930321
GraphColouring,0113-wgc-n80-d70-p20.asp,27337,5206,5.251056,27.573594,144.7905,0.190438,0.036267,0.006907,0.005889,0.821231,0.0,0.988221,4645,0.172843,0.821268,0.821268,EOCLINGO-INF-MR,0.923388
GraphColouring,0113-wgc-n80-d70-p31.asp,27337,5206,5.251056,27.573594,144.7905,0.190438,0.036267,0.006907,0.005889,0.821231,0.0,0.988221,4645,0.172843,0.821268,0.821268,EOCLINGO-INF-MR,0.927878
GraphColouring,0113-wgc-n80-d70-p38.asp,27337,5206,5.251056,27.573594,144.7905,0.190438,0.036267,0.006907,0.005889,0.821231,0.0,0.988221,4645,0.172843,0.821268,0.821268,EOCLINGO-L,0.929882
GraphColouring,0113-wgc-n80-d70-p50.asp,27337,5206,5.251056,27.573594,144.7905,0.190438,0.036267,0.006907,0.005889,0.821231,0.0,0.988221,4645,0.172843,0.821268,0.821268,CLINGO-AMO,0.8036
GraphColouring,0113-wgc-n80-d70-p58.asp,27337,5206,5.251056,27.573594,144.7905,0.190438,0.036267,0.006907,0.005889,0.821231,0.0,0.988221,4645,0.172843,0.821268,0.821268,CLINGO-AMO,0.249348
GraphColouring,0113-wgc-n80-d70-p68.asp,27337,5206,5.251056,27.573594,144.7905,0.190438,0.036267,0.006907,0.005889,0.821231,0.0,0.988221,4645,0.172843,0.821268,0.821268,CLINGO-AMO,0.168298
GraphColouring,0113-wgc-n80-d70-p78.asp,27337,5206,5.251056,27.573594,144.7905,0.190438,0.036267,0.006907,0.005889,0.821231,0.0,0.988221,4645,0.172843,0.821268,0.821268,CLINGO-AMO,0.1666869999999999
GraphColouring,0113-wgc-n80-d70-p91.asp,27337,5206,5.251056,27.573594,144.7905,0.190438,0.036267,0.006907,0.005889,0.821231,0.0,0.988221,4645,0.172843,0.821268,0.821268,AMOCLINGO-L,0.920232
GraphColouring,0114-wgc-n80-d70-p10.asp,27217,5186,5.248168,27.543269,144.551706,0.190543,0.036307,0.006918,0.005915,0.821178,0.0,0.988169,4625,0.17287,0.821215,0.821215,EOCLINGO-INF-MR,0.924367
GraphColouring,0114-wgc-n80-d70-p19.asp,27217,5186,5.248168,27.543269,144.551706,0.190543,0.036307,0.006918,0.005915,0.821178,0.0,0.988169,4625,0.17287,0.821215,0.821215,EOCLINGO-L,0.924335
GraphColouring,0114-wgc-n80-d70-p28.asp,27217,5186,5.248168,27.543269,144.551706,0.190543,0.036307,0.006918,0.005915,0.821178,0.0,0.988169,4625,0.17287,0.821215,0.821215,EOCLINGO-L,0.924878
GraphColouring,0114-wgc-n80-d70-p40.asp,27217,5186,5.248168,27.543269,144.551706,0.190543,0.036307,0.006918,0.005915,0.821178,0.0,0.988169,4625,0.17287,0.821215,0.821215,EOCLINGO-L,0.924328
GraphColouring,0114-wgc-n80-d70-p49.asp,27217,5186,5.248168,27.543269,144.551706,0.190543,0.036307,0.006918,0.005915,0.821178,0.0,0.988169,4625,0.17287,0.821215,0.821215,CLINGO-AMO,0.470133
GraphColouring,0114-wgc-n80-d70-p59.asp,27217,5186,5.248168,27.543269,144.551706,0.190543,0.036307,0.006918,0.005915,0.821178,0.0,0.988169,4625,0.17287,0.821215,0.821215,CLINGO-AMO,0.26492
GraphColouring,0114-wgc-n80-d70-p70.asp,27217,5186,5.248168,27.543269,144.551706,0.190543,0.036307,0.006918,0.005915,0.821178,0.0,0.988169,4625,0.17287,0.821215,0.821215,CLINGO-AMO,0.159558
GraphColouring,0114-wgc-n80-d70-p78.asp,27217,5186,5.248168,27.543269,144.551706,0.190543,0.036307,0.006918,0.005915,0.821178,0.0,0.988169,4625,0.17287,0.821215,0.821215,CLINGO-AMO,0.14885
GraphColouring,0114-wgc-n80-d70-p90.asp,27217,5186,5.248168,27.543269,144.551706,0.190543,0.036307,0.006918,0.005915,0.821178,0.0,0.988169,4625,0.17287,0.821215,0.821215,AMOCLINGO-L,0.925881
GraphColouring,0115-wgc-n80-d70-p20.asp,27577,5246,5.256767,27.6336,145.263398,0.190231,0.036188,0.006884,0.005838,0.821337,0.0,0.988324,4685,0.172789,0.821373,0.821373,EOCLINGO-INF-MR,0.93235
GraphColouring,0115-wgc-n80-d70-p31.asp,27577,5246,5.256767,27.6336,145.263398,0.190231,0.036188,0.006884,0.005838,0.821337,0.0,0.988324,4685,0.172789,0.821373,0.821373,EOCLINGO-L,0.926683
GraphColouring,0115-wgc-n80-d70-p40.asp,27577,5246,5.256767,27.6336,145.263398,0.190231,0.036188,0.006884,0.005838,0.821337,0.0,0.988324,4685,0.172789,0.821373,0.821373,EOCLINGO-L,0.932295
GraphColouring,0115-wgc-n80-d70-p49.asp,27577,5246,5.256767,27.6336,145.263398,0.190231,0.036188,0.006884,0.005838,0.821337,0.0,0.988324,4685,0.172789,0.821373,0.821373,CLINGO-AMO,0.659452
GraphColouring,0115-wgc-n80-d70-p58.asp,27577,5246,5.256767,27.6336,145.263398,0.190231,0.036188,0.006884,0.005838,0.821337,0.0,0.988324,4685,0.172789,0.821373,0.821373,CLINGO-AMO,0.255831
GraphColouring,0115-wgc-n80-d70-p71.asp,27577,5246,5.256767,27.6336,145.263398,0.190231,0.036188,0.006884,0.005838,0.821337,0.0,0.988324,4685,0.172789,0.821373,0.821373,CLINGO-AMO,0.161623
GraphColouring,0115-wgc-n80-d70-p8.asp,27577,5246,5.256767,27.6336,145.263398,0.190231,0.036188,0.006884,0.005838,0.821337,0.0,0.988324,4685,0.172789,0.821373,0.821373,EOCLINGO-L,0.929228
GraphColouring,0115-wgc-n80-d70-p81.asp,27577,5246,5.256767,27.6336,145.263398,0.190231,0.036188,0.006884,0.005838,0.821337,0.0,0.988324,4685,0.172789,0.821373,0.821373,CLINGO-AMO,0.135445
GraphColouring,0115-wgc-n80-d70-p90.asp,27577,5246,5.256767,27.6336,145.263398,0.190231,0.036188,0.006884,0.005838,0.821337,0.0,0.988324,4685,0.172789,0.821373,0.821373,AMOCLINGO-L,0.926652
GraphColouring,0116-wgc-n80-d70-p11.asp,27193,5182,5.247588,27.537178,144.503758,0.190564,0.036315,0.00692,0.005921,0.821167,0.0,0.988159,4621,0.172875,0.821204,0.821204,EOCLINGO-INF-MR,0.928681
GraphColouring,0116-wgc-n80-d70-p18.asp,27193,5182,5.247588,27.537178,144.503758,0.190564,0.036315,0.00692,0.005921,0.821167,0.0,0.988159,4621,0.172875,0.821204,0.821204,EOCLINGO-INF-MR,0.924889
GraphColouring,0116-wgc-n80-d70-p29.asp,27193,5182,5.247588,27.537178,144.503758,0.190564,0.036315,0.00692,0.005921,0.821167,0.0,0.988159,4621,0.172875,0.821204,0.821204,EOCLINGO-L,0.930854
GraphColouring,0116-wgc-n80-d70-p41.asp,27193,5182,5.247588,27.537178,144.503758,0.190564,0.036315,0.00692,0.005921,0.821167,0.0,0.988159,4621,0.172875,0.821204,0.821204,EOCLINGO-L,0.930191
GraphColouring,0116-wgc-n80-d70-p49.asp,27193,5182,5.247588,27.537178,144.503758,0.190564,0.036315,0.00692,0.005921,0.821167,0.0,0.988159,4621,0.172875,0.821204,0.821204,CLINGO-AMO,0.470704
GraphColouring,0116-wgc-n80-d70-p60.asp,27193,5182,5.247588,27.537178,144.503758,0.190564,0.036315,0.00692,0.005921,0.821167,0.0,0.988159,4621,0.172875,0.821204,0.821204,CLINGO-AMO,0.23721
GraphColouring,0116-wgc-n80-d70-p69.asp,27193,5182,5.247588,27.537178,144.503758,0.190564,0.036315,0.00692,0.005921,0.821167,0.0,0.988159,4621,0.172875,0.821204,0.821204,CLINGO-AMO,0.184713
GraphColouring,0116-wgc-n80-d70-p78.asp,27193,5182,5.247588,27.537178,144.503758,0.190564,0.036315,0.00692,0.005921,0.821167,0.0,0.988159,4621,0.172875,0.821204,0.821204,CLINGO-AMO,0.12685
GraphColouring,0116-wgc-n80-d70-p88.asp,27193,5182,5.247588,27.537178,144.503758,0.190564,0.036315,0.00692,0.005921,0.821167,0.0,0.988159,4621,0.172875,0.821204,0.821204,AMOCLINGO-L,0.920881
GraphColouring,0117-wgc-n80-d70-p10.asp,26773,5112,5.237285,27.429152,143.654283,0.190939,0.036458,0.006961,0.006014,0.820976,0.0,0.987973,4551,0.172973,0.821014,0.821014,EOCLINGO-L,0.918087
GraphColouring,0117-wgc-n80-d70-p20.asp,26773,5112,5.237285,27.429152,143.654283,0.190939,0.036458,0.006961,0.006014,0.820976,0.0,0.987973,4551,0.172973,0.821014,0.821014,EOCLINGO-L,0.916782
GraphColouring,0117-wgc-n80-d70-p31.asp,26773,5112,5.237285,27.429152,143.654283,0.190939,0.036458,0.006961,0.006014,0.820976,0.0,0.987973,4551,0.172973,0.821014,0.821014,EOCLINGO-L,0.915612
GraphColouring,0117-wgc-n80-d70-p39.asp,26773,5112,5.237285,27.429152,143.654283,0.190939,0.036458,0.006961,0.006014,0.820976,0.0,0.987973,4551,0.172973,0.821014,0.821014,EOCLINGO-L,0.917864
GraphColouring,0117-wgc-n80-d70-p50.asp,26773,5112,5.237285,27.429152,143.654283,0.190939,0.036458,0.006961,0.006014,0.820976,0.0,0.987973,4551,0.172973,0.821014,0.821014,CLINGO-AMO,0.353047
GraphColouring,0117-wgc-n80-d70-p59.asp,26773,5112,5.237285,27.429152,143.654283,0.190939,0.036458,0.006961,0.006014,0.820976,0.0,0.987973,4551,0.172973,0.821014,0.821014,CLINGO-AMO,0.245804
GraphColouring,0117-wgc-n80-d70-p68.asp,26773,5112,5.237285,27.429152,143.654283,0.190939,0.036458,0.006961,0.006014,0.820976,0.0,0.987973,4551,0.172973,0.821014,0.821014,CLINGO-AMO,0.165764
GraphColouring,0117-wgc-n80-d70-p80.asp,26773,5112,5.237285,27.429152,143.654283,0.190939,0.036458,0.006961,0.006014,0.820976,0.0,0.987973,4551,0.172973,0.821014,0.821014,CLINGO-AMO,0.124887
GraphColouring,0117-wgc-n80-d70-p89.asp,26773,5112,5.237285,27.429152,143.654283,0.190939,0.036458,0.006961,0.006014,0.820976,0.0,0.987973,4551,0.172973,0.821014,0.821014,EOCLINGO-INF-MR,0.91639
GraphColouring,0118-wgc-n80-d70-p10.asp,27205,5184,5.247878,27.540224,144.52774,0.190553,0.036311,0.006919,0.005918,0.821173,0.0,0.988164,4623,0.172873,0.821209,0.821209,EOCLINGO-L,0.920456
GraphColouring,0118-wgc-n80-d70-p21.asp,27205,5184,5.247878,27.540224,144.52774,0.190553,0.036311,0.006919,0.005918,0.821173,0.0,0.988164,4623,0.172873,0.821209,0.821209,EOCLINGO-INF-MR,0.922516
GraphColouring,0118-wgc-n80-d70-p29.asp,27205,5184,5.247878,27.540224,144.52774,0.190553,0.036311,0.006919,0.005918,0.821173,0.0,0.988164,4623,0.172873,0.821209,0.821209,EOCLINGO-L,0.921636
GraphColouring,0118-wgc-n80-d70-p39.asp,27205,5184,5.247878,27.540224,144.52774,0.190553,0.036311,0.006919,0.005918,0.821173,0.0,0.988164,4623,0.172873,0.821209,0.821209,EOCLINGO-L,0.931649
GraphColouring,0118-wgc-n80-d70-p51.asp,27205,5184,5.247878,27.540224,144.52774,0.190553,0.036311,0.006919,0.005918,0.821173,0.0,0.988164,4623,0.172873,0.821209,0.821209,CLINGO-AMO,0.625792
GraphColouring,0118-wgc-n80-d70-p60.asp,27205,5184,5.247878,27.540224,144.52774,0.190553,0.036311,0.006919,0.005918,0.821173,0.0,0.988164,4623,0.172873,0.821209,0.821209,CLINGO-AMO,0.1906199999999999
GraphColouring,0118-wgc-n80-d70-p68.asp,27205,5184,5.247878,27.540224,144.52774,0.190553,0.036311,0.006919,0.005918,0.821173,0.0,0.988164,4623,0.172873,0.821209,0.821209,CLINGO-AMO,0.186541
GraphColouring,0118-wgc-n80-d70-p78.asp,27205,5184,5.247878,27.540224,144.52774,0.190553,0.036311,0.006919,0.005918,0.821173,0.0,0.988164,4623,0.172873,0.821209,0.821209,CLINGO-AMO,0.125564
GraphColouring,0118-wgc-n80-d70-p88.asp,27205,5184,5.247878,27.540224,144.52774,0.190553,0.036311,0.006919,0.005918,0.821173,0.0,0.988164,4623,0.172873,0.821209,0.821209,CLINGO-AMO,0.125162
GraphColouring,0119-wgc-n80-d70-p10.asp,26893,5132,5.240257,27.460296,143.899012,0.19083,0.036416,0.006949,0.005987,0.821031,0.0,0.988027,4571,0.172945,0.821069,0.821069,EOCLINGO-L,0.920356
GraphColouring,0119-wgc-n80-d70-p19.asp,26893,5132,5.240257,27.460296,143.899012,0.19083,0.036416,0.006949,0.005987,0.821031,0.0,0.988027,4571,0.172945,0.821069,0.821069,EOCLINGO-INF-MR,0.919985
GraphColouring,0119-wgc-n80-d70-p28.asp,26893,5132,5.240257,27.460296,143.899012,0.19083,0.036416,0.006949,0.005987,0.821031,0.0,0.988027,4571,0.172945,0.821069,0.821069,EOCLINGO-INF-MR,0.920436
GraphColouring,0119-wgc-n80-d70-p39.asp,26893,5132,5.240257,27.460296,143.899012,0.19083,0.036416,0.006949,0.005987,0.821031,0.0,0.988027,4571,0.172945,0.821069,0.821069,EOCLINGO-INF-MR,0.921978
GraphColouring,0119-wgc-n80-d70-p51.asp,26893,5132,5.240257,27.460296,143.899012,0.19083,0.036416,0.006949,0.005987,0.821031,0.0,0.988027,4571,0.172945,0.821069,0.821069,CLINGO-AMO,0.4329579999999999
GraphColouring,0119-wgc-n80-d70-p61.asp,26893,5132,5.240257,27.460296,143.899012,0.19083,0.036416,0.006949,0.005987,0.821031,0.0,0.988027,4571,0.172945,0.821069,0.821069,CLINGO-AMO,0.201876
GraphColouring,0119-wgc-n80-d70-p68.asp,26893,5132,5.240257,27.460296,143.899012,0.19083,0.036416,0.006949,0.005987,0.821031,0.0,0.988027,4571,0.172945,0.821069,0.821069,CLINGO-AMO,0.16107
GraphColouring,0119-wgc-n80-d70-p79.asp,26893,5132,5.240257,27.460296,143.899012,0.19083,0.036416,0.006949,0.005987,0.821031,0.0,0.988027,4571,0.172945,0.821069,0.821069,CLINGO-AMO,0.222165
GraphColouring,0119-wgc-n80-d70-p90.asp,26893,5132,5.240257,27.460296,143.899012,0.19083,0.036416,0.006949,0.005987,0.821031,0.0,0.988027,4571,0.172945,0.821069,0.821069,EOCLINGO-L,0.915777
GraphColouring,0120-wgc-n80-d70-p10.asp,27229,5188,5.248458,27.546311,144.575657,0.190532,0.036303,0.006917,0.005913,0.821183,0.0,0.988174,4627,0.172867,0.82122,0.82122,EOCLINGO-L,0.925857
GraphColouring,0120-wgc-n80-d70-p20.asp,27229,5188,5.248458,27.546311,144.575657,0.190532,0.036303,0.006917,0.005913,0.821183,0.0,0.988174,4627,0.172867,0.82122,0.82122,EOCLINGO-L,0.922756
GraphColouring,0120-wgc-n80-d70-p28.asp,27229,5188,5.248458,27.546311,144.575657,0.190532,0.036303,0.006917,0.005913,0.821183,0.0,0.988174,4627,0.172867,0.82122,0.82122,EOCLINGO-L,0.922709
GraphColouring,0120-wgc-n80-d70-p40.asp,27229,5188,5.248458,27.546311,144.575657,0.190532,0.036303,0.006917,0.005913,0.821183,0.0,0.988174,4627,0.172867,0.82122,0.82122,EOCLINGO-INF-MR,0.923412
GraphColouring,0120-wgc-n80-d70-p51.asp,27229,5188,5.248458,27.546311,144.575657,0.190532,0.036303,0.006917,0.005913,0.821183,0.0,0.988174,4627,0.172867,0.82122,0.82122,CLINGO-AMO,0.252113
GraphColouring,0120-wgc-n80-d70-p59.asp,27229,5188,5.248458,27.546311,144.575657,0.190532,0.036303,0.006917,0.005913,0.821183,0.0,0.988174,4627,0.172867,0.82122,0.82122,CLINGO-AMO,0.244209
GraphColouring,0120-wgc-n80-d70-p69.asp,27229,5188,5.248458,27.546311,144.575657,0.190532,0.036303,0.006917,0.005913,0.821183,0.0,0.988174,4627,0.172867,0.82122,0.82122,CLINGO-AMO,0.1594789999999999
GraphColouring,0120-wgc-n80-d70-p80.asp,27229,5188,5.248458,27.546311,144.575657,0.190532,0.036303,0.006917,0.005913,0.821183,0.0,0.988174,4627,0.172867,0.82122,0.82122,CLINGO-AMO,0.124262
GraphColouring,0120-wgc-n80-d70-p89.asp,27229,5188,5.248458,27.546311,144.575657,0.190532,0.036303,0.006917,0.005913,0.821183,0.0,0.988174,4627,0.172867,0.82122,0.82122,AMOCLINGO-L,0.923114
GraphColouring,0121-wgc-n100-d30-p19.asp,17953,3802,4.721988,22.297175,105.287001,0.211775,0.044849,0.009498,0.011196,0.81045,0.0,0.977608,3101,0.178299,0.810505,0.810505,EOCLINGO-L,0.784324
GraphColouring,0121-wgc-n100-d30-p29.asp,17953,3802,4.721988,22.297175,105.287001,0.211775,0.044849,0.009498,0.011196,0.81045,0.0,0.977608,3101,0.178299,0.810505,0.810505,EOCLINGO-INF-MR,0.787987
GraphColouring,0121-wgc-n100-d30-p39.asp,17953,3802,4.721988,22.297175,105.287001,0.211775,0.044849,0.009498,0.011196,0.81045,0.0,0.977608,3101,0.178299,0.810505,0.810505,EOCLINGO-INF-MR,0.784808
GraphColouring,0121-wgc-n100-d30-p49.asp,17953,3802,4.721988,22.297175,105.287001,0.211775,0.044849,0.009498,0.011196,0.81045,0.0,0.977608,3101,0.178299,0.810505,0.810505,EOCLINGO-L,0.7854990000000001
GraphColouring,0121-wgc-n100-d30-p58.asp,17953,3802,4.721988,22.297175,105.287001,0.211775,0.044849,0.009498,0.011196,0.81045,0.0,0.977608,3101,0.178299,0.810505,0.810505,EOCLINGO-L,0.7883169999999999
GraphColouring,0121-wgc-n100-d30-p68.asp,17953,3802,4.721988,22.297175,105.287001,0.211775,0.044849,0.009498,0.011196,0.81045,0.0,0.977608,3101,0.178299,0.810505,0.810505,AMOCLINGO-L,0.7873680000000001
GraphColouring,0121-wgc-n100-d30-p78.asp,17953,3802,4.721988,22.297175,105.287001,0.211775,0.044849,0.009498,0.011196,0.81045,0.0,0.977608,3101,0.178299,0.810505,0.810505,CLINGO-AMO,0.7252449999999999
GraphColouring,0121-wgc-n100-d30-p8.asp,17953,3802,4.721988,22.297175,105.287001,0.211775,0.044849,0.009498,0.011196,0.81045,0.0,0.977608,3101,0.178299,0.810505,0.810505,WASP-AMO,0.14634
GraphColouring,0121-wgc-n100-d30-p91.asp,17953,3802,4.721988,22.297175,105.287001,0.211775,0.044849,0.009498,0.011196,0.81045,0.0,0.977608,3101,0.178299,0.810505,0.810505,CLINGO-AMO,0.199381
GraphColouring,0122-wgc-n100-d30-p20.asp,18361,3870,4.744444,22.509753,106.796273,0.210773,0.044425,0.009364,0.010947,0.810958,0.0,0.978106,3169,0.17804,0.811012,0.811012,EOCLINGO-L,0.790591
GraphColouring,0122-wgc-n100-d30-p28.asp,18361,3870,4.744444,22.509753,106.796273,0.210773,0.044425,0.009364,0.010947,0.810958,0.0,0.978106,3169,0.17804,0.811012,0.811012,EOCLINGO-L,0.786527
GraphColouring,0122-wgc-n100-d30-p38.asp,18361,3870,4.744444,22.509753,106.796273,0.210773,0.044425,0.009364,0.010947,0.810958,0.0,0.978106,3169,0.17804,0.811012,0.811012,EOCLINGO-INF-MR,0.792425
GraphColouring,0122-wgc-n100-d30-p50.asp,18361,3870,4.744444,22.509753,106.796273,0.210773,0.044425,0.009364,0.010947,0.810958,0.0,0.978106,3169,0.17804,0.811012,0.811012,EOCLINGO-INF-MR,0.790337
GraphColouring,0122-wgc-n100-d30-p61.asp,18361,3870,4.744444,22.509753,106.796273,0.210773,0.044425,0.009364,0.010947,0.810958,0.0,0.978106,3169,0.17804,0.811012,0.811012,EOCLINGO-INF-MR,0.79337
GraphColouring,0122-wgc-n100-d30-p70.asp,18361,3870,4.744444,22.509753,106.796273,0.210773,0.044425,0.009364,0.010947,0.810958,0.0,0.978106,3169,0.17804,0.811012,0.811012,AMOCLINGO-L,0.7908029999999999
GraphColouring,0122-wgc-n100-d30-p79.asp,18361,3870,4.744444,22.509753,106.796273,0.210773,0.044425,0.009364,0.010947,0.810958,0.0,0.978106,3169,0.17804,0.811012,0.811012,CLINGO-AMO,0.501551
GraphColouring,0122-wgc-n100-d30-p89.asp,18361,3870,4.744444,22.509753,106.796273,0.210773,0.044425,0.009364,0.010947,0.810958,0.0,0.978106,3169,0.17804,0.811012,0.811012,CLINGO-AMO,0.224964
GraphColouring,0122-wgc-n100-d30-p9.asp,18361,3870,4.744444,22.509753,106.796273,0.210773,0.044425,0.009364,0.010947,0.810958,0.0,0.978106,3169,0.17804,0.811012,0.811012,WASP-AMO,0.159505
GraphColouring,0123-wgc-n100-d30-p21.asp,18709,3928,4.762984,22.686014,108.053114,0.209952,0.04408,0.009255,0.010743,0.811374,0.0,0.978513,3227,0.177829,0.811428,0.811428,EOCLINGO-INF-MR,0.797425
GraphColouring,0123-wgc-n100-d30-p28.asp,18709,3928,4.762984,22.686014,108.053114,0.209952,0.04408,0.009255,0.010743,0.811374,0.0,0.978513,3227,0.177829,0.811428,0.811428,EOCLINGO-INF-MR,0.800892
GraphColouring,0123-wgc-n100-d30-p40.asp,18709,3928,4.762984,22.686014,108.053114,0.209952,0.04408,0.009255,0.010743,0.811374,0.0,0.978513,3227,0.177829,0.811428,0.811428,EOCLINGO-L,0.7982980000000001
GraphColouring,0123-wgc-n100-d30-p48.asp,18709,3928,4.762984,22.686014,108.053114,0.209952,0.04408,0.009255,0.010743,0.811374,0.0,0.978513,3227,0.177829,0.811428,0.811428,AMOCLINGO-L,0.98612
GraphColouring,0123-wgc-n100-d30-p60.asp,18709,3928,4.762984,22.686014,108.053114,0.209952,0.04408,0.009255,0.010743,0.811374,0.0,0.978513,3227,0.177829,0.811428,0.811428,EOCLINGO-L,0.807584
GraphColouring,0123-wgc-n100-d30-p69.asp,18709,3928,4.762984,22.686014,108.053114,0.209952,0.04408,0.009255,0.010743,0.811374,0.0,0.978513,3227,0.177829,0.811428,0.811428,EOCLINGO-L,0.79709
GraphColouring,0123-wgc-n100-d30-p78.asp,18709,3928,4.762984,22.686014,108.053114,0.209952,0.04408,0.009255,0.010743,0.811374,0.0,0.978513,3227,0.177829,0.811428,0.811428,CLINGO-AMO,0.592754
GraphColouring,0123-wgc-n100-d30-p89.asp,18709,3928,4.762984,22.686014,108.053114,0.209952,0.04408,0.009255,0.010743,0.811374,0.0,0.978513,3227,0.177829,0.811428,0.811428,CLINGO-AMO,0.215879
GraphColouring,0123-wgc-n100-d30-p9.asp,18709,3928,4.762984,22.686014,108.053114,0.209952,0.04408,0.009255,0.010743,0.811374,0.0,0.978513,3227,0.177829,0.811428,0.811428,WASP-AMO,0.14912
GraphColouring,0124-wgc-n100-d30-p10.asp,18517,3896,4.752823,22.58933,107.363098,0.210401,0.044269,0.009314,0.010855,0.811147,0.0,0.97829,3195,0.177945,0.811201,0.811201,WASP-AMO,0.1734149999999999
GraphColouring,0124-wgc-n100-d30-p21.asp,18517,3896,4.752823,22.58933,107.363098,0.210401,0.044269,0.009314,0.010855,0.811147,0.0,0.97829,3195,0.177945,0.811201,0.811201,EOCLINGO-INF-MR,0.791881
GraphColouring,0124-wgc-n100-d30-p29.asp,18517,3896,4.752823,22.58933,107.363098,0.210401,0.044269,0.009314,0.010855,0.811147,0.0,0.97829,3195,0.177945,0.811201,0.811201,EOCLINGO-L,0.790137
GraphColouring,0124-wgc-n100-d30-p39.asp,18517,3896,4.752823,22.58933,107.363098,0.210401,0.044269,0.009314,0.010855,0.811147,0.0,0.97829,3195,0.177945,0.811201,0.811201,EOCLINGO-L,0.79864
GraphColouring,0124-wgc-n100-d30-p50.asp,18517,3896,4.752823,22.58933,107.363098,0.210401,0.044269,0.009314,0.010855,0.811147,0.0,0.97829,3195,0.177945,0.811201,0.811201,EOCLINGO-L,0.944346
GraphColouring,0124-wgc-n100-d30-p60.asp,18517,3896,4.752823,22.58933,107.363098,0.210401,0.044269,0.009314,0.010855,0.811147,0.0,0.97829,3195,0.177945,0.811201,0.811201,EOCLINGO-L,0.8023980000000001
GraphColouring,0124-wgc-n100-d30-p68.asp,18517,3896,4.752823,22.58933,107.363098,0.210401,0.044269,0.009314,0.010855,0.811147,0.0,0.97829,3195,0.177945,0.811201,0.811201,EOCLINGO-L,0.797089
GraphColouring,0124-wgc-n100-d30-p79.asp,18517,3896,4.752823,22.58933,107.363098,0.210401,0.044269,0.009314,0.010855,0.811147,0.0,0.97829,3195,0.177945,0.811201,0.811201,CLINGO-AMO,0.554518
GraphColouring,0124-wgc-n100-d30-p90.asp,18517,3896,4.752823,22.58933,107.363098,0.210401,0.044269,0.009314,0.010855,0.811147,0.0,0.97829,3195,0.177945,0.811201,0.811201,CLINGO-AMO,0.192731
GraphColouring,0125-wgc-n100-d30-p21.asp,18541,3900,4.754103,22.601491,107.449807,0.210345,0.044245,0.009307,0.010841,0.811175,0.0,0.978318,3199,0.17793,0.811229,0.811229,EOCLINGO-INF-MR,0.7956949999999999
GraphColouring,0125-wgc-n100-d30-p29.asp,18541,3900,4.754103,22.601491,107.449807,0.210345,0.044245,0.009307,0.010841,0.811175,0.0,0.978318,3199,0.17793,0.811229,0.811229,EOCLINGO-INF-MR,0.791792
GraphColouring,0125-wgc-n100-d30-p38.asp,18541,3900,4.754103,22.601491,107.449807,0.210345,0.044245,0.009307,0.010841,0.811175,0.0,0.978318,3199,0.17793,0.811229,0.811229,EOCLINGO-L,0.797407
GraphColouring,0125-wgc-n100-d30-p48.asp,18541,3900,4.754103,22.601491,107.449807,0.210345,0.044245,0.009307,0.010841,0.811175,0.0,0.978318,3199,0.17793,0.811229,0.811229,EOCLINGO-L,0.794628
GraphColouring,0125-wgc-n100-d30-p61.asp,18541,3900,4.754103,22.601491,107.449807,0.210345,0.044245,0.009307,0.010841,0.811175,0.0,0.978318,3199,0.17793,0.811229,0.811229,EOCLINGO-L,0.79806
GraphColouring,0125-wgc-n100-d30-p68.asp,18541,3900,4.754103,22.601491,107.449807,0.210345,0.044245,0.009307,0.010841,0.811175,0.0,0.978318,3199,0.17793,0.811229,0.811229,AMOCLINGO-L,0.794742
GraphColouring,0125-wgc-n100-d30-p79.asp,18541,3900,4.754103,22.601491,107.449807,0.210345,0.044245,0.009307,0.010841,0.811175,0.0,0.978318,3199,0.17793,0.811229,0.811229,AMOCLINGO-L,0.7961860000000001
GraphColouring,0125-wgc-n100-d30-p8.asp,18541,3900,4.754103,22.601491,107.449807,0.210345,0.044245,0.009307,0.010841,0.811175,0.0,0.978318,3199,0.17793,0.811229,0.811229,WASP-AMO,0.152988
GraphColouring,0125-wgc-n100-d30-p91.asp,18541,3900,4.754103,22.601491,107.449807,0.210345,0.044245,0.009307,0.010841,0.811175,0.0,0.978318,3199,0.17793,0.811229,0.811229,CLINGO-AMO,0.195767
GraphColouring,0126-wgc-n100-d30-p11.asp,18445,3884,4.74897,22.552717,107.102181,0.210572,0.044341,0.009337,0.010897,0.81106,0.0,0.978205,3183,0.177989,0.811114,0.811114,WASP-AMO,0.539198
GraphColouring,0126-wgc-n100-d30-p18.asp,18445,3884,4.74897,22.552717,107.102181,0.210572,0.044341,0.009337,0.010897,0.81106,0.0,0.978205,3183,0.177989,0.811114,0.811114,EOCLINGO-INF-MR,0.7953669999999999
GraphColouring,0126-wgc-n100-d30-p30.asp,18445,3884,4.74897,22.552717,107.102181,0.210572,0.044341,0.009337,0.010897,0.81106,0.0,0.978205,3183,0.177989,0.811114,0.811114,EOCLINGO-L,0.792856
GraphColouring,0126-wgc-n100-d30-p41.asp,18445,3884,4.74897,22.552717,107.102181,0.210572,0.044341,0.009337,0.010897,0.81106,0.0,0.978205,3183,0.177989,0.811114,0.811114,EOCLINGO-INF-MR,0.789423
GraphColouring,0126-wgc-n100-d30-p50.asp,18445,3884,4.74897,22.552717,107.102181,0.210572,0.044341,0.009337,0.010897,0.81106,0.0,0.978205,3183,0.177989,0.811114,0.811114,EOCLINGO-L,0.798099
GraphColouring,0126-wgc-n100-d30-p60.asp,18445,3884,4.74897,22.552717,107.102181,0.210572,0.044341,0.009337,0.010897,0.81106,0.0,0.978205,3183,0.177989,0.811114,0.811114,EOCLINGO-L,0.798372
GraphColouring,0126-wgc-n100-d30-p71.asp,18445,3884,4.74897,22.552717,107.102181,0.210572,0.044341,0.009337,0.010897,0.81106,0.0,0.978205,3183,0.177989,0.811114,0.811114,EOCLINGO-L,0.793353
GraphColouring,0126-wgc-n100-d30-p81.asp,18445,3884,4.74897,22.552717,107.102181,0.210572,0.044341,0.009337,0.010897,0.81106,0.0,0.978205,3183,0.177989,0.811114,0.811114,CLINGO-AMO,0.349924
GraphColouring,0126-wgc-n100-d30-p91.asp,18445,3884,4.74897,22.552717,107.102181,0.210572,0.044341,0.009337,0.010897,0.81106,0.0,0.978205,3183,0.177989,0.811114,0.811114,CLINGO-AMO,0.186599
GraphColouring,0127-wgc-n100-d30-p10.asp,18625,3914,4.758559,22.643884,107.752258,0.210148,0.044162,0.009281,0.010792,0.811275,0.0,0.978416,3213,0.177879,0.811329,0.811329,WASP-AMO,0.177468
GraphColouring,0127-wgc-n100-d30-p20.asp,18625,3914,4.758559,22.643884,107.752258,0.210148,0.044162,0.009281,0.010792,0.811275,0.0,0.978416,3213,0.177879,0.811329,0.811329,EOCLINGO-INF-MR,0.798742
GraphColouring,0127-wgc-n100-d30-p28.asp,18625,3914,4.758559,22.643884,107.752258,0.210148,0.044162,0.009281,0.010792,0.811275,0.0,0.978416,3213,0.177879,0.811329,0.811329,EOCLINGO-INF-MR,0.7976479999999999
GraphColouring,0127-wgc-n100-d30-p39.asp,18625,3914,4.758559,22.643884,107.752258,0.210148,0.044162,0.009281,0.010792,0.811275,0.0,0.978416,3213,0.177879,0.811329,0.811329,AMOCLINGO-L,2.631647
GraphColouring,0127-wgc-n100-d30-p50.asp,18625,3914,4.758559,22.643884,107.752258,0.210148,0.044162,0.009281,0.010792,0.811275,0.0,0.978416,3213,0.177879,0.811329,0.811329,EOCLINGO-L,0.911763
GraphColouring,0127-wgc-n100-d30-p61.asp,18625,3914,4.758559,22.643884,107.752258,0.210148,0.044162,0.009281,0.010792,0.811275,0.0,0.978416,3213,0.177879,0.811329,0.811329,EOCLINGO-L,0.805311
GraphColouring,0127-wgc-n100-d30-p70.asp,18625,3914,4.758559,22.643884,107.752258,0.210148,0.044162,0.009281,0.010792,0.811275,0.0,0.978416,3213,0.177879,0.811329,0.811329,EOCLINGO-L,0.794764
GraphColouring,0127-wgc-n100-d30-p79.asp,18625,3914,4.758559,22.643884,107.752258,0.210148,0.044162,0.009281,0.010792,0.811275,0.0,0.978416,3213,0.177879,0.811329,0.811329,EOCLINGO-L,0.7969109999999999
GraphColouring,0127-wgc-n100-d30-p88.asp,18625,3914,4.758559,22.643884,107.752258,0.210148,0.044162,0.009281,0.010792,0.811275,0.0,0.978416,3213,0.177879,0.811329,0.811329,CLINGO-AMO,0.218168
GraphColouring,0128-wgc-n100-d30-p10.asp,18397,3876,4.746388,22.528199,106.927576,0.210687,0.044389,0.009352,0.010926,0.811002,0.0,0.978149,3175,0.178018,0.811056,0.811056,CLINGO-AMO,0.157917
GraphColouring,0128-wgc-n100-d30-p21.asp,18397,3876,4.746388,22.528199,106.927576,0.210687,0.044389,0.009352,0.010926,0.811002,0.0,0.978149,3175,0.178018,0.811056,0.811056,EOCLINGO-INF-MR,0.793017
GraphColouring,0128-wgc-n100-d30-p30.asp,18397,3876,4.746388,22.528199,106.927576,0.210687,0.044389,0.009352,0.010926,0.811002,0.0,0.978149,3175,0.178018,0.811056,0.811056,EOCLINGO-L,0.7925099999999999
GraphColouring,0128-wgc-n100-d30-p40.asp,18397,3876,4.746388,22.528199,106.927576,0.210687,0.044389,0.009352,0.010926,0.811002,0.0,0.978149,3175,0.178018,0.811056,0.811056,EOCLINGO-INF-MR,0.793856
GraphColouring,0128-wgc-n100-d30-p48.asp,18397,3876,4.746388,22.528199,106.927576,0.210687,0.044389,0.009352,0.010926,0.811002,0.0,0.978149,3175,0.178018,0.811056,0.811056,EOCLINGO-L,0.7933239999999999
GraphColouring,0128-wgc-n100-d30-p58.asp,18397,3876,4.746388,22.528199,106.927576,0.210687,0.044389,0.009352,0.010926,0.811002,0.0,0.978149,3175,0.178018,0.811056,0.811056,EOCLINGO-L,0.814269
GraphColouring,0128-wgc-n100-d30-p68.asp,18397,3876,4.746388,22.528199,106.927576,0.210687,0.044389,0.009352,0.010926,0.811002,0.0,0.978149,3175,0.178018,0.811056,0.811056,AMOCLINGO-L,0.794872
GraphColouring,0128-wgc-n100-d30-p79.asp,18397,3876,4.746388,22.528199,106.927576,0.210687,0.044389,0.009352,0.010926,0.811002,0.0,0.978149,3175,0.178018,0.811056,0.811056,CLINGO-AMO,0.5705020000000001
GraphColouring,0128-wgc-n100-d30-p88.asp,18397,3876,4.746388,22.528199,106.927576,0.210687,0.044389,0.009352,0.010926,0.811002,0.0,0.978149,3175,0.178018,0.811056,0.811056,CLINGO-AMO,0.237693
GraphColouring,0129-wgc-n100-d30-p10.asp,18409,3878,4.747035,22.534337,106.971277,0.210658,0.044377,0.009348,0.010919,0.811016,0.0,0.978163,3177,0.178011,0.811071,0.811071,WASP-AMO,0.310164
GraphColouring,0129-wgc-n100-d30-p18.asp,18409,3878,4.747035,22.534337,106.971277,0.210658,0.044377,0.009348,0.010919,0.811016,0.0,0.978163,3177,0.178011,0.811071,0.811071,EOCLINGO-INF-MR,0.792788
GraphColouring,0129-wgc-n100-d30-p31.asp,18409,3878,4.747035,22.534337,106.971277,0.210658,0.044377,0.009348,0.010919,0.811016,0.0,0.978163,3177,0.178011,0.811071,0.811071,EOCLINGO-L,0.79322
GraphColouring,0129-wgc-n100-d30-p38.asp,18409,3878,4.747035,22.534337,106.971277,0.210658,0.044377,0.009348,0.010919,0.811016,0.0,0.978163,3177,0.178011,0.811071,0.811071,EOCLINGO-L,0.792297
GraphColouring,0129-wgc-n100-d30-p51.asp,18409,3878,4.747035,22.534337,106.971277,0.210658,0.044377,0.009348,0.010919,0.811016,0.0,0.978163,3177,0.178011,0.811071,0.811071,EOCLINGO-L,0.871474
GraphColouring,0129-wgc-n100-d30-p60.asp,18409,3878,4.747035,22.534337,106.971277,0.210658,0.044377,0.009348,0.010919,0.811016,0.0,0.978163,3177,0.178011,0.811071,0.811071,EOCLINGO-L,0.801691
GraphColouring,0129-wgc-n100-d30-p70.asp,18409,3878,4.747035,22.534337,106.971277,0.210658,0.044377,0.009348,0.010919,0.811016,0.0,0.978163,3177,0.178011,0.811071,0.811071,AMOCLINGO-L,0.790497
GraphColouring,0129-wgc-n100-d30-p80.asp,18409,3878,4.747035,22.534337,106.971277,0.210658,0.044377,0.009348,0.010919,0.811016,0.0,0.978163,3177,0.178011,0.811071,0.811071,CLINGO-AMO,0.457922
GraphColouring,0129-wgc-n100-d30-p90.asp,18409,3878,4.747035,22.534337,106.971277,0.210658,0.044377,0.009348,0.010919,0.811016,0.0,0.978163,3177,0.178011,0.811071,0.811071,CLINGO-AMO,0.202619
GraphColouring,0130-wgc-n100-d30-p11.asp,18841,3950,4.769873,22.751692,108.522693,0.209649,0.043953,0.009215,0.010668,0.811528,0.0,0.978664,3249,0.177751,0.811581,0.811581,CLINGO-AMO,0.293664
GraphColouring,0130-wgc-n100-d30-p21.asp,18841,3950,4.769873,22.751692,108.522693,0.209649,0.043953,0.009215,0.010668,0.811528,0.0,0.978664,3249,0.177751,0.811581,0.811581,EOCLINGO-INF-MR,0.802588
GraphColouring,0130-wgc-n100-d30-p28.asp,18841,3950,4.769873,22.751692,108.522693,0.209649,0.043953,0.009215,0.010668,0.811528,0.0,0.978664,3249,0.177751,0.811581,0.811581,EOCLINGO-L,0.7977169999999999
GraphColouring,0130-wgc-n100-d30-p38.asp,18841,3950,4.769873,22.751692,108.522693,0.209649,0.043953,0.009215,0.010668,0.811528,0.0,0.978664,3249,0.177751,0.811581,0.811581,EOCLINGO-INF-MR,0.800223
GraphColouring,0130-wgc-n100-d30-p49.asp,18841,3950,4.769873,22.751692,108.522693,0.209649,0.043953,0.009215,0.010668,0.811528,0.0,0.978664,3249,0.177751,0.811581,0.811581,EOCLINGO-L,0.798928
GraphColouring,0130-wgc-n100-d30-p60.asp,18841,3950,4.769873,22.751692,108.522693,0.209649,0.043953,0.009215,0.010668,0.811528,0.0,0.978664,3249,0.177751,0.811581,0.811581,EOCLINGO-L,0.8003750000000001
GraphColouring,0130-wgc-n100-d30-p69.asp,18841,3950,4.769873,22.751692,108.522693,0.209649,0.043953,0.009215,0.010668,0.811528,0.0,0.978664,3249,0.177751,0.811581,0.811581,AMOCLINGO-L,0.802211
GraphColouring,0130-wgc-n100-d30-p79.asp,18841,3950,4.769873,22.751692,108.522693,0.209649,0.043953,0.009215,0.010668,0.811528,0.0,0.978664,3249,0.177751,0.811581,0.811581,CLINGO-AMO,0.790945
GraphColouring,0130-wgc-n100-d30-p90.asp,18841,3950,4.769873,22.751692,108.522693,0.209649,0.043953,0.009215,0.010668,0.811528,0.0,0.978664,3249,0.177751,0.811581,0.811581,CLINGO-AMO,0.2082939999999999
GraphColouring,0131-wgc-n100-d50-p19.asp,29749,5768,5.157594,26.600772,137.195972,0.193889,0.037593,0.007289,0.006757,0.819523,0.0,0.986487,5067,0.173687,0.819557,0.819557,EOCLINGO-L,0.974813
GraphColouring,0131-wgc-n100-d50-p31.asp,29749,5768,5.157594,26.600772,137.195972,0.193889,0.037593,0.007289,0.006757,0.819523,0.0,0.986487,5067,0.173687,0.819557,0.819557,EOCLINGO-INF-MR,0.974284
GraphColouring,0131-wgc-n100-d50-p39.asp,29749,5768,5.157594,26.600772,137.195972,0.193889,0.037593,0.007289,0.006757,0.819523,0.0,0.986487,5067,0.173687,0.819557,0.819557,EOCLINGO-L,1.041229
GraphColouring,0131-wgc-n100-d50-p48.asp,29749,5768,5.157594,26.600772,137.195972,0.193889,0.037593,0.007289,0.006757,0.819523,0.0,0.986487,5067,0.173687,0.819557,0.819557,EOCLINGO-L,0.985897
GraphColouring,0131-wgc-n100-d50-p58.asp,29749,5768,5.157594,26.600772,137.195972,0.193889,0.037593,0.007289,0.006757,0.819523,0.0,0.986487,5067,0.173687,0.819557,0.819557,CLINGO-AMO,0.7126279999999999
GraphColouring,0131-wgc-n100-d50-p68.asp,29749,5768,5.157594,26.600772,137.195972,0.193889,0.037593,0.007289,0.006757,0.819523,0.0,0.986487,5067,0.173687,0.819557,0.819557,AMOCLINGO-L,0.973557
GraphColouring,0131-wgc-n100-d50-p8.asp,29749,5768,5.157594,26.600772,137.195972,0.193889,0.037593,0.007289,0.006757,0.819523,0.0,0.986487,5067,0.173687,0.819557,0.819557,WASP-AMO,0.2663959999999999
GraphColouring,0131-wgc-n100-d50-p80.asp,29749,5768,5.157594,26.600772,137.195972,0.193889,0.037593,0.007289,0.006757,0.819523,0.0,0.986487,5067,0.173687,0.819557,0.819557,CLINGO-AMO,0.246143
GraphColouring,0131-wgc-n100-d50-p89.asp,29749,5768,5.157594,26.600772,137.195972,0.193889,0.037593,0.007289,0.006757,0.819523,0.0,0.986487,5067,0.173687,0.819557,0.819557,CLINGO-AMO,0.1715809999999999
GraphColouring,0132-wgc-n100-d50-p10.asp,30181,5840,5.167979,26.708012,138.026455,0.193499,0.037442,0.007245,0.00666,0.819721,0.0,0.98668,5139,0.173586,0.819754,0.819754,EOCLINGO-INF-MR,0.978606
GraphColouring,0132-wgc-n100-d50-p21.asp,30181,5840,5.167979,26.708012,138.026455,0.193499,0.037442,0.007245,0.00666,0.819721,0.0,0.98668,5139,0.173586,0.819754,0.819754,EOCLINGO-INF-MR,0.97724
GraphColouring,0132-wgc-n100-d50-p31.asp,30181,5840,5.167979,26.708012,138.026455,0.193499,0.037442,0.007245,0.00666,0.819721,0.0,0.98668,5139,0.173586,0.819754,0.819754,EOCLINGO-INF-MR,0.983961
GraphColouring,0132-wgc-n100-d50-p40.asp,30181,5840,5.167979,26.708012,138.026455,0.193499,0.037442,0.007245,0.00666,0.819721,0.0,0.98668,5139,0.173586,0.819754,0.819754,EOCLINGO-INF-MR,0.985605
GraphColouring,0132-wgc-n100-d50-p50.asp,30181,5840,5.167979,26.708012,138.026455,0.193499,0.037442,0.007245,0.00666,0.819721,0.0,0.98668,5139,0.173586,0.819754,0.819754,EOCLINGO-L,0.989204
GraphColouring,0132-wgc-n100-d50-p58.asp,30181,5840,5.167979,26.708012,138.026455,0.193499,0.037442,0.007245,0.00666,0.819721,0.0,0.98668,5139,0.173586,0.819754,0.819754,EOCLINGO-L,0.988051
GraphColouring,0132-wgc-n100-d50-p68.asp,30181,5840,5.167979,26.708012,138.026455,0.193499,0.037442,0.007245,0.00666,0.819721,0.0,0.98668,5139,0.173586,0.819754,0.819754,CLINGO-AMO,0.481589
GraphColouring,0132-wgc-n100-d50-p79.asp,30181,5840,5.167979,26.708012,138.026455,0.193499,0.037442,0.007245,0.00666,0.819721,0.0,0.98668,5139,0.173586,0.819754,0.819754,CLINGO-AMO,0.212058
GraphColouring,0132-wgc-n100-d50-p90.asp,30181,5840,5.167979,26.708012,138.026455,0.193499,0.037442,0.007245,0.00666,0.819721,0.0,0.98668,5139,0.173586,0.819754,0.819754,CLINGO-AMO,0.164475
GraphColouring,0133-wgc-n100-d50-p18.asp,30301,5860,5.170819,26.73737,138.254105,0.193393,0.037401,0.007233,0.006633,0.819775,0.0,0.986733,5159,0.173559,0.819808,0.819808,EOCLINGO-L,0.983758
GraphColouring,0133-wgc-n100-d50-p30.asp,30301,5860,5.170819,26.73737,138.254105,0.193393,0.037401,0.007233,0.006633,0.819775,0.0,0.986733,5159,0.173559,0.819808,0.819808,EOCLINGO-INF-MR,0.983144
GraphColouring,0133-wgc-n100-d50-p40.asp,30301,5860,5.170819,26.73737,138.254105,0.193393,0.037401,0.007233,0.006633,0.819775,0.0,0.986733,5159,0.173559,0.819808,0.819808,EOCLINGO-INF-MR,0.980372
GraphColouring,0133-wgc-n100-d50-p51.asp,30301,5860,5.170819,26.73737,138.254105,0.193393,0.037401,0.007233,0.006633,0.819775,0.0,0.986733,5159,0.173559,0.819808,0.819808,EOCLINGO-L,0.983822
GraphColouring,0133-wgc-n100-d50-p60.asp,30301,5860,5.170819,26.73737,138.254105,0.193393,0.037401,0.007233,0.006633,0.819775,0.0,0.986733,5159,0.173559,0.819808,0.819808,CLINGO-AMO,0.755329
GraphColouring,0133-wgc-n100-d50-p70.asp,30301,5860,5.170819,26.73737,138.254105,0.193393,0.037401,0.007233,0.006633,0.819775,0.0,0.986733,5159,0.173559,0.819808,0.819808,CLINGO-AMO,0.401611
GraphColouring,0133-wgc-n100-d50-p78.asp,30301,5860,5.170819,26.73737,138.254105,0.193393,0.037401,0.007233,0.006633,0.819775,0.0,0.986733,5159,0.173559,0.819808,0.819808,CLINGO-AMO,0.389148
GraphColouring,0133-wgc-n100-d50-p8.asp,30301,5860,5.170819,26.73737,138.254105,0.193393,0.037401,0.007233,0.006633,0.819775,0.0,0.986733,5159,0.173559,0.819808,0.819808,CLINGO-AMO,0.2792699999999999
GraphColouring,0133-wgc-n100-d50-p91.asp,30301,5860,5.170819,26.73737,138.254105,0.193393,0.037401,0.007233,0.006633,0.819775,0.0,0.986733,5159,0.173559,0.819808,0.819808,CLINGO-AMO,0.1652829999999999
GraphColouring,0134-wgc-n100-d50-p21.asp,30577,5906,5.177277,26.804201,138.772781,0.193152,0.037308,0.007206,0.006574,0.819897,0.0,0.986853,5205,0.173496,0.81993,0.81993,EOCLINGO-L,0.981514
GraphColouring,0134-wgc-n100-d50-p28.asp,30577,5906,5.177277,26.804201,138.772781,0.193152,0.037308,0.007206,0.006574,0.819897,0.0,0.986853,5205,0.173496,0.81993,0.81993,EOCLINGO-INF-MR,0.983771
GraphColouring,0134-wgc-n100-d50-p39.asp,30577,5906,5.177277,26.804201,138.772781,0.193152,0.037308,0.007206,0.006574,0.819897,0.0,0.986853,5205,0.173496,0.81993,0.81993,EOCLINGO-L,0.989363
GraphColouring,0134-wgc-n100-d50-p49.asp,30577,5906,5.177277,26.804201,138.772781,0.193152,0.037308,0.007206,0.006574,0.819897,0.0,0.986853,5205,0.173496,0.81993,0.81993,EOCLINGO-L,0.987043
GraphColouring,0134-wgc-n100-d50-p61.asp,30577,5906,5.177277,26.804201,138.772781,0.193152,0.037308,0.007206,0.006574,0.819897,0.0,0.986853,5205,0.173496,0.81993,0.81993,CLINGO-AMO,0.8521500000000001
GraphColouring,0134-wgc-n100-d50-p69.asp,30577,5906,5.177277,26.804201,138.772781,0.193152,0.037308,0.007206,0.006574,0.819897,0.0,0.986853,5205,0.173496,0.81993,0.81993,CLINGO-AMO,0.47286
GraphColouring,0134-wgc-n100-d50-p79.asp,30577,5906,5.177277,26.804201,138.772781,0.193152,0.037308,0.007206,0.006574,0.819897,0.0,0.986853,5205,0.173496,0.81993,0.81993,CLINGO-AMO,0.289267
GraphColouring,0134-wgc-n100-d50-p9.asp,30577,5906,5.177277,26.804201,138.772781,0.193152,0.037308,0.007206,0.006574,0.819897,0.0,0.986853,5205,0.173496,0.81993,0.81993,WASP-AMO,0.6338959999999999
GraphColouring,0134-wgc-n100-d50-p90.asp,30577,5906,5.177277,26.804201,138.772781,0.193152,0.037308,0.007206,0.006574,0.819897,0.0,0.986853,5205,0.173496,0.81993,0.81993,CLINGO-AMO,0.18079
GraphColouring,0135-wgc-n100-d50-p10.asp,30925,5964,5.185278,26.887111,139.417156,0.192854,0.037193,0.007173,0.0065,0.820049,0.0,0.987001,5263,0.17342,0.820081,0.820081,EOCLINGO-INF-MR,0.997531
GraphColouring,0135-wgc-n100-d50-p18.asp,30925,5964,5.185278,26.887111,139.417156,0.192854,0.037193,0.007173,0.0065,0.820049,0.0,0.987001,5263,0.17342,0.820081,0.820081,EOCLINGO-L,1.000174
GraphColouring,0135-wgc-n100-d50-p29.asp,30925,5964,5.185278,26.887111,139.417156,0.192854,0.037193,0.007173,0.0065,0.820049,0.0,0.987001,5263,0.17342,0.820081,0.820081,EOCLINGO-L,12.320112
GraphColouring,0135-wgc-n100-d50-p40.asp,30925,5964,5.185278,26.887111,139.417156,0.192854,0.037193,0.007173,0.0065,0.820049,0.0,0.987001,5263,0.17342,0.820081,0.820081,EOCLINGO-L,1.021472
GraphColouring,0135-wgc-n100-d50-p51.asp,30925,5964,5.185278,26.887111,139.417156,0.192854,0.037193,0.007173,0.0065,0.820049,0.0,0.987001,5263,0.17342,0.820081,0.820081,EOCLINGO-L,1.0023419999999998
GraphColouring,0135-wgc-n100-d50-p58.asp,30925,5964,5.185278,26.887111,139.417156,0.192854,0.037193,0.007173,0.0065,0.820049,0.0,0.987001,5263,0.17342,0.820081,0.820081,EOCLINGO-L,0.995454
GraphColouring,0135-wgc-n100-d50-p71.asp,30925,5964,5.185278,26.887111,139.417156,0.192854,0.037193,0.007173,0.0065,0.820049,0.0,0.987001,5263,0.17342,0.820081,0.820081,CLINGO-AMO,0.949603
GraphColouring,0135-wgc-n100-d50-p81.asp,30925,5964,5.185278,26.887111,139.417156,0.192854,0.037193,0.007173,0.0065,0.820049,0.0,0.987001,5263,0.17342,0.820081,0.820081,CLINGO-AMO,0.249017
GraphColouring,0135-wgc-n100-d50-p90.asp,30925,5964,5.185278,26.887111,139.417156,0.192854,0.037193,0.007173,0.0065,0.820049,0.0,0.987001,5263,0.17342,0.820081,0.820081,CLINGO-AMO,0.1930839999999999
GraphColouring,0136-wgc-n100-d50-p21.asp,30325,5864,5.171385,26.74322,138.299479,0.193372,0.037393,0.007231,0.006628,0.819786,0.0,0.986744,5163,0.173553,0.819819,0.819819,EOCLINGO-INF-MR,0.982799
GraphColouring,0136-wgc-n100-d50-p31.asp,30325,5864,5.171385,26.74322,138.299479,0.193372,0.037393,0.007231,0.006628,0.819786,0.0,0.986744,5163,0.173553,0.819819,0.819819,EOCLINGO-INF-MR,0.982079
GraphColouring,0136-wgc-n100-d50-p38.asp,30325,5864,5.171385,26.74322,138.299479,0.193372,0.037393,0.007231,0.006628,0.819786,0.0,0.986744,5163,0.173553,0.819819,0.819819,EOCLINGO-INF-MR,0.98552
GraphColouring,0136-wgc-n100-d50-p50.asp,30325,5864,5.171385,26.74322,138.299479,0.193372,0.037393,0.007231,0.006628,0.819786,0.0,0.986744,5163,0.173553,0.819819,0.819819,EOCLINGO-L,0.990889
GraphColouring,0136-wgc-n100-d50-p59.asp,30325,5864,5.171385,26.74322,138.299479,0.193372,0.037393,0.007231,0.006628,0.819786,0.0,0.986744,5163,0.173553,0.819819,0.819819,EOCLINGO-L,0.98512
GraphColouring,0136-wgc-n100-d50-p68.asp,30325,5864,5.171385,26.74322,138.299479,0.193372,0.037393,0.007231,0.006628,0.819786,0.0,0.986744,5163,0.173553,0.819819,0.819819,CLINGO-AMO,0.452949
GraphColouring,0136-wgc-n100-d50-p8.asp,30325,5864,5.171385,26.74322,138.299479,0.193372,0.037393,0.007231,0.006628,0.819786,0.0,0.986744,5163,0.173553,0.819819,0.819819,WASP-AMO,0.248775
GraphColouring,0136-wgc-n100-d50-p80.asp,30325,5864,5.171385,26.74322,138.299479,0.193372,0.037393,0.007231,0.006628,0.819786,0.0,0.986744,5163,0.173553,0.819819,0.819819,CLINGO-AMO,0.210054
GraphColouring,0136-wgc-n100-d50-p90.asp,30325,5864,5.171385,26.74322,138.299479,0.193372,0.037393,0.007231,0.006628,0.819786,0.0,0.986744,5163,0.173553,0.819819,0.819819,CLINGO-AMO,0.175973
GraphColouring,0137-wgc-n100-d50-p11.asp,30685,5924,5.179777,26.830092,138.973896,0.193058,0.037272,0.007196,0.00655,0.819945,0.0,0.986899,5223,0.173472,0.819977,0.819977,EOCLINGO-L,0.989006
GraphColouring,0137-wgc-n100-d50-p21.asp,30685,5924,5.179777,26.830092,138.973896,0.193058,0.037272,0.007196,0.00655,0.819945,0.0,0.986899,5223,0.173472,0.819977,0.819977,EOCLINGO-INF-MR,0.986137
GraphColouring,0137-wgc-n100-d50-p31.asp,30685,5924,5.179777,26.830092,138.973896,0.193058,0.037272,0.007196,0.00655,0.819945,0.0,0.986899,5223,0.173472,0.819977,0.819977,EOCLINGO-INF-MR,0.986393
GraphColouring,0137-wgc-n100-d50-p40.asp,30685,5924,5.179777,26.830092,138.973896,0.193058,0.037272,0.007196,0.00655,0.819945,0.0,0.986899,5223,0.173472,0.819977,0.819977,EOCLINGO-L,0.990067
GraphColouring,0137-wgc-n100-d50-p49.asp,30685,5924,5.179777,26.830092,138.973896,0.193058,0.037272,0.007196,0.00655,0.819945,0.0,0.986899,5223,0.173472,0.819977,0.819977,EOCLINGO-L,0.998592
GraphColouring,0137-wgc-n100-d50-p61.asp,30685,5924,5.179777,26.830092,138.973896,0.193058,0.037272,0.007196,0.00655,0.819945,0.0,0.986899,5223,0.173472,0.819977,0.819977,EOCLINGO-L,0.987995
GraphColouring,0137-wgc-n100-d50-p71.asp,30685,5924,5.179777,26.830092,138.973896,0.193058,0.037272,0.007196,0.00655,0.819945,0.0,0.986899,5223,0.173472,0.819977,0.819977,CLINGO-AMO,0.472746
GraphColouring,0137-wgc-n100-d50-p80.asp,30685,5924,5.179777,26.830092,138.973896,0.193058,0.037272,0.007196,0.00655,0.819945,0.0,0.986899,5223,0.173472,0.819977,0.819977,CLINGO-AMO,0.252556
GraphColouring,0137-wgc-n100-d50-p90.asp,30685,5924,5.179777,26.830092,138.973896,0.193058,0.037272,0.007196,0.00655,0.819945,0.0,0.986899,5223,0.173472,0.819977,0.819977,CLINGO-AMO,0.166079
GraphColouring,0138-wgc-n100-d50-p11.asp,30805,5944,5.182537,26.85869,139.196154,0.192956,0.037232,0.007184,0.006525,0.819997,0.0,0.98695,5243,0.173446,0.820029,0.820029,EOCLINGO-L,0.988868
GraphColouring,0138-wgc-n100-d50-p20.asp,30805,5944,5.182537,26.85869,139.196154,0.192956,0.037232,0.007184,0.006525,0.819997,0.0,0.98695,5243,0.173446,0.820029,0.820029,EOCLINGO-INF-MR,0.989575
GraphColouring,0138-wgc-n100-d50-p31.asp,30805,5944,5.182537,26.85869,139.196154,0.192956,0.037232,0.007184,0.006525,0.819997,0.0,0.98695,5243,0.173446,0.820029,0.820029,EOCLINGO-L,1.358875
GraphColouring,0138-wgc-n100-d50-p41.asp,30805,5944,5.182537,26.85869,139.196154,0.192956,0.037232,0.007184,0.006525,0.819997,0.0,0.98695,5243,0.173446,0.820029,0.820029,EOCLINGO-L,1.018908
GraphColouring,0138-wgc-n100-d50-p50.asp,30805,5944,5.182537,26.85869,139.196154,0.192956,0.037232,0.007184,0.006525,0.819997,0.0,0.98695,5243,0.173446,0.820029,0.820029,EOCLINGO-L,1.001369
GraphColouring,0138-wgc-n100-d50-p58.asp,30805,5944,5.182537,26.85869,139.196154,0.192956,0.037232,0.007184,0.006525,0.819997,0.0,0.98695,5243,0.173446,0.820029,0.820029,EOCLINGO-L,0.987873
GraphColouring,0138-wgc-n100-d50-p68.asp,30805,5944,5.182537,26.85869,139.196154,0.192956,0.037232,0.007184,0.006525,0.819997,0.0,0.98695,5243,0.173446,0.820029,0.820029,CLINGO-AMO,0.724558
GraphColouring,0138-wgc-n100-d50-p79.asp,30805,5944,5.182537,26.85869,139.196154,0.192956,0.037232,0.007184,0.006525,0.819997,0.0,0.98695,5243,0.173446,0.820029,0.820029,CLINGO-AMO,0.251691
GraphColouring,0138-wgc-n100-d50-p88.asp,30805,5944,5.182537,26.85869,139.196154,0.192956,0.037232,0.007184,0.006525,0.819997,0.0,0.98695,5243,0.173446,0.820029,0.820029,CLINGO-AMO,0.231566
GraphColouring,0139-wgc-n100-d50-p20.asp,30793,5942,5.182262,26.855838,139.173985,0.192966,0.037236,0.007185,0.006527,0.819992,0.0,0.986945,5241,0.173449,0.820024,0.820024,EOCLINGO-INF-MR,0.985819
GraphColouring,0139-wgc-n100-d50-p28.asp,30793,5942,5.182262,26.855838,139.173985,0.192966,0.037236,0.007185,0.006527,0.819992,0.0,0.986945,5241,0.173449,0.820024,0.820024,EOCLINGO-INF-MR,0.990748
GraphColouring,0139-wgc-n100-d50-p41.asp,30793,5942,5.182262,26.855838,139.173985,0.192966,0.037236,0.007185,0.006527,0.819992,0.0,0.986945,5241,0.173449,0.820024,0.820024,EOCLINGO-INF-MR,0.994908
GraphColouring,0139-wgc-n100-d50-p50.asp,30793,5942,5.182262,26.855838,139.173985,0.192966,0.037236,0.007185,0.006527,0.819992,0.0,0.986945,5241,0.173449,0.820024,0.820024,EOCLINGO-L,0.997615
GraphColouring,0139-wgc-n100-d50-p59.asp,30793,5942,5.182262,26.855838,139.173985,0.192966,0.037236,0.007185,0.006527,0.819992,0.0,0.986945,5241,0.173449,0.820024,0.820024,EOCLINGO-L,0.993003
GraphColouring,0139-wgc-n100-d50-p69.asp,30793,5942,5.182262,26.855838,139.173985,0.192966,0.037236,0.007185,0.006527,0.819992,0.0,0.986945,5241,0.173449,0.820024,0.820024,CLINGO-AMO,0.7438
GraphColouring,0139-wgc-n100-d50-p78.asp,30793,5942,5.182262,26.855838,139.173985,0.192966,0.037236,0.007185,0.006527,0.819992,0.0,0.986945,5241,0.173449,0.820024,0.820024,CLINGO-AMO,0.422385
GraphColouring,0139-wgc-n100-d50-p88.asp,30793,5942,5.182262,26.855838,139.173985,0.192966,0.037236,0.007185,0.006527,0.819992,0.0,0.986945,5241,0.173449,0.820024,0.820024,CLINGO-AMO,0.166873
GraphColouring,0139-wgc-n100-d50-p9.asp,30793,5942,5.182262,26.855838,139.173985,0.192966,0.037236,0.007185,0.006527,0.819992,0.0,0.986945,5241,0.173449,0.820024,0.820024,EOCLINGO-INF-MR,0.987361
GraphColouring,0140-wgc-n100-d50-p21.asp,30877,5956,5.184184,26.875764,139.328906,0.192894,0.037208,0.007177,0.00651,0.820028,0.0,0.986981,5255,0.17343,0.82006,0.82006,EOCLINGO-L,0.997689
GraphColouring,0140-wgc-n100-d50-p31.asp,30877,5956,5.184184,26.875764,139.328906,0.192894,0.037208,0.007177,0.00651,0.820028,0.0,0.986981,5255,0.17343,0.82006,0.82006,EOCLINGO-L,1.462456
GraphColouring,0140-wgc-n100-d50-p39.asp,30877,5956,5.184184,26.875764,139.328906,0.192894,0.037208,0.007177,0.00651,0.820028,0.0,0.986981,5255,0.17343,0.82006,0.82006,EOCLINGO-L,1.03793
GraphColouring,0140-wgc-n100-d50-p50.asp,30877,5956,5.184184,26.875764,139.328906,0.192894,0.037208,0.007177,0.00651,0.820028,0.0,0.986981,5255,0.17343,0.82006,0.82006,EOCLINGO-L,1.0977169999999998
GraphColouring,0140-wgc-n100-d50-p58.asp,30877,5956,5.184184,26.875764,139.328906,0.192894,0.037208,0.007177,0.00651,0.820028,0.0,0.986981,5255,0.17343,0.82006,0.82006,EOCLINGO-L,1.020405
GraphColouring,0140-wgc-n100-d50-p68.asp,30877,5956,5.184184,26.875764,139.328906,0.192894,0.037208,0.007177,0.00651,0.820028,0.0,0.986981,5255,0.17343,0.82006,0.82006,CLINGO-AMO,0.413287
GraphColouring,0140-wgc-n100-d50-p80.asp,30877,5956,5.184184,26.875764,139.328906,0.192894,0.037208,0.007177,0.00651,0.820028,0.0,0.986981,5255,0.17343,0.82006,0.82006,CLINGO-AMO,0.196259
GraphColouring,0140-wgc-n100-d50-p9.asp,30877,5956,5.184184,26.875764,139.328906,0.192894,0.037208,0.007177,0.00651,0.820028,0.0,0.986981,5255,0.17343,0.82006,0.82006,WASP-AMO,0.769688
GraphColouring,0140-wgc-n100-d50-p91.asp,30877,5956,5.184184,26.875764,139.328906,0.192894,0.037208,0.007177,0.00651,0.820028,0.0,0.986981,5255,0.17343,0.82006,0.82006,CLINGO-AMO,0.178349
GraphColouring,0141-wgc-n100-d70-p21.asp,42157,7836,5.379913,28.943466,155.713337,0.185877,0.03455,0.006422,0.004768,0.823588,0.0,0.990464,7135,0.17162,0.823612,0.823612,EOCLINGO-L,1.186192
GraphColouring,0141-wgc-n100-d70-p30.asp,42157,7836,5.379913,28.943466,155.713337,0.185877,0.03455,0.006422,0.004768,0.823588,0.0,0.990464,7135,0.17162,0.823612,0.823612,EOCLINGO-L,1.1928569999999998
GraphColouring,0141-wgc-n100-d70-p38.asp,42157,7836,5.379913,28.943466,155.713337,0.185877,0.03455,0.006422,0.004768,0.823588,0.0,0.990464,7135,0.17162,0.823612,0.823612,EOCLINGO-L,1.196568
GraphColouring,0141-wgc-n100-d70-p50.asp,42157,7836,5.379913,28.943466,155.713337,0.185877,0.03455,0.006422,0.004768,0.823588,0.0,0.990464,7135,0.17162,0.823612,0.823612,CLINGO-AMO,0.951165
GraphColouring,0141-wgc-n100-d70-p59.asp,42157,7836,5.379913,28.943466,155.713337,0.185877,0.03455,0.006422,0.004768,0.823588,0.0,0.990464,7135,0.17162,0.823612,0.823612,CLINGO-AMO,0.925786
GraphColouring,0141-wgc-n100-d70-p68.asp,42157,7836,5.379913,28.943466,155.713337,0.185877,0.03455,0.006422,0.004768,0.823588,0.0,0.990464,7135,0.17162,0.823612,0.823612,CLINGO-AMO,0.709515
GraphColouring,0141-wgc-n100-d70-p78.asp,42157,7836,5.379913,28.943466,155.713337,0.185877,0.03455,0.006422,0.004768,0.823588,0.0,0.990464,7135,0.17162,0.823612,0.823612,CLINGO-AMO,0.712705
GraphColouring,0141-wgc-n100-d70-p8.asp,42157,7836,5.379913,28.943466,155.713337,0.185877,0.03455,0.006422,0.004768,0.823588,0.0,0.990464,7135,0.17162,0.823612,0.823612,EOCLINGO-INF-MR,1.186603
GraphColouring,0141-wgc-n100-d70-p90.asp,42157,7836,5.379913,28.943466,155.713337,0.185877,0.03455,0.006422,0.004768,0.823588,0.0,0.990464,7135,0.17162,0.823612,0.823612,CLINGO-AMO,0.1815439999999999
GraphColouring,0142-wgc-n100-d70-p19.asp,42097,7826,5.379121,28.934941,155.644548,0.185904,0.03456,0.006425,0.004775,0.823574,0.0,0.990451,7125,0.171627,0.823598,0.823598,EOCLINGO-L,1.187071
GraphColouring,0142-wgc-n100-d70-p30.asp,42097,7826,5.379121,28.934941,155.644548,0.185904,0.03456,0.006425,0.004775,0.823574,0.0,0.990451,7125,0.171627,0.823598,0.823598,EOCLINGO-INF-MR,1.176155
GraphColouring,0142-wgc-n100-d70-p38.asp,42097,7826,5.379121,28.934941,155.644548,0.185904,0.03456,0.006425,0.004775,0.823574,0.0,0.990451,7125,0.171627,0.823598,0.823598,EOCLINGO-L,1.188069
GraphColouring,0142-wgc-n100-d70-p50.asp,42097,7826,5.379121,28.934941,155.644548,0.185904,0.03456,0.006425,0.004775,0.823574,0.0,0.990451,7125,0.171627,0.823598,0.823598,CLINGO-AMO,0.904965
GraphColouring,0142-wgc-n100-d70-p58.asp,42097,7826,5.379121,28.934941,155.644548,0.185904,0.03456,0.006425,0.004775,0.823574,0.0,0.990451,7125,0.171627,0.823598,0.823598,CLINGO-AMO,1.006312
GraphColouring,0142-wgc-n100-d70-p70.asp,42097,7826,5.379121,28.934941,155.644548,0.185904,0.03456,0.006425,0.004775,0.823574,0.0,0.990451,7125,0.171627,0.823598,0.823598,CLINGO-AMO,0.41565
GraphColouring,0142-wgc-n100-d70-p78.asp,42097,7826,5.379121,28.934941,155.644548,0.185904,0.03456,0.006425,0.004775,0.823574,0.0,0.990451,7125,0.171627,0.823598,0.823598,CLINGO-AMO,0.273362
GraphColouring,0142-wgc-n100-d70-p8.asp,42097,7826,5.379121,28.934941,155.644548,0.185904,0.03456,0.006425,0.004775,0.823574,0.0,0.990451,7125,0.171627,0.823598,0.823598,EOCLINGO-INF-MR,1.183202
GraphColouring,0142-wgc-n100-d70-p88.asp,42097,7826,5.379121,28.934941,155.644548,0.185904,0.03456,0.006425,0.004775,0.823574,0.0,0.990451,7125,0.171627,0.823598,0.823598,CLINGO-AMO,0.18574
GraphColouring,0143-wgc-n100-d70-p10.asp,42709,7928,5.387109,29.020943,156.338984,0.185628,0.034458,0.006396,0.004706,0.823714,0.0,0.990587,7227,0.171556,0.823737,0.823737,EOCLINGO-INF-MR,1.19048
GraphColouring,0143-wgc-n100-d70-p19.asp,42709,7928,5.387109,29.020943,156.338984,0.185628,0.034458,0.006396,0.004706,0.823714,0.0,0.990587,7227,0.171556,0.823737,0.823737,EOCLINGO-L,1.1978129999999998
GraphColouring,0143-wgc-n100-d70-p31.asp,42709,7928,5.387109,29.020943,156.338984,0.185628,0.034458,0.006396,0.004706,0.823714,0.0,0.990587,7227,0.171556,0.823737,0.823737,EOCLINGO-L,1.221896
GraphColouring,0143-wgc-n100-d70-p41.asp,42709,7928,5.387109,29.020943,156.338984,0.185628,0.034458,0.006396,0.004706,0.823714,0.0,0.990587,7227,0.171556,0.823737,0.823737,EOCLINGO-L,1.2009720000000002
GraphColouring,0143-wgc-n100-d70-p50.asp,42709,7928,5.387109,29.020943,156.338984,0.185628,0.034458,0.006396,0.004706,0.823714,0.0,0.990587,7227,0.171556,0.823737,0.823737,CLINGO-AMO,1.072266
GraphColouring,0143-wgc-n100-d70-p59.asp,42709,7928,5.387109,29.020943,156.338984,0.185628,0.034458,0.006396,0.004706,0.823714,0.0,0.990587,7227,0.171556,0.823737,0.823737,CLINGO-AMO,0.994026
GraphColouring,0143-wgc-n100-d70-p71.asp,42709,7928,5.387109,29.020943,156.338984,0.185628,0.034458,0.006396,0.004706,0.823714,0.0,0.990587,7227,0.171556,0.823737,0.823737,CLINGO-AMO,0.7065
GraphColouring,0143-wgc-n100-d70-p81.asp,42709,7928,5.387109,29.020943,156.338984,0.185628,0.034458,0.006396,0.004706,0.823714,0.0,0.990587,7227,0.171556,0.823737,0.823737,CLINGO-AMO,0.4069089999999999
GraphColouring,0143-wgc-n100-d70-p89.asp,42709,7928,5.387109,29.020943,156.338984,0.185628,0.034458,0.006396,0.004706,0.823714,0.0,0.990587,7227,0.171556,0.823737,0.823737,CLINGO-AMO,0.498581
GraphColouring,0144-wgc-n100-d70-p21.asp,42505,7894,5.384469,28.992509,156.109271,0.185719,0.034492,0.006406,0.004729,0.823668,0.0,0.990542,7193,0.17158,0.823691,0.823691,EOCLINGO-INF-MR,1.1905800000000002
GraphColouring,0144-wgc-n100-d70-p29.asp,42505,7894,5.384469,28.992509,156.109271,0.185719,0.034492,0.006406,0.004729,0.823668,0.0,0.990542,7193,0.17158,0.823691,0.823691,EOCLINGO-L,1.195496
GraphColouring,0144-wgc-n100-d70-p40.asp,42505,7894,5.384469,28.992509,156.109271,0.185719,0.034492,0.006406,0.004729,0.823668,0.0,0.990542,7193,0.17158,0.823691,0.823691,EOCLINGO-L,1.1924499999999998
GraphColouring,0144-wgc-n100-d70-p50.asp,42505,7894,5.384469,28.992509,156.109271,0.185719,0.034492,0.006406,0.004729,0.823668,0.0,0.990542,7193,0.17158,0.823691,0.823691,EOCLINGO-L,1.21253
GraphColouring,0144-wgc-n100-d70-p61.asp,42505,7894,5.384469,28.992509,156.109271,0.185719,0.034492,0.006406,0.004729,0.823668,0.0,0.990542,7193,0.17158,0.823691,0.823691,CLINGO-AMO,0.754814
GraphColouring,0144-wgc-n100-d70-p71.asp,42505,7894,5.384469,28.992509,156.109271,0.185719,0.034492,0.006406,0.004729,0.823668,0.0,0.990542,7193,0.17158,0.823691,0.823691,CLINGO-AMO,0.691496
GraphColouring,0144-wgc-n100-d70-p79.asp,42505,7894,5.384469,28.992509,156.109271,0.185719,0.034492,0.006406,0.004729,0.823668,0.0,0.990542,7193,0.17158,0.823691,0.823691,CLINGO-AMO,0.372077
GraphColouring,0144-wgc-n100-d70-p8.asp,42505,7894,5.384469,28.992509,156.109271,0.185719,0.034492,0.006406,0.004729,0.823668,0.0,0.990542,7193,0.17158,0.823691,0.823691,EOCLINGO-INF-MR,1.191217
GraphColouring,0144-wgc-n100-d70-p90.asp,42505,7894,5.384469,28.992509,156.109271,0.185719,0.034492,0.006406,0.004729,0.823668,0.0,0.990542,7193,0.17158,0.823691,0.823691,CLINGO-AMO,0.2412149999999999
GraphColouring,0145-wgc-n100-d70-p11.asp,41857,7786,5.375931,28.900636,155.367829,0.186014,0.034601,0.006436,0.004802,0.823518,0.0,0.990396,7085,0.171656,0.823542,0.823542,EOCLINGO-L,1.172553
GraphColouring,0145-wgc-n100-d70-p20.asp,41857,7786,5.375931,28.900636,155.367829,0.186014,0.034601,0.006436,0.004802,0.823518,0.0,0.990396,7085,0.171656,0.823542,0.823542,EOCLINGO-INF-MR,8.045446
GraphColouring,0145-wgc-n100-d70-p28.asp,41857,7786,5.375931,28.900636,155.367829,0.186014,0.034601,0.006436,0.004802,0.823518,0.0,0.990396,7085,0.171656,0.823542,0.823542,EOCLINGO-L,1.289109
GraphColouring,0145-wgc-n100-d70-p41.asp,41857,7786,5.375931,28.900636,155.367829,0.186014,0.034601,0.006436,0.004802,0.823518,0.0,0.990396,7085,0.171656,0.823542,0.823542,EOCLINGO-L,1.1767800000000002
GraphColouring,0145-wgc-n100-d70-p48.asp,41857,7786,5.375931,28.900636,155.367829,0.186014,0.034601,0.006436,0.004802,0.823518,0.0,0.990396,7085,0.171656,0.823542,0.823542,EOCLINGO-L,1.179157
GraphColouring,0145-wgc-n100-d70-p59.asp,41857,7786,5.375931,28.900636,155.367829,0.186014,0.034601,0.006436,0.004802,0.823518,0.0,0.990396,7085,0.171656,0.823542,0.823542,CLINGO-AMO,0.756137
GraphColouring,0145-wgc-n100-d70-p68.asp,41857,7786,5.375931,28.900636,155.367829,0.186014,0.034601,0.006436,0.004802,0.823518,0.0,0.990396,7085,0.171656,0.823542,0.823542,CLINGO-AMO,0.678923
GraphColouring,0145-wgc-n100-d70-p78.asp,41857,7786,5.375931,28.900636,155.367829,0.186014,0.034601,0.006436,0.004802,0.823518,0.0,0.990396,7085,0.171656,0.823542,0.823542,CLINGO-AMO,0.408867
GraphColouring,0145-wgc-n100-d70-p90.asp,41857,7786,5.375931,28.900636,155.367829,0.186014,0.034601,0.006436,0.004802,0.823518,0.0,0.990396,7085,0.171656,0.823542,0.823542,CLINGO-AMO,0.192071
GraphColouring,0146-wgc-n100-d70-p18.asp,42241,7850,5.381019,28.955367,155.809381,0.185838,0.034536,0.006418,0.004758,0.823607,0.0,0.990483,7149,0.171611,0.823631,0.823631,EOCLINGO-INF-MR,1.188249
GraphColouring,0146-wgc-n100-d70-p30.asp,42241,7850,5.381019,28.955367,155.809381,0.185838,0.034536,0.006418,0.004758,0.823607,0.0,0.990483,7149,0.171611,0.823631,0.823631,EOCLINGO-L,1.221534
GraphColouring,0146-wgc-n100-d70-p41.asp,42241,7850,5.381019,28.955367,155.809381,0.185838,0.034536,0.006418,0.004758,0.823607,0.0,0.990483,7149,0.171611,0.823631,0.823631,EOCLINGO-L,1.192415
GraphColouring,0146-wgc-n100-d70-p50.asp,42241,7850,5.381019,28.955367,155.809381,0.185838,0.034536,0.006418,0.004758,0.823607,0.0,0.990483,7149,0.171611,0.823631,0.823631,EOCLINGO-L,1.188283
GraphColouring,0146-wgc-n100-d70-p59.asp,42241,7850,5.381019,28.955367,155.809381,0.185838,0.034536,0.006418,0.004758,0.823607,0.0,0.990483,7149,0.171611,0.823631,0.823631,CLINGO-AMO,0.860907
GraphColouring,0146-wgc-n100-d70-p70.asp,42241,7850,5.381019,28.955367,155.809381,0.185838,0.034536,0.006418,0.004758,0.823607,0.0,0.990483,7149,0.171611,0.823631,0.823631,CLINGO-AMO,0.730385
GraphColouring,0146-wgc-n100-d70-p78.asp,42241,7850,5.381019,28.955367,155.809381,0.185838,0.034536,0.006418,0.004758,0.823607,0.0,0.990483,7149,0.171611,0.823631,0.823631,CLINGO-AMO,0.499864
GraphColouring,0146-wgc-n100-d70-p9.asp,42241,7850,5.381019,28.955367,155.809381,0.185838,0.034536,0.006418,0.004758,0.823607,0.0,0.990483,7149,0.171611,0.823631,0.823631,EOCLINGO-INF-MR,1.183279
GraphColouring,0146-wgc-n100-d70-p91.asp,42241,7850,5.381019,28.955367,155.809381,0.185838,0.034536,0.006418,0.004758,0.823607,0.0,0.990483,7149,0.171611,0.823631,0.823631,CLINGO-AMO,0.170863
GraphColouring,0147-wgc-n100-d70-p10.asp,42517,7896,5.384625,28.994188,156.122832,0.185714,0.03449,0.006405,0.004728,0.823671,0.0,0.990545,7195,0.171578,0.823694,0.823694,EOCLINGO-L,1.190997
GraphColouring,0147-wgc-n100-d70-p20.asp,42517,7896,5.384625,28.994188,156.122832,0.185714,0.03449,0.006405,0.004728,0.823671,0.0,0.990545,7195,0.171578,0.823694,0.823694,EOCLINGO-INF-MR,10.230866
GraphColouring,0147-wgc-n100-d70-p28.asp,42517,7896,5.384625,28.994188,156.122832,0.185714,0.03449,0.006405,0.004728,0.823671,0.0,0.990545,7195,0.171578,0.823694,0.823694,EOCLINGO-L,1.320642
GraphColouring,0147-wgc-n100-d70-p38.asp,42517,7896,5.384625,28.994188,156.122832,0.185714,0.03449,0.006405,0.004728,0.823671,0.0,0.990545,7195,0.171578,0.823694,0.823694,EOCLINGO-L,1.199934
GraphColouring,0147-wgc-n100-d70-p49.asp,42517,7896,5.384625,28.994188,156.122832,0.185714,0.03449,0.006405,0.004728,0.823671,0.0,0.990545,7195,0.171578,0.823694,0.823694,EOCLINGO-L,1.189979
GraphColouring,0147-wgc-n100-d70-p60.asp,42517,7896,5.384625,28.994188,156.122832,0.185714,0.03449,0.006405,0.004728,0.823671,0.0,0.990545,7195,0.171578,0.823694,0.823694,CLINGO-AMO,0.739572
GraphColouring,0147-wgc-n100-d70-p70.asp,42517,7896,5.384625,28.994188,156.122832,0.185714,0.03449,0.006405,0.004728,0.823671,0.0,0.990545,7195,0.171578,0.823694,0.823694,CLINGO-AMO,0.279515
GraphColouring,0147-wgc-n100-d70-p80.asp,42517,7896,5.384625,28.994188,156.122832,0.185714,0.03449,0.006405,0.004728,0.823671,0.0,0.990545,7195,0.171578,0.823694,0.823694,CLINGO-AMO,0.2027749999999999
GraphColouring,0147-wgc-n100-d70-p90.asp,42517,7896,5.384625,28.994188,156.122832,0.185714,0.03449,0.006405,0.004728,0.823671,0.0,0.990545,7195,0.171578,0.823694,0.823694,CLINGO-AMO,0.176082
GraphColouring,0148-wgc-n100-d70-p10.asp,42769,7938,5.387881,29.029263,156.406214,0.185602,0.034448,0.006394,0.0047,0.823727,0.0,0.990601,7237,0.171549,0.823751,0.823751,EOCLINGO-INF-MR,1.198192
GraphColouring,0148-wgc-n100-d70-p18.asp,42769,7938,5.387881,29.029263,156.406214,0.185602,0.034448,0.006394,0.0047,0.823727,0.0,0.990601,7237,0.171549,0.823751,0.823751,EOCLINGO-INF-MR,1.194648
GraphColouring,0148-wgc-n100-d70-p29.asp,42769,7938,5.387881,29.029263,156.406214,0.185602,0.034448,0.006394,0.0047,0.823727,0.0,0.990601,7237,0.171549,0.823751,0.823751,EOCLINGO-L,1.188396
GraphColouring,0148-wgc-n100-d70-p41.asp,42769,7938,5.387881,29.029263,156.406214,0.185602,0.034448,0.006394,0.0047,0.823727,0.0,0.990601,7237,0.171549,0.823751,0.823751,EOCLINGO-L,1.196118
GraphColouring,0148-wgc-n100-d70-p50.asp,42769,7938,5.387881,29.029263,156.406214,0.185602,0.034448,0.006394,0.0047,0.823727,0.0,0.990601,7237,0.171549,0.823751,0.823751,EOCLINGO-L,1.195811
GraphColouring,0148-wgc-n100-d70-p60.asp,42769,7938,5.387881,29.029263,156.406214,0.185602,0.034448,0.006394,0.0047,0.823727,0.0,0.990601,7237,0.171549,0.823751,0.823751,CLINGO-AMO,0.791094
GraphColouring,0148-wgc-n100-d70-p69.asp,42769,7938,5.387881,29.029263,156.406214,0.185602,0.034448,0.006394,0.0047,0.823727,0.0,0.990601,7237,0.171549,0.823751,0.823751,CLINGO-AMO,0.42028
GraphColouring,0148-wgc-n100-d70-p79.asp,42769,7938,5.387881,29.029263,156.406214,0.185602,0.034448,0.006394,0.0047,0.823727,0.0,0.990601,7237,0.171549,0.823751,0.823751,CLINGO-AMO,0.6585340000000001
GraphColouring,0148-wgc-n100-d70-p91.asp,42769,7938,5.387881,29.029263,156.406214,0.185602,0.034448,0.006394,0.0047,0.823727,0.0,0.990601,7237,0.171549,0.823751,0.823751,CLINGO-AMO,0.198871
GraphColouring,0149-wgc-n100-d70-p11.asp,41677,7756,5.373517,28.874688,155.158634,0.186098,0.034632,0.006445,0.004823,0.823476,0.0,0.990354,7055,0.171677,0.8235,0.8235,EOCLINGO-INF-MR,1.174391
GraphColouring,0149-wgc-n100-d70-p18.asp,41677,7756,5.373517,28.874688,155.158634,0.186098,0.034632,0.006445,0.004823,0.823476,0.0,0.990354,7055,0.171677,0.8235,0.8235,EOCLINGO-L,1.178269
GraphColouring,0149-wgc-n100-d70-p30.asp,41677,7756,5.373517,28.874688,155.158634,0.186098,0.034632,0.006445,0.004823,0.823476,0.0,0.990354,7055,0.171677,0.8235,0.8235,EOCLINGO-L,1.175866
GraphColouring,0149-wgc-n100-d70-p38.asp,41677,7756,5.373517,28.874688,155.158634,0.186098,0.034632,0.006445,0.004823,0.823476,0.0,0.990354,7055,0.171677,0.8235,0.8235,EOCLINGO-L,1.183425
GraphColouring,0149-wgc-n100-d70-p48.asp,41677,7756,5.373517,28.874688,155.158634,0.186098,0.034632,0.006445,0.004823,0.823476,0.0,0.990354,7055,0.171677,0.8235,0.8235,EOCLINGO-L,1.1723
GraphColouring,0149-wgc-n100-d70-p60.asp,41677,7756,5.373517,28.874688,155.158634,0.186098,0.034632,0.006445,0.004823,0.823476,0.0,0.990354,7055,0.171677,0.8235,0.8235,CLINGO-AMO,0.78047
GraphColouring,0149-wgc-n100-d70-p68.asp,41677,7756,5.373517,28.874688,155.158634,0.186098,0.034632,0.006445,0.004823,0.823476,0.0,0.990354,7055,0.171677,0.8235,0.8235,CLINGO-AMO,0.433094
GraphColouring,0149-wgc-n100-d70-p78.asp,41677,7756,5.373517,28.874688,155.158634,0.186098,0.034632,0.006445,0.004823,0.823476,0.0,0.990354,7055,0.171677,0.8235,0.8235,CLINGO-AMO,0.268675
GraphColouring,0149-wgc-n100-d70-p88.asp,41677,7756,5.373517,28.874688,155.158634,0.186098,0.034632,0.006445,0.004823,0.823476,0.0,0.990354,7055,0.171677,0.8235,0.8235,CLINGO-AMO,0.267603
GraphColouring,0150-wgc-n100-d70-p11.asp,41977,7806,5.37753,28.91783,155.506502,0.185959,0.034581,0.006431,0.004788,0.823546,0.0,0.990423,7105,0.171642,0.82357,0.82357,EOCLINGO-INF-MR,1.175282
GraphColouring,0150-wgc-n100-d70-p18.asp,41977,7806,5.37753,28.91783,155.506502,0.185959,0.034581,0.006431,0.004788,0.823546,0.0,0.990423,7105,0.171642,0.82357,0.82357,EOCLINGO-INF-MR,1.176433
GraphColouring,0150-wgc-n100-d70-p30.asp,41977,7806,5.37753,28.91783,155.506502,0.185959,0.034581,0.006431,0.004788,0.823546,0.0,0.990423,7105,0.171642,0.82357,0.82357,EOCLINGO-INF-MR,1.177633
GraphColouring,0150-wgc-n100-d70-p39.asp,41977,7806,5.37753,28.91783,155.506502,0.185959,0.034581,0.006431,0.004788,0.823546,0.0,0.990423,7105,0.171642,0.82357,0.82357,EOCLINGO-L,1.193859
GraphColouring,0150-wgc-n100-d70-p51.asp,41977,7806,5.37753,28.91783,155.506502,0.185959,0.034581,0.006431,0.004788,0.823546,0.0,0.990423,7105,0.171642,0.82357,0.82357,EOCLINGO-L,1.182473
GraphColouring,0150-wgc-n100-d70-p60.asp,41977,7806,5.37753,28.91783,155.506502,0.185959,0.034581,0.006431,0.004788,0.823546,0.0,0.990423,7105,0.171642,0.82357,0.82357,CLINGO-AMO,0.96618
GraphColouring,0150-wgc-n100-d70-p71.asp,41977,7806,5.37753,28.91783,155.506502,0.185959,0.034581,0.006431,0.004788,0.823546,0.0,0.990423,7105,0.171642,0.82357,0.82357,CLINGO-AMO,0.6653530000000001
GraphColouring,0150-wgc-n100-d70-p78.asp,41977,7806,5.37753,28.91783,155.506502,0.185959,0.034581,0.006431,0.004788,0.823546,0.0,0.990423,7105,0.171642,0.82357,0.82357,CLINGO-AMO,0.25406
GraphColouring,0150-wgc-n100-d70-p89.asp,41977,7806,5.37753,28.91783,155.506502,0.185959,0.034581,0.006431,0.004788,0.823546,0.0,0.990423,7105,0.171642,0.82357,0.82357,CLINGO-AMO,0.210172
GroupAssignment,00001-group_assignment-p50-pr5-sat.asp,14856,22346,0.664817,0.441982,0.293837,1.504173,2.262538,3.403249,0.40455,0.181745,0.0,0.231624,2836,0.372644,0.222806,0.222806,EOCLINGO-INF-MR,2.317832
GroupAssignment,00002-group_assignment-p50-pr5-sat.asp,8106,11546,0.702061,0.49289,0.346039,1.424377,2.02885,2.889847,0.40834,0.166543,0.0,0.257957,1486,0.349864,0.241796,0.241796,AMOCLINGO-L,0.889718
GroupAssignment,00003-group_assignment-p50-pr5-sat.asp,9606,13946,0.6888,0.474445,0.326798,1.451801,2.107726,3.059999,0.407037,0.171768,0.0,0.248907,1786,0.357693,0.23527,0.23527,CLINGO-AMO,0.779788
GroupAssignment,00004-group_assignment-p50-pr5-sat.asp,12606,18746,0.672463,0.452207,0.304093,1.48707,2.211376,3.28847,0.405363,0.178486,0.0,0.237268,2386,0.367761,0.226876,0.226876,EOCLINGO-L,2.038364
GroupAssignment,00005-group_assignment-p50-pr5-sat.asp,11106,16346,0.679432,0.461628,0.313645,1.471817,2.166245,3.188317,0.406087,0.175581,0.0,0.242301,2086,0.363407,0.230506,0.230506,EOCLINGO-INF-MR,1.240819
GroupAssignment,00007-group_assignment-p50-pr5-middle.asp,12606,18746,0.672463,0.452207,0.304093,1.48707,2.211376,3.28847,0.405363,0.178486,0.0,0.237268,2386,0.367761,0.226876,0.226876,EOCLINGO-INF-MR,2.26846
GroupAssignment,00008-group_assignment-p50-pr5-middle.asp,11856,17546,0.67571,0.456583,0.308518,1.479926,2.19018,3.241304,0.405702,0.177126,0.0,0.239626,2236,0.365722,0.228576,0.228576,EOCLINGO-L,4.955829
GroupAssignment,00009-group_assignment-p50-pr5-middle.asp,8106,11546,0.702061,0.49289,0.346039,1.424377,2.02885,2.889847,0.40834,0.166543,0.0,0.257957,1486,0.349864,0.241796,0.241796,EOCLINGO-L,1.819947
GroupAssignment,00010-group_assignment-p50-pr5-middle.asp,9606,13946,0.6888,0.474445,0.326798,1.451801,2.107726,3.059999,0.407037,0.171768,0.0,0.248907,1786,0.357693,0.23527,0.23527,EOCLINGO-INF-MR,1.6995900000000002
GroupAssignment,00011-group_assignment-p50-pr5-middle.asp,11106,16346,0.679432,0.461628,0.313645,1.471817,2.166245,3.188317,0.406087,0.175581,0.0,0.242301,2086,0.363407,0.230506,0.230506,EOCLINGO-INF-MR,3.017236
GroupAssignment,00012-group_assignment-p50-pr5-middle.asp,11106,16346,0.679432,0.461628,0.313645,1.471817,2.166245,3.188317,0.406087,0.175581,0.0,0.242301,2086,0.363407,0.230506,0.230506,EOCLINGO-L,7.179049
GroupAssignment,00013-group_assignment-p50-pr5-middle.asp,11106,16346,0.679432,0.461628,0.313645,1.471817,2.166245,3.188317,0.406087,0.175581,0.0,0.242301,2086,0.363407,0.230506,0.230506,AMOCLINGO-INF-MR,2.306176
GroupAssignment,00014-group_assignment-p50-pr5-middle.asp,14106,21146,0.667077,0.444991,0.296843,1.499078,2.247236,3.368783,0.404792,0.180774,0.0,0.233305,2686,0.37119,0.224018,0.224018,EOCLINGO-L,12.310229
GroupAssignment,00015-group_assignment-p50-pr5-middle.asp,11856,17546,0.67571,0.456583,0.308518,1.479926,2.19018,3.241304,0.405702,0.177126,0.0,0.239626,2236,0.365722,0.228576,0.228576,EOCLINGO-L,4.877082
GroupAssignment,00026-group_assignment-p50-pr5-unsat.asp,8856,12746,0.694806,0.482756,0.335422,1.43925,2.071441,2.981322,0.407633,0.169377,0.0,0.253049,1636,0.35411,0.238257,0.238257,AMOCLINGO-L,0.86274
GroupAssignment,00027-group_assignment-p50-pr5-unsat.asp,9606,13946,0.6888,0.474445,0.326798,1.451801,2.107726,3.059999,0.407037,0.171768,0.0,0.248907,1786,0.357693,0.23527,0.23527,AMOCLINGO-L,0.8920600000000001
GroupAssignment,00028-group_assignment-p50-pr5-unsat.asp,10356,15146,0.683745,0.467507,0.319656,1.462534,2.139005,3.128367,0.406528,0.173812,0.0,0.245365,1936,0.360757,0.232715,0.232715,AMOCLINGO-INF-MR,0.934951
GroupAssignment,00029-group_assignment-p50-pr5-unsat.asp,10356,15146,0.683745,0.467507,0.319656,1.462534,2.139005,3.128367,0.406528,0.173812,0.0,0.245365,1936,0.360757,0.232715,0.232715,AMOCLINGO-L,0.926384
GroupAssignment,00030-group_assignment-p50-pr5-unsat.asp,12606,18746,0.672463,0.452207,0.304093,1.48707,2.211376,3.28847,0.405363,0.178486,0.0,0.237268,2386,0.367761,0.226876,0.226876,AMOCLINGO-INF-MR,1.050265
GroupAssignment,00031-group_assignment-p100-pr5-sat.asp,25156,37446,0.671794,0.451307,0.303186,1.488551,2.215785,3.298311,0.405867,0.178884,0.0,0.236166,4736,0.367149,0.226984,0.226984,EOCLINGO-INF-MR,3.841282
GroupAssignment,00032-group_assignment-p100-pr5-sat.asp,19156,27846,0.687926,0.473243,0.325556,1.453644,2.11308,3.071666,0.407705,0.17227,0.0,0.247494,3536,0.356859,0.235435,0.235435,EOCLINGO-INF-MR,2.871815
GroupAssignment,00033-group_assignment-p100-pr5-sat.asp,19156,27846,0.687926,0.473243,0.325556,1.453644,2.11308,3.071666,0.407705,0.17227,0.0,0.247494,3536,0.356859,0.235435,0.235435,EOCLINGO-L,3.068708
GroupAssignment,00034-group_assignment-p100-pr5-sat.asp,17656,25446,0.693862,0.481444,0.334055,1.44121,2.077086,2.993516,0.40836,0.169914,0.0,0.251529,3236,0.353194,0.238446,0.238446,EOCLINGO-L,2.566974
GroupAssignment,00035-group_assignment-p100-pr5-sat.asp,20656,30246,0.682933,0.466398,0.318519,1.464272,2.144092,3.139534,0.407146,0.174284,0.0,0.244045,3836,0.359992,0.232862,0.232862,EOCLINGO-L,3.301954
GroupAssignment,00036-group_assignment-p100-pr5-middle.asp,17656,25446,0.693862,0.481444,0.334055,1.44121,2.077086,2.993516,0.40836,0.169914,0.0,0.251529,3236,0.353194,0.238446,0.238446,EOCLINGO-INF-MR,9.683143
GroupAssignment,00037-group_assignment-p100-pr5-middle.asp,17656,25446,0.693862,0.481444,0.334055,1.44121,2.077086,2.993516,0.40836,0.169914,0.0,0.251529,3236,0.353194,0.238446,0.238446,EOCLINGO-L,9.589846
GroupAssignment,00038-group_assignment-p100-pr5-middle.asp,22156,32646,0.678674,0.460599,0.312597,1.473461,2.171087,3.199012,0.406662,0.176025,0.0,0.241063,4136,0.362701,0.230637,0.230637,EOCLINGO-INF-MR,11.078961
GroupAssignment,00039-group_assignment-p100-pr5-middle.asp,20656,30246,0.682933,0.466398,0.318519,1.464272,2.144092,3.139534,0.407146,0.174284,0.0,0.244045,3836,0.359992,0.232862,0.232862,EOCLINGO-L,13.284442
GroupAssignment,00040-group_assignment-p100-pr5-middle.asp,28156,42246,0.666477,0.444192,0.296044,1.500426,2.251279,3.377878,0.405242,0.181134,0.0,0.232313,5336,0.370649,0.224109,0.224109,AMOCLINGO-INF-MR,28.113427
GroupAssignment,00041-group_assignment-p100-pr5-middle.asp,22156,32646,0.678674,0.460599,0.312597,1.473461,2.171087,3.199012,0.406662,0.176025,0.0,0.241063,4136,0.362701,0.230637,0.230637,AMOCLINGO-INF-MR,10.566355
GroupAssignment,00042-group_assignment-p100-pr5-middle.asp,20656,30246,0.682933,0.466398,0.318519,1.464272,2.144092,3.139534,0.407146,0.174284,0.0,0.244045,3836,0.359992,0.232862,0.232862,EOCLINGO-L,10.249256
GroupAssignment,00043-group_assignment-p100-pr5-middle.asp,20656,30246,0.682933,0.466398,0.318519,1.464272,2.144092,3.139534,0.407146,0.174284,0.0,0.244045,3836,0.359992,0.232862,0.232862,AMOCLINGO-INF-MR,7.235959999999999
GroupAssignment,00044-group_assignment-p100-pr5-middle.asp,17656,25446,0.693862,0.481444,0.334055,1.44121,2.077086,2.993516,0.40836,0.169914,0.0,0.251529,3236,0.353194,0.238446,0.238446,EOCLINGO-L,7.199291
GroupAssignment,00045-group_assignment-p100-pr5-middle.asp,19156,27846,0.687926,0.473243,0.325556,1.453644,2.11308,3.071666,0.407705,0.17227,0.0,0.247494,3536,0.356859,0.235435,0.235435,EOCLINGO-INF-MR,7.705756
GroupAssignment,00056-group_assignment-p100-pr5-unsat.asp,19156,27846,0.687926,0.473243,0.325556,1.453644,2.11308,3.071666,0.407705,0.17227,0.0,0.247494,3536,0.356859,0.235435,0.235435,AMOCLINGO-L,1.342393
GroupAssignment,00057-group_assignment-p100-pr5-unsat.asp,19156,27846,0.687926,0.473243,0.325556,1.453644,2.11308,3.071666,0.407705,0.17227,0.0,0.247494,3536,0.356859,0.235435,0.235435,AMOCLINGO-INF-MR,1.342472
GroupAssignment,00058-group_assignment-p100-pr5-unsat.asp,29656,44646,0.664248,0.441225,0.293083,1.505463,2.266418,3.412007,0.404977,0.182088,0.0,0.230678,5636,0.372134,0.222889,0.222889,AMOCLINGO-INF-MR,1.928626
GroupAssignment,00059-group_assignment-p100-pr5-unsat.asp,28156,42246,0.666477,0.444192,0.296044,1.500426,2.251279,3.377878,0.405242,0.181134,0.0,0.232313,5336,0.370649,0.224109,0.224109,AMOCLINGO-INF-MR,1.828269
GroupAssignment,00060-group_assignment-p100-pr5-unsat.asp,20656,30246,0.682933,0.466398,0.318519,1.464272,2.144092,3.139534,0.407146,0.174284,0.0,0.244045,3836,0.359992,0.232862,0.232862,AMOCLINGO-INF-MR,1.419596
GroupAssignment,00061-group_assignment-p150-pr5-sat.asp,21356,30646,0.696861,0.485615,0.338406,1.435007,2.059244,2.955028,0.407848,0.168571,0.0,0.254776,3936,0.352875,0.239277,0.239277,AMOCLINGO-INF-MR,3.007117
GroupAssignment,00062-group_assignment-p150-pr5-sat.asp,35456,52546,0.674761,0.455303,0.307221,1.482006,2.196341,3.254991,0.406419,0.177685,0.0,0.23807,6636,0.364847,0.228734,0.228734,EOCLINGO-INF-MR,3.495221
GroupAssignment,00063-group_assignment-p150-pr5-sat.asp,35456,52546,0.674761,0.455303,0.307221,1.482006,2.196341,3.254991,0.406419,0.177685,0.0,0.23807,6636,0.364847,0.228734,0.228734,EOCLINGO-L,14.15761
GroupAssignment,00064-group_assignment-p150-pr5-sat.asp,26456,38146,0.693546,0.481006,0.3336,1.441866,2.078977,2.997605,0.408603,0.170094,0.0,0.251021,4836,0.352888,0.238509,0.238509,EOCLINGO-L,5.74967
GroupAssignment,00065-group_assignment-p150-pr5-sat.asp,26456,38146,0.693546,0.481006,0.3336,1.441866,2.078977,2.997605,0.408603,0.170094,0.0,0.251021,4836,0.352888,0.238509,0.238509,EOCLINGO-INF-MR,2.695368
GroupAssignment,00066-group_assignment-p150-pr5-middle.asp,44456,66946,0.664058,0.440972,0.292831,1.505893,2.267715,3.414937,0.40512,0.182203,0.0,0.230363,8436,0.371963,0.222917,0.222917,EOCLINGO-INF-MR,64.10644
GroupAssignment,00067-group_assignment-p150-pr5-middle.asp,35456,52546,0.674761,0.455303,0.307221,1.482006,2.196341,3.254991,0.406419,0.177685,0.0,0.23807,6636,0.364847,0.228734,0.228734,EOCLINGO-L,14.515273
GroupAssignment,00068-group_assignment-p150-pr5-middle.asp,28706,41746,0.687635,0.472842,0.325142,1.45426,2.114873,3.075577,0.407929,0.172438,0.0,0.247022,5286,0.356581,0.235491,0.235491,EOCLINGO-INF-MR,14.669091
GroupAssignment,00069-group_assignment-p150-pr5-middle.asp,44456,66946,0.664058,0.440972,0.292831,1.505893,2.267715,3.414937,0.40512,0.182203,0.0,0.230363,8436,0.371963,0.222917,0.222917,EOCLINGO-L,162.849468
GroupAssignment,00070-group_assignment-p150-pr5-middle.asp,28706,41746,0.687635,0.472842,0.325142,1.45426,2.114873,3.075577,0.407929,0.172438,0.0,0.247022,5286,0.356581,0.235491,0.235491,EOCLINGO-INF-MR,20.236437
GroupAssignment,00071-group_assignment-p150-pr5-middle.asp,26456,38146,0.693546,0.481006,0.3336,1.441866,2.078977,2.997605,0.408603,0.170094,0.0,0.251021,4836,0.352888,0.238509,0.238509,AMOCLINGO-INF-MR,8.531452
GroupAssignment,00072-group_assignment-p150-pr5-middle.asp,30956,45346,0.682662,0.466028,0.318139,1.464853,2.145795,3.143275,0.407352,0.174441,0.0,0.243604,5736,0.359736,0.232911,0.232911,EOCLINGO-L,29.250718000000003
GroupAssignment,00073-group_assignment-p150-pr5-middle.asp,35456,52546,0.674761,0.455303,0.307221,1.482006,2.196341,3.254991,0.406419,0.177685,0.0,0.23807,6636,0.364847,0.228734,0.228734,EOCLINGO-L,37.085541
GroupAssignment,00074-group_assignment-p150-pr5-middle.asp,30956,45346,0.682662,0.466028,0.318139,1.464853,2.145795,3.143275,0.407352,0.174441,0.0,0.243604,5736,0.359736,0.232911,0.232911,EOCLINGO-INF-MR,35.76173300000001
GroupAssignment,00075-group_assignment-p150-pr5-middle.asp,42206,63346,0.666277,0.443925,0.295777,1.500877,2.252631,3.380921,0.405393,0.181254,0.0,0.231981,7986,0.370469,0.224139,0.224139,EOCLINGO-INF-MR,71.50215999999999
GroupAssignment,00086-group_assignment-p150-pr5-unsat.asp,33206,48946,0.678421,0.460255,0.312247,1.474011,2.172708,3.202594,0.406854,0.176173,0.0,0.240649,6186,0.362465,0.230681,0.230681,AMOCLINGO-INF-MR,2.052301
GroupAssignment,00087-group_assignment-p150-pr5-unsat.asp,37706,56146,0.671571,0.451007,0.302883,1.489047,2.21726,3.301605,0.406036,0.179017,0.0,0.235798,7086,0.366944,0.22702,0.22702,AMOCLINGO-INF-MR,2.275007
GroupAssignment,00088-group_assignment-p150-pr5-unsat.asp,35456,52546,0.674761,0.455303,0.307221,1.482006,2.196341,3.254991,0.406419,0.177685,0.0,0.23807,6636,0.364847,0.228734,0.228734,AMOCLINGO-INF-MR,2.159379
GroupAssignment,00089-group_assignment-p150-pr5-unsat.asp,35456,52546,0.674761,0.455303,0.307221,1.482006,2.196341,3.254991,0.406419,0.177685,0.0,0.23807,6636,0.364847,0.228734,0.228734,AMOCLINGO-INF-MR,2.157373
GroupAssignment,00090-group_assignment-p150-pr5-unsat.asp,30956,45346,0.682662,0.466028,0.318139,1.464853,2.145795,3.143275,0.407352,0.174441,0.0,0.243604,5736,0.359736,0.232911,0.232911,AMOCLINGO-INF-MR,1.923919
GroupAssignment,00091-group_assignment-p200-pr5-sat.asp,35256,50846,0.693388,0.480787,0.333372,1.442194,2.079924,2.999655,0.408725,0.170184,0.0,0.250766,6436,0.352734,0.238541,0.238541,EOCLINGO-L,9.932246999999998
GroupAssignment,00092-group_assignment-p200-pr5-sat.asp,50256,74846,0.671459,0.450857,0.302732,1.489295,2.217999,3.303254,0.406121,0.179083,0.0,0.235614,9436,0.366842,0.227038,0.227038,AMOCLINGO-INF-MR,29.79423
GroupAssignment,00093-group_assignment-p200-pr5-sat.asp,47256,70046,0.674642,0.455142,0.307058,1.482267,2.197115,3.25671,0.406509,0.177755,0.0,0.237875,8836,0.364737,0.228754,0.228754,EOCLINGO-L,23.759558
GroupAssignment,00094-group_assignment-p200-pr5-sat.asp,38256,55646,0.687489,0.472641,0.324935,1.454569,2.115772,3.077536,0.408041,0.172522,0.0,0.246785,7036,0.356441,0.235519,0.235519,EOCLINGO-INF-MR,12.946452
GroupAssignment,00095-group_assignment-p200-pr5-sat.asp,22456,31246,0.718684,0.516507,0.371205,1.391432,1.936083,2.693929,0.410135,0.160314,0.0,0.269015,4036,0.340043,0.249822,0.249822,AMOCLINGO-L,2.970535
GroupAssignment,00096-group_assignment-p200-pr5-middle.asp,50256,74846,0.671459,0.450857,0.302732,1.489295,2.217999,3.303254,0.406121,0.179083,0.0,0.235614,9436,0.366842,0.227038,0.227038,EOCLINGO-INF-MR,23.925224
GroupAssignment,00097-group_assignment-p200-pr5-middle.asp,35256,50846,0.693388,0.480787,0.333372,1.442194,2.079924,2.999655,0.408725,0.170184,0.0,0.250766,6436,0.352734,0.238541,0.238541,EOCLINGO-INF-MR,29.0335
GroupAssignment,00098-group_assignment-p200-pr5-middle.asp,44256,65246,0.678294,0.460083,0.312072,1.474286,2.173519,3.204389,0.40695,0.176247,0.0,0.240442,8236,0.362346,0.230703,0.230703,EOCLINGO-INF-MR,67.61286999999999
GroupAssignment,00099-group_assignment-p200-pr5-middle.asp,56256,84446,0.666177,0.443792,0.295644,1.501102,2.253308,3.382445,0.405468,0.181314,0.0,0.231815,10636,0.370378,0.224154,0.224154,AMOCLINGO-INF-MR,96.36181
GroupAssignment,00100-group_assignment-p200-pr5-middle.asp,35256,50846,0.693388,0.480787,0.333372,1.442194,2.079924,2.999655,0.408725,0.170184,0.0,0.250766,6436,0.352734,0.238541,0.238541,EOCLINGO-INF-MR,26.591469
GroupAssignment,00101-group_assignment-p200-pr5-middle.asp,35256,50846,0.693388,0.480787,0.333372,1.442194,2.079924,2.999655,0.408725,0.170184,0.0,0.250766,6436,0.352734,0.238541,0.238541,AMOCLINGO-L,27.698942
GroupAssignment,00102-group_assignment-p200-pr5-middle.asp,44256,65246,0.678294,0.460083,0.312072,1.474286,2.173519,3.204389,0.40695,0.176247,0.0,0.240442,8236,0.362346,0.230703,0.230703,EOCLINGO-L,95.679632
GroupAssignment,00103-group_assignment-p200-pr5-middle.asp,47256,70046,0.674642,0.455142,0.307058,1.482267,2.197115,3.25671,0.406509,0.177755,0.0,0.237875,8836,0.364737,0.228754,0.228754,AMOCLINGO-L,84.44737400000001
GroupAssignment,00104-group_assignment-p200-pr5-middle.asp,47256,70046,0.674642,0.455142,0.307058,1.482267,2.197115,3.25671,0.406509,0.177755,0.0,0.237875,8836,0.364737,0.228754,0.228754,EOCLINGO-INF-MR,58.47275
GroupAssignment,00105-group_assignment-p200-pr5-middle.asp,34856,50646,0.688228,0.473658,0.325985,1.453007,2.111228,3.067629,0.407677,0.172137,0.0,0.247906,6436,0.356782,0.235541,0.235541,EOCLINGO-INF-MR,36.665808
GroupAssignment,00116-group_assignment-p200-pr5-unsat.asp,35256,50846,0.693388,0.480787,0.333372,1.442194,2.079924,2.999655,0.408725,0.170184,0.0,0.250766,6436,0.352734,0.238541,0.238541,AMOCLINGO-INF-MR,2.120102
GroupAssignment,00117-group_assignment-p200-pr5-unsat.asp,47256,70046,0.674642,0.455142,0.307058,1.482267,2.197115,3.25671,0.406509,0.177755,0.0,0.237875,8836,0.364737,0.228754,0.228754,AMOCLINGO-L,2.74182
GroupAssignment,00118-group_assignment-p200-pr5-unsat.asp,65256,98846,0.660178,0.435836,0.287729,1.514742,2.294443,3.475489,0.404714,0.183891,0.0,0.227427,12436,0.374464,0.220823,0.220823,AMOCLINGO-INF-MR,3.841686
GroupAssignment,00119-group_assignment-p200-pr5-unsat.asp,35256,50846,0.693388,0.480787,0.333372,1.442194,2.079924,2.999655,0.408725,0.170184,0.0,0.250766,6436,0.352734,0.238541,0.238541,AMOCLINGO-L,2.110984
GroupAssignment,00120-group_assignment-p200-pr5-unsat.asp,44256,65246,0.678294,0.460083,0.312072,1.474286,2.173519,3.204389,0.40695,0.176247,0.0,0.240442,8236,0.362346,0.230703,0.230703,AMOCLINGO-L,2.589461
GroupAssignment,00121-group_assignment-p250-pr5-sat.asp,59056,87546,0.674571,0.455046,0.306961,1.482423,2.197579,3.257743,0.406563,0.177797,0.0,0.237757,11036,0.364671,0.228766,0.228766,EOCLINGO-INF-MR,11.672562
GroupAssignment,00122-group_assignment-p250-pr5-sat.asp,44056,63546,0.693293,0.480655,0.333235,1.442392,2.080493,3.000886,0.408798,0.170238,0.0,0.250613,8036,0.352642,0.23856,0.23856,AMOCLINGO-INF-MR,11.275818
GroupAssignment,00123-group_assignment-p250-pr5-sat.asp,55306,81546,0.678218,0.45998,0.311967,1.474451,2.174006,3.205466,0.407008,0.176292,0.0,0.240318,10286,0.362275,0.230716,0.230716,EOCLINGO-L,36.976239
GroupAssignment,00124-group_assignment-p250-pr5-sat.asp,55306,81546,0.678218,0.45998,0.311967,1.474451,2.174006,3.205466,0.407008,0.176292,0.0,0.240318,10286,0.362275,0.230716,0.230716,AMOCLINGO-L,33.293887
GroupAssignment,00125-group_assignment-p250-pr5-sat.asp,44056,63546,0.693293,0.480655,0.333235,1.442392,2.080493,3.000886,0.408798,0.170238,0.0,0.250613,8036,0.352642,0.23856,0.23856,EOCLINGO-L,6.997618999999999
GroupAssignment,00126-group_assignment-p250-pr5-middle.asp,51556,75546,0.682445,0.465731,0.317836,1.465319,2.147161,3.146276,0.407518,0.174567,0.0,0.24325,9536,0.359531,0.232951,0.232951,EOCLINGO-L,148.94457100000002
GroupAssignment,00127-group_assignment-p250-pr5-middle.asp,66556,99546,0.668595,0.44702,0.298875,1.495673,2.237037,3.345876,0.405824,0.180299,0.0,0.233503,12536,0.368652,0.225524,0.225524,AMOCLINGO-L,317.616997
GroupAssignment,00128-group_assignment-p250-pr5-middle.asp,47806,69546,0.687401,0.47252,0.324811,1.454755,2.116311,3.078713,0.408108,0.172572,0.0,0.246643,8786,0.356357,0.235535,0.235535,AMOCLINGO-L,57.929495
GroupAssignment,00129-group_assignment-p250-pr5-middle.asp,62806,93546,0.671392,0.450767,0.302641,1.489444,2.218442,3.304245,0.406171,0.179123,0.0,0.235503,11786,0.36678,0.227048,0.227048,EOCLINGO-L,148.55066399999998
GroupAssignment,00130-group_assignment-p250-pr5-middle.asp,59056,87546,0.674571,0.455046,0.306961,1.482423,2.197579,3.257743,0.406563,0.177797,0.0,0.237757,11036,0.364671,0.228766,0.228766,EOCLINGO-INF-MR,63.995546
GroupAssignment,00131-group_assignment-p250-pr5-middle.asp,40306,57546,0.700414,0.490579,0.343608,1.427728,2.038407,2.91029,0.409616,0.167469,0.0,0.255322,7286,0.348236,0.242148,0.242148,EOCLINGO-L,37.503789
GroupAssignment,00132-group_assignment-p250-pr5-middle.asp,32306,45296,0.71322,0.508682,0.362802,1.402092,1.965863,2.756322,0.41045,0.162509,0.0,0.264378,5786,0.341608,0.247942,0.247942,EOCLINGO-INF-MR,12.061339
GroupAssignment,00133-group_assignment-p250-pr5-middle.asp,81556,123546,0.660127,0.435767,0.287661,1.514861,2.294804,3.476309,0.404753,0.183923,0.0,0.227341,15536,0.374418,0.22083,0.22083,EOCLINGO-INF-MR,42.65429
GroupAssignment,00134-group_assignment-p250-pr5-middle.asp,44056,63546,0.693293,0.480655,0.333235,1.442392,2.080493,3.000886,0.408798,0.170238,0.0,0.250613,8036,0.352642,0.23856,0.23856,EOCLINGO-INF-MR,45.24525
GroupAssignment,00135-group_assignment-p250-pr5-middle.asp,55306,81546,0.678218,0.45998,0.311967,1.474451,2.174006,3.205466,0.407008,0.176292,0.0,0.240318,10286,0.362275,0.230716,0.230716,EOCLINGO-INF-MR,57.83133
GroupAssignment,00137-group_assignment-p250-pr5-punsat.asp,81556,123546,0.660127,0.435767,0.287661,1.514861,2.294804,3.476309,0.404753,0.183923,0.0,0.227341,15536,0.374418,0.22083,0.22083,AMOCLINGO-INF-MR,662.9722800000001
GroupAssignment,00139-group_assignment-p250-pr5-punsat.asp,47806,69546,0.687401,0.47252,0.324811,1.454755,2.116311,3.078713,0.408108,0.172572,0.0,0.246643,8786,0.356357,0.235535,0.235535,AMOCLINGO-INF-MR,570.7644
GroupAssignment,00143-group_assignment-p250-pr5-punsat.asp,47806,69546,0.687401,0.47252,0.324811,1.454755,2.116311,3.078713,0.408108,0.172572,0.0,0.246643,8786,0.356357,0.235535,0.235535,AMOCLINGO-INF-MR,596.27874
GroupAssignment,00146-group_assignment-p250-pr5-unsat.asp,51556,75546,0.682445,0.465731,0.317836,1.465319,2.147161,3.146276,0.407518,0.174567,0.0,0.24325,9536,0.359531,0.232951,0.232951,AMOCLINGO-INF-MR,2.9700070000000003
GroupAssignment,00147-group_assignment-p250-pr5-unsat.asp,59056,87546,0.674571,0.455046,0.306961,1.482423,2.197579,3.257743,0.406563,0.177797,0.0,0.237757,11036,0.364671,0.228766,0.228766,AMOCLINGO-INF-MR,3.4239040000000003
GroupAssignment,00148-group_assignment-p250-pr5-unsat.asp,62806,93546,0.671392,0.450767,0.302641,1.489444,2.218442,3.304245,0.406171,0.179123,0.0,0.235503,11786,0.36678,0.227048,0.227048,AMOCLINGO-INF-MR,3.653243
GroupAssignment,00149-group_assignment-p250-pr5-unsat.asp,74056,111546,0.663905,0.44077,0.29263,1.506239,2.268754,3.417285,0.405234,0.182294,0.0,0.23011,14036,0.371827,0.222939,0.222939,AMOCLINGO-INF-MR,4.234836
GroupAssignment,00150-group_assignment-p250-pr5-unsat.asp,59056,87546,0.674571,0.455046,0.306961,1.482423,2.197579,3.257743,0.406563,0.177797,0.0,0.237757,11036,0.364671,0.228766,0.228766,AMOCLINGO-INF-MR,3.431311
GroupAssignment,00151-group_assignment-p300-pr5-sat.asp,43256,61546,0.702824,0.493961,0.347168,1.422832,2.02445,2.880451,0.409423,0.166451,0.0,0.25756,7836,0.347605,0.242972,0.242972,EOCLINGO-L,12.78306
GroupAssignment,00152-group_assignment-p300-pr5-sat.asp,66356,97846,0.678168,0.459911,0.311897,1.474561,2.174331,3.206185,0.407047,0.176322,0.0,0.240234,12336,0.362228,0.230725,0.230725,EOCLINGO-L,21.409315
GroupAssignment,00153-group_assignment-p300-pr5-sat.asp,70856,105046,0.674524,0.454982,0.306896,1.482528,2.197889,3.258432,0.406599,0.177825,0.0,0.237679,13236,0.364627,0.228774,0.228774,EOCLINGO-INF-MR,48.278145
GroupAssignment,00154-group_assignment-p300-pr5-sat.asp,57356,83446,0.687343,0.47244,0.324728,1.454878,2.116671,3.079499,0.408153,0.172606,0.0,0.246548,10536,0.356301,0.235546,0.235546,EOCLINGO-L,14.584648
GroupAssignment,00155-group_assignment-p300-pr5-sat.asp,61856,90646,0.682391,0.465657,0.31776,1.465436,2.147502,3.147027,0.407559,0.174599,0.0,0.243162,11436,0.35948,0.23296,0.23296,EOCLINGO-L,25.493617
GroupAssignment,00156-group_assignment-p300-pr5-middle.asp,88856,133846,0.663867,0.44072,0.29258,1.506325,2.269015,3.417873,0.405262,0.182317,0.0,0.230046,16836,0.371793,0.222945,0.222945,AMOCLINGO-INF-MR,477.5114
GroupAssignment,00157-group_assignment-p300-pr5-middle.asp,70856,105046,0.674524,0.454982,0.306896,1.482528,2.197889,3.258432,0.406599,0.177825,0.0,0.237679,13236,0.364627,0.228774,0.228774,EOCLINGO-INF-MR,213.36273000000003
GroupAssignment,00158-group_assignment-p300-pr5-middle.asp,75356,112246,0.671347,0.450707,0.30258,1.489543,2.218738,3.304906,0.406205,0.17915,0.0,0.235429,14136,0.366739,0.227056,0.227056,EOCLINGO-INF-MR,20.057121
GroupAssignment,00159-group_assignment-p300-pr5-middle.asp,88856,133846,0.663867,0.44072,0.29258,1.506325,2.269015,3.417873,0.405262,0.182317,0.0,0.230046,16836,0.371793,0.222945,0.222945,EOCLINGO-L,469.26214
GroupAssignment,00160-group_assignment-p300-pr5-middle.asp,57356,83446,0.687343,0.47244,0.324728,1.454878,2.116671,3.079499,0.408153,0.172606,0.0,0.246548,10536,0.356301,0.235546,0.235546,EOCLINGO-L,111.542114
GroupAssignment,00161-group_assignment-p300-pr5-middle.asp,70856,105046,0.674524,0.454982,0.306896,1.482528,2.197889,3.258432,0.406599,0.177825,0.0,0.237679,13236,0.364627,0.228774,0.228774,AMOCLINGO-L,172.23442599999998
GroupAssignment,00162-group_assignment-p300-pr5-middle.asp,70856,105046,0.674524,0.454982,0.306896,1.482528,2.197889,3.258432,0.406599,0.177825,0.0,0.237679,13236,0.364627,0.228774,0.228774,AMOCLINGO-L,102.628548
GroupAssignment,00163-group_assignment-p300-pr5-middle.asp,75356,112246,0.671347,0.450707,0.30258,1.489543,2.218738,3.304906,0.406205,0.17915,0.0,0.235429,14136,0.366739,0.227056,0.227056,EOCLINGO-L,238.531169
GroupAssignment,00164-group_assignment-p300-pr5-middle.asp,47156,68446,0.688952,0.474655,0.327014,1.45148,2.106795,3.057971,0.407371,0.17177,0.0,0.248982,8736,0.357028,0.235601,0.235601,EOCLINGO-L,78.450928
GroupAssignment,00165-group_assignment-p300-pr5-middle.asp,66356,97846,0.678168,0.459911,0.311897,1.474561,2.174331,3.206185,0.407047,0.176322,0.0,0.240234,12336,0.362228,0.230725,0.230725,EOCLINGO-INF-MR,251.05568
GroupAssignment,00166-group_assignment-p300-pr5-punsat.asp,66356,97846,0.678168,0.459911,0.311897,1.474561,2.174331,3.206185,0.407047,0.176322,0.0,0.240234,12336,0.362228,0.230725,0.230725,AMOCLINGO-INF-MR,638.5223599999999
GroupAssignment,00169-group_assignment-p300-pr5-punsat.asp,79856,119446,0.668553,0.446963,0.298819,1.495767,2.23732,3.34651,0.405856,0.180325,0.0,0.233433,15036,0.368614,0.225531,0.225531,AMOCLINGO-INF-MR,669.1449200000001
GroupAssignment,00173-group_assignment-p300-pr5-punsat.asp,61856,90646,0.682391,0.465657,0.31776,1.465436,2.147502,3.147027,0.407559,0.174599,0.0,0.243162,11436,0.35948,0.23296,0.23296,AMOCLINGO-INF-MR,595.99101
GroupAssignment,00174-group_assignment-p300-pr5-punsat.asp,75356,112246,0.671347,0.450707,0.30258,1.489543,2.218738,3.304906,0.406205,0.17915,0.0,0.235429,14136,0.366739,0.227056,0.227056,AMOCLINGO-INF-MR,598.87764
GroupAssignment,00176-group_assignment-p300-pr5-unsat.asp,61856,90646,0.682391,0.465657,0.31776,1.465436,2.147502,3.147027,0.407559,0.174599,0.0,0.243162,11436,0.35948,0.23296,0.23296,AMOCLINGO-INF-MR,3.534736
GroupAssignment,00177-group_assignment-p300-pr5-unsat.asp,84356,126646,0.666077,0.443659,0.295511,1.501328,2.253985,3.38397,0.405543,0.181374,0.0,0.231649,15936,0.370288,0.224169,0.224169,AMOCLINGO-INF-MR,4.822097
GroupAssignment,00178-group_assignment-p300-pr5-unsat.asp,48356,69046,0.700345,0.490483,0.343507,1.427868,2.038808,2.911149,0.40967,0.167508,0.0,0.255211,8736,0.348168,0.242162,0.242162,AMOCLINGO-L,2.72767
GroupAssignment,00179-group_assignment-p300-pr5-unsat.asp,75356,112246,0.671347,0.450707,0.30258,1.489543,2.218738,3.304906,0.406205,0.17915,0.0,0.235429,14136,0.366739,0.227056,0.227056,AMOCLINGO-INF-MR,4.293351
GroupAssignment,00180-group_assignment-p300-pr5-unsat.asp,33056,46546,0.710179,0.504354,0.358182,1.408095,1.982733,2.791876,0.4087,0.163359,0.0,0.26443,6036,0.345958,0.245341,0.245341,AMOCLINGO-INF-MR,1.952675
GroupAssignment,00181-group_assignment-p50-pr10-sat.asp,16391,24771,0.661701,0.437848,0.289725,1.511256,2.283895,3.451551,0.40388,0.183027,0.0,0.229455,3151,0.375267,0.220853,0.220853,CLINGO-AMO,0.385833
GroupAssignment,00182-group_assignment-p50-pr10-sat.asp,23891,36771,0.649724,0.422141,0.274275,1.539115,2.368875,3.645972,0.402662,0.188355,0.0,0.220208,4651,0.383031,0.214307,0.214307,AMOCLINGO-INF-MR,2.038508
GroupAssignment,00183-group_assignment-p50-pr10-sat.asp,26141,40371,0.647519,0.419281,0.271493,1.544356,2.385034,3.683341,0.402433,0.189358,0.0,0.218469,5101,0.384492,0.213075,0.213075,EOCLINGO-INF-MR,2.466906
GroupAssignment,00184-group_assignment-p50-pr10-sat.asp,19391,29571,0.655744,0.43,0.28197,1.524986,2.325582,3.546479,0.40328,0.185653,0.0,0.224898,3751,0.379093,0.217627,0.217627,CLINGO-AMO,0.599856
GroupAssignment,00185-group_assignment-p50-pr10-sat.asp,22391,34371,0.65145,0.424388,0.276467,1.535036,2.356337,3.617063,0.40284,0.187575,0.0,0.221562,4351,0.381895,0.215265,0.215265,AMOCLINGO-L,2.543521
GroupAssignment,00186-group_assignment-p50-pr10-middle.asp,21641,33171,0.652407,0.425635,0.277687,1.532785,2.34943,3.601171,0.402939,0.187145,0.0,0.22231,4201,0.381267,0.215794,0.215794,EOCLINGO-L,5.785051
GroupAssignment,00187-group_assignment-p50-pr10-middle.asp,16391,24771,0.661701,0.437848,0.289725,1.511256,2.283895,3.451551,0.40388,0.183027,0.0,0.229455,3151,0.375267,0.220853,0.220853,EOCLINGO-L,3.476414
GroupAssignment,00188-group_assignment-p50-pr10-middle.asp,23891,36771,0.649724,0.422141,0.274275,1.539115,2.368875,3.645972,0.402662,0.188355,0.0,0.220208,4651,0.383031,0.214307,0.214307,AMOCLINGO-INF-MR,2.586685
GroupAssignment,00189-group_assignment-p50-pr10-middle.asp,19391,29571,0.655744,0.43,0.28197,1.524986,2.325582,3.546479,0.40328,0.185653,0.0,0.224898,3751,0.379093,0.217627,0.217627,EOCLINGO-INF-MR,3.660011
GroupAssignment,00190-group_assignment-p50-pr10-middle.asp,19391,29571,0.655744,0.43,0.28197,1.524986,2.325582,3.546479,0.40328,0.185653,0.0,0.224898,3751,0.379093,0.217627,0.217627,EOCLINGO-L,5.783404
GroupAssignment,00191-group_assignment-p50-pr10-middle.asp,20891,31971,0.653436,0.426979,0.279003,1.530372,2.342038,3.58419,0.403044,0.186683,0.0,0.22311,4051,0.380595,0.216361,0.216361,AMOCLINGO-INF-MR,4.125261
GroupAssignment,00192-group_assignment-p50-pr10-middle.asp,15641,23571,0.66357,0.440325,0.292186,1.507001,2.271052,3.422477,0.404066,0.182213,0.0,0.230868,3001,0.374081,0.221853,0.221853,AMOCLINGO-INF-MR,1.564351
GroupAssignment,00193-group_assignment-p50-pr10-middle.asp,23141,35571,0.650558,0.423226,0.275333,1.537142,2.362805,3.631967,0.402748,0.187978,0.0,0.220863,4501,0.382481,0.21477,0.21477,EOCLINGO-L,7.311619
GroupAssignment,00194-group_assignment-p50-pr10-middle.asp,23141,35571,0.650558,0.423226,0.275333,1.537142,2.362805,3.631967,0.402748,0.187978,0.0,0.220863,4501,0.382481,0.21477,0.21477,EOCLINGO-INF-MR,6.932552
GroupAssignment,00195-group_assignment-p50-pr10-middle.asp,22391,34371,0.65145,0.424388,0.276467,1.535036,2.356337,3.617063,0.40284,0.187575,0.0,0.221562,4351,0.381895,0.215265,0.215265,AMOCLINGO-INF-MR,7.382127
GroupAssignment,00206-group_assignment-p50-pr10-unsat.asp,21641,33171,0.652407,0.425635,0.277687,1.532785,2.34943,3.601171,0.402939,0.187145,0.0,0.22231,4201,0.381267,0.215794,0.215794,AMOCLINGO-L,1.513718
GroupAssignment,00207-group_assignment-p50-pr10-unsat.asp,13391,19971,0.670522,0.4496,0.301467,1.491375,2.224199,3.317114,0.404749,0.179225,0.0,0.236054,2551,0.369726,0.225525,0.225525,AMOCLINGO-INF-MR,1.106171
GroupAssignment,00208-group_assignment-p50-pr10-unsat.asp,18641,28371,0.657044,0.431707,0.283651,1.521968,2.316386,3.525464,0.403412,0.185076,0.0,0.2259,3601,0.378252,0.218336,0.218336,AMOCLINGO-INF-MR,1.36249
GroupAssignment,00209-group_assignment-p50-pr10-unsat.asp,20141,30771,0.654545,0.428429,0.280426,1.527779,2.334109,3.566003,0.403158,0.186187,0.0,0.223971,3901,0.379872,0.21697,0.21697,AMOCLINGO-INF-MR,1.434251
GroupAssignment,00210-group_assignment-p50-pr10-unsat.asp,26141,40371,0.647519,0.419281,0.271493,1.544356,2.385034,3.683341,0.402433,0.189358,0.0,0.218469,5101,0.384492,0.213075,0.213075,AMOCLINGO-L,1.778218
GroupAssignment,00211-group_assignment-p100-pr10-sat.asp,49191,75871,0.64835,0.420358,0.27254,1.542376,2.378923,3.669192,0.402919,0.189059,0.0,0.21876,9551,0.383221,0.21386,0.21386,AMOCLINGO-INF-MR,5.813029
GroupAssignment,00212-group_assignment-p100-pr10-sat.asp,47691,73471,0.649113,0.421348,0.273503,1.540563,2.373335,3.656273,0.403011,0.188715,0.0,0.21935,9251,0.382693,0.214296,0.214296,AMOCLINGO-L,6.844725
GroupAssignment,00213-group_assignment-p100-pr10-sat.asp,29691,44671,0.664659,0.441772,0.293628,1.50453,2.26361,3.40567,0.404836,0.181873,0.0,0.23108,5651,0.3722,0.222963,0.222963,AMOCLINGO-INF-MR,2.247453
GroupAssignment,00214-group_assignment-p100-pr10-sat.asp,41691,63871,0.652738,0.426066,0.278109,1.532009,2.347053,3.595706,0.403444,0.187091,0.0,0.222134,8051,0.380202,0.216354,0.216354,EOCLINGO-INF-MR,3.835119
GroupAssignment,00215-group_assignment-p100-pr10-sat.asp,49191,75871,0.64835,0.420358,0.27254,1.542376,2.378923,3.669192,0.402919,0.189059,0.0,0.21876,9551,0.383221,0.21386,0.21386,AMOCLINGO-L,6.5391770000000005
GroupAssignment,00216-group_assignment-p100-pr10-middle.asp,40191,61471,0.653821,0.427481,0.279496,1.529472,2.339284,3.577869,0.403573,0.186609,0.0,0.22296,7751,0.379463,0.216964,0.216964,AMOCLINGO-INF-MR,10.109107
GroupAssignment,00217-group_assignment-p100-pr10-middle.asp,44691,68671,0.650799,0.423539,0.275639,1.536573,2.361058,3.627938,0.403213,0.187957,0.0,0.220648,8651,0.381531,0.215256,0.215256,EOCLINGO-L,26.024151
GroupAssignment,00218-group_assignment-p100-pr10-middle.asp,40191,61471,0.653821,0.427481,0.279496,1.529472,2.339284,3.577869,0.403573,0.186609,0.0,0.22296,7751,0.379463,0.216964,0.216964,AMOCLINGO-INF-MR,14.959152
GroupAssignment,00219-group_assignment-p100-pr10-middle.asp,37191,56671,0.656262,0.430679,0.282638,1.523783,2.321914,3.538092,0.403861,0.185529,0.0,0.224812,7151,0.377806,0.218332,0.218332,EOCLINGO-INF-MR,24.749986
GroupAssignment,00220-group_assignment-p100-pr10-middle.asp,44691,68671,0.650799,0.423539,0.275639,1.536573,2.361058,3.627938,0.403213,0.187957,0.0,0.220648,8651,0.381531,0.215256,0.215256,EOCLINGO-INF-MR,34.048238
GroupAssignment,00221-group_assignment-p100-pr10-middle.asp,34191,51871,0.659154,0.434485,0.286392,1.517095,2.301578,3.491712,0.4042,0.184259,0.0,0.22699,6551,0.375859,0.219941,0.219941,AMOCLINGO-INF-MR,8.527351
GroupAssignment,00222-group_assignment-p100-pr10-middle.asp,43191,66271,0.651733,0.424756,0.276827,1.534371,2.354293,3.612358,0.403325,0.187539,0.0,0.221366,8351,0.38089,0.215786,0.215786,AMOCLINGO-INF-MR,13.761599
GroupAssignment,00223-group_assignment-p100-pr10-middle.asp,37191,56671,0.656262,0.430679,0.282638,1.523783,2.321914,3.538092,0.403861,0.185529,0.0,0.224812,7151,0.377806,0.218332,0.218332,EOCLINGO-INF-MR,13.63661
GroupAssignment,00224-group_assignment-p100-pr10-middle.asp,38691,59071,0.654991,0.429014,0.281,1.526737,2.330927,3.558714,0.403711,0.18609,0.0,0.223851,7451,0.378667,0.217622,0.217622,AMOCLINGO-INF-MR,7.617898
GroupAssignment,00225-group_assignment-p100-pr10-middle.asp,38691,59071,0.654991,0.429014,0.281,1.526737,2.330927,3.558714,0.403711,0.18609,0.0,0.223851,7451,0.378667,0.217622,0.217622,EOCLINGO-INF-MR,8.79063
GroupAssignment,00236-group_assignment-p100-pr10-unsat.asp,35691,54271,0.657644,0.432496,0.284428,1.520579,2.312162,3.515826,0.404023,0.184921,0.0,0.225855,6851,0.376874,0.219103,0.219103,AMOCLINGO-L,2.252663
GroupAssignment,00237-group_assignment-p100-pr10-unsat.asp,46191,71071,0.649928,0.422406,0.274533,1.538633,2.367392,3.642547,0.403109,0.188348,0.0,0.219978,8951,0.382131,0.21476,0.21476,AMOCLINGO-INF-MR,2.829331
GroupAssignment,00238-group_assignment-p100-pr10-unsat.asp,34191,51871,0.659154,0.434485,0.286392,1.517095,2.301578,3.491712,0.4042,0.184259,0.0,0.22699,6551,0.375859,0.219941,0.219941,AMOCLINGO-INF-MR,2.1736060000000004
GroupAssignment,00239-group_assignment-p100-pr10-unsat.asp,34191,51871,0.659154,0.434485,0.286392,1.517095,2.301578,3.491712,0.4042,0.184259,0.0,0.22699,6551,0.375859,0.219941,0.219941,AMOCLINGO-L,2.178237
GroupAssignment,00240-group_assignment-p100-pr10-unsat.asp,43191,66271,0.651733,0.424756,0.276827,1.534371,2.354293,3.612358,0.403325,0.187539,0.0,0.221366,8351,0.38089,0.215786,0.215786,AMOCLINGO-INF-MR,2.640471
GroupAssignment,00241-group_assignment-p150-pr10-sat.asp,60241,92171,0.653579,0.427165,0.279186,1.530038,2.341015,3.581842,0.403712,0.18675,0.0,0.222622,11601,0.379326,0.216962,0.216962,EOCLINGO-L,10.480448
GroupAssignment,00242-group_assignment-p150-pr10-sat.asp,64741,99371,0.651508,0.424463,0.276541,1.534901,2.35592,3.616103,0.403454,0.187671,0.0,0.22105,12501,0.380763,0.215783,0.215783,AMOCLINGO-L,11.465016
GroupAssignment,00243-group_assignment-p150-pr10-sat.asp,55741,84971,0.656,0.430336,0.282301,1.52439,2.323764,3.542321,0.404011,0.18568,0.0,0.224449,10701,0.377657,0.218331,0.218331,AMOCLINGO-INF-MR,8.799934
GroupAssignment,00244-group_assignment-p150-pr10-sat.asp,64741,99371,0.651508,0.424463,0.276541,1.534901,2.35592,3.616103,0.403454,0.187671,0.0,0.22105,12501,0.380763,0.215783,0.215783,EOCLINGO-INF-MR,11.889854
GroupAssignment,00245-group_assignment-p150-pr10-sat.asp,57991,88571,0.65474,0.428685,0.280677,1.527323,2.332716,3.562812,0.403856,0.186236,0.0,0.2235,11151,0.378524,0.21762,0.21762,EOCLINGO-INF-MR,8.485057
GroupAssignment,00246-group_assignment-p150-pr10-middle.asp,64741,99371,0.651508,0.424463,0.276541,1.534901,2.35592,3.616103,0.403454,0.187671,0.0,0.22105,12501,0.380763,0.215783,0.215783,EOCLINGO-INF-MR,10.903543
GroupAssignment,00247-group_assignment-p150-pr10-middle.asp,51241,77771,0.65887,0.43411,0.286022,1.517749,2.303563,3.496232,0.404364,0.184423,0.0,0.226596,9801,0.375695,0.219941,0.219941,EOCLINGO-L,27.851468
GroupAssignment,00248-group_assignment-p150-pr10-middle.asp,60241,92171,0.653579,0.427165,0.279186,1.530038,2.341015,3.581842,0.403712,0.18675,0.0,0.222622,11601,0.379326,0.216962,0.216962,EOCLINGO-L,39.048494
GroupAssignment,00249-group_assignment-p150-pr10-middle.asp,71491,110171,0.648909,0.421083,0.273245,1.541047,2.374826,3.659719,0.403128,0.188835,0.0,0.219063,13851,0.38258,0.214293,0.214293,AMOCLINGO-INF-MR,20.138834000000003
GroupAssignment,00250-group_assignment-p150-pr10-middle.asp,48991,74171,0.660514,0.436279,0.288169,1.513972,2.292111,3.470192,0.404564,0.183707,0.0,0.227817,9351,0.374579,0.220857,0.220857,EOCLINGO-INF-MR,16.017611000000002
GroupAssignment,00251-group_assignment-p150-pr10-middle.asp,62491,95771,0.652504,0.425762,0.277812,1.532557,2.34873,3.599562,0.403578,0.187227,0.0,0.221808,12051,0.380071,0.216351,0.216351,AMOCLINGO-INF-MR,43.86006
GroupAssignment,00252-group_assignment-p150-pr10-middle.asp,57991,88571,0.65474,0.428685,0.280677,1.527323,2.332716,3.562812,0.403856,0.186236,0.0,0.2235,11151,0.378524,0.21762,0.21762,EOCLINGO-L,43.755814
GroupAssignment,00253-group_assignment-p150-pr10-middle.asp,71491,110171,0.648909,0.421083,0.273245,1.541047,2.374826,3.659719,0.403128,0.188835,0.0,0.219063,13851,0.38258,0.214293,0.214293,AMOCLINGO-L,93.281444
GroupAssignment,00254-group_assignment-p150-pr10-middle.asp,53491,81371,0.657372,0.432138,0.284075,1.521209,2.314077,3.520196,0.40418,0.185078,0.0,0.225477,10251,0.376718,0.219102,0.219102,EOCLINGO-INF-MR,20.590884
GroupAssignment,00255-group_assignment-p150-pr10-middle.asp,55741,84971,0.656,0.430336,0.282301,1.52439,2.323764,3.542321,0.404011,0.18568,0.0,0.224449,10701,0.377657,0.218331,0.218331,EOCLINGO-L,36.497006000000006
GroupAssignment,00266-group_assignment-p150-pr10-unsat.asp,53491,81371,0.657372,0.432138,0.284075,1.521209,2.314077,3.520196,0.40418,0.185078,0.0,0.225477,10251,0.376718,0.219102,0.219102,AMOCLINGO-INF-MR,3.255554
GroupAssignment,00267-group_assignment-p150-pr10-unsat.asp,55741,84971,0.656,0.430336,0.282301,1.52439,2.323764,3.542321,0.404011,0.18568,0.0,0.224449,10701,0.377657,0.218331,0.218331,AMOCLINGO-INF-MR,3.318407
GroupAssignment,00268-group_assignment-p150-pr10-unsat.asp,73741,113771,0.648153,0.420102,0.27229,1.542846,2.380373,3.672549,0.403032,0.189176,0.0,0.218481,14301,0.383111,0.213857,0.213857,AMOCLINGO-INF-MR,4.376488
GroupAssignment,00269-group_assignment-p150-pr10-unsat.asp,44491,66971,0.664332,0.441337,0.293195,1.505271,2.26584,3.410703,0.405026,0.182059,0.0,0.230631,8451,0.372008,0.222966,0.222966,AMOCLINGO-INF-MR,2.702414
GroupAssignment,00270-group_assignment-p150-pr10-unsat.asp,75991,117371,0.647443,0.419182,0.271396,1.544538,2.385598,3.684647,0.402942,0.189496,0.0,0.217934,14751,0.383611,0.213446,0.213446,AMOCLINGO-L,4.491244
GroupAssignment,00271-group_assignment-p200-pr10-sat.asp,86291,132471,0.651395,0.424316,0.276397,1.535166,2.356734,3.617978,0.403518,0.187737,0.0,0.220892,16651,0.3807,0.215781,0.215781,EOCLINGO-INF-MR,23.460346
GroupAssignment,00272-group_assignment-p200-pr10-sat.asp,74291,113271,0.65587,0.430165,0.282132,1.524693,2.32469,3.54444,0.404087,0.185756,0.0,0.224267,14251,0.377583,0.218331,0.218331,AMOCLINGO-INF-MR,12.525666
GroupAssignment,00273-group_assignment-p200-pr10-sat.asp,101291,156471,0.647347,0.419058,0.271276,1.544767,2.386305,3.686286,0.402997,0.189553,0.0,0.217798,19651,0.383558,0.213444,0.213444,AMOCLINGO-INF-MR,24.149408
GroupAssignment,00274-group_assignment-p200-pr10-sat.asp,74291,113271,0.65587,0.430165,0.282132,1.524693,2.32469,3.54444,0.404087,0.185756,0.0,0.224267,14251,0.377583,0.218331,0.218331,EOCLINGO-INF-MR,9.118556
GroupAssignment,00275-group_assignment-p200-pr10-sat.asp,74291,113271,0.65587,0.430165,0.282132,1.524693,2.32469,3.54444,0.404087,0.185756,0.0,0.224267,14251,0.377583,0.218331,0.218331,AMOCLINGO-L,13.777404
GroupAssignment,00276-group_assignment-p200-pr10-middle.asp,89291,137271,0.650472,0.423114,0.275224,1.537344,2.363427,3.633401,0.4034,0.188149,0.0,0.22019,17251,0.381349,0.215251,0.215251,EOCLINGO-INF-MR,82.41606
GroupAssignment,00277-group_assignment-p200-pr10-middle.asp,86291,132471,0.651395,0.424316,0.276397,1.535166,2.356734,3.617978,0.403518,0.187737,0.0,0.220892,16651,0.3807,0.215781,0.215781,EOCLINGO-INF-MR,153.17244
GroupAssignment,00278-group_assignment-p200-pr10-middle.asp,95291,146871,0.648807,0.420951,0.273116,1.541289,2.375573,3.661445,0.403186,0.188895,0.0,0.218919,18451,0.382523,0.214291,0.214291,AMOCLINGO-INF-MR,97.67636
GroupAssignment,00279-group_assignment-p200-pr10-middle.asp,59291,89271,0.664169,0.44112,0.292978,1.505642,2.266957,3.413225,0.405121,0.182152,0.0,0.230406,11251,0.371911,0.222968,0.222968,AMOCLINGO-INF-MR,9.750867
GroupAssignment,00280-group_assignment-p200-pr10-middle.asp,89291,137271,0.650472,0.423114,0.275224,1.537344,2.363427,3.633401,0.4034,0.188149,0.0,0.22019,17251,0.381349,0.215251,0.215251,EOCLINGO-L,222.835666
GroupAssignment,00281-group_assignment-p200-pr10-middle.asp,65291,98871,0.660366,0.436083,0.287974,1.514313,2.293143,3.472536,0.40465,0.183793,0.0,0.227612,12451,0.374493,0.220857,0.220857,AMOCLINGO-INF-MR,26.5043
GroupAssignment,00282-group_assignment-p200-pr10-middle.asp,65291,98871,0.660366,0.436083,0.287974,1.514313,2.293143,3.472536,0.40465,0.183793,0.0,0.227612,12451,0.374493,0.220857,0.220857,EOCLINGO-INF-MR,20.539869
GroupAssignment,00283-group_assignment-p200-pr10-middle.asp,89291,137271,0.650472,0.423114,0.275224,1.537344,2.363427,3.633401,0.4034,0.188149,0.0,0.22019,17251,0.381349,0.215251,0.215251,AMOCLINGO-INF-MR,40.99716
GroupAssignment,00284-group_assignment-p200-pr10-middle.asp,92291,142071,0.649612,0.421996,0.274133,1.539381,2.369693,3.647861,0.40329,0.188534,0.0,0.219534,17851,0.381955,0.214756,0.214756,EOCLINGO-INF-MR,54.56562
GroupAssignment,00285-group_assignment-p200-pr10-middle.asp,80291,122871,0.653458,0.427007,0.279031,1.530321,2.341882,3.583831,0.403781,0.18682,0.0,0.222453,15451,0.379258,0.216961,0.216961,AMOCLINGO-INF-MR,105.49784
GroupAssignment,00296-group_assignment-p200-pr10-unsat.asp,98291,151671,0.648054,0.419974,0.272166,1.543081,2.3811,3.67423,0.403089,0.189234,0.0,0.218341,19051,0.383056,0.213855,0.213855,AMOCLINGO-INF-MR,5.722196
GroupAssignment,00297-group_assignment-p200-pr10-unsat.asp,56291,84471,0.666394,0.444081,0.295933,1.500613,2.251839,3.379139,0.405393,0.181201,0.0,0.232026,10651,0.370414,0.224192,0.224192,AMOCLINGO-INF-MR,3.307236
GroupAssignment,00298-group_assignment-p200-pr10-unsat.asp,83291,127671,0.652388,0.42561,0.277663,1.532831,2.34957,3.601493,0.403645,0.187295,0.0,0.221645,16051,0.380005,0.21635,0.21635,AMOCLINGO-L,4.84601
GroupAssignment,00299-group_assignment-p200-pr10-unsat.asp,89291,137271,0.650472,0.423114,0.275224,1.537344,2.363427,3.633401,0.4034,0.188149,0.0,0.22019,17251,0.381349,0.215251,0.215251,AMOCLINGO-INF-MR,5.146345
GroupAssignment,00300-group_assignment-p200-pr10-unsat.asp,62291,94071,0.66217,0.438469,0.290341,1.510186,2.280662,3.444224,0.404874,0.183012,0.0,0.228942,11851,0.373264,0.221862,0.221862,AMOCLINGO-L,3.691219
GroupAssignment,00301-group_assignment-p250-pr10-sat.asp,126591,195571,0.647289,0.418983,0.271203,1.544904,2.38673,3.687269,0.40303,0.189587,0.0,0.217717,24551,0.383526,0.213443,0.213443,AMOCLINGO-INF-MR,45.04162
GroupAssignment,00302-group_assignment-p250-pr10-sat.asp,89091,135571,0.657154,0.431851,0.283793,1.521714,2.315613,3.5237,0.404306,0.185204,0.0,0.225174,17051,0.376592,0.219102,0.219102,EOCLINGO-INF-MR,14.109375
GroupAssignment,00303-group_assignment-p250-pr10-sat.asp,100341,153571,0.653385,0.426912,0.278938,1.530491,2.342403,3.585026,0.403823,0.186863,0.0,0.222352,19301,0.379217,0.21696,0.21696,EOCLINGO-L,28.582202
GroupAssignment,00304-group_assignment-p250-pr10-sat.asp,111591,171571,0.650407,0.423029,0.275141,1.537499,2.363902,3.634496,0.403438,0.188187,0.0,0.220098,21551,0.381312,0.21525,0.21525,AMOCLINGO-INF-MR,34.831865
GroupAssignment,00305-group_assignment-p250-pr10-sat.asp,89091,135571,0.657154,0.431851,0.283793,1.521714,2.315613,3.5237,0.404306,0.185204,0.0,0.225174,17051,0.376592,0.219102,0.219102,EOCLINGO-INF-MR,8.779836
GroupAssignment,00306-group_assignment-p250-pr10-middle.asp,104091,159571,0.652318,0.425518,0.277573,1.532995,2.350074,3.602652,0.403685,0.187336,0.0,0.221547,20051,0.379966,0.216349,0.216349,EOCLINGO-L,164.533743
GroupAssignment,00307-group_assignment-p250-pr10-middle.asp,81591,123571,0.660276,0.435965,0.287857,1.514518,2.293763,3.473945,0.404701,0.183844,0.0,0.227488,15551,0.374441,0.220858,0.220858,EOCLINGO-L,71.82374399999999
GroupAssignment,00308-group_assignment-p250-pr10-middle.asp,119091,183571,0.648746,0.420872,0.273039,1.541435,2.376021,3.662481,0.403221,0.188931,0.0,0.218833,23051,0.382489,0.21429,0.21429,EOCLINGO-L,195.805403
GroupAssignment,00309-group_assignment-p250-pr10-middle.asp,107841,165571,0.651328,0.424228,0.276311,1.535325,2.357223,3.619104,0.403557,0.187776,0.0,0.220797,20801,0.380662,0.215781,0.215781,EOCLINGO-L,156.222297
GroupAssignment,00310-group_assignment-p250-pr10-middle.asp,100341,153571,0.653385,0.426912,0.278938,1.530491,2.342403,3.585026,0.403823,0.186863,0.0,0.222352,19301,0.379217,0.21696,0.21696,EOCLINGO-INF-MR,104.37727
GroupAssignment,00311-group_assignment-p250-pr10-middle.asp,92841,141571,0.655791,0.430062,0.282031,1.524876,2.325246,3.545712,0.404132,0.185802,0.0,0.224157,17801,0.377538,0.21833,0.21833,EOCLINGO-L,101.043951
GroupAssignment,00312-group_assignment-p250-pr10-middle.asp,89091,135571,0.657154,0.431851,0.283793,1.521714,2.315613,3.5237,0.404306,0.185204,0.0,0.225174,17051,0.376592,0.219102,0.219102,EOCLINGO-L,80.474017
GroupAssignment,00313-group_assignment-p250-pr10-middle.asp,74091,111571,0.66407,0.44099,0.292848,1.505864,2.267628,3.41474,0.405177,0.182208,0.0,0.230271,14051,0.371854,0.222969,0.222969,EOCLINGO-INF-MR,26.597671
GroupAssignment,00314-group_assignment-p250-pr10-middle.asp,96591,147571,0.654539,0.428422,0.280419,1.527792,2.33415,3.566096,0.403971,0.186353,0.0,0.22322,18551,0.37841,0.217619,0.217619,EOCLINGO-INF-MR,56.52013
GroupAssignment,00315-group_assignment-p250-pr10-middle.asp,92841,141571,0.655791,0.430062,0.282031,1.524876,2.325246,3.545712,0.404132,0.185802,0.0,0.224157,17801,0.377538,0.21833,0.21833,EOCLINGO-INF-MR,67.16814
GroupAssignment,00326-group_assignment-p250-pr10-unsat.asp,89091,135571,0.657154,0.431851,0.283793,1.521714,2.315613,3.5237,0.404306,0.185204,0.0,0.225174,17051,0.376592,0.219102,0.219102,AMOCLINGO-L,5.113627
GroupAssignment,00327-group_assignment-p250-pr10-unsat.asp,100341,153571,0.653385,0.426912,0.278938,1.530491,2.342403,3.585026,0.403823,0.186863,0.0,0.222352,19301,0.379217,0.21696,0.21696,AMOCLINGO-INF-MR,5.771415
GroupAssignment,00328-group_assignment-p250-pr10-unsat.asp,96591,147571,0.654539,0.428422,0.280419,1.527792,2.33415,3.566096,0.403971,0.186353,0.0,0.22322,18551,0.37841,0.217619,0.217619,AMOCLINGO-L,5.655032
GroupAssignment,00329-group_assignment-p250-pr10-unsat.asp,92841,141571,0.655791,0.430062,0.282031,1.524876,2.325246,3.545712,0.404132,0.185802,0.0,0.224157,17801,0.377538,0.21833,0.21833,AMOCLINGO-L,5.313911
GroupAssignment,00330-group_assignment-p250-pr10-unsat.asp,111591,171571,0.650407,0.423029,0.275141,1.537499,2.363902,3.634496,0.403438,0.188187,0.0,0.220098,21551,0.381312,0.21525,0.21525,AMOCLINGO-INF-MR,6.488617
GroupAssignment,00331-group_assignment-p300-pr10-sat.asp,106891,162671,0.657099,0.431779,0.283722,1.52184,2.315997,3.524577,0.404337,0.185235,0.0,0.225098,20451,0.376561,0.219102,0.219102,AMOCLINGO-L,22.509845
GroupAssignment,00332-group_assignment-p300-pr10-sat.asp,133891,205871,0.650364,0.422973,0.275086,1.537601,2.364218,3.635226,0.403463,0.188213,0.0,0.220037,25851,0.381288,0.21525,0.21525,EOCLINGO-L,77.734353
GroupAssignment,00333-group_assignment-p300-pr10-sat.asp,88891,133871,0.664005,0.440903,0.292761,1.506013,2.268075,3.415751,0.405215,0.182246,0.0,0.230181,16851,0.371815,0.22297,0.22297,AMOCLINGO-INF-MR,16.249240999999998
GroupAssignment,00334-group_assignment-p300-pr10-sat.asp,124891,191471,0.652271,0.425458,0.277514,1.533105,2.350411,3.603426,0.403712,0.187363,0.0,0.221481,24051,0.379939,0.216349,0.216349,EOCLINGO-INF-MR,26.176743
GroupAssignment,00335-group_assignment-p300-pr10-sat.asp,124891,191471,0.652271,0.425458,0.277514,1.533105,2.350411,3.603426,0.403712,0.187363,0.0,0.221481,24051,0.379939,0.216349,0.216349,AMOCLINGO-INF-MR,46.94841
GroupAssignment,00336-group_assignment-p300-pr10-middle.asp,124891,191471,0.652271,0.425458,0.277514,1.533105,2.350411,3.603426,0.403712,0.187363,0.0,0.221481,24051,0.379939,0.216349,0.216349,EOCLINGO-L,193.835696
GroupAssignment,00337-group_assignment-p300-pr10-middle.asp,129391,198671,0.651283,0.424169,0.276254,1.535431,2.357549,3.619855,0.403583,0.187803,0.0,0.220734,24951,0.380637,0.21578,0.21578,EOCLINGO-L,233.05506
GroupAssignment,00338-group_assignment-p300-pr10-middle.asp,102391,155471,0.658586,0.433735,0.285652,1.518405,2.305554,3.500764,0.404528,0.184587,0.0,0.226202,19551,0.375531,0.219941,0.219941,EOCLINGO-L,122.369192
GroupAssignment,00339-group_assignment-p300-pr10-middle.asp,111391,169871,0.655739,0.429993,0.281963,1.524998,2.325617,3.546561,0.404162,0.185832,0.0,0.224085,21351,0.377508,0.21833,0.21833,AMOCLINGO-INF-MR,79.80642999999999
GroupAssignment,00340-group_assignment-p300-pr10-middle.asp,129391,198671,0.651283,0.424169,0.276254,1.535431,2.357549,3.619855,0.403583,0.187803,0.0,0.220734,24951,0.380637,0.21578,0.21578,EOCLINGO-INF-MR,151.42796
GroupAssignment,00341-group_assignment-p300-pr10-middle.asp,124891,191471,0.652271,0.425458,0.277514,1.533105,2.350411,3.603426,0.403712,0.187363,0.0,0.221481,24051,0.379939,0.216349,0.216349,AMOCLINGO-INF-MR,136.41915
GroupAssignment,00342-group_assignment-p300-pr10-middle.asp,124891,191471,0.652271,0.425458,0.277514,1.533105,2.350411,3.603426,0.403712,0.187363,0.0,0.221481,24051,0.379939,0.216349,0.216349,AMOCLINGO-INF-MR,161.70817
GroupAssignment,00343-group_assignment-p300-pr10-middle.asp,115891,177071,0.654489,0.428356,0.280354,1.52791,2.334508,3.566919,0.404,0.186382,0.0,0.223149,22251,0.378381,0.217618,0.217618,EOCLINGO-L,342.141465
GroupAssignment,00344-group_assignment-p300-pr10-middle.asp,115891,177071,0.654489,0.428356,0.280354,1.52791,2.334508,3.566919,0.404,0.186382,0.0,0.223149,22251,0.378381,0.217618,0.217618,EOCLINGO-L,191.143342
GroupAssignment,00345-group_assignment-p300-pr10-middle.asp,115891,177071,0.654489,0.428356,0.280354,1.52791,2.334508,3.566919,0.404,0.186382,0.0,0.223149,22251,0.378381,0.217618,0.217618,EOCLINGO-INF-MR,204.14543
GroupAssignment,00346-group_assignment-p300-pr10-punsat.asp,151891,234671,0.647251,0.418934,0.271155,1.544996,2.387013,3.687926,0.403052,0.18961,0.0,0.217663,29451,0.383505,0.213443,0.213443,AMOCLINGO-INF-MR,907.91663
GroupAssignment,00348-group_assignment-p300-pr10-punsat.asp,120391,184271,0.653337,0.426849,0.278876,1.530604,2.34275,3.585824,0.403851,0.186891,0.0,0.222284,23151,0.379189,0.21696,0.21696,AMOCLINGO-INF-MR,658.98718
GroupAssignment,00349-group_assignment-p300-pr10-punsat.asp,124891,191471,0.652271,0.425458,0.277514,1.533105,2.350411,3.603426,0.403712,0.187363,0.0,0.221481,24051,0.379939,0.216349,0.216349,AMOCLINGO-INF-MR,710.0134300000001
GroupAssignment,00350-group_assignment-p300-pr10-punsat.asp,133891,205871,0.650364,0.422973,0.275086,1.537601,2.364218,3.635226,0.403463,0.188213,0.0,0.220037,25851,0.381288,0.21525,0.21525,AMOCLINGO-INF-MR,643.1869899999999
GroupAssignment,00356-group_assignment-p300-pr10-unsat.asp,97891,148271,0.660217,0.435886,0.287779,1.514654,2.294177,3.474884,0.404736,0.183878,0.0,0.227406,18651,0.374406,0.220858,0.220858,AMOCLINGO-L,5.637233
GroupAssignment,00357-group_assignment-p300-pr10-unsat.asp,106891,162671,0.657099,0.431779,0.283722,1.52184,2.315997,3.524577,0.404337,0.185235,0.0,0.225098,20451,0.376561,0.219102,0.219102,AMOCLINGO-L,6.169808
GroupAssignment,00358-group_assignment-p300-pr10-unsat.asp,93391,141071,0.662014,0.438263,0.290136,1.510542,2.281736,3.446658,0.404964,0.183101,0.0,0.228727,17751,0.373173,0.221863,0.221863,AMOCLINGO-L,5.279503999999999
GroupAssignment,00359-group_assignment-p300-pr10-unsat.asp,88891,133871,0.664005,0.440903,0.292761,1.506013,2.268075,3.415751,0.405215,0.182246,0.0,0.230181,16851,0.371815,0.22297,0.22297,AMOCLINGO-INF-MR,5.052652
GroupAssignment,00360-group_assignment-p300-pr10-unsat.asp,124891,191471,0.652271,0.425458,0.277514,1.533105,2.350411,3.603426,0.403712,0.187363,0.0,0.221481,24051,0.379939,0.216349,0.216349,AMOCLINGO-L,7.258867
GroupAssignment,00361-group_assignment-p50-pr15-sat.asp,28426,43996,0.646104,0.417451,0.269717,1.547738,2.395493,3.707595,0.402097,0.189967,0.0,0.217442,5566,0.385774,0.21213,0.21213,CLINGO-AMO,1.01087
GroupAssignment,00362-group_assignment-p50-pr15-sat.asp,25426,39196,0.648689,0.420797,0.272966,1.541572,2.376443,3.663457,0.402344,0.188783,0.0,0.2195,4966,0.384095,0.213561,0.213561,CLINGO-AMO,1.106143
GroupAssignment,00363-group_assignment-p50-pr15-sat.asp,27676,42796,0.646696,0.418216,0.270458,1.546322,2.391111,3.697427,0.402153,0.189695,0.0,0.217914,5416,0.385388,0.212458,0.212458,CLINGO-AMO,0.942282
GroupAssignment,00364-group_assignment-p50-pr15-sat.asp,24676,37996,0.649437,0.421768,0.273912,1.539796,2.370971,3.650811,0.402415,0.188442,0.0,0.220092,4816,0.383612,0.213973,0.213973,WASP-AMO,0.618415
GroupAssignment,00365-group_assignment-p50-pr15-sat.asp,32176,49996,0.643571,0.414184,0.266557,1.553829,2.414384,3.75154,0.401852,0.191136,0.0,0.215409,6316,0.387432,0.210716,0.210716,CLINGO-AMO,1.487995
GroupAssignment,00366-group_assignment-p50-pr15-middle.asp,34426,53596,0.642324,0.41258,0.26501,1.556847,2.423771,3.77344,0.401731,0.191716,0.0,0.214402,6766,0.388253,0.210016,0.210016,EOCLINGO-INF-MR,5.251288
GroupAssignment,00367-group_assignment-p50-pr15-middle.asp,27676,42796,0.646696,0.418216,0.270458,1.546322,2.391111,3.697427,0.402153,0.189695,0.0,0.217914,5416,0.385388,0.212458,0.212458,EOCLINGO-INF-MR,3.880583
GroupAssignment,00368-group_assignment-p50-pr15-middle.asp,27676,42796,0.646696,0.418216,0.270458,1.546322,2.391111,3.697427,0.402153,0.189695,0.0,0.217914,5416,0.385388,0.212458,0.212458,AMOCLINGO-INF-MR,4.736729
GroupAssignment,00369-group_assignment-p50-pr15-middle.asp,29176,45196,0.645544,0.416727,0.269015,1.549081,2.399653,3.717258,0.402043,0.190225,0.0,0.216993,5716,0.386139,0.211818,0.211818,EOCLINGO-L,4.896632
GroupAssignment,00370-group_assignment-p50-pr15-middle.asp,32176,49996,0.643571,0.414184,0.266557,1.553829,2.414384,3.75154,0.401852,0.191136,0.0,0.215409,6316,0.387432,0.210716,0.210716,AMOCLINGO-INF-MR,3.743763
GroupAssignment,00371-group_assignment-p50-pr15-middle.asp,33676,52396,0.642721,0.41309,0.265502,1.555885,2.42078,3.766456,0.40177,0.191531,0.0,0.214723,6616,0.387991,0.210239,0.210239,AMOCLINGO-INF-MR,4.767853000000001
GroupAssignment,00372-group_assignment-p50-pr15-middle.asp,26176,40396,0.647985,0.419884,0.272079,1.543246,2.381607,3.675405,0.402277,0.189105,0.0,0.218941,5116,0.384551,0.213172,0.213172,AMOCLINGO-INF-MR,3.163784
GroupAssignment,00373-group_assignment-p50-pr15-middle.asp,35176,54796,0.641945,0.412093,0.264541,1.557767,2.426637,3.780134,0.401694,0.191892,0.0,0.214095,6916,0.388504,0.209802,0.209802,AMOCLINGO-INF-MR,7.109114
GroupAssignment,00374-group_assignment-p50-pr15-middle.asp,38926,60796,0.640272,0.409949,0.262479,1.561835,2.439329,3.809831,0.401531,0.192673,0.0,0.212737,7666,0.389611,0.208858,0.208858,AMOCLINGO-INF-MR,8.405951
GroupAssignment,00375-group_assignment-p50-pr15-middle.asp,29176,45196,0.645544,0.416727,0.269015,1.549081,2.399653,3.717258,0.402043,0.190225,0.0,0.216993,5716,0.386139,0.211818,0.211818,AMOCLINGO-INF-MR,4.57018
GroupAssignment,00386-group_assignment-p50-pr15-unsat.asp,28426,43996,0.646104,0.417451,0.269717,1.547738,2.395493,3.707595,0.402097,0.189967,0.0,0.217442,5566,0.385774,0.21213,0.21213,AMOCLINGO-INF-MR,1.918158
GroupAssignment,00387-group_assignment-p50-pr15-unsat.asp,31426,48796,0.644028,0.414772,0.267125,1.552727,2.410961,3.743565,0.401897,0.190925,0.0,0.215777,6166,0.387132,0.210972,0.210972,AMOCLINGO-L,2.080952
GroupAssignment,00388-group_assignment-p50-pr15-unsat.asp,25426,39196,0.648689,0.420797,0.272966,1.541572,2.376443,3.663457,0.402344,0.188783,0.0,0.2195,4966,0.384095,0.213561,0.213561,AMOCLINGO-L,1.741978
GroupAssignment,00389-group_assignment-p50-pr15-unsat.asp,32926,51196,0.643136,0.413624,0.266017,1.554881,2.417654,3.759163,0.40181,0.191338,0.0,0.215058,6466,0.387718,0.210472,0.210472,AMOCLINGO-L,2.174642
GroupAssignment,00390-group_assignment-p50-pr15-unsat.asp,34426,53596,0.642324,0.41258,0.26501,1.556847,2.423771,3.77344,0.401731,0.191716,0.0,0.214402,6766,0.388253,0.210016,0.210016,AMOCLINGO-L,2.241358
GroupAssignment,00391-group_assignment-p100-pr15-sat.asp,58226,90296,0.644835,0.415812,0.26813,1.550785,2.404934,3.729535,0.402398,0.190636,0.0,0.216072,11366,0.385841,0.211761,0.211761,EOCLINGO-INF-MR,5.025338
GroupAssignment,00392-group_assignment-p100-pr15-sat.asp,80726,126296,0.639181,0.408552,0.261139,1.564502,2.447667,3.82938,0.401729,0.193246,0.0,0.211592,15866,0.389788,0.208483,0.208483,AMOCLINGO-INF-MR,8.001018
GroupAssignment,00393-group_assignment-p100-pr15-sat.asp,62726,97496,0.64337,0.413925,0.266307,1.554316,2.415897,3.755066,0.402226,0.191308,0.0,0.214919,12266,0.386857,0.210917,0.210917,AMOCLINGO-INF-MR,5.410845
GroupAssignment,00394-group_assignment-p100-pr15-sat.asp,56726,87896,0.645376,0.416511,0.268806,1.549483,2.400899,3.720153,0.402461,0.190389,0.0,0.216497,11066,0.385467,0.212072,0.212072,EOCLINGO-INF-MR,4.902163
GroupAssignment,00395-group_assignment-p100-pr15-sat.asp,67226,104696,0.642107,0.412301,0.264741,1.557374,2.425413,3.777274,0.402077,0.19189,0.0,0.21392,13166,0.387737,0.210187,0.210187,AMOCLINGO-INF-MR,5.008437
GroupAssignment,00396-group_assignment-p100-pr15-middle.asp,62726,97496,0.64337,0.413925,0.266307,1.554316,2.415897,3.755066,0.402226,0.191308,0.0,0.214919,12266,0.386857,0.210917,0.210917,AMOCLINGO-INF-MR,20.301834
GroupAssignment,00397-group_assignment-p100-pr15-middle.asp,53726,83096,0.646553,0.418031,0.27028,1.546663,2.392165,3.699873,0.402598,0.189852,0.0,0.217418,10466,0.384655,0.212746,0.212746,AMOCLINGO-INF-MR,8.340087
GroupAssignment,00398-group_assignment-p100-pr15-middle.asp,58226,90296,0.644835,0.415812,0.26813,1.550785,2.404934,3.729535,0.402398,0.190636,0.0,0.216072,11366,0.385841,0.211761,0.211761,AMOCLINGO-INF-MR,6.133708
GroupAssignment,00399-group_assignment-p100-pr15-middle.asp,46226,71096,0.650191,0.422749,0.274868,1.538009,2.365471,3.638116,0.40302,0.188206,0.0,0.220244,8966,0.382166,0.214814,0.214814,EOCLINGO-INF-MR,6.324436
GroupAssignment,00400-group_assignment-p100-pr15-middle.asp,62726,97496,0.64337,0.413925,0.266307,1.554316,2.415897,3.755066,0.402226,0.191308,0.0,0.214919,12266,0.386857,0.210917,0.210917,EOCLINGO-L,32.526069
GroupAssignment,00401-group_assignment-p100-pr15-middle.asp,61226,95096,0.643834,0.414522,0.266883,1.553196,2.412419,3.74696,0.40228,0.191095,0.0,0.215284,11966,0.386535,0.211185,0.211185,EOCLINGO-L,25.156418
GroupAssignment,00402-group_assignment-p100-pr15-middle.asp,65726,102296,0.642508,0.412817,0.265238,1.556401,2.422383,3.7702,0.402124,0.191705,0.0,0.214238,12866,0.387457,0.210419,0.210419,AMOCLINGO-INF-MR,7.617110999999999
GroupAssignment,00403-group_assignment-p100-pr15-middle.asp,49226,75896,0.648598,0.420679,0.272852,1.541787,2.377107,3.664992,0.402836,0.188925,0.0,0.21901,9566,0.383253,0.213911,0.213911,AMOCLINGO-INF-MR,11.337513
GroupAssignment,00404-group_assignment-p100-pr15-middle.asp,61226,95096,0.643834,0.414522,0.266883,1.553196,2.412419,3.74696,0.40228,0.191095,0.0,0.215284,11966,0.386535,0.211185,0.211185,EOCLINGO-INF-MR,17.536251
GroupAssignment,00405-group_assignment-p100-pr15-middle.asp,53726,83096,0.646553,0.418031,0.27028,1.546663,2.392165,3.699873,0.402598,0.189852,0.0,0.217418,10466,0.384655,0.212746,0.212746,AMOCLINGO-INF-MR,7.451502
GroupAssignment,00416-group_assignment-p100-pr15-unsat.asp,68726,107096,0.641723,0.411809,0.264267,1.558304,2.428311,3.784047,0.402031,0.192067,0.0,0.213616,13466,0.388005,0.209964,0.209964,AMOCLINGO-INF-MR,4.118683
GroupAssignment,00417-group_assignment-p100-pr15-unsat.asp,49226,75896,0.648598,0.420679,0.272852,1.541787,2.377107,3.664992,0.402836,0.188925,0.0,0.21901,9566,0.383253,0.213911,0.213911,AMOCLINGO-INF-MR,3.014625
GroupAssignment,00418-group_assignment-p100-pr15-unsat.asp,58226,90296,0.644835,0.415812,0.26813,1.550785,2.404934,3.729535,0.402398,0.190636,0.0,0.216072,11366,0.385841,0.211761,0.211761,AMOCLINGO-L,3.559869
GroupAssignment,00419-group_assignment-p100-pr15-unsat.asp,47726,73496,0.649369,0.42168,0.273826,1.539957,2.371468,3.65196,0.402925,0.188576,0.0,0.219608,9266,0.382726,0.214349,0.214349,AMOCLINGO-L,2.9298390000000003
GroupAssignment,00420-group_assignment-p100-pr15-unsat.asp,58226,90296,0.644835,0.415812,0.26813,1.550785,2.404934,3.729535,0.402398,0.190636,0.0,0.216072,11366,0.385841,0.211761,0.211761,AMOCLINGO-L,3.569134
GroupAssignment,00421-group_assignment-p150-pr15-sat.asp,103026,160596,0.641523,0.411552,0.26402,1.558791,2.429829,3.787596,0.402132,0.192184,0.0,0.213354,20166,0.387921,0.209947,0.209947,EOCLINGO-INF-MR,10.472884
GroupAssignment,00422-group_assignment-p150-pr15-sat.asp,82776,128196,0.645699,0.416927,0.269209,1.54871,2.398502,3.714583,0.402653,0.190273,0.0,0.216621,16116,0.384967,0.21238,0.21238,AMOCLINGO-L,11.158606
GroupAssignment,00423-group_assignment-p150-pr15-sat.asp,116526,182196,0.639564,0.409042,0.261609,1.563565,2.444736,3.822504,0.401885,0.19309,0.0,0.211807,22866,0.389321,0.208795,0.208795,AMOCLINGO-INF-MR,12.319982
GroupAssignment,00424-group_assignment-p150-pr15-sat.asp,78276,120996,0.64693,0.418519,0.270753,1.545761,2.389378,3.693407,0.402805,0.189713,0.0,0.217576,15216,0.384102,0.213092,0.213092,EOCLINGO-INF-MR,6.946160000000001
GroupAssignment,00425-group_assignment-p150-pr15-sat.asp,87276,135396,0.644598,0.415507,0.267835,1.551354,2.4067,3.733645,0.402516,0.190774,0.0,0.215764,17016,0.385742,0.211742,0.211742,AMOCLINGO-INF-MR,9.123464
GroupAssignment,00426-group_assignment-p150-pr15-middle.asp,76026,117396,0.647603,0.41939,0.271598,1.544156,2.384418,3.681913,0.402888,0.189409,0.0,0.218096,14766,0.383632,0.21348,0.21348,AMOCLINGO-INF-MR,46.34433
GroupAssignment,00427-group_assignment-p150-pr15-middle.asp,91776,142596,0.643609,0.414232,0.266603,1.55374,2.414107,3.750893,0.402393,0.191226,0.0,0.214991,17916,0.386441,0.211166,0.211166,AMOCLINGO-INF-MR,28.443012
GroupAssignment,00428-group_assignment-p150-pr15-middle.asp,78276,120996,0.64693,0.418519,0.270753,1.545761,2.389378,3.693407,0.402805,0.189713,0.0,0.217576,15216,0.384102,0.213092,0.213092,EOCLINGO-INF-MR,19.947005
GroupAssignment,00429-group_assignment-p150-pr15-middle.asp,100776,156996,0.641902,0.412038,0.264488,1.557871,2.426962,3.780893,0.402179,0.19201,0.0,0.213652,19716,0.387652,0.210169,0.210169,EOCLINGO-INF-MR,67.96556
GroupAssignment,00430-group_assignment-p150-pr15-middle.asp,112026,174996,0.640163,0.409809,0.262345,1.562102,2.440162,3.81178,0.40196,0.192812,0.0,0.212281,21966,0.388892,0.209148,0.209148,AMOCLINGO-INF-MR,58.13684
GroupAssignment,00431-group_assignment-p150-pr15-middle.asp,71526,110196,0.64908,0.421305,0.27346,1.540643,2.37358,3.656838,0.40307,0.188743,0.0,0.219235,13866,0.382602,0.214328,0.214328,EOCLINGO-L,35.264346
GroupAssignment,00432-group_assignment-p150-pr15-middle.asp,100776,156996,0.641902,0.412038,0.264488,1.557871,2.426962,3.780893,0.402179,0.19201,0.0,0.213652,19716,0.387652,0.210169,0.210169,EOCLINGO-INF-MR,39.65829
GroupAssignment,00433-group_assignment-p150-pr15-middle.asp,94026,146196,0.64315,0.413642,0.266034,1.554847,2.417548,3.758916,0.402336,0.191436,0.0,0.214632,18366,0.386765,0.210899,0.210899,AMOCLINGO-INF-MR,81.53952
GroupAssignment,00434-group_assignment-p150-pr15-middle.asp,100776,156996,0.641902,0.412038,0.264488,1.557871,2.426962,3.780893,0.402179,0.19201,0.0,0.213652,19716,0.387652,0.210169,0.210169,AMOCLINGO-INF-MR,48.48626
GroupAssignment,00435-group_assignment-p150-pr15-middle.asp,107526,167796,0.640814,0.410642,0.263145,1.560516,2.435209,3.800182,0.402042,0.192512,0.0,0.212795,21066,0.388427,0.209531,0.209531,EOCLINGO-L,117.029282
GroupAssignment,00446-group_assignment-p150-pr15-unsat.asp,91776,142596,0.643609,0.414232,0.266603,1.55374,2.414107,3.750893,0.402393,0.191226,0.0,0.214991,17916,0.386441,0.211166,0.211166,AMOCLINGO-INF-MR,5.349525
GroupAssignment,00447-group_assignment-p150-pr15-unsat.asp,80526,124596,0.646297,0.4177,0.269958,1.547277,2.394065,3.704281,0.402727,0.190001,0.0,0.217085,15666,0.384547,0.212726,0.212726,AMOCLINGO-INF-MR,4.757372
GroupAssignment,00448-group_assignment-p150-pr15-unsat.asp,105276,164196,0.641161,0.411087,0.263573,1.559672,2.432576,3.79402,0.402086,0.192352,0.0,0.213069,20616,0.38818,0.209734,0.209734,AMOCLINGO-INF-MR,6.254544
GroupAssignment,00449-group_assignment-p150-pr15-unsat.asp,78276,120996,0.64693,0.418519,0.270753,1.545761,2.389378,3.693407,0.402805,0.189713,0.0,0.217576,15216,0.384102,0.213092,0.213092,AMOCLINGO-INF-MR,4.653114
GroupAssignment,00450-group_assignment-p150-pr15-unsat.asp,87276,135396,0.644598,0.415507,0.267835,1.551354,2.4067,3.733645,0.402516,0.190774,0.0,0.215764,17016,0.385742,0.211742,0.211742,AMOCLINGO-L,5.089219
GroupAssignment,00451-group_assignment-p200-pr15-sat.asp,116326,180496,0.64448,0.415354,0.267687,1.551639,2.407585,3.735703,0.402576,0.190843,0.0,0.21561,22666,0.385692,0.211733,0.211733,EOCLINGO-INF-MR,14.272363
GroupAssignment,00452-group_assignment-p200-pr15-sat.asp,101326,156496,0.647467,0.419214,0.271427,1.54448,2.385419,3.684232,0.402957,0.189487,0.0,0.21792,19666,0.383574,0.213469,0.213469,AMOCLINGO-INF-MR,7.927769
GroupAssignment,00453-group_assignment-p200-pr15-sat.asp,128326,199696,0.642607,0.412943,0.26536,1.556162,2.421639,3.768462,0.402335,0.191699,0.0,0.21415,25066,0.38703,0.210635,0.210635,AMOCLINGO-INF-MR,33.05517
GroupAssignment,00454-group_assignment-p200-pr15-sat.asp,107326,166096,0.646168,0.417534,0.269797,1.547584,2.395016,3.706489,0.402791,0.190075,0.0,0.216919,20866,0.384492,0.212716,0.212716,AMOCLINGO-INF-MR,9.546467
GroupAssignment,00455-group_assignment-p200-pr15-sat.asp,125326,194896,0.64304,0.413501,0.265898,1.555112,2.418374,3.760843,0.402391,0.191501,0.0,0.214489,24466,0.386719,0.21089,0.21089,EOCLINGO-INF-MR,20.248457
GroupAssignment,00456-group_assignment-p200-pr15-middle.asp,107326,166096,0.646168,0.417534,0.269797,1.547584,2.395016,3.706489,0.402791,0.190075,0.0,0.216919,20866,0.384492,0.212716,0.212716,AMOCLINGO-INF-MR,35.89199
GroupAssignment,00457-group_assignment-p200-pr15-middle.asp,122326,190096,0.643496,0.414087,0.266463,1.554011,2.414951,3.752862,0.402449,0.191292,0.0,0.214844,23866,0.386394,0.211157,0.211157,AMOCLINGO-INF-MR,72.63264000000001
GroupAssignment,00458-group_assignment-p200-pr15-middle.asp,131326,204496,0.642193,0.412412,0.264849,1.557163,2.424757,3.775742,0.402281,0.191889,0.0,0.213827,25666,0.387326,0.210392,0.210392,EOCLINGO-L,161.040161
GroupAssignment,00459-group_assignment-p200-pr15-middle.asp,143326,223696,0.640718,0.410519,0.263027,1.56075,2.435939,3.801891,0.40209,0.192568,0.0,0.212669,28066,0.388387,0.209522,0.209522,EOCLINGO-INF-MR,60.57155
GroupAssignment,00460-group_assignment-p200-pr15-middle.asp,122326,190096,0.643496,0.414087,0.266463,1.554011,2.414951,3.752862,0.402449,0.191292,0.0,0.214844,23866,0.386394,0.211157,0.211157,EOCLINGO-INF-MR,38.42245
GroupAssignment,00461-group_assignment-p200-pr15-middle.asp,113326,175696,0.645012,0.41604,0.268351,1.550359,2.403613,3.726464,0.402644,0.190601,0.0,0.216023,22066,0.385313,0.212043,0.212043,EOCLINGO-L,125.67409
GroupAssignment,00462-group_assignment-p200-pr15-middle.asp,116326,180496,0.64448,0.415354,0.267687,1.551639,2.407585,3.735703,0.402576,0.190843,0.0,0.21561,22666,0.385692,0.211733,0.211733,EOCLINGO-L,109.784713
GroupAssignment,00463-group_assignment-p200-pr15-middle.asp,116326,180496,0.64448,0.415354,0.267687,1.551639,2.407585,3.735703,0.402576,0.190843,0.0,0.21561,22666,0.385692,0.211733,0.211733,AMOCLINGO-INF-MR,51.98021
GroupAssignment,00464-group_assignment-p200-pr15-middle.asp,146326,228496,0.640388,0.410096,0.262621,1.561554,2.438452,3.807775,0.402047,0.19272,0.0,0.212409,28666,0.388625,0.209327,0.209327,AMOCLINGO-INF-MR,75.0214
GroupAssignment,00465-group_assignment-p200-pr15-middle.asp,128326,199696,0.642607,0.412943,0.26536,1.556162,2.421639,3.768462,0.402335,0.191699,0.0,0.21415,25066,0.38703,0.210635,0.210635,AMOCLINGO-INF-MR,79.54801
GroupAssignment,00476-group_assignment-p200-pr15-unsat.asp,101326,156496,0.647467,0.419214,0.271427,1.54448,2.385419,3.684232,0.402957,0.189487,0.0,0.21792,19666,0.383574,0.213469,0.213469,AMOCLINGO-L,5.959331
GroupAssignment,00477-group_assignment-p200-pr15-unsat.asp,137326,214096,0.641423,0.411423,0.263896,1.559035,2.430589,3.789373,0.402182,0.192243,0.0,0.213223,26866,0.38788,0.209938,0.209938,AMOCLINGO-INF-MR,8.138401
GroupAssignment,00478-group_assignment-p200-pr15-unsat.asp,140326,218896,0.641062,0.410961,0.263452,1.55991,2.433321,3.795763,0.402135,0.192409,0.0,0.21294,27466,0.388139,0.209726,0.209726,AMOCLINGO-INF-MR,8.314208
GroupAssignment,00479-group_assignment-p200-pr15-unsat.asp,116326,180496,0.64448,0.415354,0.267687,1.551639,2.407585,3.735703,0.402576,0.190843,0.0,0.21561,22666,0.385692,0.211733,0.211733,AMOCLINGO-L,6.92657
GroupAssignment,00480-group_assignment-p200-pr15-unsat.asp,110326,170896,0.645574,0.416766,0.269053,1.549009,2.39943,3.716739,0.402716,0.190345,0.0,0.216458,21466,0.384914,0.212371,0.212371,AMOCLINGO-L,6.500225
GroupAssignment,00481-group_assignment-p250-pr15-sat.asp,141626,219596,0.644939,0.415946,0.26826,1.550535,2.404157,3.727729,0.40268,0.190643,0.0,0.215928,27566,0.385282,0.212037,0.212037,AMOCLINGO-INF-MR,32.12736
GroupAssignment,00482-group_assignment-p250-pr15-sat.asp,141626,219596,0.644939,0.415946,0.26826,1.550535,2.404157,3.727729,0.40268,0.190643,0.0,0.215928,27566,0.385282,0.212037,0.212037,EOCLINGO-L,34.318371000000006
GroupAssignment,00483-group_assignment-p250-pr15-sat.asp,149126,231596,0.643906,0.414615,0.266973,1.553022,2.411878,3.745701,0.402545,0.191114,0.0,0.215127,29066,0.386023,0.211432,0.211432,AMOCLINGO-INF-MR,14.079851
GroupAssignment,00484-group_assignment-p250-pr15-sat.asp,141626,219596,0.644939,0.415946,0.26826,1.550535,2.404157,3.727729,0.40268,0.190643,0.0,0.215928,27566,0.385282,0.212037,0.212037,EOCLINGO-L,33.144028
GroupAssignment,00485-group_assignment-p250-pr15-sat.asp,122876,189596,0.648094,0.420026,0.272216,1.542986,2.380807,3.673553,0.403089,0.189215,0.0,0.218358,23816,0.383037,0.213874,0.213874,EOCLINGO-L,28.464449
GroupAssignment,00486-group_assignment-p250-pr15-middle.asp,126626,195596,0.647385,0.419108,0.271324,1.544675,2.38602,3.685626,0.402998,0.189535,0.0,0.217815,24566,0.383539,0.213463,0.213463,EOCLINGO-INF-MR,120.57292
GroupAssignment,00487-group_assignment-p250-pr15-middle.asp,164126,255596,0.642131,0.412332,0.264771,1.557316,2.425232,3.776852,0.402313,0.191926,0.0,0.213744,32066,0.3873,0.210387,0.210387,EOCLINGO-INF-MR,234.60568
GroupAssignment,00488-group_assignment-p250-pr15-middle.asp,156626,243596,0.642974,0.413416,0.265816,1.555272,2.41887,3.762001,0.402424,0.191539,0.0,0.214402,30566,0.386692,0.210885,0.210885,AMOCLINGO-INF-MR,131.78855
GroupAssignment,00489-group_assignment-p250-pr15-middle.asp,119126,183596,0.648849,0.421004,0.273168,1.541192,2.375272,3.660749,0.403187,0.188876,0.0,0.218936,23066,0.382503,0.214311,0.214311,EOCLINGO-INF-MR,91.70586
GroupAssignment,00490-group_assignment-p250-pr15-middle.asp,134126,207596,0.646091,0.417434,0.269701,1.547769,2.395587,3.707815,0.40283,0.19012,0.0,0.216819,26066,0.384459,0.21271,0.21271,EOCLINGO-L,151.441429
GroupAssignment,00491-group_assignment-p250-pr15-middle.asp,156626,243596,0.642974,0.413416,0.265816,1.555272,2.41887,3.762001,0.402424,0.191539,0.0,0.214402,30566,0.386692,0.210885,0.210885,AMOCLINGO-INF-MR,156.32203
GroupAssignment,00492-group_assignment-p250-pr15-middle.asp,137876,213596,0.645499,0.416669,0.268959,1.549189,2.399987,3.718034,0.402753,0.190388,0.0,0.216361,26816,0.384882,0.212365,0.212365,AMOCLINGO-INF-MR,38.333180000000006
GroupAssignment,00493-group_assignment-p250-pr15-middle.asp,141626,219596,0.644939,0.415946,0.26826,1.550535,2.404157,3.727729,0.40268,0.190643,0.0,0.215928,27566,0.385282,0.212037,0.212037,EOCLINGO-INF-MR,141.37791
GroupAssignment,00494-group_assignment-p250-pr15-middle.asp,126626,195596,0.647385,0.419108,0.271324,1.544675,2.38602,3.685626,0.402998,0.189535,0.0,0.217815,24566,0.383539,0.213463,0.213463,AMOCLINGO-INF-MR,77.72865999999999
GroupAssignment,00495-group_assignment-p250-pr15-middle.asp,145376,225596,0.644409,0.415262,0.267599,1.55181,2.408116,3.736939,0.402611,0.190884,0.0,0.215517,28316,0.385662,0.211727,0.211727,EOCLINGO-L,194.606956
GroupAssignment,00498-group_assignment-p250-pr15-punsat.asp,156626,243596,0.642974,0.413416,0.265816,1.555272,2.41887,3.762001,0.402424,0.191539,0.0,0.214402,30566,0.386692,0.210885,0.210885,AMOCLINGO-INF-MR,591.31248
GroupAssignment,00499-group_assignment-p250-pr15-punsat.asp,141626,219596,0.644939,0.415946,0.26826,1.550535,2.404157,3.727729,0.40268,0.190643,0.0,0.215928,27566,0.385282,0.212037,0.212037,AMOCLINGO-INF-MR,722.4471500000001
GroupAssignment,00503-group_assignment-p250-pr15-punsat.asp,186626,291596,0.640016,0.40962,0.262163,1.562462,2.441287,3.814418,0.402034,0.192899,0.0,0.212087,36566,0.388831,0.209135,0.209135,AMOCLINGO-INF-MR,747.08034
GroupAssignment,00506-group_assignment-p250-pr15-unsat.asp,145376,225596,0.644409,0.415262,0.267599,1.55181,2.408116,3.736939,0.402611,0.190884,0.0,0.215517,28316,0.385662,0.211727,0.211727,AMOCLINGO-L,8.66465
GroupAssignment,00507-group_assignment-p250-pr15-unsat.asp,175376,273596,0.641004,0.410886,0.263379,1.560054,2.433768,3.796809,0.402164,0.192444,0.0,0.212863,34316,0.388115,0.209721,0.209721,AMOCLINGO-L,10.418464
GroupAssignment,00508-group_assignment-p250-pr15-unsat.asp,115376,177596,0.649654,0.422051,0.274187,1.53928,2.369384,3.647146,0.40329,0.188514,0.0,0.219552,22316,0.381934,0.214776,0.214776,AMOCLINGO-L,6.784226
GroupAssignment,00509-group_assignment-p250-pr15-unsat.asp,167876,261596,0.641738,0.411827,0.264285,1.558269,2.428203,3.783794,0.402261,0.192106,0.0,0.213437,32816,0.387584,0.210155,0.210155,AMOCLINGO-L,9.93585
GroupAssignment,00510-group_assignment-p250-pr15-unsat.asp,149126,231596,0.643906,0.414615,0.266973,1.553022,2.411878,3.745701,0.402545,0.191114,0.0,0.215127,29066,0.386023,0.211432,0.211432,AMOCLINGO-L,8.912462999999999
GroupAssignment,00511-group_assignment-p300-pr15-sat.asp,160926,249096,0.64604,0.417368,0.269636,1.547892,2.395968,3.708699,0.402856,0.19015,0.0,0.216752,31266,0.384438,0.212706,0.212706,AMOCLINGO-INF-MR,26.212194
GroupAssignment,00512-group_assignment-p300-pr15-sat.asp,142926,220296,0.648791,0.420929,0.273095,1.541329,2.375695,3.661728,0.403216,0.188909,0.0,0.218862,27666,0.382478,0.214307,0.214307,AMOCLINGO-INF-MR,18.109567
GroupAssignment,00513-group_assignment-p300-pr15-sat.asp,223926,349896,0.639979,0.409573,0.262118,1.562552,2.441568,3.815078,0.402052,0.192921,0.0,0.212039,43866,0.388816,0.209132,0.209132,AMOCLINGO-INF-MR,42.22176
GroupAssignment,00514-group_assignment-p300-pr15-sat.asp,169926,263496,0.64489,0.415883,0.268199,1.550651,2.40452,3.728572,0.402705,0.190671,0.0,0.215865,33066,0.385262,0.212033,0.212033,AMOCLINGO-INF-MR,24.152413
GroupAssignment,00515-group_assignment-p300-pr15-sat.asp,142926,220296,0.648791,0.420929,0.273095,1.541329,2.375695,3.661728,0.403216,0.188909,0.0,0.218862,27666,0.382478,0.214307,0.214307,EOCLINGO-INF-MR,23.85698
GroupAssignment,00516-group_assignment-p300-pr15-middle.asp,174426,270696,0.644361,0.415201,0.26754,1.551925,2.40847,3.737764,0.402635,0.190912,0.0,0.215455,33966,0.385642,0.211723,0.211723,EOCLINGO-L,343.974154
GroupAssignment,00517-group_assignment-p300-pr15-middle.asp,165426,256296,0.645449,0.416604,0.268897,1.549309,2.400359,3.718897,0.402778,0.190417,0.0,0.216296,32166,0.384861,0.212361,0.212361,AMOCLINGO-INF-MR,131.47628
GroupAssignment,00518-group_assignment-p300-pr15-middle.asp,174426,270696,0.644361,0.415201,0.26754,1.551925,2.40847,3.737764,0.402635,0.190912,0.0,0.215455,33966,0.385642,0.211723,0.211723,AMOCLINGO-INF-MR,178.67072000000002
GroupAssignment,00519-group_assignment-p300-pr15-middle.asp,187926,292296,0.64293,0.41336,0.265761,1.555378,2.419201,3.762773,0.402446,0.191565,0.0,0.214345,36666,0.386673,0.210881,0.210881,AMOCLINGO-INF-MR,110.1212
GroupAssignment,00520-group_assignment-p300-pr15-middle.asp,214926,335496,0.640622,0.410396,0.262909,1.560984,2.43667,3.803603,0.402138,0.192624,0.0,0.212543,42066,0.388348,0.209514,0.209514,EOCLINGO-INF-MR,303.26444000000004
GroupAssignment,00521-group_assignment-p300-pr15-middle.asp,174426,270696,0.644361,0.415201,0.26754,1.551925,2.40847,3.737764,0.402635,0.190912,0.0,0.215455,33966,0.385642,0.211723,0.211723,AMOCLINGO-INF-MR,141.23745
GroupAssignment,00522-group_assignment-p300-pr15-middle.asp,187926,292296,0.64293,0.41336,0.265761,1.555378,2.419201,3.762773,0.402446,0.191565,0.0,0.214345,36666,0.386673,0.210881,0.210881,AMOCLINGO-INF-MR,116.70916
GroupAssignment,00523-group_assignment-p300-pr15-middle.asp,160926,249096,0.64604,0.417368,0.269636,1.547892,2.395968,3.708699,0.402856,0.19015,0.0,0.216752,31266,0.384438,0.212706,0.212706,EOCLINGO-INF-MR,118.71715
GroupAssignment,00524-group_assignment-p300-pr15-middle.asp,196926,306696,0.642089,0.412278,0.264719,1.557418,2.425549,3.777593,0.402334,0.19195,0.0,0.213689,38466,0.387283,0.210384,0.210384,AMOCLINGO-INF-MR,125.99562
GroupAssignment,00525-group_assignment-p300-pr15-middle.asp,115926,177096,0.654594,0.428493,0.280489,1.527664,2.333758,3.565198,0.403965,0.186326,0.0,0.223254,22266,0.378397,0.217639,0.217639,EOCLINGO-INF-MR,56.835730000000005
GroupAssignment,00526-group_assignment-p300-pr15-punsat.asp,183426,285096,0.643383,0.413942,0.266323,1.554283,2.415797,3.754834,0.402506,0.191358,0.0,0.214697,35766,0.386347,0.211148,0.211148,AMOCLINGO-INF-MR,615.56226
GroupAssignment,00528-group_assignment-p300-pr15-punsat.asp,169926,263496,0.64489,0.415883,0.268199,1.550651,2.40452,3.728572,0.402705,0.190671,0.0,0.215865,33066,0.385262,0.212033,0.212033,AMOCLINGO-INF-MR,624.53427
GroupAssignment,00531-group_assignment-p300-pr15-punsat.asp,196926,306696,0.642089,0.412278,0.264719,1.557418,2.425549,3.777593,0.402334,0.19195,0.0,0.213689,38466,0.387283,0.210384,0.210384,AMOCLINGO-INF-MR,655.3198600000001
GroupAssignment,00534-group_assignment-p300-pr15-punsat.asp,156426,241896,0.646666,0.418177,0.270421,1.546393,2.39133,3.697935,0.402938,0.189866,0.0,0.217234,30366,0.38399,0.213072,0.213072,AMOCLINGO-INF-MR,746.12998
GroupAssignment,00535-group_assignment-p300-pr15-punsat.asp,210426,328296,0.640964,0.410835,0.263331,1.560149,2.434066,3.797507,0.402184,0.192467,0.0,0.212811,41166,0.388098,0.209717,0.209717,AMOCLINGO-INF-MR,571.29753
GroupAssignment,00536-group_assignment-p300-pr15-unsat.asp,165426,256296,0.645449,0.416604,0.268897,1.549309,2.400359,3.718897,0.402778,0.190417,0.0,0.216296,32166,0.384861,0.212361,0.212361,AMOCLINGO-INF-MR,9.789986
GroupAssignment,00537-group_assignment-p300-pr15-unsat.asp,160926,249096,0.64604,0.417368,0.269636,1.547892,2.395968,3.708699,0.402856,0.19015,0.0,0.216752,31266,0.384438,0.212706,0.212706,AMOCLINGO-INF-MR,9.366761
GroupAssignment,00538-group_assignment-p300-pr15-unsat.asp,169926,263496,0.64489,0.415883,0.268199,1.550651,2.40452,3.728572,0.402705,0.190671,0.0,0.215865,33066,0.385262,0.212033,0.212033,AMOCLINGO-L,10.071534000000002
GroupAssignment,00539-group_assignment-p300-pr15-unsat.asp,187926,292296,0.64293,0.41336,0.265761,1.555378,2.419201,3.762773,0.402446,0.191565,0.0,0.214345,36666,0.386673,0.210881,0.210881,AMOCLINGO-L,11.273918
GroupAssignment,00540-group_assignment-p300-pr15-unsat.asp,147426,227496,0.648038,0.419953,0.272145,1.54312,2.381219,3.674507,0.403117,0.189247,0.0,0.218286,28566,0.383012,0.21387,0.21387,AMOCLINGO-L,8.666253
GroupAssignment,00541-group_assignment-p50-pr20-sat.asp,44211,69221,0.638693,0.407929,0.260542,1.565696,2.451405,3.838156,0.401258,0.193391,0.0,0.211508,8731,0.390876,0.207867,0.207867,CLINGO-AMO,1.066055
GroupAssignment,00542-group_assignment-p50-pr20-sat.asp,47961,75221,0.637601,0.406535,0.259207,1.568378,2.459811,3.857915,0.401159,0.193908,0.0,0.210609,9481,0.391589,0.207252,0.207252,CLINGO-AMO,0.800886
GroupAssignment,00543-group_assignment-p50-pr20-sat.asp,38211,59621,0.640898,0.410751,0.263249,1.56031,2.434567,3.798679,0.401455,0.192353,0.0,0.213316,7531,0.389443,0.209102,0.209102,CLINGO-AMO,0.7741520000000001
GroupAssignment,00544-group_assignment-p50-pr20-sat.asp,44211,69221,0.638693,0.407929,0.260542,1.565696,2.451405,3.838156,0.401258,0.193391,0.0,0.211508,8731,0.390876,0.207867,0.207867,CLINGO-AMO,1.139964
GroupAssignment,00545-group_assignment-p50-pr20-sat.asp,36711,57221,0.641565,0.411606,0.264072,1.558688,2.429509,3.786846,0.401515,0.192041,0.0,0.21386,7231,0.389011,0.209474,0.209474,CLINGO-AMO,0.667134
GroupAssignment,00546-group_assignment-p50-pr20-middle.asp,38211,59621,0.640898,0.410751,0.263249,1.56031,2.434567,3.798679,0.401455,0.192353,0.0,0.213316,7531,0.389443,0.209102,0.209102,AMOCLINGO-INF-MR,5.398792
GroupAssignment,00547-group_assignment-p50-pr20-middle.asp,38961,60821,0.640585,0.410349,0.262863,1.561074,2.436952,3.804262,0.401427,0.1925,0.0,0.213059,7681,0.389646,0.208927,0.208927,AMOCLINGO-INF-MR,4.045446
GroupAssignment,00548-group_assignment-p50-pr20-middle.asp,32211,50021,0.64395,0.414671,0.267027,1.552917,2.41155,3.744937,0.401726,0.190929,0.0,0.215796,6331,0.387476,0.210798,0.210798,AMOCLINGO-INF-MR,2.99361
GroupAssignment,00549-group_assignment-p50-pr20-middle.asp,41211,64421,0.639714,0.409234,0.261792,1.563199,2.443592,3.81982,0.401349,0.19291,0.0,0.212346,8131,0.390211,0.208439,0.208439,AMOCLINGO-INF-MR,4.78887
GroupAssignment,00550-group_assignment-p50-pr20-middle.asp,39711,62021,0.640283,0.409962,0.262492,1.561809,2.439248,3.809639,0.4014,0.192642,0.0,0.212813,7831,0.389842,0.208758,0.208758,AMOCLINGO-INF-MR,4.708526
GroupAssignment,00551-group_assignment-p50-pr20-middle.asp,41961,65621,0.639445,0.40889,0.261462,1.563857,2.445648,3.824644,0.401325,0.193036,0.0,0.212126,8281,0.390386,0.208289,0.208289,AMOCLINGO-INF-MR,5.159174
GroupAssignment,00552-group_assignment-p50-pr20-middle.asp,37461,58421,0.641225,0.411169,0.263652,1.559515,2.432088,3.792878,0.401484,0.1922,0.0,0.213582,7381,0.389231,0.209284,0.209284,AMOCLINGO-INF-MR,5.037832
GroupAssignment,00553-group_assignment-p50-pr20-middle.asp,32961,51221,0.643506,0.414099,0.266475,1.553988,2.414879,3.752693,0.401687,0.191135,0.0,0.215436,6481,0.387761,0.210552,0.210552,EOCLINGO-INF-MR,5.281974999999999
GroupAssignment,00554-group_assignment-p50-pr20-middle.asp,47961,75221,0.637601,0.406535,0.259207,1.568378,2.459811,3.857915,0.401159,0.193908,0.0,0.210609,9481,0.391589,0.207252,0.207252,AMOCLINGO-INF-MR,10.629304
GroupAssignment,00555-group_assignment-p50-pr20-middle.asp,37461,58421,0.641225,0.411169,0.263652,1.559515,2.432088,3.792878,0.401484,0.1922,0.0,0.213582,7381,0.389231,0.209284,0.209284,AMOCLINGO-INF-MR,3.785987
GroupAssignment,00566-group_assignment-p50-pr20-unsat.asp,44211,69221,0.638693,0.407929,0.260542,1.565696,2.451405,3.838156,0.401258,0.193391,0.0,0.211508,8731,0.390876,0.207867,0.207867,AMOCLINGO-INF-MR,2.801259
GroupAssignment,00567-group_assignment-p50-pr20-unsat.asp,41211,64421,0.639714,0.409234,0.261792,1.563199,2.443592,3.81982,0.401349,0.19291,0.0,0.212346,8131,0.390211,0.208439,0.208439,AMOCLINGO-L,2.623744
GroupAssignment,00568-group_assignment-p50-pr20-unsat.asp,41211,64421,0.639714,0.409234,0.261792,1.563199,2.443592,3.81982,0.401349,0.19291,0.0,0.212346,8131,0.390211,0.208439,0.208439,AMOCLINGO-L,2.620214
GroupAssignment,00569-group_assignment-p50-pr20-unsat.asp,37461,58421,0.641225,0.411169,0.263652,1.559515,2.432088,3.792878,0.401484,0.1922,0.0,0.213582,7381,0.389231,0.209284,0.209284,AMOCLINGO-L,2.41747
GroupAssignment,00570-group_assignment-p50-pr20-unsat.asp,45711,71621,0.638235,0.407343,0.259981,1.566822,2.454931,3.84644,0.401216,0.193608,0.0,0.211131,9031,0.391175,0.207609,0.207609,AMOCLINGO-L,2.887189
GroupAssignment,00571-group_assignment-p100-pr20-sat.asp,76261,119121,0.640198,0.409853,0.262387,1.562017,2.439898,3.811163,0.401778,0.192759,0.0,0.212441,14981,0.389203,0.209019,0.209019,AMOCLINGO-INF-MR,5.248393999999999
GroupAssignment,00572-group_assignment-p100-pr20-sat.asp,70261,109521,0.64153,0.411561,0.264028,1.558774,2.429775,3.78747,0.40193,0.192141,0.0,0.213504,13781,0.388281,0.209789,0.209789,CLINGO-AMO,2.3267200000000003
GroupAssignment,00573-group_assignment-p100-pr20-sat.asp,79261,123921,0.639609,0.4091,0.261664,1.563455,2.444391,3.821696,0.401711,0.193033,0.0,0.211971,15581,0.389612,0.208678,0.208678,EOCLINGO-INF-MR,7.177385999999999
GroupAssignment,00574-group_assignment-p100-pr20-sat.asp,74761,116721,0.64051,0.410253,0.262772,1.561255,2.437518,3.805587,0.401814,0.192614,0.0,0.212691,14681,0.388986,0.2092,0.2092,AMOCLINGO-INF-MR,5.781089
GroupAssignment,00575-group_assignment-p100-pr20-sat.asp,86761,135921,0.638319,0.407452,0.260084,1.566614,2.45428,3.844909,0.401563,0.193635,0.0,0.210936,17081,0.39051,0.207928,0.207928,CLINGO-AMO,7.622577
GroupAssignment,00576-group_assignment-p100-pr20-middle.asp,70261,109521,0.64153,0.411561,0.264028,1.558774,2.429775,3.78747,0.40193,0.192141,0.0,0.213504,13781,0.388281,0.209789,0.209789,AMOCLINGO-INF-MR,16.609904
GroupAssignment,00577-group_assignment-p100-pr20-middle.asp,77761,121521,0.639898,0.409469,0.262018,1.56275,2.442187,3.816528,0.401744,0.192899,0.0,0.212201,15281,0.389411,0.208845,0.208845,AMOCLINGO-INF-MR,11.009129
GroupAssignment,00578-group_assignment-p100-pr20-middle.asp,83761,131121,0.638807,0.408074,0.260681,1.565418,2.450534,3.836111,0.401619,0.193407,0.0,0.211327,16481,0.39017,0.208211,0.208211,AMOCLINGO-INF-MR,15.184591
GroupAssignment,00579-group_assignment-p100-pr20-middle.asp,79261,123921,0.639609,0.4091,0.261664,1.563455,2.444391,3.821696,0.401711,0.193033,0.0,0.211971,15581,0.389612,0.208678,0.208678,AMOCLINGO-INF-MR,16.639898
GroupAssignment,00580-group_assignment-p100-pr20-middle.asp,85261,133521,0.638559,0.407757,0.260377,1.566027,2.45244,3.840586,0.40159,0.193523,0.0,0.211128,16781,0.390343,0.208067,0.208067,AMOCLINGO-INF-MR,13.502066
GroupAssignment,00581-group_assignment-p100-pr20-middle.asp,64261,99921,0.643118,0.413601,0.265994,1.554924,2.41779,3.759481,0.40211,0.191407,0.0,0.214765,12581,0.387187,0.210703,0.210703,AMOCLINGO-INF-MR,11.621292
GroupAssignment,00582-group_assignment-p100-pr20-middle.asp,85261,133521,0.638559,0.407757,0.260377,1.566027,2.45244,3.840586,0.40159,0.193523,0.0,0.211128,16781,0.390343,0.208067,0.208067,AMOCLINGO-INF-MR,29.46963
GroupAssignment,00583-group_assignment-p100-pr20-middle.asp,73261,114321,0.640836,0.410671,0.263172,1.560462,2.435041,3.799789,0.401851,0.192463,0.0,0.212951,14381,0.388761,0.209388,0.209388,EOCLINGO-L,20.760532
GroupAssignment,00584-group_assignment-p100-pr20-middle.asp,77761,121521,0.639898,0.409469,0.262018,1.56275,2.442187,3.816528,0.401744,0.192899,0.0,0.212201,15281,0.389411,0.208845,0.208845,EOCLINGO-INF-MR,20.517138
GroupAssignment,00585-group_assignment-p100-pr20-middle.asp,88261,138321,0.638088,0.407157,0.259802,1.567181,2.456058,3.849088,0.401536,0.193744,0.0,0.21075,17381,0.390671,0.207793,0.207793,AMOCLINGO-INF-MR,16.84936
GroupAssignment,00596-group_assignment-p100-pr20-unsat.asp,74761,116721,0.64051,0.410253,0.262772,1.561255,2.437518,3.805587,0.401814,0.192614,0.0,0.212691,14681,0.388986,0.2092,0.2092,AMOCLINGO-L,4.500313
GroupAssignment,00597-group_assignment-p100-pr20-unsat.asp,74761,116721,0.64051,0.410253,0.262772,1.561255,2.437518,3.805587,0.401814,0.192614,0.0,0.212691,14681,0.388986,0.2092,0.2092,AMOCLINGO-L,4.527372
GroupAssignment,00598-group_assignment-p100-pr20-unsat.asp,73261,114321,0.640836,0.410671,0.263172,1.560462,2.435041,3.799789,0.401851,0.192463,0.0,0.212951,14381,0.388761,0.209388,0.209388,AMOCLINGO-L,4.398184
GroupAssignment,00599-group_assignment-p100-pr20-unsat.asp,79261,123921,0.639609,0.4091,0.261664,1.563455,2.444391,3.821696,0.401711,0.193033,0.0,0.211971,15581,0.389612,0.208678,0.208678,AMOCLINGO-L,4.739065
GroupAssignment,00600-group_assignment-p100-pr20-unsat.asp,82261,128721,0.639064,0.408403,0.260996,1.564788,2.448561,3.831477,0.401648,0.193287,0.0,0.211534,16181,0.38999,0.208361,0.208361,AMOCLINGO-INF-MR,4.948295
GroupAssignment,00601-group_assignment-p150-pr20-sat.asp,123311,193021,0.638848,0.408126,0.26073,1.565319,2.450222,3.835378,0.401748,0.193413,0.0,0.211263,24231,0.389917,0.208335,0.208335,EOCLINGO-INF-MR,12.104533
GroupAssignment,00602-group_assignment-p150-pr20-sat.asp,118811,185821,0.639384,0.408812,0.261388,1.564005,2.446112,3.825731,0.401815,0.193164,0.0,0.211689,23331,0.389535,0.208651,0.208651,AMOCLINGO-INF-MR,9.396005
GroupAssignment,00603-group_assignment-p150-pr20-sat.asp,121061,189421,0.639111,0.408463,0.261053,1.564674,2.448205,3.830642,0.401781,0.193291,0.0,0.211472,23781,0.389729,0.20849,0.20849,EOCLINGO-INF-MR,13.476298
GroupAssignment,00604-group_assignment-p150-pr20-sat.asp,114311,178621,0.639964,0.409554,0.2621,1.562588,2.441681,3.815342,0.401886,0.192895,0.0,0.212149,22431,0.389123,0.208991,0.208991,AMOCLINGO-INF-MR,8.322282
GroupAssignment,00605-group_assignment-p150-pr20-sat.asp,123311,193021,0.638848,0.408126,0.26073,1.565319,2.450222,3.835378,0.401748,0.193413,0.0,0.211263,24231,0.389917,0.208335,0.208335,AMOCLINGO-INF-MR,10.083408
GroupAssignment,00606-group_assignment-p150-pr20-middle.asp,145811,229021,0.636671,0.40535,0.258074,1.57067,2.467005,3.874851,0.401479,0.19443,0.0,0.209525,28731,0.391473,0.207049,0.207049,AMOCLINGO-INF-MR,100.16431
GroupAssignment,00607-group_assignment-p150-pr20-middle.asp,114311,178621,0.639964,0.409554,0.2621,1.562588,2.441681,3.815342,0.401886,0.192895,0.0,0.212149,22431,0.389123,0.208991,0.208991,EOCLINGO-INF-MR,33.0616
GroupAssignment,00608-group_assignment-p150-pr20-middle.asp,94061,146221,0.64328,0.413809,0.266195,1.554534,2.416575,3.756648,0.402292,0.191365,0.0,0.214765,18381,0.386781,0.210927,0.210927,AMOCLINGO-INF-MR,19.172546
GroupAssignment,00609-group_assignment-p150-pr20-middle.asp,103061,160621,0.641641,0.411703,0.264165,1.558504,2.428935,3.785506,0.402092,0.192119,0.0,0.213476,20181,0.387935,0.209973,0.209973,EOCLINGO-INF-MR,55.17076
GroupAssignment,00610-group_assignment-p150-pr20-middle.asp,127811,200221,0.63835,0.40749,0.260121,1.56654,2.454046,3.844361,0.401687,0.193645,0.0,0.210866,25131,0.390272,0.208042,0.208042,AMOCLINGO-INF-MR,35.00458
GroupAssignment,00611-group_assignment-p150-pr20-middle.asp,123311,193021,0.638848,0.408126,0.26073,1.565319,2.450222,3.835378,0.401748,0.193413,0.0,0.211263,24231,0.389917,0.208335,0.208335,EOCLINGO-INF-MR,32.91019
GroupAssignment,00612-group_assignment-p150-pr20-middle.asp,107561,167821,0.640927,0.410787,0.263285,1.56024,2.43435,3.79817,0.402004,0.192449,0.0,0.212912,21081,0.38844,0.209556,0.209556,EOCLINGO-INF-MR,36.1696
GroupAssignment,00613-group_assignment-p150-pr20-middle.asp,141311,221821,0.63705,0.405832,0.258535,1.569736,2.464072,3.867943,0.401526,0.194252,0.0,0.209828,27831,0.391201,0.207273,0.207273,AMOCLINGO-INF-MR,35.0124
GroupAssignment,00614-group_assignment-p150-pr20-middle.asp,139061,218221,0.637248,0.406086,0.258777,1.569247,2.462535,3.864324,0.40155,0.194159,0.0,0.209987,27381,0.391059,0.207391,0.207391,AMOCLINGO-INF-MR,53.68502
GroupAssignment,00615-group_assignment-p150-pr20-middle.asp,121061,189421,0.639111,0.408463,0.261053,1.564674,2.448205,3.830642,0.401781,0.193291,0.0,0.211472,23781,0.389729,0.20849,0.20849,AMOCLINGO-INF-MR,52.03639
GroupAssignment,00626-group_assignment-p150-pr20-unsat.asp,114311,178621,0.639964,0.409554,0.2621,1.562588,2.441681,3.815342,0.401886,0.192895,0.0,0.212149,22431,0.389123,0.208991,0.208991,AMOCLINGO-L,6.845769000000001
GroupAssignment,00627-group_assignment-p150-pr20-unsat.asp,82811,128221,0.645846,0.417117,0.269393,1.548357,2.39741,3.712046,0.402604,0.190192,0.0,0.216771,16131,0.384985,0.212411,0.212411,AMOCLINGO-L,4.920623
GroupAssignment,00628-group_assignment-p150-pr20-unsat.asp,118811,185821,0.639384,0.408812,0.261388,1.564005,2.446112,3.825731,0.401815,0.193164,0.0,0.211689,23331,0.389535,0.208651,0.208651,AMOCLINGO-L,7.102219
GroupAssignment,00629-group_assignment-p150-pr20-unsat.asp,139061,218221,0.637248,0.406086,0.258777,1.569247,2.462535,3.864324,0.40155,0.194159,0.0,0.209987,27381,0.391059,0.207391,0.207391,AMOCLINGO-L,8.317703999999999
GroupAssignment,00630-group_assignment-p150-pr20-unsat.asp,107561,167821,0.640927,0.410787,0.263285,1.56024,2.43435,3.79817,0.402004,0.192449,0.0,0.212912,21081,0.38844,0.209556,0.209556,AMOCLINGO-INF-MR,6.417608
GroupAssignment,00631-group_assignment-p200-pr20-sat.asp,152361,238121,0.639847,0.409404,0.261956,1.562874,2.442574,3.817435,0.40194,0.192963,0.0,0.212003,29881,0.389083,0.208977,0.208977,EOCLINGO-INF-MR,15.464355
GroupAssignment,00632-group_assignment-p200-pr20-sat.asp,191361,300521,0.636764,0.405469,0.258188,1.57044,2.466282,3.873149,0.401545,0.194397,0.0,0.209557,37681,0.391308,0.207148,0.207148,EOCLINGO-INF-MR,31.35593
GroupAssignment,00633-group_assignment-p200-pr20-sat.asp,167361,262121,0.638488,0.407666,0.26029,1.566201,2.452986,3.84187,0.401766,0.193593,0.0,0.210927,32881,0.390061,0.208173,0.208173,EOCLINGO-INF-MR,16.73102
GroupAssignment,00634-group_assignment-p200-pr20-sat.asp,140361,218921,0.641149,0.411072,0.263559,1.5597,2.432663,3.794223,0.402106,0.192361,0.0,0.213029,27481,0.388149,0.209745,0.209745,EOCLINGO-INF-MR,16.168427
GroupAssignment,00635-group_assignment-p200-pr20-sat.asp,158361,247721,0.639272,0.408668,0.26125,1.56428,2.446973,3.827752,0.401867,0.193229,0.0,0.211548,31081,0.389496,0.208637,0.208637,AMOCLINGO-INF-MR,16.036514
GroupAssignment,00636-group_assignment-p200-pr20-middle.asp,143361,223721,0.640803,0.410628,0.263131,1.560543,2.435294,3.800381,0.402062,0.192521,0.0,0.212757,28081,0.388397,0.209541,0.209541,AMOCLINGO-INF-MR,43.60538
GroupAssignment,00637-group_assignment-p200-pr20-middle.asp,149361,233321,0.640152,0.409795,0.262331,1.562128,2.440244,3.811973,0.401979,0.192821,0.0,0.212244,29281,0.388863,0.209158,0.209158,AMOCLINGO-INF-MR,82.55906999999999
GroupAssignment,00638-group_assignment-p200-pr20-middle.asp,155361,242921,0.639554,0.409029,0.261596,1.563591,2.444816,3.822691,0.401903,0.193099,0.0,0.211771,30481,0.389293,0.208804,0.208804,EOCLINGO-INF-MR,107.75672
GroupAssignment,00639-group_assignment-p200-pr20-middle.asp,167361,262121,0.638488,0.407666,0.26029,1.566201,2.452986,3.84187,0.401766,0.193593,0.0,0.210927,32881,0.390061,0.208173,0.208173,EOCLINGO-INF-MR,118.9013
GroupAssignment,00640-group_assignment-p200-pr20-middle.asp,203361,319721,0.636058,0.404569,0.257329,1.572184,2.471764,3.886069,0.401454,0.194728,0.0,0.208993,40081,0.39182,0.206726,0.206726,EOCLINGO-INF-MR,244.03088
GroupAssignment,00641-group_assignment-p200-pr20-middle.asp,149361,233321,0.640152,0.409795,0.262331,1.562128,2.440244,3.811973,0.401979,0.192821,0.0,0.212244,29281,0.388863,0.209158,0.209158,AMOCLINGO-INF-MR,45.51104
GroupAssignment,00642-group_assignment-p200-pr20-middle.asp,185361,290921,0.637152,0.405963,0.25866,1.569483,2.463278,3.866074,0.401595,0.194216,0.0,0.209866,36481,0.391026,0.207379,0.207379,AMOCLINGO-INF-MR,136.35094
GroupAssignment,00643-group_assignment-p200-pr20-middle.asp,182361,286121,0.637356,0.406223,0.258909,1.568981,2.461702,3.862365,0.401621,0.19412,0.0,0.210028,35881,0.390879,0.207501,0.207501,AMOCLINGO-INF-MR,106.12354
GroupAssignment,00644-group_assignment-p200-pr20-middle.asp,131361,204521,0.642286,0.412531,0.264963,1.556939,2.424058,3.774109,0.40225,0.191838,0.0,0.213922,25681,0.387337,0.210413,0.210413,AMOCLINGO-INF-MR,60.70456
GroupAssignment,00645-group_assignment-p200-pr20-middle.asp,176361,276521,0.637785,0.40677,0.259432,1.567926,2.458392,3.854577,0.401676,0.19392,0.0,0.21037,34681,0.390568,0.207756,0.207756,AMOCLINGO-INF-MR,136.76487999999998
GroupAssignment,00656-group_assignment-p200-pr20-unsat.asp,176361,276521,0.637785,0.40677,0.259432,1.567926,2.458392,3.854577,0.401676,0.19392,0.0,0.21037,34681,0.390568,0.207756,0.207756,AMOCLINGO-L,10.559399
GroupAssignment,00657-group_assignment-p200-pr20-unsat.asp,164361,257321,0.638739,0.407988,0.260598,1.565584,2.451054,3.837332,0.401798,0.193477,0.0,0.211127,32281,0.38988,0.208322,0.208322,AMOCLINGO-INF-MR,9.826039
GroupAssignment,00658-group_assignment-p200-pr20-unsat.asp,188361,295721,0.636955,0.405712,0.25842,1.569969,2.464804,3.869666,0.401569,0.194308,0.0,0.209709,37081,0.391169,0.207262,0.207262,AMOCLINGO-L,11.348631
GroupAssignment,00659-group_assignment-p200-pr20-unsat.asp,167361,262121,0.638488,0.407666,0.26029,1.566201,2.452986,3.84187,0.401766,0.193593,0.0,0.210927,32881,0.390061,0.208173,0.208173,AMOCLINGO-L,10.02095
GroupAssignment,00660-group_assignment-p200-pr20-unsat.asp,158361,247721,0.639272,0.408668,0.26125,1.56428,2.446973,3.827752,0.401867,0.193229,0.0,0.211548,31081,0.389496,0.208637,0.208637,AMOCLINGO-L,9.525723
GroupAssignment,00661-group_assignment-p250-pr20-sat.asp,224161,351621,0.637507,0.406416,0.259093,1.568609,2.460535,3.859617,0.401676,0.194057,0.0,0.210121,44081,0.390706,0.207619,0.207619,AMOCLINGO-INF-MR,51.2719
GroupAssignment,00662-group_assignment-p250-pr20-sat.asp,164161,255621,0.642205,0.412427,0.264862,1.557136,2.424672,3.775545,0.402288,0.191885,0.0,0.213821,32081,0.387309,0.210403,0.210403,EOCLINGO-INF-MR,21.769482
GroupAssignment,00663-group_assignment-p250-pr20-sat.asp,194161,303621,0.639485,0.408941,0.261511,1.563759,2.445342,3.823925,0.401934,0.193139,0.0,0.211685,38081,0.38927,0.208796,0.208796,EOCLINGO-INF-MR,24.25231
GroupAssignment,00664-group_assignment-p250-pr20-sat.asp,201661,315621,0.638934,0.408237,0.260836,1.565107,2.449559,3.833822,0.401863,0.193394,0.0,0.211251,39581,0.389669,0.208469,0.208469,AMOCLINGO-INF-MR,19.470024
GroupAssignment,00665-group_assignment-p250-pr20-sat.asp,220411,345621,0.637725,0.406693,0.259358,1.568075,2.45886,3.855676,0.401704,0.193956,0.0,0.210293,43331,0.390548,0.207748,0.207748,EOCLINGO-INF-MR,44.80147
GroupAssignment,00666-group_assignment-p250-pr20-middle.asp,175411,273621,0.641073,0.410974,0.263465,1.559885,2.433241,3.795577,0.402141,0.192405,0.0,0.212934,34331,0.388123,0.209736,0.209736,AMOCLINGO-INF-MR,57.00571
GroupAssignment,00667-group_assignment-p250-pr20-middle.asp,227911,357621,0.637298,0.406148,0.258837,1.569126,2.462155,3.863431,0.401648,0.194155,0.0,0.209955,44831,0.390859,0.207493,0.207493,AMOCLINGO-INF-MR,229.81454
GroupAssignment,00668-group_assignment-p250-pr20-middle.asp,246661,387621,0.636346,0.404936,0.257679,1.571473,2.469526,3.880793,0.401523,0.194599,0.0,0.209198,48581,0.391554,0.206924,0.206924,AMOCLINGO-INF-MR,376.08755
GroupAssignment,00669-group_assignment-p250-pr20-middle.asp,186661,291621,0.640081,0.409703,0.262243,1.562303,2.44079,3.813253,0.402012,0.192863,0.0,0.212155,36581,0.388839,0.209149,0.209149,AMOCLINGO-INF-MR,99.5676
GroupAssignment,00670-group_assignment-p250-pr20-middle.asp,171661,267621,0.641433,0.411437,0.263909,1.559009,2.430508,3.789184,0.402188,0.192239,0.0,0.213217,33581,0.387863,0.209949,0.209949,AMOCLINGO-INF-MR,65.32141
GroupAssignment,00671-group_assignment-p250-pr20-middle.asp,179161,279621,0.640728,0.410532,0.26304,1.560725,2.435862,3.801709,0.402096,0.192564,0.0,0.212663,35081,0.388371,0.209532,0.209532,EOCLINGO-L,246.61359
GroupAssignment,00672-group_assignment-p250-pr20-middle.asp,224161,351621,0.637507,0.406416,0.259093,1.568609,2.460535,3.859617,0.401676,0.194057,0.0,0.210121,44081,0.390706,0.207619,0.207619,AMOCLINGO-INF-MR,182.11237
GroupAssignment,00673-group_assignment-p250-pr20-middle.asp,179161,279621,0.640728,0.410532,0.26304,1.560725,2.435862,3.801709,0.402096,0.192564,0.0,0.212663,35081,0.388371,0.209532,0.209532,AMOCLINGO-INF-MR,134.44538
GroupAssignment,00674-group_assignment-p250-pr20-middle.asp,201661,315621,0.638934,0.408237,0.260836,1.565107,2.449559,3.833822,0.401863,0.193394,0.0,0.211251,39581,0.389669,0.208469,0.208469,EOCLINGO-INF-MR,161.37792
GroupAssignment,00675-group_assignment-p250-pr20-middle.asp,205411,321621,0.638674,0.407905,0.260518,1.565744,2.451554,3.838505,0.401829,0.193514,0.0,0.211045,40331,0.389857,0.208314,0.208314,AMOCLINGO-INF-MR,55.2743
GroupAssignment,00677-group_assignment-p250-pr20-punsat.asp,220411,345621,0.637725,0.406693,0.259358,1.568075,2.45886,3.855676,0.401704,0.193956,0.0,0.210293,43331,0.390548,0.207748,0.207748,AMOCLINGO-INF-MR,566.62945
GroupAssignment,00680-group_assignment-p250-pr20-punsat.asp,205411,321621,0.638674,0.407905,0.260518,1.565744,2.451554,3.838505,0.401829,0.193514,0.0,0.211045,40331,0.389857,0.208314,0.208314,AMOCLINGO-INF-MR,580.98703
GroupAssignment,00682-group_assignment-p250-pr20-punsat.asp,235411,369621,0.636898,0.405639,0.258351,1.570109,2.465243,3.870701,0.401596,0.194341,0.0,0.209638,46331,0.39115,0.207255,0.207255,AMOCLINGO-INF-MR,692.88739
GroupAssignment,00686-group_assignment-p250-pr20-unsat.asp,235411,369621,0.636898,0.405639,0.258351,1.570109,2.465243,3.870701,0.401596,0.194341,0.0,0.209638,46331,0.39115,0.207255,0.207255,AMOCLINGO-L,14.347144
GroupAssignment,00687-group_assignment-p250-pr20-unsat.asp,179161,279621,0.640728,0.410532,0.26304,1.560725,2.435862,3.801709,0.402096,0.192564,0.0,0.212663,35081,0.388371,0.209532,0.209532,AMOCLINGO-L,10.67221
GroupAssignment,00688-group_assignment-p250-pr20-unsat.asp,212911,333621,0.638182,0.407277,0.259917,1.566951,2.455334,3.847387,0.401764,0.193743,0.0,0.210656,41831,0.390215,0.208021,0.208021,AMOCLINGO-L,12.91093
GroupAssignment,00689-group_assignment-p250-pr20-unsat.asp,164161,255621,0.642205,0.412427,0.264862,1.557136,2.424672,3.775545,0.402288,0.191885,0.0,0.213821,32081,0.387309,0.210403,0.210403,AMOCLINGO-INF-MR,9.72771
GroupAssignment,00690-group_assignment-p250-pr20-unsat.asp,182911,285621,0.640398,0.410109,0.262633,1.56153,2.438376,3.807597,0.402053,0.192717,0.0,0.212404,35831,0.38861,0.209337,0.209337,AMOCLINGO-L,10.882155
GroupAssignment,00691-group_assignment-p300-pr20-sat.asp,205961,321121,0.641381,0.41137,0.263845,1.559135,2.430902,3.790104,0.402212,0.192269,0.0,0.213152,40281,0.387845,0.209943,0.209943,AMOCLINGO-INF-MR,25.818040000000003
GroupAssignment,00692-group_assignment-p300-pr20-sat.asp,264461,414721,0.637684,0.406641,0.259309,1.568175,2.459171,3.85641,0.401723,0.193979,0.0,0.210243,51981,0.390534,0.207743,0.207743,EOCLINGO-INF-MR,50.83698
GroupAssignment,00693-group_assignment-p300-pr20-sat.asp,241961,378721,0.63889,0.40818,0.260782,1.565215,2.449898,3.834617,0.401883,0.19342,0.0,0.211195,47481,0.389654,0.208463,0.208463,EOCLINGO-INF-MR,46.3236
GroupAssignment,00694-group_assignment-p300-pr20-sat.asp,237461,371521,0.639159,0.408524,0.261112,1.564556,2.447835,3.829775,0.401919,0.193295,0.0,0.211407,46581,0.389458,0.208624,0.208624,AMOCLINGO-INF-MR,26.584000000000003
GroupAssignment,00695-group_assignment-p300-pr20-sat.asp,259961,407521,0.637908,0.406927,0.259582,1.567624,2.457444,3.852347,0.401753,0.193875,0.0,0.21042,51081,0.39037,0.207877,0.207877,AMOCLINGO-INF-MR,42.78613
GroupAssignment,00696-group_assignment-p300-pr20-middle.asp,196961,306721,0.64215,0.412357,0.264795,1.557268,2.425083,3.776503,0.402313,0.191916,0.0,0.213753,38481,0.38729,0.210397,0.210397,EOCLINGO-INF-MR,120.31325
GroupAssignment,00697-group_assignment-p300-pr20-middle.asp,223961,349921,0.640033,0.409642,0.262185,1.562419,2.441154,3.814107,0.402034,0.192891,0.0,0.212095,43881,0.388822,0.209144,0.209144,EOCLINGO-INF-MR,146.9946
GroupAssignment,00698-group_assignment-p300-pr20-middle.asp,268961,421921,0.637468,0.406365,0.259045,1.568707,2.460842,3.860339,0.401694,0.19408,0.0,0.210071,52881,0.390692,0.207614,0.207614,AMOCLINGO-INF-MR,432.38072
GroupAssignment,00699-group_assignment-p300-pr20-middle.asp,223961,349921,0.640033,0.409642,0.262185,1.562419,2.441154,3.814107,0.402034,0.192891,0.0,0.212095,43881,0.388822,0.209144,0.209144,EOCLINGO-L,352.31748
GroupAssignment,00700-group_assignment-p300-pr20-middle.asp,237461,371521,0.639159,0.408524,0.261112,1.564556,2.447835,3.829775,0.401919,0.193295,0.0,0.211407,46581,0.389458,0.208624,0.208624,EOCLINGO-INF-MR,172.60804000000002
GroupAssignment,00701-group_assignment-p300-pr20-middle.asp,210461,328321,0.641022,0.410909,0.263402,1.560009,2.433627,3.79648,0.402165,0.192435,0.0,0.212871,41181,0.388105,0.20973,0.20973,AMOCLINGO-INF-MR,180.32307
GroupAssignment,00702-group_assignment-p300-pr20-middle.asp,264461,414721,0.637684,0.406641,0.259309,1.568175,2.459171,3.85641,0.401723,0.193979,0.0,0.210243,51981,0.390534,0.207743,0.207743,EOCLINGO-INF-MR,196.53605
GroupAssignment,00703-group_assignment-p300-pr20-middle.asp,246461,385921,0.638631,0.407849,0.260465,1.56585,2.451887,3.839287,0.401849,0.19354,0.0,0.210991,48381,0.389843,0.208309,0.208309,AMOCLINGO-INF-MR,229.02846
GroupAssignment,00704-group_assignment-p300-pr20-middle.asp,246461,385921,0.638631,0.407849,0.260465,1.56585,2.451887,3.839287,0.401849,0.19354,0.0,0.210991,48381,0.389843,0.208309,0.208309,AMOCLINGO-INF-MR,105.57193
GroupAssignment,00705-group_assignment-p300-pr20-middle.asp,232961,364321,0.639439,0.408882,0.261455,1.563871,2.445693,3.824749,0.401956,0.193165,0.0,0.211628,45681,0.389254,0.20879,0.20879,EOCLINGO-INF-MR,232.03426
GroupAssignment,00706-group_assignment-p300-pr20-punsat.asp,228461,357121,0.63973,0.409254,0.261812,1.56316,2.443468,3.81953,0.401994,0.193031,0.0,0.211857,44781,0.389042,0.208963,0.208963,AMOCLINGO-INF-MR,634.51851
GroupAssignment,00708-group_assignment-p300-pr20-punsat.asp,259961,407521,0.637908,0.406927,0.259582,1.567624,2.457444,3.852347,0.401753,0.193875,0.0,0.21042,51081,0.39037,0.207877,0.207877,AMOCLINGO-INF-MR,658.7323
GroupAssignment,00711-group_assignment-p300-pr20-punsat.asp,268961,421921,0.637468,0.406365,0.259045,1.568707,2.460842,3.860339,0.401694,0.19408,0.0,0.210071,52881,0.390692,0.207614,0.207614,AMOCLINGO-INF-MR,993.8711
GroupAssignment,00712-group_assignment-p300-pr20-punsat.asp,241961,378721,0.63889,0.40818,0.260782,1.565215,2.449898,3.834617,0.401883,0.19342,0.0,0.211195,47481,0.389654,0.208463,0.208463,AMOCLINGO-INF-MR,619.7286799999999
GroupAssignment,00715-group_assignment-p300-pr20-punsat.asp,268961,421921,0.637468,0.406365,0.259045,1.568707,2.460842,3.860339,0.401694,0.19408,0.0,0.210071,52881,0.390692,0.207614,0.207614,AMOCLINGO-INF-MR,588.98622
GroupAssignment,00716-group_assignment-p300-pr20-unsat.asp,228461,357121,0.63973,0.409254,0.261812,1.56316,2.443468,3.81953,0.401994,0.193031,0.0,0.211857,44781,0.389042,0.208963,0.208963,AMOCLINGO-L,13.806349
GroupAssignment,00717-group_assignment-p300-pr20-unsat.asp,214961,335521,0.640678,0.410469,0.262978,1.560846,2.43624,3.802595,0.402119,0.192593,0.0,0.212601,42081,0.388354,0.209526,0.209526,AMOCLINGO-L,12.916764
GroupAssignment,00718-group_assignment-p300-pr20-unsat.asp,250961,393121,0.638381,0.40753,0.26016,1.566463,2.453805,3.843793,0.401815,0.193656,0.0,0.210794,49281,0.390025,0.20816,0.20816,AMOCLINGO-L,15.14888
GroupAssignment,00719-group_assignment-p300-pr20-unsat.asp,214961,335521,0.640678,0.410469,0.262978,1.560846,2.43624,3.802595,0.402119,0.192593,0.0,0.212601,42081,0.388354,0.209526,0.209526,AMOCLINGO-L,12.929726
GroupAssignment,00720-group_assignment-p300-pr20-unsat.asp,264461,414721,0.637684,0.406641,0.259309,1.568175,2.459171,3.85641,0.401723,0.193979,0.0,0.210243,51981,0.390534,0.207743,0.207743,AMOCLINGO-L,15.96278
GroupAssignment,00721-group_assignment-p50-pr25-sat.asp,56246,88446,0.635936,0.404415,0.257182,1.572485,2.47271,3.888299,0.400917,0.194681,0.0,0.209277,11146,0.392846,0.206237,0.206237,CLINGO-AMO,0.931641
GroupAssignment,00722-group_assignment-p50-pr25-sat.asp,46496,72846,0.638278,0.407399,0.260034,1.566715,2.454597,3.845655,0.40111,0.193565,0.0,0.211222,9196,0.391345,0.207545,0.207545,CLINGO-AMO,0.751481
GroupAssignment,00723-group_assignment-p50-pr25-sat.asp,55496,87246,0.636086,0.404606,0.257364,1.572113,2.47154,3.885541,0.40093,0.194609,0.0,0.209402,10996,0.392749,0.206321,0.206321,CLINGO-AMO,0.933348
GroupAssignment,00724-group_assignment-p50-pr25-sat.asp,43496,68046,0.639215,0.408595,0.26118,1.56442,2.447409,3.828775,0.401186,0.193121,0.0,0.211997,8596,0.390749,0.208065,0.208065,CLINGO-AMO,0.669952
GroupAssignment,00725-group_assignment-p50-pr25-sat.asp,50246,78846,0.637268,0.40611,0.258801,1.5692,2.462387,3.863977,0.401027,0.194045,0.0,0.210385,9946,0.391991,0.206982,0.206982,CLINGO-AMO,0.849367
GroupAssignment,00726-group_assignment-p50-pr25-middle.asp,47246,74046,0.638063,0.407124,0.259771,1.567244,2.456253,3.849547,0.401092,0.193667,0.0,0.211044,9346,0.391483,0.207425,0.207425,AMOCLINGO-INF-MR,5.146971
GroupAssignment,00727-group_assignment-p50-pr25-middle.asp,52496,82446,0.636732,0.405428,0.258149,1.57052,2.466532,3.873737,0.400983,0.194301,0.0,0.20994,10396,0.392335,0.206682,0.206682,AMOCLINGO-INF-MR,6.14451
GroupAssignment,00728-group_assignment-p50-pr25-middle.asp,53996,84846,0.6364,0.405005,0.257745,1.571339,2.469105,3.8798,0.400956,0.194459,0.0,0.209664,10696,0.392548,0.206497,0.206497,AMOCLINGO-INF-MR,5.904197
GroupAssignment,00729-group_assignment-p50-pr25-middle.asp,48746,76446,0.637653,0.406601,0.25927,1.568252,2.459414,3.85698,0.401059,0.193862,0.0,0.210704,9646,0.391745,0.207196,0.207196,AMOCLINGO-INF-MR,4.693709
GroupAssignment,00730-group_assignment-p50-pr25-middle.asp,51746,81246,0.636905,0.405648,0.258359,1.570092,2.46519,3.870576,0.400997,0.194218,0.0,0.210084,10246,0.392224,0.206779,0.206779,AMOCLINGO-INF-MR,5.432799
GroupAssignment,00731-group_assignment-p50-pr25-middle.asp,50246,78846,0.637268,0.40611,0.258801,1.5692,2.462387,3.863977,0.401027,0.194045,0.0,0.210385,9946,0.391991,0.206982,0.206982,AMOCLINGO-INF-MR,4.133716
GroupAssignment,00732-group_assignment-p50-pr25-middle.asp,43496,68046,0.639215,0.408595,0.26118,1.56442,2.447409,3.828775,0.401186,0.193121,0.0,0.211997,8596,0.390749,0.208065,0.208065,AMOCLINGO-INF-MR,3.94206
GroupAssignment,00733-group_assignment-p50-pr25-middle.asp,50246,78846,0.637268,0.40611,0.258801,1.5692,2.462387,3.863977,0.401027,0.194045,0.0,0.210385,9946,0.391991,0.206982,0.206982,AMOCLINGO-INF-MR,5.689172
GroupAssignment,00734-group_assignment-p50-pr25-middle.asp,52496,82446,0.636732,0.405428,0.258149,1.57052,2.466532,3.873737,0.400983,0.194301,0.0,0.20994,10396,0.392335,0.206682,0.206682,AMOCLINGO-INF-MR,4.352147
GroupAssignment,00735-group_assignment-p50-pr25-middle.asp,50996,80046,0.637084,0.405876,0.258577,1.569653,2.463809,3.867324,0.401012,0.194133,0.0,0.210232,10096,0.392109,0.206879,0.206879,EOCLINGO-INF-MR,6.599551
GroupAssignment,00746-group_assignment-p50-pr25-unsat.asp,49496,77646,0.637457,0.406352,0.259032,1.568733,2.460923,3.86053,0.401043,0.193955,0.0,0.210542,9796,0.39187,0.207087,0.207087,AMOCLINGO-L,3.127623
GroupAssignment,00747-group_assignment-p50-pr25-unsat.asp,54746,86046,0.636241,0.404803,0.257552,1.571731,2.470339,3.882709,0.400943,0.194535,0.0,0.209531,10846,0.39265,0.206408,0.206408,AMOCLINGO-L,3.458759
GroupAssignment,00748-group_assignment-p50-pr25-unsat.asp,47996,75246,0.637855,0.406858,0.259516,1.567756,2.457858,3.85332,0.401075,0.193766,0.0,0.210872,9496,0.391616,0.207309,0.207309,AMOCLINGO-L,3.051956
GroupAssignment,00749-group_assignment-p50-pr25-unsat.asp,47996,75246,0.637855,0.406858,0.259516,1.567756,2.457858,3.85332,0.401075,0.193766,0.0,0.210872,9496,0.391616,0.207309,0.207309,AMOCLINGO-L,3.08153
GroupAssignment,00750-group_assignment-p50-pr25-unsat.asp,43496,68046,0.639215,0.408595,0.26118,1.56442,2.447409,3.828775,0.401186,0.193121,0.0,0.211997,8596,0.390749,0.208065,0.208065,AMOCLINGO-L,2.762779
GroupAssignment,00751-group_assignment-p100-pr25-sat.asp,110796,174346,0.635495,0.403854,0.256647,1.573577,2.476144,3.896402,0.401188,0.194953,0.0,0.208681,21896,0.392577,0.206235,0.206235,AMOCLINGO-INF-MR,7.710253
GroupAssignment,00752-group_assignment-p100-pr25-sat.asp,85296,133546,0.638701,0.407939,0.260551,1.565677,2.451345,3.838015,0.401543,0.193444,0.0,0.211276,16796,0.390358,0.208099,0.208099,CLINGO-AMO,4.38593
GroupAssignment,00753-group_assignment-p100-pr25-sat.asp,95796,150346,0.63717,0.405986,0.258682,1.569439,2.463139,3.865748,0.401374,0.194163,0.0,0.21004,18896,0.391415,0.207211,0.207211,AMOCLINGO-INF-MR,7.051321
GroupAssignment,00754-group_assignment-p100-pr25-sat.asp,101796,159946,0.63644,0.405056,0.257794,1.571241,2.468797,3.879074,0.401293,0.194507,0.0,0.209448,20096,0.391921,0.206786,0.206786,CLINGO-AMO,7.013946
GroupAssignment,00755-group_assignment-p100-pr25-sat.asp,104796,164746,0.636106,0.404631,0.257389,1.572064,2.471385,3.885174,0.401256,0.194664,0.0,0.209178,20696,0.392152,0.206592,0.206592,CLINGO-AMO,8.806616
GroupAssignment,00756-group_assignment-p100-pr25-middle.asp,89796,140746,0.638,0.407044,0.259695,1.567397,2.456734,3.850678,0.401466,0.193773,0.0,0.210711,17696,0.390841,0.207693,0.207693,EOCLINGO-L,24.338876
GroupAssignment,00757-group_assignment-p100-pr25-middle.asp,103296,162346,0.636271,0.40484,0.257588,1.571658,2.470109,3.882167,0.401274,0.194586,0.0,0.209311,20396,0.392038,0.206688,0.206688,AMOCLINGO-INF-MR,15.318508
GroupAssignment,00758-group_assignment-p100-pr25-middle.asp,107796,169546,0.635792,0.404232,0.257007,1.572841,2.47383,3.890942,0.401221,0.194812,0.0,0.208922,21296,0.392371,0.206408,0.206408,AMOCLINGO-INF-MR,17.42024
GroupAssignment,00759-group_assignment-p100-pr25-middle.asp,86796,135946,0.638459,0.40763,0.260255,1.56627,2.453203,3.842379,0.401516,0.193557,0.0,0.211081,17096,0.390525,0.207959,0.207959,EOCLINGO-INF-MR,24.697521
GroupAssignment,00760-group_assignment-p100-pr25-middle.asp,112296,176746,0.635352,0.403673,0.256474,1.57393,2.477254,3.899024,0.401172,0.19502,0.0,0.208565,22196,0.392676,0.206152,0.206152,AMOCLINGO-INF-MR,25.504646
GroupAssignment,00761-group_assignment-p100-pr25-middle.asp,73296,114346,0.641002,0.410883,0.263377,1.560058,2.43378,3.796838,0.401795,0.192371,0.0,0.213122,14396,0.38878,0.209425,0.209425,EOCLINGO-INF-MR,15.914316
GroupAssignment,00762-group_assignment-p100-pr25-middle.asp,86796,135946,0.638459,0.40763,0.260255,1.56627,2.453203,3.842379,0.401516,0.193557,0.0,0.211081,17096,0.390525,0.207959,0.207959,AMOCLINGO-INF-MR,16.870747
GroupAssignment,00763-group_assignment-p100-pr25-middle.asp,104796,164746,0.636106,0.404631,0.257389,1.572064,2.471385,3.885174,0.401256,0.194664,0.0,0.209178,20696,0.392152,0.206592,0.206592,EOCLINGO-INF-MR,41.74393499999999
GroupAssignment,00764-group_assignment-p100-pr25-middle.asp,97296,152746,0.636979,0.405742,0.258449,1.56991,2.464619,3.86923,0.401353,0.194253,0.0,0.209885,19196,0.391547,0.2071,0.2071,AMOCLINGO-INF-MR,17.291915000000003
GroupAssignment,00765-group_assignment-p100-pr25-middle.asp,91296,143146,0.637782,0.406766,0.259428,1.567933,2.458414,3.854627,0.401441,0.193875,0.0,0.210535,17996,0.390992,0.207567,0.207567,AMOCLINGO-INF-MR,12.561847
GroupAssignment,00776-group_assignment-p100-pr25-unsat.asp,118296,186346,0.634819,0.402995,0.255829,1.575252,2.481419,3.908859,0.401112,0.195273,0.0,0.20813,23396,0.393048,0.20584,0.20584,AMOCLINGO-INF-MR,7.175327
GroupAssignment,00777-group_assignment-p100-pr25-unsat.asp,106296,167146,0.635947,0.404429,0.257195,1.572458,2.472624,3.888098,0.401238,0.194739,0.0,0.209048,20996,0.392263,0.206499,0.206499,AMOCLINGO-L,6.405787
GroupAssignment,00778-group_assignment-p100-pr25-unsat.asp,94296,147946,0.637368,0.406238,0.258923,1.568953,2.461614,3.862157,0.401396,0.19407,0.0,0.2102,18596,0.391279,0.207326,0.207326,AMOCLINGO-INF-MR,5.642225
GroupAssignment,00779-group_assignment-p100-pr25-unsat.asp,101796,159946,0.63644,0.405056,0.257794,1.571241,2.468797,3.879074,0.401293,0.194507,0.0,0.209448,20096,0.391921,0.206786,0.206786,AMOCLINGO-INF-MR,6.183485
GroupAssignment,00780-group_assignment-p100-pr25-unsat.asp,100296,157546,0.636614,0.405277,0.258005,1.57081,2.467445,3.875889,0.401312,0.194425,0.0,0.20959,19796,0.3918,0.206888,0.206888,AMOCLINGO-INF-MR,5.996883
GroupAssignment,00781-group_assignment-p150-pr25-sat.asp,136846,214646,0.637543,0.406461,0.259136,1.568522,2.460262,3.858976,0.401546,0.194014,0.0,0.210244,26946,0.390921,0.207533,0.207533,AMOCLINGO-INF-MR,11.338295
GroupAssignment,00782-group_assignment-p150-pr25-sat.asp,157096,247046,0.635898,0.404366,0.257135,1.57258,2.473007,3.889001,0.401347,0.194785,0.0,0.208923,30996,0.392091,0.206562,0.206562,AMOCLINGO-INF-MR,13.621297
GroupAssignment,00783-group_assignment-p150-pr25-sat.asp,168346,265046,0.635158,0.403425,0.256239,1.574412,2.478774,3.902612,0.401257,0.195134,0.0,0.208327,33246,0.39262,0.206123,0.206123,AMOCLINGO-INF-MR,14.66899
GroupAssignment,00784-group_assignment-p150-pr25-sat.asp,159346,250646,0.635741,0.404167,0.256946,1.572967,2.474225,3.891875,0.401328,0.194859,0.0,0.208797,31446,0.392203,0.206469,0.206469,AMOCLINGO-INF-MR,12.386499
GroupAssignment,00785-group_assignment-p150-pr25-sat.asp,123346,193046,0.638946,0.408252,0.260851,1.565077,2.449466,3.833604,0.401715,0.193359,0.0,0.211365,24246,0.389928,0.208357,0.208357,AMOCLINGO-INF-MR,8.545119
GroupAssignment,00786-group_assignment-p150-pr25-middle.asp,168346,265046,0.635158,0.403425,0.256239,1.574412,2.478774,3.902612,0.401257,0.195134,0.0,0.208327,33246,0.39262,0.206123,0.206123,AMOCLINGO-INF-MR,79.24307
GroupAssignment,00787-group_assignment-p150-pr25-middle.asp,143596,225446,0.636942,0.405695,0.258404,1.570002,2.464906,3.869907,0.401474,0.194295,0.0,0.209762,28296,0.391348,0.207178,0.207178,AMOCLINGO-INF-MR,38.56597
GroupAssignment,00788-group_assignment-p150-pr25-middle.asp,150346,236246,0.636396,0.405,0.25774,1.571349,2.469137,3.879875,0.401407,0.194551,0.0,0.209324,29646,0.391736,0.206856,0.206856,AMOCLINGO-INF-MR,38.03964
GroupAssignment,00789-group_assignment-p150-pr25-middle.asp,148096,232646,0.636572,0.405224,0.257955,1.570913,2.467769,3.876652,0.401429,0.194468,0.0,0.209465,29196,0.391611,0.20696,0.20696,EOCLINGO-INF-MR,46.71282
GroupAssignment,00790-group_assignment-p150-pr25-middle.asp,154846,243446,0.636059,0.404571,0.257331,1.572181,2.471754,3.886046,0.401367,0.19471,0.0,0.209053,30546,0.391977,0.206657,0.206657,AMOCLINGO-INF-MR,38.10941
GroupAssignment,00791-group_assignment-p150-pr25-middle.asp,139096,218246,0.637336,0.406197,0.258884,1.569031,2.46186,3.862735,0.401521,0.194111,0.0,0.210078,27396,0.391068,0.207411,0.207411,AMOCLINGO-INF-MR,45.8792
GroupAssignment,00792-group_assignment-p150-pr25-middle.asp,152596,239846,0.636225,0.404782,0.257532,1.571771,2.470465,3.883005,0.401387,0.194632,0.0,0.209186,30096,0.391858,0.206755,0.206755,AMOCLINGO-INF-MR,44.0392
GroupAssignment,00793-group_assignment-p150-pr25-middle.asp,181846,286646,0.634392,0.402454,0.255313,1.576312,2.484759,3.916755,0.401164,0.195495,0.0,0.207709,35946,0.393168,0.205669,0.205669,AMOCLINGO-INF-MR,119.00191
GroupAssignment,00794-group_assignment-p150-pr25-middle.asp,127846,200246,0.638445,0.407612,0.260238,1.566306,2.453316,3.842644,0.401655,0.193592,0.0,0.210965,25146,0.390282,0.208063,0.208063,EOCLINGO-L,57.50976
GroupAssignment,00795-group_assignment-p150-pr25-middle.asp,143596,225446,0.636942,0.405695,0.258404,1.570002,2.464906,3.869907,0.401474,0.194295,0.0,0.209762,28296,0.391348,0.207178,0.207178,AMOCLINGO-INF-MR,45.93974
GroupAssignment,00806-group_assignment-p150-pr25-unsat.asp,157096,247046,0.635898,0.404366,0.257135,1.57258,2.473007,3.889001,0.401347,0.194785,0.0,0.208923,30996,0.392091,0.206562,0.206562,AMOCLINGO-L,9.425448
GroupAssignment,00807-group_assignment-p150-pr25-unsat.asp,161596,254246,0.635589,0.403974,0.256761,1.573343,2.475409,3.894669,0.401309,0.194931,0.0,0.208675,31896,0.392312,0.206379,0.206379,AMOCLINGO-INF-MR,9.755364
GroupAssignment,00808-group_assignment-p150-pr25-unsat.asp,136846,214646,0.637543,0.406461,0.259136,1.568522,2.460262,3.858976,0.401546,0.194014,0.0,0.210244,26946,0.390921,0.207533,0.207533,AMOCLINGO-L,8.238359
GroupAssignment,00809-group_assignment-p150-pr25-unsat.asp,161596,254246,0.635589,0.403974,0.256761,1.573343,2.475409,3.894669,0.401309,0.194931,0.0,0.208675,31896,0.392312,0.206379,0.206379,AMOCLINGO-L,9.734112
GroupAssignment,00810-group_assignment-p150-pr25-unsat.asp,123346,193046,0.638946,0.408252,0.260851,1.565077,2.449466,3.833604,0.401715,0.193359,0.0,0.211365,24246,0.389928,0.208357,0.208357,AMOCLINGO-INF-MR,7.448061999999999
GroupAssignment,00811-group_assignment-p200-pr25-sat.asp,191396,300546,0.636828,0.405549,0.258265,1.570284,2.465791,3.871991,0.401524,0.194361,0.0,0.209623,37696,0.391314,0.207162,0.207162,EOCLINGO-INF-MR,24.44893
GroupAssignment,00812-group_assignment-p200-pr25-sat.asp,170396,266946,0.638316,0.407448,0.260081,1.566621,2.454302,3.844962,0.401711,0.193667,0.0,0.210809,33496,0.390244,0.208045,0.208045,AMOCLINGO-INF-MR,18.030367
GroupAssignment,00813-group_assignment-p200-pr25-sat.asp,176396,276546,0.637854,0.406858,0.259516,1.567757,2.457861,3.853328,0.401653,0.193882,0.0,0.210441,34696,0.390576,0.207771,0.207771,AMOCLINGO-INF-MR,13.437144
GroupAssignment,00814-group_assignment-p200-pr25-sat.asp,218396,343746,0.635341,0.403658,0.256461,1.573957,2.477342,3.899231,0.401335,0.195059,0.0,0.208433,43096,0.392388,0.206277,0.206277,AMOCLINGO-INF-MR,23.03942
GroupAssignment,00815-group_assignment-p200-pr25-sat.asp,212396,334146,0.635638,0.404036,0.256821,1.573222,2.475027,3.893766,0.401373,0.194919,0.0,0.208672,41896,0.392173,0.206454,0.206454,AMOCLINGO-INF-MR,19.34168
GroupAssignment,00816-group_assignment-p200-pr25-middle.asp,167396,262146,0.63856,0.407759,0.260379,1.566023,2.452428,3.840559,0.401742,0.193553,0.0,0.211003,32896,0.390069,0.208189,0.208189,AMOCLINGO-INF-MR,80.81623
GroupAssignment,00817-group_assignment-p200-pr25-middle.asp,179396,281346,0.637635,0.406578,0.259248,1.568296,2.459552,3.857305,0.401625,0.193984,0.0,0.210267,35296,0.390733,0.207641,0.207641,AMOCLINGO-INF-MR,147.0779
GroupAssignment,00818-group_assignment-p200-pr25-middle.asp,212396,334146,0.635638,0.404036,0.256821,1.573222,2.475027,3.893766,0.401373,0.194919,0.0,0.208672,41896,0.392173,0.206454,0.206454,AMOCLINGO-INF-MR,150.14243
GroupAssignment,00819-group_assignment-p200-pr25-middle.asp,197396,310146,0.636462,0.405083,0.25782,1.571187,2.468628,3.878676,0.401477,0.194533,0.0,0.20933,38896,0.391578,0.206944,0.206944,AMOCLINGO-INF-MR,89.74141
GroupAssignment,00820-group_assignment-p200-pr25-middle.asp,209396,329346,0.635793,0.404233,0.257009,1.572838,2.47382,3.890918,0.401393,0.194846,0.0,0.208796,41296,0.392061,0.206546,0.206546,EOCLINGO-INF-MR,88.36116
GroupAssignment,00821-group_assignment-p200-pr25-middle.asp,182396,286146,0.637423,0.406308,0.25899,1.568817,2.461188,3.861154,0.401599,0.194083,0.0,0.210098,35896,0.390886,0.207516,0.207516,AMOCLINGO-INF-MR,84.02288
GroupAssignment,00822-group_assignment-p200-pr25-middle.asp,194396,305346,0.636642,0.405313,0.258039,1.570742,2.467231,3.875384,0.4015,0.194448,0.0,0.209474,38296,0.391448,0.207052,0.207052,AMOCLINGO-INF-MR,60.10215
GroupAssignment,00823-group_assignment-p200-pr25-middle.asp,242396,382146,0.634302,0.402339,0.255205,1.576536,2.485465,3.918426,0.401203,0.195548,0.0,0.207598,47896,0.393142,0.205655,0.205655,AMOCLINGO-INF-MR,139.81114
GroupAssignment,00824-group_assignment-p200-pr25-middle.asp,197396,310146,0.636462,0.405083,0.25782,1.571187,2.468628,3.878676,0.401477,0.194533,0.0,0.20933,38896,0.391578,0.206944,0.206944,AMOCLINGO-INF-MR,67.67835
GroupAssignment,00825-group_assignment-p200-pr25-middle.asp,191396,300546,0.636828,0.405549,0.258265,1.570284,2.465791,3.871991,0.401524,0.194361,0.0,0.209623,37696,0.391314,0.207162,0.207162,EOCLINGO-INF-MR,65.533
GroupAssignment,00836-group_assignment-p200-pr25-unsat.asp,212396,334146,0.635638,0.404036,0.256821,1.573222,2.475027,3.893766,0.401373,0.194919,0.0,0.208672,41896,0.392173,0.206454,0.206454,AMOCLINGO-L,13.04469
GroupAssignment,00837-group_assignment-p200-pr25-unsat.asp,188396,295746,0.63702,0.405794,0.258499,1.56981,2.464305,3.868491,0.401548,0.194272,0.0,0.209776,37096,0.391176,0.207276,0.207276,AMOCLINGO-L,11.403984
GroupAssignment,00838-group_assignment-p200-pr25-unsat.asp,164396,257346,0.638813,0.408082,0.260688,1.565403,2.450487,3.835999,0.401774,0.193435,0.0,0.211203,32296,0.389888,0.208338,0.208338,AMOCLINGO-L,10.064333
GroupAssignment,00839-group_assignment-p200-pr25-unsat.asp,179396,281346,0.637635,0.406578,0.259248,1.568296,2.459552,3.857305,0.401625,0.193984,0.0,0.210267,35296,0.390733,0.207641,0.207641,AMOCLINGO-L,10.865988
GroupAssignment,00840-group_assignment-p200-pr25-unsat.asp,173396,271746,0.638081,0.407148,0.259793,1.567199,2.456112,3.849216,0.401682,0.193776,0.0,0.210622,34096,0.390413,0.207906,0.207906,AMOCLINGO-L,10.398253
GroupAssignment,00841-group_assignment-p250-pr25-sat.asp,246696,387646,0.636395,0.404999,0.257739,1.571351,2.469144,3.879892,0.401506,0.194571,0.0,0.209249,48596,0.391559,0.206935,0.206935,EOCLINGO-INF-MR,28.92873
GroupAssignment,00842-group_assignment-p250-pr25-sat.asp,224196,351646,0.637562,0.406485,0.259159,1.568476,2.460116,3.858633,0.401657,0.194027,0.0,0.210178,44096,0.390712,0.207631,0.207631,EOCLINGO-INF-MR,25.69549
GroupAssignment,00843-group_assignment-p250-pr25-sat.asp,295446,465646,0.634486,0.402573,0.255427,1.576078,2.484022,3.915014,0.401258,0.195467,0.0,0.207723,58346,0.392952,0.205791,0.205791,EOCLINGO-INF-MR,37.52005
GroupAssignment,00844-group_assignment-p250-pr25-sat.asp,287946,453646,0.634737,0.402891,0.25573,1.575455,2.482059,3.910372,0.401291,0.195349,0.0,0.207924,56846,0.392768,0.205941,0.205941,EOCLINGO-INF-MR,34.97384
GroupAssignment,00845-group_assignment-p250-pr25-sat.asp,246696,387646,0.636395,0.404999,0.257739,1.571351,2.469144,3.879892,0.401506,0.194571,0.0,0.209249,48596,0.391559,0.206935,0.206935,AMOCLINGO-INF-MR,29.04885
GroupAssignment,00846-group_assignment-p250-pr25-middle.asp,265446,417646,0.635577,0.403958,0.256746,1.573375,2.475508,3.894901,0.4014,0.194955,0.0,0.208596,52346,0.392155,0.206445,0.206445,AMOCLINGO-INF-MR,119.07259
GroupAssignment,00847-group_assignment-p250-pr25-middle.asp,250446,393646,0.636221,0.404778,0.257528,1.57178,2.470492,3.88307,0.401484,0.194653,0.0,0.209111,49346,0.391685,0.206831,0.206831,EOCLINGO-INF-MR,164.59087
GroupAssignment,00848-group_assignment-p250-pr25-middle.asp,265446,417646,0.635577,0.403958,0.256746,1.573375,2.475508,3.894901,0.4014,0.194955,0.0,0.208596,52346,0.392155,0.206445,0.206445,EOCLINGO-INF-MR,133.45119
GroupAssignment,00849-group_assignment-p250-pr25-middle.asp,284196,447646,0.634868,0.403057,0.255888,1.575131,2.481038,3.907961,0.401308,0.195288,0.0,0.208029,56096,0.392673,0.20602,0.20602,AMOCLINGO-INF-MR,231.12315
GroupAssignment,00850-group_assignment-p250-pr25-middle.asp,265446,417646,0.635577,0.403958,0.256746,1.573375,2.475508,3.894901,0.4014,0.194955,0.0,0.208596,52346,0.392155,0.206445,0.206445,EOCLINGO-INF-MR,116.04836
GroupAssignment,00851-group_assignment-p250-pr25-middle.asp,239196,375646,0.636759,0.405462,0.258182,1.570453,2.466322,3.873241,0.401554,0.194401,0.0,0.209539,47096,0.391294,0.207152,0.207152,EOCLINGO-INF-MR,132.62303
GroupAssignment,00852-group_assignment-p250-pr25-middle.asp,276696,435646,0.63514,0.403402,0.256217,1.574457,2.478915,3.902946,0.401343,0.19516,0.0,0.208247,54596,0.392474,0.206183,0.206183,AMOCLINGO-INF-MR,120.34256
GroupAssignment,00853-group_assignment-p250-pr25-middle.asp,239196,375646,0.636759,0.405462,0.258182,1.570453,2.466322,3.873241,0.401554,0.194401,0.0,0.209539,47096,0.391294,0.207152,0.207152,AMOCLINGO-INF-MR,100.86329
GroupAssignment,00854-group_assignment-p250-pr25-middle.asp,246696,387646,0.636395,0.404999,0.257739,1.571351,2.469144,3.879892,0.401506,0.194571,0.0,0.209249,48596,0.391559,0.206935,0.206935,EOCLINGO-INF-MR,274.89966000000004
GroupAssignment,00855-group_assignment-p250-pr25-middle.asp,242946,381646,0.636574,0.405227,0.257957,1.570909,2.467754,3.876617,0.40153,0.194488,0.0,0.209392,47846,0.391429,0.207042,0.207042,AMOCLINGO-INF-MR,73.77205000000001
GroupAssignment,00857-group_assignment-p250-pr25-punsat.asp,220446,345646,0.63778,0.406763,0.259425,1.56794,2.458434,3.854677,0.401686,0.193925,0.0,0.210351,43346,0.390554,0.207761,0.207761,AMOCLINGO-INF-MR,509.01761
GroupAssignment,00859-group_assignment-p250-pr25-punsat.asp,272946,429646,0.635281,0.403582,0.256388,1.574106,2.47781,3.900337,0.401361,0.195094,0.0,0.20836,53846,0.392371,0.206268,0.206268,AMOCLINGO-INF-MR,541.5170099999999
GroupAssignment,00862-group_assignment-p250-pr25-punsat.asp,239196,375646,0.636759,0.405462,0.258182,1.570453,2.466322,3.873241,0.401554,0.194401,0.0,0.209539,47096,0.391294,0.207152,0.207152,AMOCLINGO-INF-MR,525.50306
GroupAssignment,00866-group_assignment-p250-pr25-unsat.asp,231696,363646,0.637147,0.405956,0.258654,1.569496,2.463318,3.866169,0.401604,0.19422,0.0,0.209848,45596,0.391012,0.207384,0.207384,AMOCLINGO-L,14.139541
GroupAssignment,00867-group_assignment-p250-pr25-unsat.asp,231696,363646,0.637147,0.405956,0.258654,1.569496,2.463318,3.866169,0.401604,0.19422,0.0,0.209848,45596,0.391012,0.207384,0.207384,AMOCLINGO-L,14.128916
GroupAssignment,00868-group_assignment-p250-pr25-unsat.asp,231696,363646,0.637147,0.405956,0.258654,1.569496,2.463318,3.866169,0.401604,0.19422,0.0,0.209848,45596,0.391012,0.207384,0.207384,AMOCLINGO-L,14.210204
GroupAssignment,00869-group_assignment-p250-pr25-unsat.asp,227946,357646,0.637351,0.406216,0.258902,1.568994,2.461743,3.862462,0.40163,0.194125,0.0,0.21001,44846,0.390865,0.207505,0.207505,AMOCLINGO-L,13.870041
GroupAssignment,00870-group_assignment-p250-pr25-unsat.asp,246696,387646,0.636395,0.404999,0.257739,1.571351,2.469144,3.879892,0.401506,0.194571,0.0,0.209249,48596,0.391559,0.206935,0.206935,AMOCLINGO-L,14.97974
GroupAssignment,00871-group_assignment-p300-pr25-sat.asp,313996,493946,0.635689,0.4041,0.256882,1.573096,2.474633,3.892836,0.401438,0.194907,0.0,0.208668,61896,0.39203,0.206531,0.206531,AMOCLINGO-INF-MR,63.47555
GroupAssignment,00872-group_assignment-p300-pr25-sat.asp,304996,479546,0.63601,0.404509,0.257271,1.572303,2.472135,3.886945,0.401481,0.194757,0.0,0.208924,60096,0.391795,0.206724,0.206724,AMOCLINGO-INF-MR,41.57592
GroupAssignment,00873-group_assignment-p300-pr25-sat.asp,223996,349946,0.640087,0.409712,0.262251,1.562287,2.44074,3.813136,0.402016,0.192861,0.0,0.212151,43896,0.388828,0.209156,0.209156,AMOCLINGO-INF-MR,26.26831
GroupAssignment,00874-group_assignment-p300-pr25-sat.asp,322996,508346,0.635386,0.403716,0.256515,1.573846,2.476992,3.898404,0.401398,0.195049,0.0,0.208427,63696,0.392253,0.206349,0.206349,EOCLINGO-L,52.18691
GroupAssignment,00875-group_assignment-p300-pr25-sat.asp,259996,407546,0.637955,0.406987,0.259639,1.567509,2.457084,3.8515,0.401737,0.193849,0.0,0.210469,51096,0.390375,0.207888,0.207888,EOCLINGO-INF-MR,36.99667
GroupAssignment,00876-group_assignment-p300-pr25-middle.asp,363496,573146,0.634212,0.402225,0.255096,1.57676,2.486173,3.920098,0.401242,0.195601,0.0,0.207488,71796,0.393116,0.205642,0.205642,AMOCLINGO-INF-MR,450.93051
GroupAssignment,00877-group_assignment-p300-pr25-middle.asp,309496,486746,0.635847,0.404301,0.257074,1.572705,2.473402,3.889932,0.401459,0.194833,0.0,0.208794,60996,0.391915,0.206626,0.206626,AMOCLINGO-INF-MR,365.17346
GroupAssignment,00878-group_assignment-p300-pr25-middle.asp,273496,429146,0.637303,0.406155,0.258844,1.569113,2.462114,3.863334,0.401651,0.194153,0.0,0.209952,53796,0.39085,0.207498,0.207498,EOCLINGO-INF-MR,273.35075
GroupAssignment,00879-group_assignment-p300-pr25-middle.asp,268996,421946,0.637513,0.406423,0.2591,1.568596,2.460493,3.859519,0.401679,0.194055,0.0,0.210118,52896,0.390697,0.207624,0.207624,AMOCLINGO-INF-MR,170.074
GroupAssignment,00880-group_assignment-p300-pr25-middle.asp,282496,443546,0.636904,0.405646,0.258357,1.570097,2.465203,3.870607,0.401599,0.194339,0.0,0.209635,55596,0.391142,0.20726,0.20726,AMOCLINGO-INF-MR,140.19982000000002
GroupAssignment,00881-group_assignment-p300-pr25-middle.asp,300496,472346,0.636178,0.404722,0.257475,1.571888,2.470831,3.88387,0.401503,0.194678,0.0,0.209058,59196,0.391672,0.206825,0.206825,AMOCLINGO-INF-MR,188.51072
GroupAssignment,00882-group_assignment-p300-pr25-middle.asp,286996,450746,0.636713,0.405404,0.258126,1.570565,2.466676,3.874076,0.401574,0.194428,0.0,0.209484,56496,0.391281,0.207146,0.207146,AMOCLINGO-INF-MR,209.77245
GroupAssignment,00883-group_assignment-p300-pr25-middle.asp,313996,493946,0.635689,0.4041,0.256882,1.573096,2.474633,3.892836,0.401438,0.194907,0.0,0.208668,61896,0.39203,0.206531,0.206531,AMOCLINGO-INF-MR,262.1636
GroupAssignment,00884-group_assignment-p300-pr25-middle.asp,340996,537146,0.634829,0.403008,0.255841,1.575227,2.481339,3.908672,0.401324,0.19531,0.0,0.207982,67296,0.392661,0.206014,0.206014,AMOCLINGO-INF-MR,248.04814
GroupAssignment,00885-group_assignment-p300-pr25-middle.asp,295996,465146,0.636351,0.404942,0.257685,1.57146,2.469488,3.880702,0.401526,0.194597,0.0,0.209195,58296,0.391546,0.206928,0.206928,AMOCLINGO-INF-MR,145.45570999999998
GroupAssignment,00891-group_assignment-p300-pr25-punsat.asp,300496,472346,0.636178,0.404722,0.257475,1.571888,2.470831,3.88387,0.401503,0.194678,0.0,0.209058,59196,0.391672,0.206825,0.206825,AMOCLINGO-INF-MR,957.4111
GroupAssignment,00892-group_assignment-p300-pr25-punsat.asp,291496,457946,0.636529,0.405169,0.257902,1.57102,2.468103,3.877439,0.401549,0.194514,0.0,0.209337,57396,0.391415,0.207035,0.207035,AMOCLINGO-INF-MR,574.3696000000001
GroupAssignment,00895-group_assignment-p300-pr25-punsat.asp,304996,479546,0.63601,0.404509,0.257271,1.572303,2.472135,3.886945,0.401481,0.194757,0.0,0.208924,60096,0.391795,0.206724,0.206724,AMOCLINGO-INF-MR,709.1249899999999
GroupAssignment,00896-group_assignment-p300-pr25-unsat.asp,241996,378746,0.63894,0.408244,0.260844,1.565092,2.449513,3.833713,0.401866,0.193392,0.0,0.211247,47496,0.389659,0.208475,0.208475,AMOCLINGO-L,14.76874
GroupAssignment,00897-group_assignment-p300-pr25-unsat.asp,345496,544346,0.634699,0.402843,0.255684,1.575549,2.482356,3.911074,0.401307,0.195371,0.0,0.207878,68196,0.392757,0.205936,0.205936,AMOCLINGO-L,21.04761
GroupAssignment,00898-group_assignment-p300-pr25-unsat.asp,241996,378746,0.63894,0.408244,0.260844,1.565092,2.449513,3.833713,0.401866,0.193392,0.0,0.211247,47496,0.389659,0.208475,0.208475,AMOCLINGO-L,14.81984
GroupAssignment,00899-group_assignment-p300-pr25-unsat.asp,318496,501146,0.635535,0.403905,0.256696,1.573477,2.475829,3.895658,0.401418,0.194979,0.0,0.208546,62796,0.392143,0.206439,0.206439,AMOCLINGO-INF-MR,19.27035
GroupAssignment,00900-group_assignment-p300-pr25-unsat.asp,295996,465146,0.636351,0.404942,0.257685,1.57146,2.469488,3.880702,0.401526,0.194597,0.0,0.209195,58296,0.391546,0.206928,0.206928,AMOCLINGO-L,18.00311
GroupAssignment,00901-group_assignment-p50-pr30-sat.asp,56281,88471,0.636152,0.404689,0.257444,1.571951,2.471031,3.884341,0.400846,0.194559,0.0,0.209502,11161,0.392868,0.206286,0.206286,CLINGO-AMO,0.830037
GroupAssignment,00902-group_assignment-p50-pr30-sat.asp,63031,99271,0.634939,0.403147,0.255974,1.574955,2.480484,3.906651,0.400755,0.195142,0.0,0.208485,12511,0.393632,0.205613,0.205613,CLINGO-AMO,0.935364
GroupAssignment,00903-group_assignment-p50-pr30-sat.asp,60031,94471,0.635444,0.403789,0.256585,1.573704,2.476543,3.897345,0.400793,0.194899,0.0,0.208909,11911,0.393313,0.205894,0.205894,CLINGO-AMO,0.877782
GroupAssignment,00904-group_assignment-p50-pr30-sat.asp,55531,87271,0.636305,0.404884,0.25763,1.571573,2.469841,3.881534,0.400857,0.194486,0.0,0.209631,11011,0.392772,0.206371,0.206371,CLINGO-AMO,0.803702
GroupAssignment,00905-group_assignment-p50-pr30-sat.asp,60031,94471,0.635444,0.403789,0.256585,1.573704,2.476543,3.897345,0.400793,0.194899,0.0,0.208909,11911,0.393313,0.205894,0.205894,CLINGO-AMO,0.8981790000000001
GroupAssignment,00906-group_assignment-p50-pr30-middle.asp,61531,96871,0.635185,0.40346,0.256272,1.574345,2.478561,3.902109,0.400774,0.195024,0.0,0.208692,12211,0.393476,0.20575,0.20575,AMOCLINGO-INF-MR,6.293855
GroupAssignment,00907-group_assignment-p50-pr30-middle.asp,48781,76471,0.637902,0.406919,0.259574,1.567639,2.457492,3.852461,0.400976,0.193723,0.0,0.210963,9661,0.391771,0.207253,0.207253,CLINGO-AMO,4.586594
GroupAssignment,00908-group_assignment-p50-pr30-middle.asp,63031,99271,0.634939,0.403147,0.255974,1.574955,2.480484,3.906651,0.400755,0.195142,0.0,0.208485,12511,0.393632,0.205613,0.205613,EOCLINGO-INF-MR,9.203771
GroupAssignment,00909-group_assignment-p50-pr30-middle.asp,54031,84871,0.636625,0.405291,0.258019,1.570783,2.467361,3.875689,0.400881,0.194333,0.0,0.209898,10711,0.392571,0.206548,0.206548,EOCLINGO-INF-MR,5.464165
GroupAssignment,00910-group_assignment-p50-pr30-middle.asp,53281,83671,0.636792,0.405504,0.258221,1.570372,2.466069,3.872646,0.400893,0.194253,0.0,0.210037,10561,0.392466,0.20664,0.20664,AMOCLINGO-INF-MR,5.233828
GroupAssignment,00911-group_assignment-p50-pr30-middle.asp,69031,108871,0.634062,0.402035,0.254915,1.577132,2.487345,3.922872,0.40069,0.195564,0.0,0.207747,13711,0.394185,0.205125,0.205125,AMOCLINGO-INF-MR,8.564581
GroupAssignment,00912-group_assignment-p50-pr30-middle.asp,57781,90871,0.635857,0.404315,0.257086,1.57268,2.473321,3.889742,0.400824,0.194701,0.0,0.209256,11461,0.393053,0.206123,0.206123,AMOCLINGO-INF-MR,5.739654
GroupAssignment,00913-group_assignment-p50-pr30-middle.asp,57031,89671,0.636003,0.404499,0.257263,1.57232,2.472191,3.887076,0.400835,0.194631,0.0,0.209377,11311,0.392962,0.206204,0.206204,AMOCLINGO-INF-MR,4.731375
GroupAssignment,00914-group_assignment-p50-pr30-middle.asp,63781,100471,0.63482,0.402996,0.25583,1.57525,2.481412,3.908843,0.400746,0.195199,0.0,0.208385,12661,0.393707,0.205547,0.205547,AMOCLINGO-INF-MR,6.887128
GroupAssignment,00915-group_assignment-p50-pr30-middle.asp,57781,90871,0.635857,0.404315,0.257086,1.57268,2.473321,3.889742,0.400824,0.194701,0.0,0.209256,11461,0.393053,0.206123,0.206123,AMOCLINGO-INF-MR,6.044806
GroupAssignment,00926-group_assignment-p50-pr30-unsat.asp,62281,98071,0.63506,0.403302,0.256121,1.574654,2.479534,3.904407,0.400764,0.195084,0.0,0.208587,12361,0.393555,0.205681,0.205681,AMOCLINGO-INF-MR,3.937559
GroupAssignment,00927-group_assignment-p50-pr30-unsat.asp,59281,93271,0.635578,0.403959,0.256748,1.573371,2.475496,3.894873,0.400803,0.194835,0.0,0.209021,11761,0.393229,0.205968,0.205968,AMOCLINGO-L,3.750261
GroupAssignment,00928-group_assignment-p50-pr30-unsat.asp,52531,82471,0.636963,0.405722,0.25843,1.569949,2.46474,3.869517,0.400906,0.194171,0.0,0.210181,10411,0.392359,0.206735,0.206735,AMOCLINGO-INF-MR,3.3548400000000003
GroupAssignment,00929-group_assignment-p50-pr30-unsat.asp,55531,87271,0.636305,0.404884,0.25763,1.571573,2.469841,3.881534,0.400857,0.194486,0.0,0.209631,11011,0.392772,0.206371,0.206371,AMOCLINGO-L,3.537
GroupAssignment,00930-group_assignment-p50-pr30-unsat.asp,66781,105271,0.634372,0.402428,0.255289,1.576362,2.484916,3.917126,0.400713,0.195415,0.0,0.208008,13261,0.393989,0.205298,0.205298,AMOCLINGO-L,4.188353
GroupAssignment,00931-group_assignment-p100-pr30-sat.asp,125831,198371,0.634322,0.402364,0.255228,1.576488,2.485313,3.918065,0.401014,0.1955,0.0,0.207747,24911,0.393472,0.205514,0.205514,CLINGO-AMO,8.338079
GroupAssignment,00932-group_assignment-p100-pr30-sat.asp,106331,167171,0.636061,0.404574,0.257334,1.572176,2.471736,3.886003,0.4012,0.194675,0.0,0.209168,21011,0.392275,0.206525,0.206525,CLINGO-AMO,3.582832
GroupAssignment,00933-group_assignment-p100-pr30-sat.asp,100331,157571,0.636735,0.405432,0.258153,1.570512,2.466507,3.873677,0.401272,0.194357,0.0,0.209716,19811,0.391813,0.206915,0.206915,CLINGO-AMO,3.82029
GroupAssignment,00934-group_assignment-p100-pr30-sat.asp,124331,195971,0.634436,0.402509,0.255366,1.576204,2.484419,3.91595,0.401026,0.195446,0.0,0.20784,24611,0.393393,0.20558,0.20558,CLINGO-AMO,7.598638999999999
GroupAssignment,00935-group_assignment-p100-pr30-sat.asp,119831,188771,0.634796,0.402965,0.255801,1.57531,2.481602,3.909294,0.401065,0.195275,0.0,0.208135,23711,0.393145,0.20579,0.20579,CLINGO-AMO,9.389981
GroupAssignment,00936-group_assignment-p100-pr30-middle.asp,100331,157571,0.636735,0.405432,0.258153,1.570512,2.466507,3.873677,0.401272,0.194357,0.0,0.209716,19811,0.391813,0.206915,0.206915,EOCLINGO-INF-MR,23.351168
GroupAssignment,00937-group_assignment-p100-pr30-middle.asp,115331,181571,0.635184,0.403459,0.256271,1.574347,2.478568,3.902126,0.401106,0.195091,0.0,0.208452,22811,0.392878,0.206016,0.206016,AMOCLINGO-INF-MR,13.982703
GroupAssignment,00938-group_assignment-p100-pr30-middle.asp,121331,191171,0.634673,0.402809,0.255652,1.575615,2.482564,3.911566,0.401052,0.195333,0.0,0.208034,24011,0.39323,0.205718,0.205718,EOCLINGO-INF-MR,21.103526
GroupAssignment,00939-group_assignment-p100-pr30-middle.asp,106331,167171,0.636061,0.404574,0.257334,1.572176,2.471736,3.886003,0.4012,0.194675,0.0,0.209168,21011,0.392275,0.206525,0.206525,AMOCLINGO-INF-MR,10.586239
GroupAssignment,00940-group_assignment-p100-pr30-middle.asp,131831,207971,0.633891,0.401818,0.254709,1.577558,2.488688,3.926049,0.400968,0.195705,0.0,0.207394,26111,0.393769,0.205263,0.205263,AMOCLINGO-INF-MR,22.596965
GroupAssignment,00941-group_assignment-p100-pr30-middle.asp,116831,183971,0.635051,0.40329,0.25611,1.574676,2.479605,3.904576,0.401092,0.195154,0.0,0.208344,23111,0.392969,0.205938,0.205938,AMOCLINGO-INF-MR,21.431793
GroupAssignment,00942-group_assignment-p100-pr30-middle.asp,107831,169571,0.635905,0.404375,0.257144,1.572563,2.472953,3.888874,0.401183,0.194749,0.0,0.20904,21311,0.392383,0.206434,0.206434,AMOCLINGO-INF-MR,14.066525
GroupAssignment,00943-group_assignment-p100-pr30-middle.asp,106331,167171,0.636061,0.404574,0.257334,1.572176,2.471736,3.886003,0.4012,0.194675,0.0,0.209168,21011,0.392275,0.206525,0.206525,AMOCLINGO-INF-MR,16.844639
GroupAssignment,00944-group_assignment-p100-pr30-middle.asp,116831,183971,0.635051,0.40329,0.25611,1.574676,2.479605,3.904576,0.401092,0.195154,0.0,0.208344,23111,0.392969,0.205938,0.205938,AMOCLINGO-INF-MR,19.23864
GroupAssignment,00945-group_assignment-p100-pr30-middle.asp,125831,198371,0.634322,0.402364,0.255228,1.576488,2.485313,3.918065,0.401014,0.1955,0.0,0.207747,24911,0.393472,0.205514,0.205514,EOCLINGO-INF-MR,29.547254
GroupAssignment,00956-group_assignment-p100-pr30-unsat.asp,100331,157571,0.636735,0.405432,0.258153,1.570512,2.466507,3.873677,0.401272,0.194357,0.0,0.209716,19811,0.391813,0.206915,0.206915,AMOCLINGO-L,6.106053
GroupAssignment,00957-group_assignment-p100-pr30-unsat.asp,130331,205571,0.633995,0.40195,0.254834,1.577299,2.487873,3.924121,0.400979,0.195656,0.0,0.207479,25811,0.393698,0.205323,0.205323,AMOCLINGO-L,7.972199
GroupAssignment,00958-group_assignment-p100-pr30-unsat.asp,131831,207971,0.633891,0.401818,0.254709,1.577558,2.488688,3.926049,0.400968,0.195705,0.0,0.207394,26111,0.393769,0.205263,0.205263,AMOCLINGO-L,8.055595
GroupAssignment,00959-group_assignment-p100-pr30-unsat.asp,140831,222371,0.633315,0.401089,0.254016,1.578992,2.493215,3.936767,0.400906,0.19598,0.0,0.206922,27911,0.394167,0.204926,0.204926,AMOCLINGO-L,8.654601
GroupAssignment,00960-group_assignment-p100-pr30-unsat.asp,124331,195971,0.634436,0.402509,0.255366,1.576204,2.484419,3.91595,0.401026,0.195446,0.0,0.20784,24611,0.393393,0.20558,0.20558,AMOCLINGO-L,7.618346
GroupAssignment,00961-group_assignment-p150-pr30-sat.asp,152631,239871,0.636305,0.404883,0.257629,1.571575,2.469847,3.881548,0.40136,0.194587,0.0,0.209269,30111,0.391867,0.206773,0.206773,AMOCLINGO-INF-MR,11.446217
GroupAssignment,00962-group_assignment-p150-pr30-sat.asp,188631,297471,0.634116,0.402103,0.25498,1.577,2.486928,3.921884,0.401101,0.19562,0.0,0.2075,37311,0.393419,0.205481,0.205481,EOCLINGO-INF-MR,17.539939999999998
GroupAssignment,00963-group_assignment-p150-pr30-sat.asp,166131,261471,0.635371,0.403696,0.256497,1.573884,2.477112,3.898689,0.40125,0.195027,0.0,0.208516,32811,0.392528,0.206223,0.206223,CLINGO-AMO,13.720937
GroupAssignment,00964-group_assignment-p150-pr30-sat.asp,177381,279471,0.634703,0.402848,0.255688,1.575541,2.482329,3.91101,0.40117,0.195342,0.0,0.207976,35061,0.393002,0.205828,0.205828,AMOCLINGO-INF-MR,15.342213
GroupAssignment,00965-group_assignment-p150-pr30-sat.asp,159381,250671,0.635817,0.404264,0.257038,1.572778,2.473632,3.890475,0.401303,0.194816,0.0,0.208877,31461,0.392211,0.206486,0.206486,EOCLINGO-INF-MR,14.362924
GroupAssignment,00966-group_assignment-p150-pr30-middle.asp,175131,275871,0.634829,0.403008,0.255841,1.575227,2.481339,3.908671,0.401185,0.195282,0.0,0.208079,34611,0.392912,0.205903,0.205903,AMOCLINGO-INF-MR,62.37207
GroupAssignment,00967-group_assignment-p150-pr30-middle.asp,181881,286671,0.634459,0.402538,0.255394,1.576146,2.484236,3.915519,0.401141,0.195457,0.0,0.207779,35961,0.393175,0.205684,0.205684,AMOCLINGO-INF-MR,63.21978
GroupAssignment,00968-group_assignment-p150-pr30-middle.asp,150381,236271,0.636477,0.405103,0.257838,1.571149,2.46851,3.878398,0.40138,0.194506,0.0,0.209408,29661,0.391745,0.206875,0.206875,AMOCLINGO-INF-MR,20.085121
GroupAssignment,00969-group_assignment-p150-pr30-middle.asp,172881,272271,0.634959,0.403173,0.255999,1.574904,2.480323,3.906271,0.401201,0.195221,0.0,0.208184,34161,0.392819,0.20598,0.20598,AMOCLINGO-INF-MR,69.56153
GroupAssignment,00970-group_assignment-p150-pr30-middle.asp,141381,221871,0.637222,0.406051,0.258745,1.569313,2.462742,3.864813,0.401468,0.194156,0.0,0.210007,27861,0.391219,0.207312,0.207312,AMOCLINGO-INF-MR,21.878404
GroupAssignment,00971-group_assignment-p150-pr30-middle.asp,179631,283071,0.634579,0.402691,0.255539,1.575847,2.483294,3.913292,0.401156,0.195401,0.0,0.207876,35511,0.393089,0.205755,0.205755,AMOCLINGO-INF-MR,69.06403999999999
GroupAssignment,00972-group_assignment-p150-pr30-middle.asp,168381,265071,0.63523,0.403517,0.256326,1.574233,2.478211,3.901282,0.401233,0.195093,0.0,0.208402,33261,0.392627,0.20614,0.20614,EOCLINGO-INF-MR,51.3551
GroupAssignment,00973-group_assignment-p150-pr30-middle.asp,163881,257871,0.635515,0.40388,0.256672,1.573526,2.475984,3.896025,0.401267,0.194959,0.0,0.208633,32361,0.392425,0.206308,0.206308,AMOCLINGO-INF-MR,56.47664
GroupAssignment,00974-group_assignment-p150-pr30-middle.asp,175131,275871,0.634829,0.403008,0.255841,1.575227,2.481339,3.908671,0.401185,0.195282,0.0,0.208079,34611,0.392912,0.205903,0.205903,EOCLINGO-INF-MR,77.71825
GroupAssignment,00975-group_assignment-p150-pr30-middle.asp,206631,326271,0.633311,0.401083,0.25401,1.579003,2.493251,3.936851,0.401005,0.196002,0.0,0.206847,40911,0.393992,0.205003,0.205003,AMOCLINGO-INF-MR,65.0619
GroupAssignment,00986-group_assignment-p150-pr30-unsat.asp,172881,272271,0.634959,0.403173,0.255999,1.574904,2.480323,3.906271,0.401201,0.195221,0.0,0.208184,34161,0.392819,0.20598,0.20598,AMOCLINGO-L,10.532958
GroupAssignment,00987-group_assignment-p150-pr30-unsat.asp,172881,272271,0.634959,0.403173,0.255999,1.574904,2.480323,3.906271,0.401201,0.195221,0.0,0.208184,34161,0.392819,0.20598,0.20598,AMOCLINGO-L,10.49268
GroupAssignment,00988-group_assignment-p150-pr30-unsat.asp,163881,257871,0.635515,0.40388,0.256672,1.573526,2.475984,3.896025,0.401267,0.194959,0.0,0.208633,32361,0.392425,0.206308,0.206308,AMOCLINGO-INF-MR,9.995707
GroupAssignment,00989-group_assignment-p150-pr30-unsat.asp,190881,301071,0.634007,0.401964,0.254848,1.577271,2.487783,3.923907,0.401088,0.195672,0.0,0.207412,37761,0.393496,0.205416,0.205416,AMOCLINGO-L,11.672242
GroupAssignment,00990-group_assignment-p150-pr30-unsat.asp,193131,304671,0.6339,0.401829,0.25472,1.577535,2.488618,3.925883,0.401075,0.195722,0.0,0.207326,38211,0.393572,0.205353,0.205353,AMOCLINGO-L,11.875047
GroupAssignment,00991-group_assignment-p200-pr30-sat.asp,236431,372571,0.634593,0.402708,0.255556,1.575813,2.483186,3.913036,0.401216,0.195406,0.0,0.207845,46711,0.392973,0.205811,0.205811,AMOCLINGO-INF-MR,25.43165
GroupAssignment,00992-group_assignment-p200-pr30-sat.asp,239431,377371,0.634471,0.402554,0.255409,1.576116,2.484141,3.915294,0.401201,0.195463,0.0,0.207747,47311,0.393061,0.205738,0.205738,EOCLINGO-INF-MR,23.78592
GroupAssignment,00993-group_assignment-p200-pr30-sat.asp,248431,391771,0.634123,0.402112,0.254988,1.576981,2.486869,3.921746,0.401158,0.195628,0.0,0.207466,49111,0.393312,0.20553,0.20553,AMOCLINGO-INF-MR,22.03586
GroupAssignment,00994-group_assignment-p200-pr30-sat.asp,215431,338971,0.635544,0.403916,0.256707,1.573455,2.475761,3.895499,0.401335,0.194958,0.0,0.20861,42511,0.392288,0.206377,0.206377,EOCLINGO-INF-MR,22.5081
GroupAssignment,00995-group_assignment-p200-pr30-sat.asp,224431,353371,0.635114,0.40337,0.256186,1.57452,2.479112,3.90341,0.401281,0.19516,0.0,0.208264,44311,0.392597,0.206121,0.206121,AMOCLINGO-INF-MR,19.92375
GroupAssignment,00996-group_assignment-p200-pr30-middle.asp,224431,353371,0.635114,0.40337,0.256186,1.57452,2.479112,3.90341,0.401281,0.19516,0.0,0.208264,44311,0.392597,0.206121,0.206121,AMOCLINGO-INF-MR,86.05837
GroupAssignment,00997-group_assignment-p200-pr30-middle.asp,260431,410971,0.633697,0.401572,0.254475,1.578042,2.490216,3.929665,0.401104,0.195829,0.0,0.207122,51511,0.393621,0.205275,0.205275,EOCLINGO-INF-MR,96.90461
GroupAssignment,00998-group_assignment-p200-pr30-middle.asp,221431,348571,0.635254,0.403547,0.256355,1.574174,2.478025,3.900843,0.401299,0.195095,0.0,0.208376,43711,0.392497,0.206204,0.206204,AMOCLINGO-INF-MR,119.80215
GroupAssignment,00999-group_assignment-p200-pr30-middle.asp,233431,367771,0.634718,0.402867,0.255707,1.575502,2.482206,3.910721,0.401232,0.195347,0.0,0.207946,46111,0.392883,0.205885,0.205885,EOCLINGO-INF-MR,91.87435
GroupAssignment,01000-group_assignment-p200-pr30-middle.asp,233431,367771,0.634718,0.402867,0.255707,1.575502,2.482206,3.910721,0.401232,0.195347,0.0,0.207946,46111,0.392883,0.205885,0.205885,AMOCLINGO-INF-MR,137.43568
GroupAssignment,01001-group_assignment-p200-pr30-middle.asp,242431,382171,0.634352,0.402403,0.255265,1.576411,2.485073,3.917497,0.401186,0.19552,0.0,0.207651,47911,0.393147,0.205667,0.205667,AMOCLINGO-INF-MR,153.57314
GroupAssignment,01002-group_assignment-p200-pr30-middle.asp,251431,396571,0.634013,0.401972,0.254855,1.577256,2.487736,3.923796,0.401144,0.19568,0.0,0.207377,49711,0.393392,0.205464,0.205464,AMOCLINGO-INF-MR,125.26955
GroupAssignment,01003-group_assignment-p200-pr30-middle.asp,203431,319771,0.636177,0.404721,0.257474,1.571889,2.470836,3.88388,0.401414,0.194661,0.0,0.209118,40111,0.391833,0.206753,0.206753,EOCLINGO-INF-MR,74.34088
GroupAssignment,01004-group_assignment-p200-pr30-middle.asp,266431,420571,0.633498,0.40132,0.254236,1.578536,2.491777,3.93336,0.401079,0.195923,0.0,0.206962,52711,0.393764,0.205156,0.205156,AMOCLINGO-INF-MR,91.98387
GroupAssignment,01005-group_assignment-p200-pr30-middle.asp,215431,338971,0.635544,0.403916,0.256707,1.573455,2.475761,3.895499,0.401335,0.194958,0.0,0.20861,42511,0.392288,0.206377,0.206377,AMOCLINGO-INF-MR,41.27785
GroupAssignment,01016-group_assignment-p200-pr30-unsat.asp,224431,353371,0.635114,0.40337,0.256186,1.57452,2.479112,3.90341,0.401281,0.19516,0.0,0.208264,44311,0.392597,0.206121,0.206121,AMOCLINGO-L,13.86969
GroupAssignment,01017-group_assignment-p200-pr30-unsat.asp,242431,382171,0.634352,0.402403,0.255265,1.576411,2.485073,3.917497,0.401186,0.19552,0.0,0.207651,47911,0.393147,0.205667,0.205667,AMOCLINGO-L,15.053310000000002
GroupAssignment,01018-group_assignment-p200-pr30-unsat.asp,242431,382171,0.634352,0.402403,0.255265,1.576411,2.485073,3.917497,0.401186,0.19552,0.0,0.207651,47911,0.393147,0.205667,0.205667,AMOCLINGO-L,14.99437
GroupAssignment,01019-group_assignment-p200-pr30-unsat.asp,233431,367771,0.634718,0.402867,0.255707,1.575502,2.482206,3.910721,0.401232,0.195347,0.0,0.207946,46111,0.392883,0.205885,0.205885,AMOCLINGO-INF-MR,14.53112
GroupAssignment,01020-group_assignment-p200-pr30-unsat.asp,263431,415771,0.633596,0.401444,0.254354,1.578292,2.491005,3.931533,0.401092,0.195877,0.0,0.207041,52111,0.393693,0.205215,0.205215,AMOCLINGO-L,16.31712
GroupAssignment,01021-group_assignment-p250-pr30-sat.asp,314231,495671,0.633951,0.401894,0.254781,1.57741,2.488221,3.924944,0.40117,0.195716,0.0,0.207303,62111,0.393376,0.205454,0.205454,AMOCLINGO-INF-MR,26.30242
GroupAssignment,01022-group_assignment-p250-pr30-sat.asp,317981,501671,0.633844,0.401758,0.254652,1.577676,2.489062,3.926933,0.401156,0.195766,0.0,0.207217,62861,0.393454,0.20539,0.20539,EOCLINGO-INF-MR,42.19079
GroupAssignment,01023-group_assignment-p250-pr30-sat.asp,291731,459671,0.634652,0.402783,0.255627,1.575667,2.482727,3.911953,0.40126,0.195385,0.0,0.207866,57611,0.392865,0.205875,0.205875,AMOCLINGO-L,37.499840000000006
GroupAssignment,01024-group_assignment-p250-pr30-sat.asp,310481,489671,0.63406,0.402033,0.254913,1.577137,2.48736,3.922907,0.401184,0.195664,0.0,0.207391,61361,0.393296,0.20552,0.20552,EOCLINGO-INF-MR,38.28535
GroupAssignment,01025-group_assignment-p250-pr30-sat.asp,287981,453671,0.634779,0.402945,0.255781,1.57535,2.481729,3.909593,0.401276,0.195325,0.0,0.207969,56861,0.392772,0.205951,0.205951,EOCLINGO-INF-MR,31.45016
GroupAssignment,01026-group_assignment-p250-pr30-middle.asp,276731,435671,0.635183,0.403458,0.25627,1.574348,2.478573,3.902137,0.401328,0.195135,0.0,0.208293,54611,0.392479,0.206193,0.206193,AMOCLINGO-INF-MR,96.41743
GroupAssignment,01027-group_assignment-p250-pr30-middle.asp,269231,423671,0.635472,0.403824,0.256619,1.573634,2.476323,3.896826,0.401365,0.195,0.0,0.208524,53111,0.392269,0.206366,0.206366,AMOCLINGO-INF-MR,120.92173
GroupAssignment,01028-group_assignment-p250-pr30-middle.asp,261731,411671,0.635777,0.404213,0.256989,1.572878,2.473946,3.891216,0.401404,0.194857,0.0,0.208768,51611,0.392048,0.206548,0.206548,EOCLINGO-INF-MR,116.35313
GroupAssignment,01029-group_assignment-p250-pr30-middle.asp,250481,393671,0.63627,0.404839,0.257587,1.57166,2.470116,3.882182,0.401468,0.194626,0.0,0.209162,49361,0.39169,0.206842,0.206842,AMOCLINGO-INF-MR,78.89402999999999
GroupAssignment,01030-group_assignment-p250-pr30-middle.asp,261731,411671,0.635777,0.404213,0.256989,1.572878,2.473946,3.891216,0.401404,0.194857,0.0,0.208768,51611,0.392048,0.206548,0.206548,AMOCLINGO-INF-MR,55.90003
GroupAssignment,01031-group_assignment-p250-pr30-middle.asp,276731,435671,0.635183,0.403458,0.25627,1.574348,2.478573,3.902137,0.401328,0.195135,0.0,0.208293,54611,0.392479,0.206193,0.206193,AMOCLINGO-INF-MR,145.10000000000002
GroupAssignment,01032-group_assignment-p250-pr30-middle.asp,321731,507671,0.633739,0.401625,0.254526,1.577936,2.489883,3.928876,0.401143,0.195816,0.0,0.207133,63611,0.393531,0.205327,0.205327,AMOCLINGO-INF-MR,174.59156
GroupAssignment,01033-group_assignment-p250-pr30-middle.asp,302981,477671,0.634288,0.402321,0.255188,1.576571,2.485576,3.918686,0.401213,0.195557,0.0,0.207574,59861,0.39313,0.205656,0.205656,AMOCLINGO-INF-MR,131.69204
GroupAssignment,01034-group_assignment-p250-pr30-middle.asp,344231,543671,0.63316,0.400892,0.253829,1.579378,2.494436,3.939658,0.401068,0.196089,0.0,0.206666,68111,0.393953,0.204979,0.204979,EOCLINGO-INF-MR,190.46943
GroupAssignment,01035-group_assignment-p250-pr30-middle.asp,284231,447671,0.63491,0.403111,0.25594,1.575025,2.480705,3.907172,0.401293,0.195264,0.0,0.208074,56111,0.392677,0.20603,0.20603,EOCLINGO-L,242.84648
GroupAssignment,01036-group_assignment-p250-pr30-punsat.asp,317981,501671,0.633844,0.401758,0.254652,1.577676,2.489062,3.926933,0.401156,0.195766,0.0,0.207217,62861,0.393454,0.20539,0.20539,AMOCLINGO-INF-MR,545.4000599999999
GroupAssignment,01039-group_assignment-p250-pr30-punsat.asp,302981,477671,0.634288,0.402321,0.255188,1.576571,2.485576,3.918686,0.401213,0.195557,0.0,0.207574,59861,0.39313,0.205656,0.205656,AMOCLINGO-INF-MR,625.44357
GroupAssignment,01040-group_assignment-p250-pr30-punsat.asp,287981,453671,0.634779,0.402945,0.255781,1.57535,2.481729,3.909593,0.401276,0.195325,0.0,0.207969,56861,0.392772,0.205951,0.205951,AMOCLINGO-INF-MR,501.01418
GroupAssignment,01044-group_assignment-p250-pr30-punsat.asp,269231,423671,0.635472,0.403824,0.256619,1.573634,2.476323,3.896826,0.401365,0.195,0.0,0.208524,53111,0.392269,0.206366,0.206366,AMOCLINGO-INF-MR,513.90823
GroupAssignment,01046-group_assignment-p250-pr30-unsat.asp,269231,423671,0.635472,0.403824,0.256619,1.573634,2.476323,3.896826,0.401365,0.195,0.0,0.208524,53111,0.392269,0.206366,0.206366,AMOCLINGO-L,16.509610000000002
GroupAssignment,01047-group_assignment-p250-pr30-unsat.asp,317981,501671,0.633844,0.401758,0.254652,1.577676,2.489062,3.926933,0.401156,0.195766,0.0,0.207217,62861,0.393454,0.20539,0.20539,AMOCLINGO-L,19.451790000000003
GroupAssignment,01048-group_assignment-p250-pr30-unsat.asp,302981,477671,0.634288,0.402321,0.255188,1.576571,2.485576,3.918686,0.401213,0.195557,0.0,0.207574,59861,0.39313,0.205656,0.205656,AMOCLINGO-L,18.58661
GroupAssignment,01049-group_assignment-p250-pr30-unsat.asp,284231,447671,0.63491,0.403111,0.25594,1.575025,2.480705,3.907172,0.401293,0.195264,0.0,0.208074,56111,0.392677,0.20603,0.20603,AMOCLINGO-L,17.47014
GroupAssignment,01050-group_assignment-p250-pr30-unsat.asp,265481,417671,0.635622,0.404016,0.256801,1.573261,2.475151,3.89406,0.401385,0.194929,0.0,0.208644,52361,0.39216,0.206455,0.206455,AMOCLINGO-INF-MR,16.268150000000002
GroupAssignment,01051-group_assignment-p300-pr30-sat.asp,336531,529971,0.634999,0.403224,0.256047,1.574806,2.480014,3.90554,0.40133,0.195227,0.0,0.208126,66411,0.392567,0.206103,0.206103,AMOCLINGO-INF-MR,51.22462
GroupAssignment,01052-group_assignment-p300-pr30-sat.asp,372531,587571,0.634019,0.40198,0.254863,1.577241,2.487688,3.923682,0.401202,0.195688,0.0,0.207341,73611,0.393285,0.205513,0.205513,EOCLINGO-INF-MR,43.11473
GroupAssignment,01053-group_assignment-p300-pr30-sat.asp,350031,551571,0.634607,0.402726,0.255573,1.575778,2.483075,3.912774,0.401279,0.195411,0.0,0.207813,69111,0.392854,0.205867,0.205867,AMOCLINGO-INF-MR,49.1076
GroupAssignment,01054-group_assignment-p300-pr30-sat.asp,408531,645171,0.633214,0.400959,0.253893,1.579246,2.494018,3.938669,0.401096,0.196068,0.0,0.206694,80811,0.393877,0.205027,0.205027,AMOCLINGO-INF-MR,61.93577
GroupAssignment,01055-group_assignment-p300-pr30-sat.asp,305031,479571,0.63605,0.404559,0.25732,1.572204,2.471826,3.886215,0.401467,0.194734,0.0,0.208966,60111,0.3918,0.206733,0.206733,AMOCLINGO-INF-MR,34.20898
GroupAssignment,01056-group_assignment-p300-pr30-middle.asp,359031,565971,0.634363,0.402416,0.255278,1.576385,2.484989,3.917299,0.401247,0.195526,0.0,0.207617,70911,0.393033,0.20572,0.20572,AMOCLINGO-INF-MR,360.30357
GroupAssignment,01057-group_assignment-p300-pr30-middle.asp,368031,580371,0.634131,0.402122,0.254998,1.576962,2.48681,3.921606,0.401216,0.195636,0.0,0.207431,72711,0.393203,0.205581,0.205581,AMOCLINGO-INF-MR,221.21513
GroupAssignment,01058-group_assignment-p300-pr30-middle.asp,341031,537171,0.634865,0.403053,0.255884,1.575138,2.481061,3.908014,0.401312,0.19529,0.0,0.208019,67311,0.392665,0.206022,0.206022,AMOCLINGO-INF-MR,162.30588
GroupAssignment,01059-group_assignment-p300-pr30-middle.asp,318531,501171,0.635573,0.403954,0.256742,1.573382,2.475531,3.894957,0.401405,0.194957,0.0,0.208586,62811,0.392147,0.206448,0.206448,EOCLINGO-INF-MR,161.95406000000003
GroupAssignment,01060-group_assignment-p300-pr30-middle.asp,264531,414771,0.637776,0.406758,0.259421,1.567949,2.458463,3.854743,0.401692,0.193928,0.0,0.210338,52011,0.390544,0.207764,0.207764,EOCLINGO-INF-MR,62.40955
GroupAssignment,01061-group_assignment-p300-pr30-middle.asp,345531,544371,0.634734,0.402888,0.255727,1.575462,2.482081,3.910424,0.401295,0.195352,0.0,0.207915,68211,0.392761,0.205944,0.205944,AMOCLINGO-INF-MR,190.54481
GroupAssignment,01062-group_assignment-p300-pr30-middle.asp,296031,465171,0.636392,0.404994,0.257735,1.571359,2.469169,3.879952,0.401512,0.194574,0.0,0.209238,58311,0.39155,0.206938,0.206938,EOCLINGO-INF-MR,149.83631
GroupAssignment,01063-group_assignment-p300-pr30-middle.asp,336531,529971,0.634999,0.403224,0.256047,1.574806,2.480014,3.90554,0.40133,0.195227,0.0,0.208126,66411,0.392567,0.206103,0.206103,AMOCLINGO-INF-MR,235.78969
GroupAssignment,01064-group_assignment-p300-pr30-middle.asp,377031,594771,0.63391,0.401841,0.254731,1.577512,2.488545,3.92571,0.401187,0.19574,0.0,0.207254,74511,0.393366,0.205447,0.205447,EOCLINGO-INF-MR,191.43782
GroupAssignment,01065-group_assignment-p300-pr30-middle.asp,287031,450771,0.636756,0.405458,0.258178,1.570461,2.466348,3.873303,0.401559,0.194404,0.0,0.209528,56511,0.391285,0.207155,0.207155,AMOCLINGO-INF-MR,87.98756
GroupAssignment,01067-group_assignment-p300-pr30-punsat.asp,363531,573171,0.634245,0.402267,0.255136,1.576677,2.485911,3.919478,0.401231,0.195582,0.0,0.207523,71811,0.393119,0.20565,0.20565,AMOCLINGO-INF-MR,571.97146
GroupAssignment,01069-group_assignment-p300-pr30-punsat.asp,327531,515571,0.635278,0.403578,0.256385,1.574114,2.477834,3.900392,0.401367,0.195096,0.0,0.20835,64611,0.392363,0.206271,0.206271,AMOCLINGO-INF-MR,595.14566
GroupAssignment,01070-group_assignment-p300-pr30-punsat.asp,363531,573171,0.634245,0.402267,0.255136,1.576677,2.485911,3.919478,0.401231,0.195582,0.0,0.207523,71811,0.393119,0.20565,0.20565,AMOCLINGO-INF-MR,643.46402
GroupAssignment,01071-group_assignment-p300-pr30-punsat.asp,345531,544371,0.634734,0.402888,0.255727,1.575462,2.482081,3.910424,0.401295,0.195352,0.0,0.207915,68211,0.392761,0.205944,0.205944,AMOCLINGO-INF-MR,562.2076699999999
GroupAssignment,01072-group_assignment-p300-pr30-punsat.asp,368031,580371,0.634131,0.402122,0.254998,1.576962,2.48681,3.921606,0.401216,0.195636,0.0,0.207431,72711,0.393203,0.205581,0.205581,AMOCLINGO-INF-MR,611.70146
GroupAssignment,01074-group_assignment-p300-pr30-punsat.asp,327531,515571,0.635278,0.403578,0.256385,1.574114,2.477834,3.900392,0.401367,0.195096,0.0,0.20835,64611,0.392363,0.206271,0.206271,AMOCLINGO-INF-MR,702.56222
GroupAssignment,01075-group_assignment-p300-pr30-punsat.asp,345531,544371,0.634734,0.402888,0.255727,1.575462,2.482081,3.910424,0.401295,0.195352,0.0,0.207915,68211,0.392761,0.205944,0.205944,AMOCLINGO-INF-MR,608.8903799999999
GroupAssignment,01076-group_assignment-p300-pr30-unsat.asp,323031,508371,0.635424,0.403763,0.256561,1.573753,2.476698,3.897712,0.401386,0.195028,0.0,0.208466,63711,0.392256,0.206358,0.206358,AMOCLINGO-L,19.70707
GroupAssignment,01077-group_assignment-p300-pr30-unsat.asp,350031,551571,0.634607,0.402726,0.255573,1.575778,2.483075,3.912774,0.401279,0.195411,0.0,0.207813,69111,0.392854,0.205867,0.205867,AMOCLINGO-L,21.41908
GroupAssignment,01078-group_assignment-p300-pr30-unsat.asp,350031,551571,0.634607,0.402726,0.255573,1.575778,2.483075,3.912774,0.401279,0.195411,0.0,0.207813,69111,0.392854,0.205867,0.205867,AMOCLINGO-L,21.33752
GroupAssignment,01079-group_assignment-p300-pr30-unsat.asp,327531,515571,0.635278,0.403578,0.256385,1.574114,2.477834,3.900392,0.401367,0.195096,0.0,0.20835,64611,0.392363,0.206271,0.206271,AMOCLINGO-L,19.96657
GroupAssignment,01080-group_assignment-p300-pr30-unsat.asp,318531,501171,0.635573,0.403954,0.256742,1.573382,2.475531,3.894957,0.401405,0.194957,0.0,0.208586,62811,0.392147,0.206448,0.206448,AMOCLINGO-L,19.44124
GroupAssignment,01081-group_assignment-p50-pr35-sat.asp,60816,95696,0.635512,0.403876,0.256668,1.573533,2.476007,3.896079,0.400717,0.19485,0.0,0.209007,12076,0.393416,0.205867,0.205867,CLINGO-AMO,0.826623
GroupAssignment,01082-group_assignment-p50-pr35-sat.asp,68316,107696,0.634341,0.402389,0.255252,1.576439,2.48516,3.917702,0.400638,0.195415,0.0,0.208019,13576,0.394139,0.205223,0.205223,CLINGO-AMO,0.956877
GroupAssignment,01083-group_assignment-p50-pr35-sat.asp,66816,105296,0.634554,0.402659,0.255509,1.57591,2.483492,3.91376,0.400653,0.195312,0.0,0.208199,13276,0.394007,0.20534,0.20534,CLINGO-AMO,0.974056
GroupAssignment,01084-group_assignment-p50-pr35-sat.asp,58566,92096,0.635923,0.404399,0.257166,1.572516,2.472808,3.888531,0.400744,0.194652,0.0,0.209354,11626,0.393163,0.206092,0.206092,CLINGO-AMO,0.787034
GroupAssignment,01085-group_assignment-p50-pr35-sat.asp,62316,98096,0.635255,0.403549,0.256357,1.57417,2.478012,3.900814,0.4007,0.194974,0.0,0.208791,12376,0.393575,0.205726,0.205726,CLINGO-AMO,0.8831340000000001
GroupAssignment,01086-group_assignment-p50-pr35-middle.asp,68316,107696,0.634341,0.402389,0.255252,1.576439,2.48516,3.917702,0.400638,0.195415,0.0,0.208019,13576,0.394139,0.205223,0.205223,AMOCLINGO-INF-MR,7.646835
GroupAssignment,01087-group_assignment-p50-pr35-middle.asp,63816,100496,0.63501,0.403238,0.25606,1.574777,2.479924,3.905329,0.400683,0.195092,0.0,0.208584,12676,0.393726,0.205591,0.205591,AMOCLINGO-INF-MR,5.132819
GroupAssignment,01088-group_assignment-p50-pr35-middle.asp,66816,105296,0.634554,0.402659,0.255509,1.57591,2.483492,3.91376,0.400653,0.195312,0.0,0.208199,13276,0.394007,0.20534,0.20534,AMOCLINGO-INF-MR,9.01943
GroupAssignment,01089-group_assignment-p50-pr35-middle.asp,75816,119696,0.633405,0.401201,0.254123,1.57877,2.492514,3.935105,0.400575,0.195869,0.0,0.207225,15076,0.394719,0.204706,0.204706,AMOCLINGO-INF-MR,7.057225
GroupAssignment,01090-group_assignment-p50-pr35-middle.asp,76566,120896,0.633321,0.401096,0.254022,1.578978,2.49317,3.93666,0.400569,0.195909,0.0,0.207155,15226,0.394771,0.20466,0.20466,AMOCLINGO-INF-MR,10.045356
GroupAssignment,01091-group_assignment-p50-pr35-middle.asp,73566,116096,0.633665,0.401532,0.254437,1.57812,2.490464,3.930251,0.400593,0.195743,0.0,0.207446,14626,0.394557,0.20485,0.20485,EOCLINGO-INF-MR,9.08336
GroupAssignment,01092-group_assignment-p50-pr35-middle.asp,61566,96896,0.635382,0.403711,0.256511,1.573856,2.477022,3.898475,0.400708,0.194913,0.0,0.208898,12226,0.393496,0.205795,0.205795,AMOCLINGO-INF-MR,5.818819
GroupAssignment,01093-group_assignment-p50-pr35-middle.asp,72066,113696,0.633848,0.401763,0.254657,1.577665,2.489027,3.92685,0.400605,0.195654,0.0,0.207601,14326,0.394444,0.204951,0.204951,AMOCLINGO-INF-MR,10.242956
GroupAssignment,01094-group_assignment-p50-pr35-middle.asp,64566,101696,0.634892,0.403088,0.255918,1.57507,2.480847,3.907509,0.400675,0.195149,0.0,0.208484,12826,0.393799,0.205526,0.205526,AMOCLINGO-INF-MR,5.297405
GroupAssignment,01095-group_assignment-p50-pr35-middle.asp,62316,98096,0.635255,0.403549,0.256357,1.57417,2.478012,3.900814,0.4007,0.194974,0.0,0.208791,12376,0.393575,0.205726,0.205726,AMOCLINGO-INF-MR,4.682479000000001
GroupAssignment,01106-group_assignment-p50-pr35-unsat.asp,69816,110096,0.634137,0.40213,0.255006,1.576945,2.486756,3.921478,0.400624,0.195514,0.0,0.207846,13876,0.394265,0.205111,0.205111,AMOCLINGO-L,4.380529999999999
GroupAssignment,01107-group_assignment-p50-pr35-unsat.asp,76566,120896,0.633321,0.401096,0.254022,1.578978,2.49317,3.93666,0.400569,0.195909,0.0,0.207155,15226,0.394771,0.20466,0.20466,AMOCLINGO-L,4.753625
GroupAssignment,01108-group_assignment-p50-pr35-unsat.asp,62316,98096,0.635255,0.403549,0.256357,1.57417,2.478012,3.900814,0.4007,0.194974,0.0,0.208791,12376,0.393575,0.205726,0.205726,AMOCLINGO-L,3.937148
GroupAssignment,01109-group_assignment-p50-pr35-unsat.asp,75816,119696,0.633405,0.401201,0.254123,1.57877,2.492514,3.935105,0.400575,0.195869,0.0,0.207225,15076,0.394719,0.204706,0.204706,AMOCLINGO-L,4.7200500000000005
GroupAssignment,01110-group_assignment-p50-pr35-unsat.asp,68316,107696,0.634341,0.402389,0.255252,1.576439,2.48516,3.917702,0.400638,0.195415,0.0,0.208019,13576,0.394139,0.205223,0.205223,AMOCLINGO-L,4.2815520000000005
GroupAssignment,01111-group_assignment-p100-pr35-sat.asp,139366,219996,0.633493,0.401314,0.25423,1.578549,2.491816,3.933452,0.400887,0.195887,0.0,0.207088,27626,0.394113,0.205,0.205,CLINGO-AMO,4.026221
GroupAssignment,01112-group_assignment-p100-pr35-sat.asp,128866,203196,0.634196,0.402204,0.255076,1.576801,2.4863,3.9204,0.400959,0.195552,0.0,0.207665,25526,0.393634,0.205407,0.205407,CLINGO-AMO,4.406645
GroupAssignment,01113-group_assignment-p100-pr35-sat.asp,139366,219996,0.633493,0.401314,0.25423,1.578549,2.491816,3.933452,0.400887,0.195887,0.0,0.207088,27626,0.394113,0.205,0.205,CLINGO-AMO,3.793056
GroupAssignment,01114-group_assignment-p100-pr35-sat.asp,122866,193596,0.634652,0.402783,0.255627,1.575668,2.482729,3.911956,0.401006,0.195335,0.0,0.20804,24326,0.393323,0.205671,0.205671,CLINGO-AMO,3.033807
GroupAssignment,01115-group_assignment-p100-pr35-sat.asp,152866,241596,0.632734,0.400352,0.253317,1.580443,2.4978,3.947631,0.400809,0.19625,0.0,0.206462,30326,0.394633,0.204558,0.204558,CLINGO-AMO,5.475846000000001
GroupAssignment,01116-group_assignment-p100-pr35-middle.asp,140866,222396,0.633402,0.401198,0.254119,1.578777,2.492537,3.93516,0.400877,0.195931,0.0,0.207012,27926,0.394176,0.204947,0.204947,AMOCLINGO-INF-MR,18.436286
GroupAssignment,01117-group_assignment-p100-pr35-middle.asp,157366,248796,0.63251,0.400069,0.253048,1.581002,2.499568,3.951823,0.400785,0.196358,0.0,0.206277,31226,0.394787,0.204428,0.204428,EOCLINGO-INF-MR,23.13619
GroupAssignment,01118-group_assignment-p100-pr35-middle.asp,160366,253596,0.632368,0.399889,0.252877,1.581358,2.500692,3.954488,0.400771,0.196426,0.0,0.20616,31826,0.394884,0.204345,0.204345,AMOCLINGO-INF-MR,32.452220000000004
GroupAssignment,01119-group_assignment-p100-pr35-middle.asp,131866,207996,0.633983,0.401935,0.25482,1.577329,2.487965,3.924338,0.400937,0.195653,0.0,0.207491,26126,0.393779,0.205284,0.205284,AMOCLINGO-INF-MR,18.155062
GroupAssignment,01120-group_assignment-p100-pr35-middle.asp,127366,200796,0.634305,0.402343,0.255209,1.576527,2.485439,3.918363,0.40097,0.1955,0.0,0.207756,25226,0.393559,0.205471,0.205471,AMOCLINGO-INF-MR,11.562618
GroupAssignment,01121-group_assignment-p100-pr35-middle.asp,125866,198396,0.634418,0.402486,0.255345,1.576248,2.484557,3.916277,0.400982,0.195446,0.0,0.207848,24926,0.393482,0.205536,0.205536,AMOCLINGO-INF-MR,12.982206
GroupAssignment,01122-group_assignment-p100-pr35-middle.asp,121366,191196,0.634773,0.402936,0.255773,1.575367,2.481781,3.909717,0.401018,0.195277,0.0,0.208139,24026,0.39324,0.205741,0.205741,AMOCLINGO-INF-MR,16.436477
GroupAssignment,01123-group_assignment-p100-pr35-middle.asp,146866,231996,0.633054,0.400757,0.253701,1.579644,2.495275,3.941647,0.400842,0.196097,0.0,0.206726,29126,0.394414,0.204744,0.204744,EOCLINGO-INF-MR,20.53821
GroupAssignment,01124-group_assignment-p100-pr35-middle.asp,149866,236796,0.632891,0.400551,0.253505,1.580052,2.496563,3.944698,0.400825,0.196175,0.0,0.206591,29726,0.394526,0.204649,0.204649,EOCLINGO-INF-MR,35.42854
GroupAssignment,01125-group_assignment-p100-pr35-middle.asp,143866,227196,0.633224,0.400973,0.253906,1.57922,2.493934,3.93847,0.400859,0.196016,0.0,0.206866,28526,0.394297,0.204843,0.204843,AMOCLINGO-INF-MR,29.18316
GroupAssignment,01136-group_assignment-p100-pr35-unsat.asp,127366,200796,0.634305,0.402343,0.255209,1.576527,2.485439,3.918363,0.40097,0.1955,0.0,0.207756,25226,0.393559,0.205471,0.205471,AMOCLINGO-L,7.841623999999999
GroupAssignment,01137-group_assignment-p100-pr35-unsat.asp,136366,215196,0.633683,0.401554,0.254458,1.578077,2.490326,3.929925,0.400906,0.195797,0.0,0.207244,27026,0.393984,0.20511,0.20511,AMOCLINGO-L,8.316677
GroupAssignment,01138-group_assignment-p100-pr35-unsat.asp,130366,205596,0.634088,0.402068,0.254946,1.577068,2.487142,3.922392,0.400948,0.195603,0.0,0.207577,25826,0.393707,0.205345,0.205345,AMOCLINGO-INF-MR,8.028483999999999
GroupAssignment,01139-group_assignment-p100-pr35-unsat.asp,163366,258396,0.632231,0.399716,0.252713,1.5817,2.501775,3.957057,0.400757,0.196491,0.0,0.206047,32426,0.394978,0.204265,0.204265,AMOCLINGO-L,10.053089
GroupAssignment,01140-group_assignment-p100-pr35-unsat.asp,134866,212796,0.633781,0.401678,0.254576,1.577833,2.489556,3.928104,0.400916,0.19575,0.0,0.207324,26726,0.393917,0.205167,0.205167,AMOCLINGO-L,8.239927
GroupAssignment,01141-group_assignment-p150-pr35-sat.asp,193166,304696,0.633963,0.401909,0.254796,1.577379,2.488125,3.924716,0.401054,0.195687,0.0,0.207392,38226,0.393579,0.205367,0.205367,AMOCLINGO-INF-MR,15.035511
GroupAssignment,01142-group_assignment-p150-pr35-sat.asp,204416,322696,0.633463,0.401275,0.254193,1.578624,2.492054,3.934016,0.400996,0.195924,0.0,0.206985,40476,0.393932,0.205072,0.205072,AMOCLINGO-INF-MR,16.26438
GroupAssignment,01143-group_assignment-p150-pr35-sat.asp,211166,333496,0.633189,0.400928,0.253863,1.579307,2.494211,3.939126,0.400964,0.196054,0.0,0.206762,41826,0.394126,0.20491,0.20491,AMOCLINGO-INF-MR,15.97188
GroupAssignment,01144-group_assignment-p150-pr35-sat.asp,226916,358696,0.632614,0.4002,0.253172,1.580744,2.49875,3.949883,0.400897,0.196328,0.0,0.206292,44976,0.394534,0.204569,0.204569,AMOCLINGO-INF-MR,16.66765
GroupAssignment,01145-group_assignment-p150-pr35-sat.asp,202166,319096,0.633559,0.401396,0.254308,1.578386,2.491303,3.932237,0.401007,0.195879,0.0,0.207063,40026,0.393864,0.205128,0.205128,CLINGO-AMO,15.924341
GroupAssignment,01146-group_assignment-p150-pr35-middle.asp,211166,333496,0.633189,0.400928,0.253863,1.579307,2.494211,3.939126,0.400964,0.196054,0.0,0.206762,41826,0.394126,0.20491,0.20491,AMOCLINGO-INF-MR,34.99513
GroupAssignment,01147-group_assignment-p150-pr35-middle.asp,184166,290296,0.634408,0.402473,0.255332,1.576274,2.484638,3.91647,0.401106,0.195476,0.0,0.207753,36426,0.393265,0.20563,0.20563,AMOCLINGO-INF-MR,40.23318
GroupAssignment,01148-group_assignment-p150-pr35-middle.asp,220166,347896,0.63285,0.400499,0.253456,1.580153,2.496884,3.945459,0.400925,0.196216,0.0,0.206485,43626,0.394366,0.204709,0.204709,AMOCLINGO-INF-MR,70.17352
GroupAssignment,01149-group_assignment-p150-pr35-middle.asp,188666,297496,0.63418,0.402184,0.255057,1.576839,2.486423,3.92069,0.401079,0.195584,0.0,0.207568,37326,0.393425,0.205495,0.205495,AMOCLINGO-INF-MR,24.68451
GroupAssignment,01150-group_assignment-p150-pr35-middle.asp,175166,275896,0.634899,0.403096,0.255925,1.575055,2.480797,3.90739,0.401162,0.195243,0.0,0.208151,34626,0.392919,0.205919,0.205919,AMOCLINGO-INF-MR,26.10991
GroupAssignment,01151-group_assignment-p150-pr35-middle.asp,197666,311896,0.633756,0.401647,0.254546,1.577894,2.48975,3.928561,0.40103,0.195785,0.0,0.207223,39126,0.393725,0.205245,0.205245,AMOCLINGO-INF-MR,31.605880000000003
GroupAssignment,01152-group_assignment-p150-pr35-middle.asp,224666,355096,0.632691,0.400298,0.253265,1.580551,2.49814,3.948438,0.400906,0.196291,0.0,0.206355,44526,0.394479,0.204615,0.204615,EOCLINGO-INF-MR,59.157410000000006
GroupAssignment,01153-group_assignment-p150-pr35-middle.asp,197666,311896,0.633756,0.401647,0.254546,1.577894,2.48975,3.928561,0.40103,0.195785,0.0,0.207223,39126,0.393725,0.205245,0.205245,AMOCLINGO-INF-MR,33.18106
GroupAssignment,01154-group_assignment-p150-pr35-middle.asp,224666,355096,0.632691,0.400298,0.253265,1.580551,2.49814,3.948438,0.400906,0.196291,0.0,0.206355,44526,0.394479,0.204615,0.204615,EOCLINGO-INF-MR,45.522400000000005
GroupAssignment,01155-group_assignment-p150-pr35-middle.asp,211166,333496,0.633189,0.400928,0.253863,1.579307,2.494211,3.939126,0.400964,0.196054,0.0,0.206762,41826,0.394126,0.20491,0.20491,AMOCLINGO-INF-MR,73.9056
GroupAssignment,01166-group_assignment-p150-pr35-unsat.asp,197666,311896,0.633756,0.401647,0.254546,1.577894,2.48975,3.928561,0.40103,0.195785,0.0,0.207223,39126,0.393725,0.205245,0.205245,AMOCLINGO-L,12.22665
GroupAssignment,01167-group_assignment-p150-pr35-unsat.asp,215666,340696,0.633016,0.400709,0.253655,1.579739,2.495575,3.942358,0.400944,0.196137,0.0,0.20662,42726,0.394249,0.204807,0.204807,AMOCLINGO-L,13.36658
GroupAssignment,01168-group_assignment-p150-pr35-unsat.asp,195416,308296,0.633858,0.401776,0.254669,1.577639,2.488946,3.92666,0.401042,0.195736,0.0,0.207306,38676,0.393653,0.205306,0.205306,AMOCLINGO-L,12.03969
GroupAssignment,01169-group_assignment-p150-pr35-unsat.asp,222416,351496,0.63277,0.400397,0.253359,1.580354,2.497519,3.946963,0.400915,0.196254,0.0,0.20642,44076,0.394423,0.204662,0.204662,AMOCLINGO-INF-MR,13.84159
GroupAssignment,01170-group_assignment-p150-pr35-unsat.asp,208916,329896,0.633278,0.401041,0.253971,1.579084,2.493508,3.937459,0.400975,0.196012,0.0,0.206834,41376,0.394063,0.204963,0.204963,AMOCLINGO-L,12.95401
GroupAssignment,01171-group_assignment-p200-pr35-sat.asp,284466,449396,0.632996,0.400684,0.253632,1.579788,2.49573,3.942725,0.400997,0.196157,0.0,0.206566,56326,0.394163,0.20484,0.20484,AMOCLINGO-INF-MR,22.690810000000003
GroupAssignment,01172-group_assignment-p200-pr35-sat.asp,308466,487796,0.632367,0.399888,0.252876,1.581361,2.500702,3.954511,0.400919,0.196456,0.0,0.206055,61126,0.394617,0.204463,0.204463,AMOCLINGO-INF-MR,31.37435
GroupAssignment,01173-group_assignment-p200-pr35-sat.asp,284466,449396,0.632996,0.400684,0.253632,1.579788,2.49573,3.942725,0.400997,0.196157,0.0,0.206566,56326,0.394163,0.20484,0.20484,AMOCLINGO-INF-MR,22.90244
GroupAssignment,01174-group_assignment-p200-pr35-sat.asp,260466,410996,0.633743,0.401631,0.254531,1.577926,2.48985,3.928798,0.401089,0.195803,0.0,0.207171,51526,0.393625,0.205286,0.205286,AMOCLINGO-INF-MR,21.303
GroupAssignment,01175-group_assignment-p200-pr35-sat.asp,257466,406196,0.633847,0.401762,0.254655,1.577669,2.489038,3.926877,0.401102,0.195754,0.0,0.207255,50926,0.393551,0.205348,0.205348,AMOCLINGO-INF-MR,20.28614
GroupAssignment,01176-group_assignment-p200-pr35-middle.asp,215466,338996,0.6356,0.403988,0.256775,1.573316,2.475322,3.894462,0.401316,0.194926,0.0,0.208669,42526,0.392294,0.20639,0.20639,AMOCLINGO-INF-MR,42.53661
GroupAssignment,01177-group_assignment-p200-pr35-middle.asp,275466,434996,0.633261,0.401019,0.25395,1.579128,2.493644,3.937783,0.40103,0.196031,0.0,0.206781,54526,0.393972,0.204998,0.204998,EOCLINGO-INF-MR,65.65768
GroupAssignment,01178-group_assignment-p200-pr35-middle.asp,251466,396596,0.634061,0.402033,0.254913,1.577136,2.487357,3.922899,0.401128,0.195653,0.0,0.207428,49726,0.393397,0.205475,0.205475,AMOCLINGO-INF-MR,129.91968
GroupAssignment,01179-group_assignment-p200-pr35-middle.asp,269466,425396,0.633447,0.401256,0.254174,1.578663,2.492177,3.934307,0.401052,0.195943,0.0,0.206931,53326,0.393838,0.205109,0.205109,EOCLINGO-INF-MR,102.50291
GroupAssignment,01180-group_assignment-p200-pr35-middle.asp,296466,468596,0.632669,0.40027,0.253238,1.580606,2.498316,3.948854,0.400957,0.196313,0.0,0.2063,58726,0.394399,0.204644,0.204644,EOCLINGO-INF-MR,99.23911
GroupAssignment,01181-group_assignment-p200-pr35-middle.asp,281466,444596,0.633083,0.400794,0.253735,1.579573,2.49505,3.941112,0.401008,0.196116,0.0,0.206636,55726,0.394101,0.204892,0.204892,AMOCLINGO-INF-MR,109.10404
GroupAssignment,01182-group_assignment-p200-pr35-middle.asp,248466,391796,0.634172,0.402174,0.255047,1.57686,2.486486,3.92084,0.401141,0.1956,0.0,0.207517,49126,0.393317,0.205541,0.205541,AMOCLINGO-INF-MR,73.81213
GroupAssignment,01183-group_assignment-p200-pr35-middle.asp,263466,415796,0.633642,0.401503,0.254409,1.578177,2.490643,3.930675,0.401076,0.195851,0.0,0.207089,52126,0.393698,0.205226,0.205226,AMOCLINGO-INF-MR,53.04265
GroupAssignment,01184-group_assignment-p200-pr35-middle.asp,269466,425396,0.633447,0.401256,0.254174,1.578663,2.492177,3.934307,0.401052,0.195943,0.0,0.206931,53326,0.393838,0.205109,0.205109,AMOCLINGO-INF-MR,103.42652
GroupAssignment,01185-group_assignment-p200-pr35-middle.asp,308466,487796,0.632367,0.399888,0.252876,1.581361,2.500702,3.954511,0.400919,0.196456,0.0,0.206055,61126,0.394617,0.204463,0.204463,AMOCLINGO-INF-MR,114.43177
GroupAssignment,01196-group_assignment-p200-pr35-unsat.asp,260466,410996,0.633743,0.401631,0.254531,1.577926,2.48985,3.928798,0.401089,0.195803,0.0,0.207171,51526,0.393625,0.205286,0.205286,AMOCLINGO-L,16.13991
GroupAssignment,01197-group_assignment-p200-pr35-unsat.asp,230466,362996,0.6349,0.403097,0.255926,1.575052,2.48079,3.907373,0.401231,0.195257,0.0,0.208104,45526,0.392795,0.205974,0.205974,AMOCLINGO-INF-MR,14.30067
GroupAssignment,01198-group_assignment-p200-pr35-unsat.asp,254466,401396,0.633953,0.401896,0.254783,1.577405,2.488207,3.924911,0.401114,0.195704,0.0,0.20734,50326,0.393475,0.205411,0.205411,AMOCLINGO-L,15.71411
GroupAssignment,01199-group_assignment-p200-pr35-unsat.asp,254466,401396,0.633953,0.401896,0.254783,1.577405,2.488207,3.924911,0.401114,0.195704,0.0,0.20734,50326,0.393475,0.205411,0.205411,AMOCLINGO-INF-MR,15.82247
GroupAssignment,01200-group_assignment-p200-pr35-unsat.asp,245466,386996,0.634286,0.402318,0.255185,1.576577,2.485594,3.91873,0.401155,0.195546,0.0,0.207609,48526,0.393236,0.205609,0.205609,AMOCLINGO-INF-MR,15.08889
GroupAssignment,01201-group_assignment-p250-pr35-sat.asp,321766,507696,0.633777,0.401673,0.254571,1.577842,2.489586,3.928174,0.40113,0.195794,0.0,0.207172,63626,0.393534,0.205336,0.205336,AMOCLINGO-INF-MR,26.41057
GroupAssignment,01202-group_assignment-p250-pr35-sat.asp,329266,519696,0.633574,0.401416,0.254327,1.578347,2.491179,3.931945,0.401104,0.19589,0.0,0.207009,65126,0.393682,0.205214,0.205214,AMOCLINGO-INF-MR,25.94798
GroupAssignment,01203-group_assignment-p250-pr35-sat.asp,355516,561696,0.632933,0.400604,0.253556,1.579946,2.496229,3.943906,0.401023,0.196194,0.0,0.206491,70376,0.394148,0.204829,0.204829,AMOCLINGO-INF-MR,32.7719
GroupAssignment,01204-group_assignment-p250-pr35-sat.asp,344266,543696,0.633196,0.400937,0.253872,1.57929,2.494158,3.939,0.401056,0.196069,0.0,0.206704,68126,0.393957,0.204987,0.204987,AMOCLINGO-INF-MR,28.64131
GroupAssignment,01205-group_assignment-p250-pr35-sat.asp,363016,573696,0.632767,0.400394,0.253356,1.58036,2.497538,3.947009,0.401002,0.196272,0.0,0.206357,71876,0.394269,0.204729,0.204729,AMOCLINGO-INF-MR,32.02607
GroupAssignment,01206-group_assignment-p250-pr35-middle.asp,355516,561696,0.632933,0.400604,0.253556,1.579946,2.496229,3.943906,0.401023,0.196194,0.0,0.206491,70376,0.394148,0.204829,0.204829,EOCLINGO-INF-MR,194.42947
GroupAssignment,01207-group_assignment-p250-pr35-middle.asp,333016,525696,0.633476,0.401292,0.254209,1.578591,2.491949,3.933768,0.401092,0.195937,0.0,0.20693,65876,0.393753,0.205155,0.205155,AMOCLINGO-INF-MR,96.31334
GroupAssignment,01208-group_assignment-p250-pr35-middle.asp,333016,525696,0.633476,0.401292,0.254209,1.578591,2.491949,3.933768,0.401092,0.195937,0.0,0.20693,65876,0.393753,0.205155,0.205155,AMOCLINGO-INF-MR,50.83161
GroupAssignment,01209-group_assignment-p250-pr35-middle.asp,303016,477696,0.634328,0.402372,0.255236,1.576471,2.485261,3.917943,0.4012,0.195534,0.0,0.207616,59876,0.393134,0.205666,0.205666,EOCLINGO-INF-MR,173.58547
GroupAssignment,01210-group_assignment-p250-pr35-middle.asp,303016,477696,0.634328,0.402372,0.255236,1.576471,2.485261,3.917943,0.4012,0.195534,0.0,0.207616,59876,0.393134,0.205666,0.205666,AMOCLINGO-INF-MR,106.28771
GroupAssignment,01211-group_assignment-p250-pr35-middle.asp,325516,513696,0.633674,0.401543,0.254448,1.578098,2.490392,3.930081,0.401117,0.195843,0.0,0.20709,64376,0.393609,0.205274,0.205274,EOCLINGO-INF-MR,92.02694
GroupAssignment,01212-group_assignment-p250-pr35-middle.asp,318016,501696,0.633882,0.401806,0.254698,1.577581,2.488762,3.926223,0.401143,0.195745,0.0,0.207257,62876,0.393458,0.205398,0.205398,AMOCLINGO-INF-MR,136.41671000000002
GroupAssignment,01213-group_assignment-p250-pr35-middle.asp,310516,489696,0.6341,0.402082,0.25496,1.57704,2.487054,3.922182,0.401171,0.195642,0.0,0.207432,61376,0.3933,0.205529,0.205529,AMOCLINGO-INF-MR,79.97943
GroupAssignment,01214-group_assignment-p250-pr35-middle.asp,314266,495696,0.633989,0.401943,0.254827,1.577313,2.487918,3.924226,0.401157,0.195694,0.0,0.207343,62126,0.39338,0.205463,0.205463,AMOCLINGO-INF-MR,105.25558
GroupAssignment,01215-group_assignment-p250-pr35-middle.asp,385516,609696,0.632309,0.399814,0.252806,1.581506,2.501162,3.955604,0.400943,0.19649,0.0,0.205986,76376,0.394604,0.204453,0.204453,AMOCLINGO-INF-MR,193.96292
GroupAssignment,01218-group_assignment-p250-pr35-punsat.asp,374266,591696,0.632531,0.400095,0.253073,1.58095,2.499404,3.951434,0.400972,0.196384,0.0,0.206166,74126,0.394441,0.204587,0.204587,AMOCLINGO-INF-MR,547.52464
GroupAssignment,01219-group_assignment-p250-pr35-punsat.asp,363016,573696,0.632767,0.400394,0.253356,1.58036,2.497538,3.947009,0.401002,0.196272,0.0,0.206357,71876,0.394269,0.204729,0.204729,AMOCLINGO-INF-MR,525.68227
GroupAssignment,01220-group_assignment-p250-pr35-punsat.asp,340516,537696,0.633287,0.401053,0.253982,1.579062,2.493438,3.937294,0.401068,0.196026,0.0,0.206777,67376,0.39389,0.205042,0.205042,AMOCLINGO-INF-MR,562.97383
GroupAssignment,01222-group_assignment-p250-pr35-punsat.asp,336766,531696,0.633381,0.401171,0.254094,1.578829,2.492702,3.93555,0.40108,0.195982,0.0,0.206853,66626,0.393822,0.205098,0.205098,AMOCLINGO-INF-MR,495.35365
GroupAssignment,01224-group_assignment-p250-pr35-punsat.asp,333016,525696,0.633476,0.401292,0.254209,1.578591,2.491949,3.933768,0.401092,0.195937,0.0,0.20693,65876,0.393753,0.205155,0.205155,AMOCLINGO-INF-MR,601.46939
GroupAssignment,01226-group_assignment-p250-pr35-unsat.asp,344266,543696,0.633196,0.400937,0.253872,1.57929,2.494158,3.939,0.401056,0.196069,0.0,0.206704,68126,0.393957,0.204987,0.204987,AMOCLINGO-L,21.0477
GroupAssignment,01227-group_assignment-p250-pr35-unsat.asp,288016,453696,0.634822,0.402998,0.255832,1.575246,2.481399,3.908814,0.401262,0.195302,0.0,0.208013,56876,0.392777,0.205961,0.205961,AMOCLINGO-L,17.71312
GroupAssignment,01228-group_assignment-p250-pr35-unsat.asp,374266,591696,0.632531,0.400095,0.253073,1.58095,2.499404,3.951434,0.400972,0.196384,0.0,0.206166,74126,0.394441,0.204587,0.204587,AMOCLINGO-L,23.22509
GroupAssignment,01229-group_assignment-p250-pr35-unsat.asp,318016,501696,0.633882,0.401806,0.254698,1.577581,2.488762,3.926223,0.401143,0.195745,0.0,0.207257,62876,0.393458,0.205398,0.205398,AMOCLINGO-L,19.53635
GroupAssignment,01230-group_assignment-p250-pr35-unsat.asp,280516,441696,0.635088,0.403337,0.256155,1.574584,2.479315,3.903889,0.401296,0.195176,0.0,0.208227,55376,0.392584,0.20612,0.20612,AMOCLINGO-L,17.23782
GroupAssignment,01231-group_assignment-p300-pr35-sat.asp,386066,609196,0.63373,0.401614,0.254515,1.577958,2.489952,3.92904,0.401149,0.195821,0.0,0.207117,76326,0.393523,0.205328,0.205328,AMOCLINGO-INF-MR,32.17357
GroupAssignment,01232-group_assignment-p300-pr35-sat.asp,476066,753196,0.632061,0.399501,0.252509,1.582125,2.50312,3.960249,0.400932,0.196611,0.0,0.205772,94326,0.394748,0.20432,0.20432,AMOCLINGO-INF-MR,53.71785
GroupAssignment,01233-group_assignment-p300-pr35-sat.asp,404066,637996,0.633336,0.401115,0.254041,1.57894,2.493052,3.936379,0.401098,0.196008,0.0,0.2068,79926,0.393812,0.20509,0.20509,AMOCLINGO-INF-MR,44.61664
GroupAssignment,01234-group_assignment-p300-pr35-sat.asp,381566,601996,0.633835,0.401747,0.254641,1.577698,2.489132,3.927099,0.401163,0.195772,0.0,0.207201,75426,0.393447,0.20539,0.20539,AMOCLINGO-INF-MR,48.56644
GroupAssignment,01235-group_assignment-p300-pr35-sat.asp,336566,529996,0.635035,0.403269,0.25609,1.574716,2.479732,3.904874,0.401318,0.195207,0.0,0.208164,66426,0.392571,0.206111,0.206111,AMOCLINGO-INF-MR,30.97274
GroupAssignment,01236-group_assignment-p300-pr35-middle.asp,377066,594796,0.633942,0.401882,0.25477,1.577432,2.488292,3.925111,0.401176,0.195722,0.0,0.207287,74526,0.393369,0.205455,0.205455,EOCLINGO-INF-MR,164.30046
GroupAssignment,01237-group_assignment-p300-pr35-middle.asp,363566,573196,0.634279,0.402309,0.255176,1.576594,2.485649,3.918859,0.40122,0.195563,0.0,0.207558,71826,0.393123,0.205657,0.205657,AMOCLINGO-INF-MR,119.4341
GroupAssignment,01238-group_assignment-p300-pr35-middle.asp,449066,709996,0.632491,0.400045,0.253025,1.58105,2.499721,3.952184,0.400988,0.196408,0.0,0.206119,88926,0.394432,0.20458,0.20458,EOCLINGO-INF-MR,348.80644
GroupAssignment,01239-group_assignment-p300-pr35-middle.asp,435566,688396,0.632726,0.400342,0.253307,1.580463,2.497864,3.947781,0.401018,0.196296,0.0,0.206309,86226,0.394259,0.204722,0.204722,EOCLINGO-INF-MR,541.7831299999999
GroupAssignment,01240-group_assignment-p300-pr35-middle.asp,363566,573196,0.634279,0.402309,0.255176,1.576594,2.485649,3.918859,0.40122,0.195563,0.0,0.207558,71826,0.393123,0.205657,0.205657,AMOCLINGO-INF-MR,152.83271
GroupAssignment,01241-group_assignment-p300-pr35-middle.asp,426566,673996,0.632891,0.400551,0.253505,1.580051,2.496561,3.944693,0.40104,0.196218,0.0,0.206442,84426,0.394138,0.204822,0.204822,EOCLINGO-INF-MR,434.1081
GroupAssignment,01242-group_assignment-p300-pr35-middle.asp,413066,652396,0.633152,0.400882,0.253819,1.579399,2.494501,3.939812,0.401074,0.196095,0.0,0.206652,81726,0.393947,0.204979,0.204979,EOCLINGO-INF-MR,420.00882
GroupAssignment,01243-group_assignment-p300-pr35-middle.asp,386066,609196,0.63373,0.401614,0.254515,1.577958,2.489952,3.92904,0.401149,0.195821,0.0,0.207117,76326,0.393523,0.205328,0.205328,AMOCLINGO-INF-MR,89.15042
GroupAssignment,01244-group_assignment-p300-pr35-middle.asp,381566,601996,0.633835,0.401747,0.254641,1.577698,2.489132,3.927099,0.401163,0.195772,0.0,0.207201,75426,0.393447,0.20539,0.20539,EOCLINGO-INF-MR,151.61242
GroupAssignment,01245-group_assignment-p300-pr35-middle.asp,431066,681196,0.632808,0.400445,0.253405,1.580259,2.497219,3.946253,0.401029,0.196258,0.0,0.206374,85326,0.394199,0.204771,0.204771,AMOCLINGO-INF-MR,206.04592
GroupAssignment,01246-group_assignment-p300-pr35-punsat.asp,372566,587596,0.634051,0.402021,0.254902,1.577159,2.487432,3.923077,0.401191,0.19567,0.0,0.207375,73626,0.393289,0.205521,0.205521,AMOCLINGO-INF-MR,548.44311
GroupAssignment,01248-group_assignment-p300-pr35-punsat.asp,390566,616396,0.633628,0.401485,0.254392,1.578212,2.490754,3.930937,0.401136,0.19587,0.0,0.207035,77226,0.393598,0.205266,0.205266,AMOCLINGO-INF-MR,610.5513199999999
GroupAssignment,01250-group_assignment-p300-pr35-punsat.asp,440066,695596,0.632646,0.400241,0.253211,1.580663,2.498495,3.949279,0.401008,0.196334,0.0,0.206244,87126,0.394318,0.204674,0.204674,AMOCLINGO-INF-MR,571.66633
GroupAssignment,01251-group_assignment-p300-pr35-punsat.asp,381566,601996,0.633835,0.401747,0.254641,1.577698,2.489132,3.927099,0.401163,0.195772,0.0,0.207201,75426,0.393447,0.20539,0.20539,AMOCLINGO-INF-MR,709.62518
GroupAssignment,01253-group_assignment-p300-pr35-punsat.asp,408566,645196,0.633243,0.400997,0.253929,1.579172,2.493784,3.938114,0.401086,0.196052,0.0,0.206725,80826,0.39388,0.205034,0.205034,AMOCLINGO-INF-MR,563.9200400000001
GroupAssignment,01254-group_assignment-p300-pr35-punsat.asp,467066,738796,0.632199,0.399675,0.252674,1.581781,2.50203,3.957663,0.40095,0.196546,0.0,0.205883,92526,0.394647,0.204404,0.204404,AMOCLINGO-INF-MR,518.7313
GroupAssignment,01255-group_assignment-p300-pr35-punsat.asp,449066,709996,0.632491,0.400045,0.253025,1.58105,2.499721,3.952184,0.400988,0.196408,0.0,0.206119,88926,0.394432,0.20458,0.20458,AMOCLINGO-INF-MR,778.38291
GroupAssignment,01256-group_assignment-p300-pr35-unsat.asp,399566,630796,0.633431,0.401235,0.254155,1.578703,2.492303,3.934606,0.40111,0.195963,0.0,0.206877,79026,0.393742,0.205148,0.205148,AMOCLINGO-L,25.16559
GroupAssignment,01257-group_assignment-p300-pr35-unsat.asp,390566,616396,0.633628,0.401485,0.254392,1.578212,2.490754,3.930937,0.401136,0.19587,0.0,0.207035,77226,0.393598,0.205266,0.205266,AMOCLINGO-L,24.28482
GroupAssignment,01258-group_assignment-p300-pr35-unsat.asp,377066,594796,0.633942,0.401882,0.25477,1.577432,2.488292,3.925111,0.401176,0.195722,0.0,0.207287,74526,0.393369,0.205455,0.205455,AMOCLINGO-L,23.55933
GroupAssignment,01259-group_assignment-p300-pr35-unsat.asp,444566,702796,0.632568,0.400142,0.253117,1.580859,2.499114,3.950746,0.400998,0.196371,0.0,0.206181,88026,0.394376,0.204627,0.204627,AMOCLINGO-L,27.83374
GroupAssignment,01260-group_assignment-p300-pr35-unsat.asp,413066,652396,0.633152,0.400882,0.253819,1.579399,2.494501,3.939812,0.401074,0.196095,0.0,0.206652,81726,0.393947,0.204979,0.204979,AMOCLINGO-L,26.00773
GroupAssignment,01261-group_assignment-p50-pr40-sat.asp,75851,119721,0.633565,0.401404,0.254316,1.578371,2.491254,3.932123,0.400522,0.195779,0.0,0.207393,15091,0.394734,0.204744,0.204744,CLINGO-AMO,1.43209
GroupAssignment,01262-group_assignment-p50-pr40-sat.asp,86351,136521,0.632511,0.40007,0.253048,1.581001,2.499564,3.951812,0.400459,0.196292,0.0,0.206494,17191,0.395375,0.204167,0.204167,CLINGO-AMO,1.31398
GroupAssignment,01263-group_assignment-p50-pr40-sat.asp,80351,126921,0.633079,0.400789,0.253731,1.579582,2.49508,3.941183,0.400493,0.196015,0.0,0.206979,15991,0.395029,0.204478,0.204478,CLINGO-AMO,1.35577
GroupAssignment,01264-group_assignment-p50-pr40-sat.asp,69101,108921,0.634414,0.402481,0.25534,1.576258,2.484589,3.916353,0.400573,0.195366,0.0,0.208116,13741,0.39422,0.205207,0.205207,CLINGO-AMO,1.235096
GroupAssignment,01265-group_assignment-p50-pr40-sat.asp,76601,120921,0.63348,0.401297,0.254213,1.578583,2.491923,3.933706,0.400517,0.19582,0.0,0.207321,15241,0.394786,0.204697,0.204697,CLINGO-AMO,1.355501
GroupAssignment,01266-group_assignment-p50-pr40-middle.asp,89351,141321,0.632256,0.399747,0.252742,1.581639,2.501581,3.956597,0.400443,0.196416,0.0,0.206276,17791,0.39553,0.204027,0.204027,AMOCLINGO-INF-MR,9.496932
GroupAssignment,01267-group_assignment-p50-pr40-middle.asp,74351,117321,0.63374,0.401626,0.254527,1.577934,2.489877,3.928862,0.400533,0.195693,0.0,0.207543,14791,0.394628,0.204839,0.204839,AMOCLINGO-INF-MR,6.551762
GroupAssignment,01268-group_assignment-p50-pr40-middle.asp,70601,111321,0.634211,0.402224,0.255095,1.576762,2.48618,3.920114,0.400561,0.195465,0.0,0.207943,14041,0.394343,0.205096,0.205096,EOCLINGO-INF-MR,7.201122
GroupAssignment,01269-group_assignment-p50-pr40-middle.asp,84101,132921,0.632714,0.400327,0.253293,1.580493,2.497957,3.948002,0.400471,0.196193,0.0,0.206668,16741,0.395251,0.204278,0.204278,AMOCLINGO-INF-MR,10.274362
GroupAssignment,01270-group_assignment-p50-pr40-middle.asp,81851,129321,0.632929,0.400599,0.253551,1.579956,2.496262,3.943984,0.400484,0.196088,0.0,0.206851,16291,0.39512,0.204396,0.204396,AMOCLINGO-INF-MR,7.441522
GroupAssignment,01271-group_assignment-p50-pr40-middle.asp,78851,124521,0.633235,0.400986,0.253918,1.579194,2.493853,3.938276,0.400502,0.195939,0.0,0.207112,15691,0.394935,0.204563,0.204563,AMOCLINGO-INF-MR,7.00354
GroupAssignment,01272-group_assignment-p50-pr40-middle.asp,80351,126921,0.633079,0.400789,0.253731,1.579582,2.49508,3.941183,0.400493,0.196015,0.0,0.206979,15991,0.395029,0.204478,0.204478,EOCLINGO-INF-MR,9.08924
GroupAssignment,01273-group_assignment-p50-pr40-middle.asp,83351,131721,0.632784,0.400416,0.253377,1.580317,2.497402,3.946686,0.400475,0.196158,0.0,0.206728,16591,0.395208,0.204317,0.204317,AMOCLINGO-INF-MR,8.114629
GroupAssignment,01274-group_assignment-p50-pr40-middle.asp,78101,123321,0.633315,0.401087,0.254015,1.578994,2.493222,3.936782,0.400507,0.1959,0.0,0.20718,15541,0.394886,0.204607,0.204607,AMOCLINGO-INF-MR,7.381814
GroupAssignment,01275-group_assignment-p50-pr40-middle.asp,78851,124521,0.633235,0.400986,0.253918,1.579194,2.493853,3.938276,0.400502,0.195939,0.0,0.207112,15691,0.394935,0.204563,0.204563,EOCLINGO-INF-MR,9.508029
GroupAssignment,01286-group_assignment-p50-pr40-unsat.asp,81101,128121,0.633003,0.400693,0.25364,1.579771,2.495676,3.942596,0.400488,0.196052,0.0,0.206915,16141,0.395075,0.204436,0.204436,AMOCLINGO-L,5.01731
GroupAssignment,01287-group_assignment-p50-pr40-unsat.asp,78101,123321,0.633315,0.401087,0.254015,1.578994,2.493222,3.936782,0.400507,0.1959,0.0,0.20718,15541,0.394886,0.204607,0.204607,AMOCLINGO-L,4.881336
GroupAssignment,01288-group_assignment-p50-pr40-unsat.asp,73601,116121,0.63383,0.401741,0.254635,1.57771,2.489167,3.927183,0.400538,0.19565,0.0,0.207619,14641,0.394573,0.204889,0.204889,AMOCLINGO-INF-MR,4.615992
GroupAssignment,01289-group_assignment-p50-pr40-unsat.asp,71351,112521,0.634113,0.402099,0.254976,1.577007,2.48695,3.921936,0.400555,0.195512,0.0,0.20786,14191,0.394402,0.205043,0.205043,AMOCLINGO-INF-MR,4.504346
GroupAssignment,01290-group_assignment-p50-pr40-unsat.asp,83351,131721,0.632784,0.400416,0.253377,1.580317,2.497402,3.946686,0.400475,0.196158,0.0,0.206728,16591,0.395208,0.204317,0.204317,AMOCLINGO-L,5.176073000000001
GroupAssignment,01291-group_assignment-p100-pr40-sat.asp,146901,232021,0.633137,0.400862,0.2538,1.579438,2.494624,3.940103,0.400814,0.19605,0.0,0.206813,29141,0.394422,0.204764,0.204764,CLINGO-AMO,3.439128
GroupAssignment,01292-group_assignment-p100-pr40-sat.asp,149901,236821,0.632972,0.400653,0.253602,1.579849,2.495924,3.943184,0.400798,0.196129,0.0,0.206676,29741,0.394534,0.204668,0.204668,CLINGO-AMO,3.471026
GroupAssignment,01293-group_assignment-p100-pr40-sat.asp,145401,229621,0.633222,0.40097,0.253903,1.579226,2.493954,3.938516,0.400823,0.19601,0.0,0.206883,28841,0.394365,0.204813,0.204813,CLINGO-AMO,4.2138860000000005
GroupAssignment,01294-group_assignment-p100-pr40-sat.asp,176901,280021,0.631742,0.399098,0.252127,1.582925,2.505651,3.966258,0.400676,0.19672,0.0,0.205657,35141,0.395368,0.203956,0.203956,CLINGO-AMO,4.351896
GroupAssignment,01295-group_assignment-p100-pr40-sat.asp,131901,208021,0.634075,0.402052,0.254931,1.577099,2.487243,3.922629,0.400907,0.195601,0.0,0.207588,26141,0.393788,0.205305,0.205305,CLINGO-AMO,2.7075850000000004
GroupAssignment,01296-group_assignment-p100-pr40-middle.asp,136401,215221,0.633772,0.401667,0.254565,1.577855,2.489626,3.928269,0.400877,0.195746,0.0,0.207337,27041,0.393993,0.20513,0.20513,AMOCLINGO-INF-MR,14.515252
GroupAssignment,01297-group_assignment-p100-pr40-middle.asp,155901,246421,0.632661,0.40026,0.253229,1.580625,2.498375,3.948994,0.400767,0.196278,0.0,0.206419,30941,0.394744,0.204489,0.204489,EOCLINGO-INF-MR,28.99505
GroupAssignment,01298-group_assignment-p100-pr40-middle.asp,179901,284821,0.631628,0.398954,0.251991,1.58321,2.506553,3.968399,0.400665,0.196775,0.0,0.205563,35741,0.395445,0.20389,0.20389,EOCLINGO-INF-MR,49.05334
GroupAssignment,01299-group_assignment-p100-pr40-middle.asp,169401,268021,0.632044,0.399479,0.252488,1.582169,2.503259,3.960578,0.400706,0.196575,0.0,0.205908,33641,0.395163,0.204131,0.204131,AMOCLINGO-INF-MR,28.24725
GroupAssignment,01300-group_assignment-p100-pr40-middle.asp,157401,248821,0.632587,0.400167,0.25314,1.58081,2.498959,3.950378,0.40076,0.196314,0.0,0.206358,31241,0.394794,0.204446,0.204446,AMOCLINGO-INF-MR,19.592259
GroupAssignment,01301-group_assignment-p100-pr40-middle.asp,152901,241621,0.632813,0.400453,0.253412,1.580245,2.497173,3.946145,0.400782,0.196205,0.0,0.206545,30341,0.394641,0.204577,0.204577,EOCLINGO-INF-MR,21.84773
GroupAssignment,01302-group_assignment-p100-pr40-middle.asp,151401,239221,0.632892,0.400552,0.253506,1.580049,2.496555,3.944679,0.40079,0.196168,0.0,0.20661,30041,0.394588,0.204622,0.204622,EOCLINGO-INF-MR,31.56433
GroupAssignment,01303-group_assignment-p100-pr40-middle.asp,140901,222421,0.633488,0.401307,0.254223,1.578562,2.491859,3.933554,0.400849,0.195882,0.0,0.207103,27941,0.394185,0.204967,0.204967,EOCLINGO-INF-MR,27.14453
GroupAssignment,01304-group_assignment-p100-pr40-middle.asp,157401,248821,0.632587,0.400167,0.25314,1.58081,2.498959,3.950378,0.40076,0.196314,0.0,0.206358,31241,0.394794,0.204446,0.204446,AMOCLINGO-INF-MR,24.85965
GroupAssignment,01305-group_assignment-p100-pr40-middle.asp,136401,215221,0.633772,0.401667,0.254565,1.577855,2.489626,3.928269,0.400877,0.195746,0.0,0.207337,27041,0.393993,0.20513,0.20513,AMOCLINGO-INF-MR,17.266081
GroupAssignment,01316-group_assignment-p100-pr40-unsat.asp,169401,268021,0.632044,0.399479,0.252488,1.582169,2.503259,3.960578,0.400706,0.196575,0.0,0.205908,33641,0.395163,0.204131,0.204131,AMOCLINGO-INF-MR,10.490383
GroupAssignment,01317-group_assignment-p100-pr40-unsat.asp,149901,236821,0.632972,0.400653,0.253602,1.579849,2.495924,3.943184,0.400798,0.196129,0.0,0.206676,29741,0.394534,0.204668,0.204668,AMOCLINGO-L,9.258916
GroupAssignment,01318-group_assignment-p100-pr40-unsat.asp,181401,287221,0.631573,0.398884,0.251925,1.583348,2.506992,3.969443,0.400659,0.196802,0.0,0.205517,36041,0.395483,0.203858,0.203858,AMOCLINGO-L,11.332618
GroupAssignment,01319-group_assignment-p100-pr40-unsat.asp,170901,270421,0.631981,0.3994,0.252413,1.582325,2.503754,3.961753,0.4007,0.196605,0.0,0.205856,33941,0.395205,0.204095,0.204095,AMOCLINGO-L,10.503925
GroupAssignment,01320-group_assignment-p100-pr40-unsat.asp,145401,229621,0.633222,0.40097,0.253903,1.579226,2.493954,3.938516,0.400823,0.19601,0.0,0.206883,28841,0.394365,0.204813,0.204813,AMOCLINGO-L,8.973367999999999
GroupAssignment,01321-group_assignment-p150-pr40-sat.asp,229201,362321,0.632591,0.400171,0.253145,1.5808,2.498929,3.950308,0.400871,0.196334,0.0,0.206286,45441,0.394593,0.204537,0.204537,CLINGO-AMO,15.90668
GroupAssignment,01322-group_assignment-p150-pr40-sat.asp,231451,365921,0.632516,0.400077,0.253055,1.580987,2.49952,3.951708,0.400862,0.19637,0.0,0.206225,45891,0.394645,0.204493,0.204493,CLINGO-AMO,14.460244
GroupAssignment,01323-group_assignment-p150-pr40-sat.asp,199951,315521,0.633717,0.401597,0.254499,1.577992,2.490058,3.92929,0.400998,0.195798,0.0,0.207206,39591,0.393801,0.2052,0.2052,CLINGO-AMO,12.968307
GroupAssignment,01324-group_assignment-p150-pr40-sat.asp,217951,344321,0.632988,0.400674,0.253621,1.579809,2.495797,3.942883,0.400916,0.196145,0.0,0.206611,43191,0.394313,0.204771,0.204771,AMOCLINGO-INF-MR,15.76635
GroupAssignment,01325-group_assignment-p150-pr40-sat.asp,208951,329921,0.633336,0.401115,0.254041,1.57894,2.49305,3.936375,0.400955,0.195979,0.0,0.206895,41391,0.394068,0.204976,0.204976,CLINGO-AMO,13.28702
GroupAssignment,01326-group_assignment-p150-pr40-middle.asp,233701,369521,0.632443,0.399984,0.252967,1.58117,2.500098,3.953081,0.400854,0.196405,0.0,0.206165,46341,0.394697,0.204449,0.204449,AMOCLINGO-INF-MR,63.00995
GroupAssignment,01327-group_assignment-p150-pr40-middle.asp,235951,373121,0.632371,0.399893,0.252881,1.58135,2.500666,3.954427,0.400846,0.196439,0.0,0.206106,46791,0.394747,0.204407,0.204407,AMOCLINGO-INF-MR,33.17359
GroupAssignment,01328-group_assignment-p150-pr40-middle.asp,208951,329921,0.633336,0.401115,0.254041,1.57894,2.49305,3.936375,0.400955,0.195979,0.0,0.206895,41391,0.394068,0.204976,0.204976,AMOCLINGO-INF-MR,42.74376
GroupAssignment,01329-group_assignment-p150-pr40-middle.asp,238201,376721,0.632301,0.399804,0.252797,1.581526,2.501223,3.955749,0.400838,0.196473,0.0,0.206049,47241,0.394797,0.204365,0.204365,EOCLINGO-INF-MR,43.66643
GroupAssignment,01330-group_assignment-p150-pr40-middle.asp,231451,365921,0.632516,0.400077,0.253055,1.580987,2.49952,3.951708,0.400862,0.19637,0.0,0.206225,45891,0.394645,0.204493,0.204493,AMOCLINGO-INF-MR,71.95976999999999
GroupAssignment,01331-group_assignment-p150-pr40-middle.asp,211201,333521,0.633246,0.401001,0.253933,1.579164,2.493759,3.938054,0.400945,0.196022,0.0,0.206822,41841,0.394132,0.204923,0.204923,AMOCLINGO-INF-MR,46.34554
GroupAssignment,01332-group_assignment-p150-pr40-middle.asp,222451,351521,0.632824,0.400466,0.253425,1.580218,2.497088,3.945942,0.400897,0.196223,0.0,0.206477,44091,0.394428,0.204674,0.204674,AMOCLINGO-INF-MR,33.95235
GroupAssignment,01333-group_assignment-p150-pr40-middle.asp,240451,380321,0.632232,0.399717,0.252714,1.581699,2.50177,3.957047,0.40083,0.196506,0.0,0.205992,47691,0.394846,0.204324,0.204324,EOCLINGO-INF-MR,61.28796
GroupAssignment,01334-group_assignment-p150-pr40-middle.asp,244951,387521,0.632097,0.399547,0.252553,1.582035,2.502834,3.95957,0.400815,0.19657,0.0,0.205882,48591,0.39494,0.204245,0.204245,AMOCLINGO-INF-MR,51.93614
GroupAssignment,01335-group_assignment-p150-pr40-middle.asp,233701,369521,0.632443,0.399984,0.252967,1.58117,2.500098,3.953081,0.400854,0.196405,0.0,0.206165,46341,0.394697,0.204449,0.204449,AMOCLINGO-INF-MR,35.12838
GroupAssignment,01346-group_assignment-p150-pr40-unsat.asp,226951,358721,0.632667,0.400268,0.253236,1.58061,2.498328,3.948882,0.400879,0.196298,0.0,0.206349,44991,0.394539,0.204582,0.204582,AMOCLINGO-L,14.17745
GroupAssignment,01347-group_assignment-p150-pr40-unsat.asp,233701,369521,0.632443,0.399984,0.252967,1.58117,2.500098,3.953081,0.400854,0.196405,0.0,0.206165,46341,0.394697,0.204449,0.204449,AMOCLINGO-L,14.51007
GroupAssignment,01348-group_assignment-p150-pr40-unsat.asp,265201,419921,0.63155,0.398855,0.251897,1.583407,2.507176,3.969879,0.400753,0.196832,0.0,0.205433,52641,0.395327,0.203921,0.203921,AMOCLINGO-L,16.332610000000003
GroupAssignment,01349-group_assignment-p150-pr40-unsat.asp,204451,322721,0.633522,0.401351,0.254265,1.578476,2.491587,3.93291,0.400976,0.19589,0.0,0.207047,40491,0.393938,0.205086,0.205086,AMOCLINGO-L,12.73401
GroupAssignment,01350-group_assignment-p150-pr40-unsat.asp,231451,365921,0.632516,0.400077,0.253055,1.580987,2.49952,3.951708,0.400862,0.19637,0.0,0.206225,45891,0.394645,0.204493,0.204493,AMOCLINGO-L,14.40498
GroupAssignment,01351-group_assignment-p200-pr40-sat.asp,368501,583821,0.631188,0.398399,0.251465,1.584313,2.510048,3.976703,0.400759,0.197014,0.0,0.205104,73141,0.395497,0.203744,0.203744,EOCLINGO-INF-MR,40.04231
GroupAssignment,01352-group_assignment-p200-pr40-sat.asp,371501,588621,0.631138,0.398335,0.251404,1.58444,2.51045,3.977657,0.400753,0.197039,0.0,0.205063,73741,0.395533,0.203714,0.203714,AMOCLINGO-INF-MR,32.26077
GroupAssignment,01353-group_assignment-p200-pr40-sat.asp,302501,478221,0.632555,0.400126,0.253101,1.580891,2.499215,3.950986,0.400924,0.196363,0.0,0.206218,59941,0.394514,0.204561,0.204561,AMOCLINGO-INF-MR,28.95906
GroupAssignment,01354-group_assignment-p200-pr40-sat.asp,323501,511821,0.632059,0.399498,0.252507,1.582131,2.503139,3.960294,0.400864,0.196599,0.0,0.205814,64141,0.39487,0.204265,0.204265,AMOCLINGO-INF-MR,26.31767
GroupAssignment,01355-group_assignment-p200-pr40-sat.asp,281501,444621,0.633126,0.400848,0.253787,1.579465,2.49471,3.940307,0.400993,0.196092,0.0,0.206681,55741,0.394105,0.204902,0.204902,EOCLINGO-INF-MR,29.24222
GroupAssignment,01356-group_assignment-p200-pr40-middle.asp,338501,535821,0.631743,0.399099,0.252128,1.582923,2.505645,3.966243,0.400826,0.19675,0.0,0.205556,67141,0.395098,0.204076,0.204076,AMOCLINGO-INF-MR,77.50073
GroupAssignment,01357-group_assignment-p200-pr40-middle.asp,299501,473421,0.632631,0.400223,0.253193,1.580699,2.49861,3.949551,0.400934,0.196327,0.0,0.20628,59341,0.394459,0.204607,0.204607,AMOCLINGO-INF-MR,76.17412
GroupAssignment,01358-group_assignment-p200-pr40-middle.asp,245501,387021,0.634335,0.402381,0.255244,1.576454,2.485207,3.917814,0.401139,0.195519,0.0,0.207661,48541,0.393241,0.20562,0.20562,AMOCLINGO-INF-MR,58.0336
GroupAssignment,01359-group_assignment-p200-pr40-middle.asp,317501,502221,0.632194,0.399669,0.252668,1.581793,2.50207,3.957759,0.400881,0.196535,0.0,0.205924,62941,0.394774,0.204346,0.204346,EOCLINGO-INF-MR,187.05378
GroupAssignment,01360-group_assignment-p200-pr40-middle.asp,272501,430221,0.633398,0.401193,0.254115,1.578787,2.492568,3.935234,0.401026,0.195963,0.0,0.206902,53941,0.39391,0.205063,0.205063,AMOCLINGO-INF-MR,50.2316
GroupAssignment,01361-group_assignment-p200-pr40-middle.asp,302501,478221,0.632555,0.400126,0.253101,1.580891,2.499215,3.950986,0.400924,0.196363,0.0,0.206218,59941,0.394514,0.204561,0.204561,EOCLINGO-INF-MR,132.78092999999998
GroupAssignment,01362-group_assignment-p200-pr40-middle.asp,314501,497421,0.632263,0.399757,0.252752,1.58162,2.501521,3.956455,0.400889,0.196502,0.0,0.20598,62341,0.394724,0.204387,0.204387,AMOCLINGO-INF-MR,65.87129999999999
GroupAssignment,01363-group_assignment-p200-pr40-middle.asp,332501,526221,0.631866,0.399254,0.252275,1.582615,2.50467,3.963927,0.400841,0.196691,0.0,0.205657,65941,0.395009,0.20415,0.20415,EOCLINGO-INF-MR,77.13745
GroupAssignment,01364-group_assignment-p200-pr40-middle.asp,254501,401421,0.634,0.401956,0.25484,1.577287,2.487833,3.924025,0.401099,0.195677,0.0,0.20739,50341,0.39348,0.205422,0.205422,AMOCLINGO-INF-MR,40.88697
GroupAssignment,01365-group_assignment-p200-pr40-middle.asp,347501,550221,0.631566,0.398876,0.251917,1.583365,2.507045,3.969569,0.400805,0.196834,0.0,0.205412,68941,0.395225,0.203971,0.203971,EOCLINGO-INF-MR,66.20195
GroupAssignment,01373-group_assignment-p200-pr40-punsat.asp,281501,444621,0.633126,0.400848,0.253787,1.579465,2.49471,3.940307,0.400993,0.196092,0.0,0.206681,55741,0.394105,0.204902,0.204902,AMOCLINGO-INF-MR,415.01231
GroupAssignment,01376-group_assignment-p200-pr40-unsat.asp,269501,425421,0.633492,0.401313,0.254229,1.578551,2.491822,3.933468,0.401037,0.195918,0.0,0.206979,53341,0.393843,0.20512,0.20512,AMOCLINGO-L,16.67567
GroupAssignment,01377-group_assignment-p200-pr40-unsat.asp,323501,511821,0.632059,0.399498,0.252507,1.582131,2.503139,3.960294,0.400864,0.196599,0.0,0.205814,64141,0.39487,0.204265,0.204265,AMOCLINGO-L,19.98187
GroupAssignment,01378-group_assignment-p200-pr40-unsat.asp,302501,478221,0.632555,0.400126,0.253101,1.580891,2.499215,3.950986,0.400924,0.196363,0.0,0.206218,59941,0.394514,0.204561,0.204561,AMOCLINGO-L,18.80211
GroupAssignment,01379-group_assignment-p200-pr40-unsat.asp,293501,463821,0.632789,0.400422,0.253383,1.580305,2.497363,3.946594,0.400953,0.196251,0.0,0.206408,58141,0.394346,0.204701,0.204701,AMOCLINGO-L,18.10918
GroupAssignment,01380-group_assignment-p200-pr40-unsat.asp,299501,473421,0.632631,0.400223,0.253193,1.580699,2.49861,3.949551,0.400934,0.196327,0.0,0.20628,59341,0.394459,0.204607,0.204607,AMOCLINGO-L,18.41653
GroupAssignment,01381-group_assignment-p250-pr40-sat.asp,434301,687721,0.631508,0.398802,0.251846,1.583512,2.507511,3.970675,0.400828,0.196868,0.0,0.205344,86141,0.395212,0.20396,0.20396,AMOCLINGO-INF-MR,38.79955
GroupAssignment,01382-group_assignment-p250-pr40-sat.asp,344301,543721,0.633231,0.400982,0.253914,1.579203,2.493881,3.938342,0.401044,0.196049,0.0,0.206741,68141,0.393961,0.204995,0.204995,AMOCLINGO-INF-MR,29.49717
GroupAssignment,01383-group_assignment-p250-pr40-sat.asp,389301,615721,0.632269,0.399763,0.252758,1.581607,2.501479,3.956356,0.400924,0.196506,0.0,0.205961,77141,0.394659,0.204418,0.204418,EOCLINGO-INF-MR,42.6782
GroupAssignment,01384-group_assignment-p250-pr40-sat.asp,370551,585721,0.632641,0.400234,0.253205,1.580676,2.498536,3.949375,0.40097,0.196329,0.0,0.206263,73391,0.394388,0.204641,0.204641,AMOCLINGO-INF-MR,48.7152
GroupAssignment,01385-group_assignment-p250-pr40-sat.asp,351801,555721,0.633053,0.400756,0.2537,1.579646,2.495281,3.941661,0.401022,0.196134,0.0,0.206597,69641,0.394089,0.204889,0.204889,AMOCLINGO-INF-MR,31.9273
GroupAssignment,01386-group_assignment-p250-pr40-middle.asp,344301,543721,0.633231,0.400982,0.253914,1.579203,2.493881,3.938342,0.401044,0.196049,0.0,0.206741,68141,0.393961,0.204995,0.204995,EOCLINGO-INF-MR,99.16867
GroupAssignment,01387-group_assignment-p250-pr40-middle.asp,363051,573721,0.632801,0.400437,0.253397,1.580277,2.497274,3.946384,0.40099,0.196253,0.0,0.206392,71891,0.394272,0.204737,0.204737,AMOCLINGO-INF-MR,167.27782
GroupAssignment,01388-group_assignment-p250-pr40-middle.asp,370551,585721,0.632641,0.400234,0.253205,1.580676,2.498536,3.949375,0.40097,0.196329,0.0,0.206263,73391,0.394388,0.204641,0.204641,AMOCLINGO-INF-MR,88.65205999999999
GroupAssignment,01389-group_assignment-p250-pr40-middle.asp,374301,591721,0.632563,0.400136,0.253112,1.580869,2.499148,3.950827,0.400961,0.196366,0.0,0.2062,74141,0.394445,0.204595,0.204595,AMOCLINGO-INF-MR,194.89628
GroupAssignment,01390-group_assignment-p250-pr40-middle.asp,381801,603721,0.632413,0.399946,0.252931,1.581245,2.500336,3.953645,0.400942,0.196437,0.0,0.206079,75641,0.394554,0.204504,0.204504,AMOCLINGO-INF-MR,149.00531999999998
GroupAssignment,01391-group_assignment-p250-pr40-middle.asp,351801,555721,0.633053,0.400756,0.2537,1.579646,2.495281,3.941661,0.401022,0.196134,0.0,0.206597,69641,0.394089,0.204889,0.204889,AMOCLINGO-INF-MR,70.70145
GroupAssignment,01392-group_assignment-p250-pr40-middle.asp,389301,615721,0.632269,0.399763,0.252758,1.581607,2.501479,3.956356,0.400924,0.196506,0.0,0.205961,77141,0.394659,0.204418,0.204418,EOCLINGO-INF-MR,103.69002
GroupAssignment,01393-group_assignment-p250-pr40-middle.asp,385551,609721,0.63234,0.399854,0.252844,1.581428,2.500913,3.955013,0.400933,0.196472,0.0,0.206019,76391,0.394607,0.204461,0.204461,AMOCLINGO-INF-MR,67.85714
GroupAssignment,01394-group_assignment-p250-pr40-middle.asp,419301,663721,0.631743,0.399099,0.252128,1.582923,2.505644,3.96624,0.400858,0.196756,0.0,0.205535,83141,0.395041,0.204102,0.204102,AMOCLINGO-INF-MR,86.51929
GroupAssignment,01395-group_assignment-p250-pr40-middle.asp,385551,609721,0.63234,0.399854,0.252844,1.581428,2.500913,3.955013,0.400933,0.196472,0.0,0.206019,76391,0.394607,0.204461,0.204461,AMOCLINGO-INF-MR,78.63262999999999
GroupAssignment,01396-group_assignment-p250-pr40-punsat.asp,378051,597721,0.632487,0.40004,0.25302,1.581059,2.499748,3.95225,0.400951,0.196402,0.0,0.206139,74891,0.3945,0.204549,0.204549,AMOCLINGO-INF-MR,604.13422
GroupAssignment,01399-group_assignment-p250-pr40-punsat.asp,378051,597721,0.632487,0.40004,0.25302,1.581059,2.499748,3.95225,0.400951,0.196402,0.0,0.206139,74891,0.3945,0.204549,0.204549,AMOCLINGO-INF-MR,452.15654
GroupAssignment,01401-group_assignment-p250-pr40-punsat.asp,374301,591721,0.632563,0.400136,0.253112,1.580869,2.499148,3.950827,0.400961,0.196366,0.0,0.2062,74141,0.394445,0.204595,0.204595,AMOCLINGO-INF-MR,632.54075
GroupAssignment,01402-group_assignment-p250-pr40-punsat.asp,378051,597721,0.632487,0.40004,0.25302,1.581059,2.499748,3.95225,0.400951,0.196402,0.0,0.206139,74891,0.3945,0.204549,0.204549,AMOCLINGO-INF-MR,528.24713
GroupAssignment,01404-group_assignment-p250-pr40-punsat.asp,396801,627721,0.63213,0.399588,0.252591,1.581954,2.502579,3.958965,0.400906,0.196572,0.0,0.205849,78641,0.39476,0.204334,0.204334,AMOCLINGO-INF-MR,559.10716
GroupAssignment,01406-group_assignment-p250-pr40-unsat.asp,460551,729721,0.631133,0.398329,0.251398,1.584452,2.510488,3.977749,0.400781,0.197047,0.0,0.205039,91391,0.395485,0.203734,0.203734,AMOCLINGO-L,29.44186
GroupAssignment,01407-group_assignment-p250-pr40-unsat.asp,389301,615721,0.632269,0.399763,0.252758,1.581607,2.501479,3.956356,0.400924,0.196506,0.0,0.205961,77141,0.394659,0.204418,0.204418,AMOCLINGO-L,24.17126
GroupAssignment,01408-group_assignment-p250-pr40-unsat.asp,419301,663721,0.631743,0.399099,0.252128,1.582923,2.505644,3.96624,0.400858,0.196756,0.0,0.205535,83141,0.395041,0.204102,0.204102,AMOCLINGO-L,26.53363
GroupAssignment,01409-group_assignment-p250-pr40-unsat.asp,419301,663721,0.631743,0.399099,0.252128,1.582923,2.505644,3.96624,0.400858,0.196756,0.0,0.205535,83141,0.395041,0.204102,0.204102,AMOCLINGO-L,26.49598
GroupAssignment,01410-group_assignment-p250-pr40-unsat.asp,374301,591721,0.632563,0.400136,0.253112,1.580869,2.499148,3.950827,0.400961,0.196366,0.0,0.2062,74141,0.394445,0.204595,0.204595,AMOCLINGO-L,23.27823
GroupAssignment,01411-group_assignment-p300-pr40-sat.asp,426601,674021,0.632919,0.400587,0.253539,1.57998,2.496336,3.944161,0.40103,0.196202,0.0,0.206472,84441,0.394141,0.204828,0.204828,AMOCLINGO-INF-MR,43.62227
GroupAssignment,01412-group_assignment-p300-pr40-sat.asp,521101,825221,0.631468,0.398752,0.2518,1.58361,2.507822,3.971413,0.400844,0.196891,0.0,0.205298,103341,0.395204,0.203953,0.203953,AMOCLINGO-INF-MR,62.7821
GroupAssignment,01413-group_assignment-p300-pr40-sat.asp,471601,746021,0.632155,0.39962,0.252622,1.58189,2.502377,3.958485,0.400932,0.196564,0.0,0.205854,93441,0.3947,0.204368,0.204368,EOCLINGO-INF-MR,49.04653
GroupAssignment,01414-group_assignment-p300-pr40-sat.asp,458101,724421,0.632368,0.39989,0.252878,1.581357,2.500688,3.95448,0.40096,0.196463,0.0,0.206027,90741,0.394544,0.204496,0.204496,EOCLINGO-INF-MR,58.24291
GroupAssignment,01415-group_assignment-p300-pr40-sat.asp,462601,731621,0.632296,0.399798,0.252791,1.581538,2.501262,3.955841,0.40095,0.196498,0.0,0.205968,91641,0.394597,0.204453,0.204453,AMOCLINGO-INF-MR,46.91533
GroupAssignment,01416-group_assignment-p300-pr40-middle.asp,516601,818021,0.631525,0.398824,0.251868,1.583468,2.50737,3.970339,0.400851,0.196864,0.0,0.205344,102441,0.395162,0.203987,0.203987,AMOCLINGO-INF-MR,156.8581
GroupAssignment,01417-group_assignment-p300-pr40-middle.asp,458101,724421,0.632368,0.39989,0.252878,1.581357,2.500688,3.95448,0.40096,0.196463,0.0,0.206027,90741,0.394544,0.204496,0.204496,AMOCLINGO-INF-MR,131.52168
GroupAssignment,01418-group_assignment-p300-pr40-middle.asp,431101,681221,0.632836,0.400481,0.253439,1.580189,2.496997,3.945727,0.40102,0.196242,0.0,0.206404,85341,0.394202,0.204778,0.204778,AMOCLINGO-INF-MR,111.43654
GroupAssignment,01419-group_assignment-p300-pr40-middle.asp,449101,710021,0.632518,0.400079,0.253057,1.580983,2.499507,3.951678,0.400979,0.196392,0.0,0.206147,88941,0.394435,0.204586,0.204586,EOCLINGO-INF-MR,164.71558000000002
GroupAssignment,01420-group_assignment-p300-pr40-middle.asp,480601,760421,0.63202,0.399449,0.252459,1.582229,2.50345,3.961031,0.400915,0.196629,0.0,0.205744,95241,0.394799,0.204286,0.204286,AMOCLINGO-INF-MR,239.24592
GroupAssignment,01421-group_assignment-p300-pr40-middle.asp,444601,702821,0.632595,0.400176,0.25315,1.58079,2.498898,3.950235,0.400989,0.196356,0.0,0.20621,88041,0.394378,0.204633,0.204633,AMOCLINGO-INF-MR,153.6905
GroupAssignment,01422-group_assignment-p300-pr40-middle.asp,462601,731621,0.632296,0.399798,0.252791,1.581538,2.501262,3.955841,0.40095,0.196498,0.0,0.205968,91641,0.394597,0.204453,0.204453,AMOCLINGO-INF-MR,324.60630000000003
GroupAssignment,01423-group_assignment-p300-pr40-middle.asp,489601,774821,0.631889,0.399284,0.252303,1.582556,2.504483,3.963485,0.400898,0.196691,0.0,0.205639,97041,0.394895,0.204207,0.204207,AMOCLINGO-INF-MR,527.72549
GroupAssignment,01424-group_assignment-p300-pr40-middle.asp,444601,702821,0.632595,0.400176,0.25315,1.58079,2.498898,3.950235,0.400989,0.196356,0.0,0.20621,88041,0.394378,0.204633,0.204633,AMOCLINGO-INF-MR,268.0825
GroupAssignment,01425-group_assignment-p300-pr40-middle.asp,494101,782021,0.631826,0.399204,0.252227,1.582715,2.504986,3.964679,0.40089,0.196721,0.0,0.205588,97941,0.394942,0.204169,0.204169,EOCLINGO-INF-MR,295.61324
GroupAssignment,01426-group_assignment-p300-pr40-punsat.asp,521101,825221,0.631468,0.398752,0.2518,1.58361,2.507822,3.971413,0.400844,0.196891,0.0,0.205298,103341,0.395204,0.203953,0.203953,AMOCLINGO-INF-MR,1009.81934
GroupAssignment,01427-group_assignment-p300-pr40-punsat.asp,480601,760421,0.63202,0.399449,0.252459,1.582229,2.50345,3.961031,0.400915,0.196629,0.0,0.205744,95241,0.394799,0.204286,0.204286,AMOCLINGO-INF-MR,1048.81714
GroupAssignment,01428-group_assignment-p300-pr40-punsat.asp,449101,710021,0.632518,0.400079,0.253057,1.580983,2.499507,3.951678,0.400979,0.196392,0.0,0.206147,88941,0.394435,0.204586,0.204586,AMOCLINGO-INF-MR,579.2339000000001
GroupAssignment,01432-group_assignment-p300-pr40-punsat.asp,471601,746021,0.632155,0.39962,0.252622,1.58189,2.502377,3.958485,0.400932,0.196564,0.0,0.205854,93441,0.3947,0.204368,0.204368,AMOCLINGO-INF-MR,468.79535
GroupAssignment,01433-group_assignment-p300-pr40-punsat.asp,458101,724421,0.632368,0.39989,0.252878,1.581357,2.500688,3.95448,0.40096,0.196463,0.0,0.206027,90741,0.394544,0.204496,0.204496,AMOCLINGO-INF-MR,558.01067
GroupAssignment,01434-group_assignment-p300-pr40-punsat.asp,525601,832421,0.631412,0.398682,0.251733,1.583751,2.508267,3.972469,0.400836,0.196917,0.0,0.205253,104241,0.395245,0.203919,0.203919,AMOCLINGO-INF-MR,964.77176
GroupAssignment,01435-group_assignment-p300-pr40-punsat.asp,449101,710021,0.632518,0.400079,0.253057,1.580983,2.499507,3.951678,0.400979,0.196392,0.0,0.206147,88941,0.394435,0.204586,0.204586,AMOCLINGO-INF-MR,527.60799
GroupAssignment,01436-group_assignment-p300-pr40-unsat.asp,453601,717221,0.632442,0.399983,0.252967,1.581172,2.500103,3.953093,0.400969,0.196428,0.0,0.206086,89841,0.39449,0.204541,0.204541,AMOCLINGO-L,28.59418
GroupAssignment,01437-group_assignment-p300-pr40-unsat.asp,566101,897221,0.630949,0.398097,0.251179,1.584913,2.51195,3.981223,0.400777,0.197138,0.0,0.204877,112341,0.395585,0.203639,0.203639,AMOCLINGO-L,36.49525
GroupAssignment,01438-group_assignment-p300-pr40-unsat.asp,435601,688421,0.632754,0.400377,0.25334,1.580394,2.497644,3.94726,0.401009,0.196281,0.0,0.206338,86241,0.394262,0.204729,0.204729,AMOCLINGO-L,27.52512
GroupAssignment,01439-group_assignment-p300-pr40-unsat.asp,413101,652421,0.633182,0.400919,0.253855,1.579326,2.494269,3.939264,0.401064,0.196078,0.0,0.206683,81741,0.39395,0.204986,0.204986,AMOCLINGO-L,26.1415
GroupAssignment,01440-group_assignment-p300-pr40-unsat.asp,489601,774821,0.631889,0.399284,0.252303,1.582556,2.504483,3.963485,0.400898,0.196691,0.0,0.205639,97041,0.394895,0.204207,0.204207,AMOCLINGO-INF-MR,31.47791
Knapsack,00000-knapsack-n5-w5436-v20983-type3.asp,37,125,0.296,0.087616,0.025934,3.378378,11.41344,38.55892,0.324324,0.135135,0.0,0.378378,13,0.486486,0.189189,0.189189,CLINGO-AMO,0.089692
Knapsack,00001-knapsack-n5-w5115-v26306-type3.asp,37,125,0.296,0.087616,0.025934,3.378378,11.41344,38.55892,0.324324,0.135135,0.0,0.378378,13,0.486486,0.189189,0.189189,CLINGO-AMO,0.091366
Knapsack,00002-knapsack-n5-w4083-v11693-type1.asp,37,125,0.296,0.087616,0.025934,3.378378,11.41344,38.55892,0.324324,0.135135,0.0,0.378378,13,0.486486,0.189189,0.189189,CLINGO-AMO,0.089305
Knapsack,00003-knapsack-n5-w5372-v32649-type1.asp,37,125,0.296,0.087616,0.025934,3.378378,11.41344,38.55892,0.324324,0.135135,0.0,0.378378,13,0.486486,0.189189,0.189189,AMOCLINGO-INF-MR,0.49932
Knapsack,00004-knapsack-n5-w4847-v35746-type4.asp,37,125,0.296,0.087616,0.025934,3.378378,11.41344,38.55892,0.324324,0.135135,0.0,0.378378,13,0.486486,0.189189,0.189189,AMOCLINGO-INF-MR,0.4980699999999999
Knapsack,00005-knapsack-n5-w5293-v31472-type3.asp,37,125,0.296,0.087616,0.025934,3.378378,11.41344,38.55892,0.324324,0.135135,0.0,0.378378,13,0.486486,0.189189,0.189189,EOCLINGO-INF-MR,0.501887
Knapsack,00006-knapsack-n5-w4332-v31158-type4.asp,37,125,0.296,0.087616,0.025934,3.378378,11.41344,38.55892,0.324324,0.135135,0.0,0.378378,13,0.486486,0.189189,0.189189,EOCLINGO-INF-MR,0.498692
Knapsack,00007-knapsack-n5-w6209-v31625-type3.asp,37,125,0.296,0.087616,0.025934,3.378378,11.41344,38.55892,0.324324,0.135135,0.0,0.378378,13,0.486486,0.189189,0.189189,EOCLINGO-INF-MR,0.503606
Knapsack,00008-knapsack-n5-w5717-v34841-type4.asp,37,125,0.296,0.087616,0.025934,3.378378,11.41344,38.55892,0.324324,0.135135,0.0,0.378378,13,0.486486,0.189189,0.189189,EOCLINGO-L,0.49706
Knapsack,00009-knapsack-n5-w6178-v35824-type4.asp,37,125,0.296,0.087616,0.025934,3.378378,11.41344,38.55892,0.324324,0.135135,0.0,0.378378,13,0.486486,0.189189,0.189189,EOCLINGO-INF-MR,0.498183
Knapsack,00010-knapsack-n5-w6828-v27624-type3.asp,37,125,0.296,0.087616,0.025934,3.378378,11.41344,38.55892,0.324324,0.135135,0.0,0.378378,13,0.486486,0.189189,0.189189,CLINGO-AMO,0.110662
Knapsack,00011-knapsack-n5-w2588-v39191-type4.asp,37,125,0.296,0.087616,0.025934,3.378378,11.41344,38.55892,0.324324,0.135135,0.0,0.378378,13,0.486486,0.189189,0.189189,CLINGO-AMO,0.112736
Knapsack,00012-knapsack-n5-w6024-v44405-type4.asp,37,125,0.296,0.087616,0.025934,3.378378,11.41344,38.55892,0.324324,0.135135,0.0,0.378378,13,0.486486,0.189189,0.189189,AMOCLINGO-INF-MR,0.498357
Knapsack,00013-knapsack-n5-w5015-v37307-type3.asp,37,125,0.296,0.087616,0.025934,3.378378,11.41344,38.55892,0.324324,0.135135,0.0,0.378378,13,0.486486,0.189189,0.189189,AMOCLINGO-L,0.5001789999999999
Knapsack,00014-knapsack-n5-w3715-v142630-type2.asp,37,125,0.296,0.087616,0.025934,3.378378,11.41344,38.55892,0.324324,0.135135,0.0,0.378378,13,0.486486,0.189189,0.189189,CLINGO-AMO,0.08649
Knapsack,00015-knapsack-n5-w5280-v38745-type4.asp,37,125,0.296,0.087616,0.025934,3.378378,11.41344,38.55892,0.324324,0.135135,0.0,0.378378,13,0.486486,0.189189,0.189189,AMOCLINGO-L,0.497403
Knapsack,00016-knapsack-n5-w6996-v38057-type3.asp,37,125,0.296,0.087616,0.025934,3.378378,11.41344,38.55892,0.324324,0.135135,0.0,0.378378,13,0.486486,0.189189,0.189189,EOCLINGO-INF-MR,0.494152
Knapsack,00017-knapsack-n5-w5911-v4264-type1.asp,37,125,0.296,0.087616,0.025934,3.378378,11.41344,38.55892,0.324324,0.135135,0.0,0.378378,13,0.486486,0.189189,0.189189,CLINGO-AMO,0.086432
Knapsack,00018-knapsack-n5-w7562-v33880-type4.asp,37,125,0.296,0.087616,0.025934,3.378378,11.41344,38.55892,0.324324,0.135135,0.0,0.378378,13,0.486486,0.189189,0.189189,CLINGO-AMO,0.41391
Knapsack,00019-knapsack-n5-w4527-v35610-type4.asp,37,125,0.296,0.087616,0.025934,3.378378,11.41344,38.55892,0.324324,0.135135,0.0,0.378378,13,0.486486,0.189189,0.189189,AMOCLINGO-INF-MR,0.497675
Knapsack,00020-knapsack-n5-w6826-v40785-type4.asp,37,125,0.296,0.087616,0.025934,3.378378,11.41344,38.55892,0.324324,0.135135,0.0,0.378378,13,0.486486,0.189189,0.189189,EOCLINGO-INF-MR,0.4943659999999999
Knapsack,00021-knapsack-n5-w4675-v32000-type3.asp,37,125,0.296,0.087616,0.025934,3.378378,11.41344,38.55892,0.324324,0.135135,0.0,0.378378,13,0.486486,0.189189,0.189189,EOCLINGO-INF-MR,0.496202
Knapsack,00022-knapsack-n5-w3688-v39548-type3.asp,37,125,0.296,0.087616,0.025934,3.378378,11.41344,38.55892,0.324324,0.135135,0.0,0.378378,13,0.486486,0.189189,0.189189,CLINGO-AMO,0.304453
Knapsack,00023-knapsack-n5-w5136-v28916-type4.asp,37,125,0.296,0.087616,0.025934,3.378378,11.41344,38.55892,0.324324,0.135135,0.0,0.378378,13,0.486486,0.189189,0.189189,EOCLINGO-INF-MR,0.507019
Knapsack,00024-knapsack-n5-w4947-v27224-type4.asp,37,125,0.296,0.087616,0.025934,3.378378,11.41344,38.55892,0.324324,0.135135,0.0,0.378378,13,0.486486,0.189189,0.189189,EOCLINGO-INF-MR,0.533353
Knapsack,00025-knapsack-n5-w4917-v41313-type3.asp,37,125,0.296,0.087616,0.025934,3.378378,11.41344,38.55892,0.324324,0.135135,0.0,0.378378,13,0.486486,0.189189,0.189189,EOCLINGO-INF-MR,0.495346
Knapsack,00026-knapsack-n5-w4251-v41856-type3.asp,37,125,0.296,0.087616,0.025934,3.378378,11.41344,38.55892,0.324324,0.135135,0.0,0.378378,13,0.486486,0.189189,0.189189,AMOCLINGO-L,0.497933
Knapsack,00027-knapsack-n5-w5500-v32099-type3.asp,37,125,0.296,0.087616,0.025934,3.378378,11.41344,38.55892,0.324324,0.135135,0.0,0.378378,13,0.486486,0.189189,0.189189,EOCLINGO-INF-MR,0.4954659999999999
Knapsack,00028-knapsack-n5-w4796-v33917-type3.asp,37,125,0.296,0.087616,0.025934,3.378378,11.41344,38.55892,0.324324,0.135135,0.0,0.378378,13,0.486486,0.189189,0.189189,AMOCLINGO-INF-MR,0.497937
Knapsack,00029-knapsack-n5-w5500-v30691-type3.asp,37,125,0.296,0.087616,0.025934,3.378378,11.41344,38.55892,0.324324,0.135135,0.0,0.378378,13,0.486486,0.189189,0.189189,EOCLINGO-INF-MR,0.498145
Knapsack,00030-knapsack-n5-w9092-v136526-type4.asp,37,125,0.296,0.087616,0.025934,3.378378,11.41344,38.55892,0.324324,0.135135,0.0,0.378378,13,0.486486,0.189189,0.189189,AMOCLINGO-INF-MR,0.498584
Knapsack,00031-knapsack-n5-w8384-v136848-type4.asp,37,125,0.296,0.087616,0.025934,3.378378,11.41344,38.55892,0.324324,0.135135,0.0,0.378378,13,0.486486,0.189189,0.189189,EOCLINGO-INF-MR,0.495318
Knapsack,00032-knapsack-n5-w11947-v135343-type4.asp,37,125,0.296,0.087616,0.025934,3.378378,11.41344,38.55892,0.324324,0.135135,0.0,0.378378,13,0.486486,0.189189,0.189189,AMOCLINGO-INF-MR,0.49813
Knapsack,00033-knapsack-n5-w11296-v124673-type3.asp,37,125,0.296,0.087616,0.025934,3.378378,11.41344,38.55892,0.324324,0.135135,0.0,0.378378,13,0.486486,0.189189,0.189189,EOCLINGO-INF-MR,0.498406
Knapsack,00034-knapsack-n5-w11668-v139352-type4.asp,37,125,0.296,0.087616,0.025934,3.378378,11.41344,38.55892,0.324324,0.135135,0.0,0.378378,13,0.486486,0.189189,0.189189,AMOCLINGO-INF-MR,0.497698
Knapsack,00035-knapsack-n5-w10336-v140697-type4.asp,37,125,0.296,0.087616,0.025934,3.378378,11.41344,38.55892,0.324324,0.135135,0.0,0.378378,13,0.486486,0.189189,0.189189,EOCLINGO-INF-MR,0.495418
Knapsack,00036-knapsack-n5-w10739-v94334-type3.asp,37,125,0.296,0.087616,0.025934,3.378378,11.41344,38.55892,0.324324,0.135135,0.0,0.378378,13,0.486486,0.189189,0.189189,CLINGO-AMO,0.087203
Knapsack,00037-knapsack-n5-w11845-v130574-type3.asp,37,125,0.296,0.087616,0.025934,3.378378,11.41344,38.55892,0.324324,0.135135,0.0,0.378378,13,0.486486,0.189189,0.189189,AMOCLINGO-INF-MR,0.497433
Knapsack,00038-knapsack-n5-w10851-v1249638-type2.asp,37,125,0.296,0.087616,0.025934,3.378378,11.41344,38.55892,0.324324,0.135135,0.0,0.378378,13,0.486486,0.189189,0.189189,CLINGO-AMO,0.08942
Knapsack,00039-knapsack-n5-w10526-v138110-type3.asp,37,125,0.296,0.087616,0.025934,3.378378,11.41344,38.55892,0.324324,0.135135,0.0,0.378378,13,0.486486,0.189189,0.189189,EOCLINGO-INF-MR,0.49611
Knapsack,00040-knapsack-n5-w8361-v160405-type3.asp,37,125,0.296,0.087616,0.025934,3.378378,11.41344,38.55892,0.324324,0.135135,0.0,0.378378,13,0.486486,0.189189,0.189189,AMOCLINGO-INF-MR,0.497905
Knapsack,00041-knapsack-n5-w10231-v140952-type4.asp,37,125,0.296,0.087616,0.025934,3.378378,11.41344,38.55892,0.324324,0.135135,0.0,0.378378,13,0.486486,0.189189,0.189189,EOCLINGO-INF-MR,0.494703
Knapsack,00042-knapsack-n5-w11441-v134872-type4.asp,37,125,0.296,0.087616,0.025934,3.378378,11.41344,38.55892,0.324324,0.135135,0.0,0.378378,13,0.486486,0.189189,0.189189,AMOCLINGO-INF-MR,0.498237
Knapsack,00043-knapsack-n5-w10014-v138149-type3.asp,37,125,0.296,0.087616,0.025934,3.378378,11.41344,38.55892,0.324324,0.135135,0.0,0.378378,13,0.486486,0.189189,0.189189,EOCLINGO-INF-MR,0.494407
Knapsack,00044-knapsack-n5-w11283-v139071-type4.asp,37,125,0.296,0.087616,0.025934,3.378378,11.41344,38.55892,0.324324,0.135135,0.0,0.378378,13,0.486486,0.189189,0.189189,EOCLINGO-L,0.497353
Knapsack,00045-knapsack-n5-w10690-v145253-type4.asp,37,125,0.296,0.087616,0.025934,3.378378,11.41344,38.55892,0.324324,0.135135,0.0,0.378378,13,0.486486,0.189189,0.189189,AMOCLINGO-INF-MR,0.497388
Knapsack,00046-knapsack-n5-w10123-v138148-type4.asp,37,125,0.296,0.087616,0.025934,3.378378,11.41344,38.55892,0.324324,0.135135,0.0,0.378378,13,0.486486,0.189189,0.189189,EOCLINGO-INF-MR,0.495867
Knapsack,00047-knapsack-n5-w10125-v89425-type3.asp,37,125,0.296,0.087616,0.025934,3.378378,11.41344,38.55892,0.324324,0.135135,0.0,0.378378,13,0.486486,0.189189,0.189189,CLINGO-AMO,0.083016
Knapsack,00048-knapsack-n5-w10229-v28298-type2.asp,37,125,0.296,0.087616,0.025934,3.378378,11.41344,38.55892,0.324324,0.135135,0.0,0.378378,13,0.486486,0.189189,0.189189,CLINGO-AMO,0.081939
Knapsack,00049-knapsack-n5-w9513-v86730-type3.asp,37,125,0.296,0.087616,0.025934,3.378378,11.41344,38.55892,0.324324,0.135135,0.0,0.378378,13,0.486486,0.189189,0.189189,CLINGO-AMO,0.082592
Knapsack,00050-knapsack-n5-w11833-v137734-type4.asp,37,125,0.296,0.087616,0.025934,3.378378,11.41344,38.55892,0.324324,0.135135,0.0,0.378378,13,0.486486,0.189189,0.189189,AMOCLINGO-INF-MR,0.499855
Knapsack,00051-knapsack-n5-w10355-v76167-type3.asp,37,125,0.296,0.087616,0.025934,3.378378,11.41344,38.55892,0.324324,0.135135,0.0,0.378378,13,0.486486,0.189189,0.189189,CLINGO-AMO,0.083063
Knapsack,00052-knapsack-n5-w10627-v80734-type3.asp,37,125,0.296,0.087616,0.025934,3.378378,11.41344,38.55892,0.324324,0.135135,0.0,0.378378,13,0.486486,0.189189,0.189189,CLINGO-AMO,0.08219
Knapsack,00053-knapsack-n5-w10315-v319228-type2.asp,37,125,0.296,0.087616,0.025934,3.378378,11.41344,38.55892,0.324324,0.135135,0.0,0.378378,13,0.486486,0.189189,0.189189,CLINGO-AMO,0.286446
Knapsack,00054-knapsack-n5-w12331-v143071-type4.asp,37,125,0.296,0.087616,0.025934,3.378378,11.41344,38.55892,0.324324,0.135135,0.0,0.378378,13,0.486486,0.189189,0.189189,EOCLINGO-INF-MR,0.496986
Knapsack,00055-knapsack-n5-w10777-v150663-type3.asp,37,125,0.296,0.087616,0.025934,3.378378,11.41344,38.55892,0.324324,0.135135,0.0,0.378378,13,0.486486,0.189189,0.189189,EOCLINGO-INF-MR,0.497043
Knapsack,00056-knapsack-n5-w10949-v145622-type4.asp,37,125,0.296,0.087616,0.025934,3.378378,11.41344,38.55892,0.324324,0.135135,0.0,0.378378,13,0.486486,0.189189,0.189189,AMOCLINGO-INF-MR,0.498222
Knapsack,00057-knapsack-n5-w8881-v74364-type3.asp,37,125,0.296,0.087616,0.025934,3.378378,11.41344,38.55892,0.324324,0.135135,0.0,0.378378,13,0.486486,0.189189,0.189189,CLINGO-AMO,0.082434
Knapsack,00058-knapsack-n5-w9436-v1115471-type2.asp,37,125,0.296,0.087616,0.025934,3.378378,11.41344,38.55892,0.324324,0.135135,0.0,0.378378,13,0.486486,0.189189,0.189189,CLINGO-AMO,0.081273
Knapsack,00059-knapsack-n5-w12530-v130576-type4.asp,37,125,0.296,0.087616,0.025934,3.378378,11.41344,38.55892,0.324324,0.135135,0.0,0.378378,13,0.486486,0.189189,0.189189,AMOCLINGO-INF-MR,0.499993
Knapsack,00060-knapsack-n5-w43268-v353107-type3.asp,37,125,0.296,0.087616,0.025934,3.378378,11.41344,38.55892,0.324324,0.135135,0.0,0.378378,13,0.486486,0.189189,0.189189,AMOCLINGO-L,0.496106
Knapsack,00061-knapsack-n5-w44277-v309054-type4.asp,37,125,0.296,0.087616,0.025934,3.378378,11.41344,38.55892,0.324324,0.135135,0.0,0.378378,13,0.486486,0.189189,0.189189,EOCLINGO-INF-MR,0.49738
Knapsack,00062-knapsack-n5-w42670-v166895-type3.asp,37,125,0.296,0.087616,0.025934,3.378378,11.41344,38.55892,0.324324,0.135135,0.0,0.378378,13,0.486486,0.189189,0.189189,CLINGO-AMO,0.082125
Knapsack,00063-knapsack-n5-w44796-v87545-type1.asp,37,125,0.296,0.087616,0.025934,3.378378,11.41344,38.55892,0.324324,0.135135,0.0,0.378378,13,0.486486,0.189189,0.189189,CLINGO-AMO,0.081681
Knapsack,00064-knapsack-n5-w45259-v306581-type3.asp,37,125,0.296,0.087616,0.025934,3.378378,11.41344,38.55892,0.324324,0.135135,0.0,0.378378,13,0.486486,0.189189,0.189189,EOCLINGO-INF-MR,0.49718
Knapsack,00065-knapsack-n5-w44763-v228878-type3.asp,37,125,0.296,0.087616,0.025934,3.378378,11.41344,38.55892,0.324324,0.135135,0.0,0.378378,13,0.486486,0.189189,0.189189,CLINGO-AMO,0.085613
Knapsack,00066-knapsack-n5-w42794-v309368-type4.asp,37,125,0.296,0.087616,0.025934,3.378378,11.41344,38.55892,0.324324,0.135135,0.0,0.378378,13,0.486486,0.189189,0.189189,EOCLINGO-INF-MR,0.495542
Knapsack,00067-knapsack-n5-w41823-v309207-type4.asp,37,125,0.296,0.087616,0.025934,3.378378,11.41344,38.55892,0.324324,0.135135,0.0,0.378378,13,0.486486,0.189189,0.189189,EOCLINGO-INF-MR,0.499101
Knapsack,00068-knapsack-n5-w43894-v310004-type3.asp,37,125,0.296,0.087616,0.025934,3.378378,11.41344,38.55892,0.324324,0.135135,0.0,0.378378,13,0.486486,0.189189,0.189189,EOCLINGO-INF-MR,0.497249
Knapsack,00069-knapsack-n5-w42892-v285732-type1.asp,37,125,0.296,0.087616,0.025934,3.378378,11.41344,38.55892,0.324324,0.135135,0.0,0.378378,13,0.486486,0.189189,0.189189,EOCLINGO-INF-MR,0.495962
Knapsack,00070-knapsack-n5-w41668-v301173-type4.asp,37,125,0.296,0.087616,0.025934,3.378378,11.41344,38.55892,0.324324,0.135135,0.0,0.378378,13,0.486486,0.189189,0.189189,AMOCLINGO-INF-MR,0.497735
Knapsack,00071-knapsack-n5-w45005-v312667-type4.asp,37,125,0.296,0.087616,0.025934,3.378378,11.41344,38.55892,0.324324,0.135135,0.0,0.378378,13,0.486486,0.189189,0.189189,AMOCLINGO-INF-MR,0.497689
Knapsack,00072-knapsack-n5-w42686-v330052-type3.asp,37,125,0.296,0.087616,0.025934,3.378378,11.41344,38.55892,0.324324,0.135135,0.0,0.378378,13,0.486486,0.189189,0.189189,EOCLINGO-INF-MR,0.49668
Knapsack,00073-knapsack-n5-w42602-v290004-type3.asp,37,125,0.296,0.087616,0.025934,3.378378,11.41344,38.55892,0.324324,0.135135,0.0,0.378378,13,0.486486,0.189189,0.189189,EOCLINGO-INF-MR,0.496147
Knapsack,00074-knapsack-n5-w44260-v293866-type3.asp,37,125,0.296,0.087616,0.025934,3.378378,11.41344,38.55892,0.324324,0.135135,0.0,0.378378,13,0.486486,0.189189,0.189189,EOCLINGO-INF-MR,0.5003
Knapsack,00075-knapsack-n5-w43054-v329836-type3.asp,37,125,0.296,0.087616,0.025934,3.378378,11.41344,38.55892,0.324324,0.135135,0.0,0.378378,13,0.486486,0.189189,0.189189,AMOCLINGO-INF-MR,0.49734
Knapsack,00076-knapsack-n5-w43221-v353898-type3.asp,37,125,0.296,0.087616,0.025934,3.378378,11.41344,38.55892,0.324324,0.135135,0.0,0.378378,13,0.486486,0.189189,0.189189,EOCLINGO-INF-MR,0.496675
Knapsack,00077-knapsack-n5-w42880-v312909-type4.asp,37,125,0.296,0.087616,0.025934,3.378378,11.41344,38.55892,0.324324,0.135135,0.0,0.378378,13,0.486486,0.189189,0.189189,EOCLINGO-INF-MR,0.494141
Knapsack,00078-knapsack-n5-w44253-v249173-type3.asp,37,125,0.296,0.087616,0.025934,3.378378,11.41344,38.55892,0.324324,0.135135,0.0,0.378378,13,0.486486,0.189189,0.189189,EOCLINGO-INF-MR,0.5657920000000001
Knapsack,00079-knapsack-n5-w43177-v48539-type1.asp,37,125,0.296,0.087616,0.025934,3.378378,11.41344,38.55892,0.324324,0.135135,0.0,0.378378,13,0.486486,0.189189,0.189189,CLINGO-AMO,0.082031
Knapsack,00080-knapsack-n5-w45176-v306328-type4.asp,37,125,0.296,0.087616,0.025934,3.378378,11.41344,38.55892,0.324324,0.135135,0.0,0.378378,13,0.486486,0.189189,0.189189,EOCLINGO-INF-MR,0.495311
Knapsack,00081-knapsack-n5-w44539-v311613-type4.asp,37,125,0.296,0.087616,0.025934,3.378378,11.41344,38.55892,0.324324,0.135135,0.0,0.378378,13,0.486486,0.189189,0.189189,EOCLINGO-INF-MR,0.49597
Knapsack,00082-knapsack-n5-w45381-v277746-type3.asp,37,125,0.296,0.087616,0.025934,3.378378,11.41344,38.55892,0.324324,0.135135,0.0,0.378378,13,0.486486,0.189189,0.189189,EOCLINGO-INF-MR,0.502503
Knapsack,00083-knapsack-n5-w45201-v167029-type3.asp,37,125,0.296,0.087616,0.025934,3.378378,11.41344,38.55892,0.324324,0.135135,0.0,0.378378,13,0.486486,0.189189,0.189189,CLINGO-AMO,0.0823069999999999
Knapsack,00084-knapsack-n5-w44187-v226125-type1.asp,37,125,0.296,0.087616,0.025934,3.378378,11.41344,38.55892,0.324324,0.135135,0.0,0.378378,13,0.486486,0.189189,0.189189,CLINGO-AMO,0.100321
Knapsack,00085-knapsack-n5-w43077-v1768697-type2.asp,37,125,0.296,0.087616,0.025934,3.378378,11.41344,38.55892,0.324324,0.135135,0.0,0.378378,13,0.486486,0.189189,0.189189,CLINGO-AMO,0.086907
Knapsack,00086-knapsack-n5-w42553-v306796-type3.asp,37,125,0.296,0.087616,0.025934,3.378378,11.41344,38.55892,0.324324,0.135135,0.0,0.378378,13,0.486486,0.189189,0.189189,EOCLINGO-INF-MR,0.496535
Knapsack,00087-knapsack-n5-w44903-v290815-type3.asp,37,125,0.296,0.087616,0.025934,3.378378,11.41344,38.55892,0.324324,0.135135,0.0,0.378378,13,0.486486,0.189189,0.189189,EOCLINGO-L,0.496708
Knapsack,00088-knapsack-n5-w45195-v2786230-type2.asp,37,125,0.296,0.087616,0.025934,3.378378,11.41344,38.55892,0.324324,0.135135,0.0,0.378378,13,0.486486,0.189189,0.189189,CLINGO-AMO,0.08285
Knapsack,00089-knapsack-n5-w44546-v2368679-type2.asp,37,125,0.296,0.087616,0.025934,3.378378,11.41344,38.55892,0.324324,0.135135,0.0,0.378378,13,0.486486,0.189189,0.189189,CLINGO-AMO,0.084026
Knapsack,00090-knapsack-n10-w6620-v95967-type2.asp,67,245,0.273469,0.074786,0.020452,3.656716,13.371575,48.896058,0.328358,0.149254,0.0,0.358209,23,0.492537,0.179104,0.179104,EOCLINGO-INF-MR,0.497646
Knapsack,00091-knapsack-n10-w6429-v32582-type3.asp,67,245,0.273469,0.074786,0.020452,3.656716,13.371575,48.896058,0.328358,0.149254,0.0,0.358209,23,0.492537,0.179104,0.179104,CLINGO-AMO,0.0852619999999999
Knapsack,00092-knapsack-n10-w8763-v41666-type3.asp,67,245,0.273469,0.074786,0.020452,3.656716,13.371575,48.896058,0.328358,0.149254,0.0,0.358209,23,0.492537,0.179104,0.179104,CLINGO-AMO,0.1547839999999999
Knapsack,00093-knapsack-n10-w7437-v221164-type2.asp,67,245,0.273469,0.074786,0.020452,3.656716,13.371575,48.896058,0.328358,0.149254,0.0,0.358209,23,0.492537,0.179104,0.179104,EOCLINGO-INF-MR,0.502044
Knapsack,00094-knapsack-n10-w8606-v59158-type3.asp,67,245,0.273469,0.074786,0.020452,3.656716,13.371575,48.896058,0.328358,0.149254,0.0,0.358209,23,0.492537,0.179104,0.179104,AMOCLINGO-INF-MR,0.499697
Knapsack,00095-knapsack-n10-w9546-v61892-type4.asp,67,245,0.273469,0.074786,0.020452,3.656716,13.371575,48.896058,0.328358,0.149254,0.0,0.358209,23,0.492537,0.179104,0.179104,EOCLINGO-L,0.499742
Knapsack,00096-knapsack-n10-w8908-v48377-type4.asp,67,245,0.273469,0.074786,0.020452,3.656716,13.371575,48.896058,0.328358,0.149254,0.0,0.358209,23,0.492537,0.179104,0.179104,EOCLINGO-INF-MR,0.568252
Knapsack,00097-knapsack-n10-w8576-v51997-type4.asp,67,245,0.273469,0.074786,0.020452,3.656716,13.371575,48.896058,0.328358,0.149254,0.0,0.358209,23,0.492537,0.179104,0.179104,AMOCLINGO-L,2.096148
Knapsack,00098-knapsack-n10-w7911-v54460-type4.asp,67,245,0.273469,0.074786,0.020452,3.656716,13.371575,48.896058,0.328358,0.149254,0.0,0.358209,23,0.492537,0.179104,0.179104,EOCLINGO-INF-MR,0.506169
Knapsack,00099-knapsack-n10-w7332-v41201-type3.asp,67,245,0.273469,0.074786,0.020452,3.656716,13.371575,48.896058,0.328358,0.149254,0.0,0.358209,23,0.492537,0.179104,0.179104,CLINGO-AMO,0.462407
Knapsack,00100-knapsack-n10-w8644-v38336-type3.asp,67,245,0.273469,0.074786,0.020452,3.656716,13.371575,48.896058,0.328358,0.149254,0.0,0.358209,23,0.492537,0.179104,0.179104,CLINGO-AMO,0.146607
Knapsack,00101-knapsack-n10-w6612-v581595-type2.asp,67,245,0.273469,0.074786,0.020452,3.656716,13.371575,48.896058,0.328358,0.149254,0.0,0.358209,23,0.492537,0.179104,0.179104,CLINGO-AMO,0.082766
Knapsack,00102-knapsack-n10-w6160-v50888-type4.asp,67,245,0.273469,0.074786,0.020452,3.656716,13.371575,48.896058,0.328358,0.149254,0.0,0.358209,23,0.492537,0.179104,0.179104,EOCLINGO-L,0.5937180000000001
Knapsack,00103-knapsack-n10-w7428-v51917-type4.asp,67,245,0.273469,0.074786,0.020452,3.656716,13.371575,48.896058,0.328358,0.149254,0.0,0.358209,23,0.492537,0.179104,0.179104,AMOCLINGO-L,0.826777
Knapsack,00104-knapsack-n10-w8110-v56069-type2.asp,67,245,0.273469,0.074786,0.020452,3.656716,13.371575,48.896058,0.328358,0.149254,0.0,0.358209,23,0.492537,0.179104,0.179104,AMOCLINGO-INF-MR,0.500807
Knapsack,00105-knapsack-n10-w8043-v47164-type3.asp,67,245,0.273469,0.074786,0.020452,3.656716,13.371575,48.896058,0.328358,0.149254,0.0,0.358209,23,0.492537,0.179104,0.179104,EOCLINGO-L,947.396127
Knapsack,00106-knapsack-n10-w6691-v58726-type4.asp,67,245,0.273469,0.074786,0.020452,3.656716,13.371575,48.896058,0.328358,0.149254,0.0,0.358209,23,0.492537,0.179104,0.179104,AMOCLINGO-INF-MR,0.500534
Knapsack,00107-knapsack-n10-w7198-v55378-type4.asp,67,245,0.273469,0.074786,0.020452,3.656716,13.371575,48.896058,0.328358,0.149254,0.0,0.358209,23,0.492537,0.179104,0.179104,EOCLINGO-L,0.502143
Knapsack,00108-knapsack-n10-w9657-v56129-type4.asp,67,245,0.273469,0.074786,0.020452,3.656716,13.371575,48.896058,0.328358,0.149254,0.0,0.358209,23,0.492537,0.179104,0.179104,AMOCLINGO-INF-MR,0.500165
Knapsack,00109-knapsack-n10-w8780-v460067-type2.asp,67,245,0.273469,0.074786,0.020452,3.656716,13.371575,48.896058,0.328358,0.149254,0.0,0.358209,23,0.492537,0.179104,0.179104,CLINGO-AMO,0.096159
Knapsack,00110-knapsack-n10-w7814-v53289-type4.asp,67,245,0.273469,0.074786,0.020452,3.656716,13.371575,48.896058,0.328358,0.149254,0.0,0.358209,23,0.492537,0.179104,0.179104,EOCLINGO-INF-MR,0.534581
Knapsack,00111-knapsack-n10-w8380-v53728-type4.asp,67,245,0.273469,0.074786,0.020452,3.656716,13.371575,48.896058,0.328358,0.149254,0.0,0.358209,23,0.492537,0.179104,0.179104,EOCLINGO-L,0.5400480000000001
Knapsack,00112-knapsack-n10-w8875-v101869-type2.asp,67,245,0.273469,0.074786,0.020452,3.656716,13.371575,48.896058,0.328358,0.149254,0.0,0.358209,23,0.492537,0.179104,0.179104,AMOCLINGO-INF-MR,0.501583
Knapsack,00113-knapsack-n10-w8583-v57298-type4.asp,67,245,0.273469,0.074786,0.020452,3.656716,13.371575,48.896058,0.328358,0.149254,0.0,0.358209,23,0.492537,0.179104,0.179104,AMOCLINGO-INF-MR,0.502408
Knapsack,00114-knapsack-n10-w8735-v33413-type3.asp,67,245,0.273469,0.074786,0.020452,3.656716,13.371575,48.896058,0.328358,0.149254,0.0,0.358209,23,0.492537,0.179104,0.179104,CLINGO-AMO,0.084942
Knapsack,00115-knapsack-n10-w7837-v58149-type4.asp,67,245,0.273469,0.074786,0.020452,3.656716,13.371575,48.896058,0.328358,0.149254,0.0,0.358209,23,0.492537,0.179104,0.179104,AMOCLINGO-INF-MR,0.501131
Knapsack,00116-knapsack-n10-w8877-v57264-type4.asp,67,245,0.273469,0.074786,0.020452,3.656716,13.371575,48.896058,0.328358,0.149254,0.0,0.358209,23,0.492537,0.179104,0.179104,AMOCLINGO-INF-MR,0.5002249999999999
Knapsack,00117-knapsack-n10-w7181-v61238-type4.asp,67,245,0.273469,0.074786,0.020452,3.656716,13.371575,48.896058,0.328358,0.149254,0.0,0.358209,23,0.492537,0.179104,0.179104,AMOCLINGO-L,0.501816
Knapsack,00118-knapsack-n10-w7084-v37305-type3.asp,67,245,0.273469,0.074786,0.020452,3.656716,13.371575,48.896058,0.328358,0.149254,0.0,0.358209,23,0.492537,0.179104,0.179104,CLINGO-AMO,0.1000639999999999
Knapsack,00119-knapsack-n10-w8021-v218205-type2.asp,67,245,0.273469,0.074786,0.020452,3.656716,13.371575,48.896058,0.328358,0.149254,0.0,0.358209,23,0.492537,0.179104,0.179104,AMOCLINGO-INF-MR,0.501977
Knapsack,00120-knapsack-n10-w18537-v312875-type4.asp,67,245,0.273469,0.074786,0.020452,3.656716,13.371575,48.896058,0.328358,0.149254,0.0,0.358209,23,0.492537,0.179104,0.179104,AMOCLINGO-INF-MR,0.5004689999999999
Knapsack,00121-knapsack-n10-w22714-v217677-type3.asp,67,245,0.273469,0.074786,0.020452,3.656716,13.371575,48.896058,0.328358,0.149254,0.0,0.358209,23,0.492537,0.179104,0.179104,CLINGO-AMO,0.157103
Knapsack,00122-knapsack-n10-w21584-v306493-type4.asp,67,245,0.273469,0.074786,0.020452,3.656716,13.371575,48.896058,0.328358,0.149254,0.0,0.358209,23,0.492537,0.179104,0.179104,AMOCLINGO-INF-MR,0.502591
Knapsack,00123-knapsack-n10-w18573-v283702-type3.asp,67,245,0.273469,0.074786,0.020452,3.656716,13.371575,48.896058,0.328358,0.149254,0.0,0.358209,23,0.492537,0.179104,0.179104,EOCLINGO-INF-MR,1.827327
Knapsack,00124-knapsack-n10-w20234-v2746878-type2.asp,67,245,0.273469,0.074786,0.020452,3.656716,13.371575,48.896058,0.328358,0.149254,0.0,0.358209,23,0.492537,0.179104,0.179104,CLINGO-AMO,0.083525
Knapsack,00125-knapsack-n10-w20739-v309612-type4.asp,67,245,0.273469,0.074786,0.020452,3.656716,13.371575,48.896058,0.328358,0.149254,0.0,0.358209,23,0.492537,0.179104,0.179104,AMOCLINGO-INF-MR,0.501255
Knapsack,00126-knapsack-n10-w20570-v209382-type3.asp,67,245,0.273469,0.074786,0.020452,3.656716,13.371575,48.896058,0.328358,0.149254,0.0,0.358209,23,0.492537,0.179104,0.179104,CLINGO-AMO,0.180337
Knapsack,00127-knapsack-n10-w20921-v304868-type4.asp,67,245,0.273469,0.074786,0.020452,3.656716,13.371575,48.896058,0.328358,0.149254,0.0,0.358209,23,0.492537,0.179104,0.179104,AMOCLINGO-INF-MR,0.502563
Knapsack,00128-knapsack-n10-w20396-v235318-type3.asp,67,245,0.273469,0.074786,0.020452,3.656716,13.371575,48.896058,0.328358,0.149254,0.0,0.358209,23,0.492537,0.179104,0.179104,AMOCLINGO-INF-MR,0.502974
Knapsack,00129-knapsack-n10-w18723-v233107-type3.asp,67,245,0.273469,0.074786,0.020452,3.656716,13.371575,48.896058,0.328358,0.149254,0.0,0.358209,23,0.492537,0.179104,0.179104,AMOCLINGO-L,34.39942
Knapsack,00130-knapsack-n10-w18757-v349675-type3.asp,67,245,0.273469,0.074786,0.020452,3.656716,13.371575,48.896058,0.328358,0.149254,0.0,0.358209,23,0.492537,0.179104,0.179104,AMOCLINGO-INF-MR,0.499499
Knapsack,00131-knapsack-n10-w19918-v231197-type3.asp,67,245,0.273469,0.074786,0.020452,3.656716,13.371575,48.896058,0.328358,0.149254,0.0,0.358209,23,0.492537,0.179104,0.179104,EOCLINGO-INF-MR,0.504443
Knapsack,00132-knapsack-n10-w19154-v304103-type4.asp,67,245,0.273469,0.074786,0.020452,3.656716,13.371575,48.896058,0.328358,0.149254,0.0,0.358209,23,0.492537,0.179104,0.179104,EOCLINGO-L,0.501833
Knapsack,00133-knapsack-n10-w18585-v301553-type4.asp,67,245,0.273469,0.074786,0.020452,3.656716,13.371575,48.896058,0.328358,0.149254,0.0,0.358209,23,0.492537,0.179104,0.179104,AMOCLINGO-INF-MR,0.502048
Knapsack,00134-knapsack-n10-w19322-v127167-type1.asp,67,245,0.273469,0.074786,0.020452,3.656716,13.371575,48.896058,0.328358,0.149254,0.0,0.358209,23,0.492537,0.179104,0.179104,CLINGO-AMO,0.091745
Knapsack,00135-knapsack-n10-w20250-v172706-type3.asp,67,245,0.273469,0.074786,0.020452,3.656716,13.371575,48.896058,0.328358,0.149254,0.0,0.358209,23,0.492537,0.179104,0.179104,CLINGO-AMO,0.092134
Knapsack,00136-knapsack-n10-w20164-v246007-type3.asp,67,245,0.273469,0.074786,0.020452,3.656716,13.371575,48.896058,0.328358,0.149254,0.0,0.358209,23,0.492537,0.179104,0.179104,AMOCLINGO-INF-MR,0.560263
Knapsack,00137-knapsack-n10-w18085-v308450-type4.asp,67,245,0.273469,0.074786,0.020452,3.656716,13.371575,48.896058,0.328358,0.149254,0.0,0.358209,23,0.492537,0.179104,0.179104,EOCLINGO-L,0.4996089999999999
Knapsack,00138-knapsack-n10-w20578-v312086-type3.asp,67,245,0.273469,0.074786,0.020452,3.656716,13.371575,48.896058,0.328358,0.149254,0.0,0.358209,23,0.492537,0.179104,0.179104,AMOCLINGO-INF-MR,0.501503
Knapsack,00139-knapsack-n10-w20676-v301468-type4.asp,67,245,0.273469,0.074786,0.020452,3.656716,13.371575,48.896058,0.328358,0.149254,0.0,0.358209,23,0.492537,0.179104,0.179104,AMOCLINGO-INF-MR,0.5029239999999999
Knapsack,00141-knapsack-n10-w19632-v310983-type4.asp,67,245,0.273469,0.074786,0.020452,3.656716,13.371575,48.896058,0.328358,0.149254,0.0,0.358209,23,0.492537,0.179104,0.179104,AMOCLINGO-INF-MR,0.501416
Knapsack,00142-knapsack-n10-w18387-v2336286-type2.asp,67,245,0.273469,0.074786,0.020452,3.656716,13.371575,48.896058,0.328358,0.149254,0.0,0.358209,23,0.492537,0.179104,0.179104,CLINGO-AMO,0.108928
Knapsack,00144-knapsack-n10-w22343-v1878527-type2.asp,67,245,0.273469,0.074786,0.020452,3.656716,13.371575,48.896058,0.328358,0.149254,0.0,0.358209,23,0.492537,0.179104,0.179104,AMOCLINGO-INF-MR,0.5004730000000001
Knapsack,00145-knapsack-n10-w19394-v2453197-type2.asp,67,245,0.273469,0.074786,0.020452,3.656716,13.371575,48.896058,0.328358,0.149254,0.0,0.358209,23,0.492537,0.179104,0.179104,CLINGO-AMO,0.084504
Knapsack,00147-knapsack-n10-w21255-v310404-type4.asp,67,245,0.273469,0.074786,0.020452,3.656716,13.371575,48.896058,0.328358,0.149254,0.0,0.358209,23,0.492537,0.179104,0.179104,AMOCLINGO-INF-MR,0.500712
Knapsack,00148-knapsack-n10-w19409-v306332-type4.asp,67,245,0.273469,0.074786,0.020452,3.656716,13.371575,48.896058,0.328358,0.149254,0.0,0.358209,23,0.492537,0.179104,0.179104,AMOCLINGO-INF-MR,0.500105
Knapsack,00149-knapsack-n10-w22022-v306389-type4.asp,67,245,0.273469,0.074786,0.020452,3.656716,13.371575,48.896058,0.328358,0.149254,0.0,0.358209,23,0.492537,0.179104,0.179104,EOCLINGO-L,0.5017
Knapsack,00150-knapsack-n10-w95942-v582227-type4.asp,67,245,0.273469,0.074786,0.020452,3.656716,13.371575,48.896058,0.328358,0.149254,0.0,0.358209,23,0.492537,0.179104,0.179104,AMOCLINGO-INF-MR,0.500947
Knapsack,00151-knapsack-n10-w96279-v584934-type4.asp,67,245,0.273469,0.074786,0.020452,3.656716,13.371575,48.896058,0.328358,0.149254,0.0,0.358209,23,0.492537,0.179104,0.179104,AMOCLINGO-INF-MR,0.500665
Knapsack,00152-knapsack-n10-w95961-v592923-type4.asp,67,245,0.273469,0.074786,0.020452,3.656716,13.371575,48.896058,0.328358,0.149254,0.0,0.358209,23,0.492537,0.179104,0.179104,AMOCLINGO-INF-MR,0.499113
Knapsack,00153-knapsack-n10-w96565-v417441-type3.asp,67,245,0.273469,0.074786,0.020452,3.656716,13.371575,48.896058,0.328358,0.149254,0.0,0.358209,23,0.492537,0.179104,0.179104,CLINGO-AMO,0.112286
Knapsack,00154-knapsack-n10-w96810-v676625-type3.asp,67,245,0.273469,0.074786,0.020452,3.656716,13.371575,48.896058,0.328358,0.149254,0.0,0.358209,23,0.492537,0.179104,0.179104,AMOCLINGO-INF-MR,0.4995409999999999
Knapsack,00155-knapsack-n10-w94054-v595926-type4.asp,67,245,0.273469,0.074786,0.020452,3.656716,13.371575,48.896058,0.328358,0.149254,0.0,0.358209,23,0.492537,0.179104,0.179104,AMOCLINGO-INF-MR,0.49953
Knapsack,00156-knapsack-n10-w96081-v579699-type4.asp,67,245,0.273469,0.074786,0.020452,3.656716,13.371575,48.896058,0.328358,0.149254,0.0,0.358209,23,0.492537,0.179104,0.179104,AMOCLINGO-INF-MR,0.499925
Knapsack,00157-knapsack-n10-w94794-v587868-type4.asp,67,245,0.273469,0.074786,0.020452,3.656716,13.371575,48.896058,0.328358,0.149254,0.0,0.358209,23,0.492537,0.179104,0.179104,EOCLINGO-L,0.500266
Knapsack,00158-knapsack-n10-w95718-v481978-type3.asp,67,245,0.273469,0.074786,0.020452,3.656716,13.371575,48.896058,0.328358,0.149254,0.0,0.358209,23,0.492537,0.179104,0.179104,AMOCLINGO-INF-MR,0.499839
Knapsack,00159-knapsack-n10-w96320-v501152-type3.asp,67,245,0.273469,0.074786,0.020452,3.656716,13.371575,48.896058,0.328358,0.149254,0.0,0.358209,23,0.492537,0.179104,0.179104,EOCLINGO-INF-MR,149.520197
Knapsack,00160-knapsack-n10-w97574-v596668-type4.asp,67,245,0.273469,0.074786,0.020452,3.656716,13.371575,48.896058,0.328358,0.149254,0.0,0.358209,23,0.492537,0.179104,0.179104,EOCLINGO-L,0.502514
Knapsack,00161-knapsack-n10-w96945-v594367-type4.asp,67,245,0.273469,0.074786,0.020452,3.656716,13.371575,48.896058,0.328358,0.149254,0.0,0.358209,23,0.492537,0.179104,0.179104,AMOCLINGO-INF-MR,0.500474
Knapsack,00162-knapsack-n10-w95659-v444947-type3.asp,67,245,0.273469,0.074786,0.020452,3.656716,13.371575,48.896058,0.328358,0.149254,0.0,0.358209,23,0.492537,0.179104,0.179104,CLINGO-AMO,0.3359439999999999
Knapsack,00163-knapsack-n10-w96419-v693629-type3.asp,67,245,0.273469,0.074786,0.020452,3.656716,13.371575,48.896058,0.328358,0.149254,0.0,0.358209,23,0.492537,0.179104,0.179104,AMOCLINGO-INF-MR,0.5010830000000001
Knapsack,00164-knapsack-n10-w98022-v467935-type3.asp,67,245,0.273469,0.074786,0.020452,3.656716,13.371575,48.896058,0.328358,0.149254,0.0,0.358209,23,0.492537,0.179104,0.179104,CLINGO-AMO,0.213653
Knapsack,00165-knapsack-n10-w96004-v364054-type3.asp,67,245,0.273469,0.074786,0.020452,3.656716,13.371575,48.896058,0.328358,0.149254,0.0,0.358209,23,0.492537,0.179104,0.179104,CLINGO-AMO,0.088436
Knapsack,00166-knapsack-n10-w96260-v490516-type3.asp,67,245,0.273469,0.074786,0.020452,3.656716,13.371575,48.896058,0.328358,0.149254,0.0,0.358209,23,0.492537,0.179104,0.179104,AMOCLINGO-INF-MR,0.509078
Knapsack,00167-knapsack-n10-w95890-v586613-type4.asp,67,245,0.273469,0.074786,0.020452,3.656716,13.371575,48.896058,0.328358,0.149254,0.0,0.358209,23,0.492537,0.179104,0.179104,EOCLINGO-L,0.500884
Knapsack,00168-knapsack-n10-w96583-v588029-type4.asp,67,245,0.273469,0.074786,0.020452,3.656716,13.371575,48.896058,0.328358,0.149254,0.0,0.358209,23,0.492537,0.179104,0.179104,AMOCLINGO-INF-MR,0.498609
Knapsack,00169-knapsack-n10-w97661-v4106811-type2.asp,67,245,0.273469,0.074786,0.020452,3.656716,13.371575,48.896058,0.328358,0.149254,0.0,0.358209,23,0.492537,0.179104,0.179104,CLINGO-AMO,0.130682
Knapsack,00170-knapsack-n10-w96721-v641923-type3.asp,67,245,0.273469,0.074786,0.020452,3.656716,13.371575,48.896058,0.328358,0.149254,0.0,0.358209,23,0.492537,0.179104,0.179104,AMOCLINGO-INF-MR,0.499009
Knapsack,00171-knapsack-n10-w94928-v375629-type3.asp,67,245,0.273469,0.074786,0.020452,3.656716,13.371575,48.896058,0.328358,0.149254,0.0,0.358209,23,0.492537,0.179104,0.179104,CLINGO-AMO,0.107648
Knapsack,00172-knapsack-n10-w96254-v390539-type3.asp,67,245,0.273469,0.074786,0.020452,3.656716,13.371575,48.896058,0.328358,0.149254,0.0,0.358209,23,0.492537,0.179104,0.179104,CLINGO-AMO,0.127987
Knapsack,00173-knapsack-n10-w95505-v186743-type1.asp,67,245,0.273469,0.074786,0.020452,3.656716,13.371575,48.896058,0.328358,0.149254,0.0,0.358209,23,0.492537,0.179104,0.179104,CLINGO-AMO,0.0834719999999999
Knapsack,00174-knapsack-n10-w96954-v484490-type3.asp,67,245,0.273469,0.074786,0.020452,3.656716,13.371575,48.896058,0.328358,0.149254,0.0,0.358209,23,0.492537,0.179104,0.179104,AMOCLINGO-INF-MR,0.500592
Knapsack,00175-knapsack-n10-w94975-v572996-type4.asp,67,245,0.273469,0.074786,0.020452,3.656716,13.371575,48.896058,0.328358,0.149254,0.0,0.358209,23,0.492537,0.179104,0.179104,AMOCLINGO-INF-MR,0.50327
Knapsack,00176-knapsack-n10-w96742-v397428-type3.asp,67,245,0.273469,0.074786,0.020452,3.656716,13.371575,48.896058,0.328358,0.149254,0.0,0.358209,23,0.492537,0.179104,0.179104,CLINGO-AMO,0.111152
Knapsack,00177-knapsack-n10-w96845-v496936-type3.asp,67,245,0.273469,0.074786,0.020452,3.656716,13.371575,48.896058,0.328358,0.149254,0.0,0.358209,23,0.492537,0.179104,0.179104,EOCLINGO-L,1.072342
Knapsack,00178-knapsack-n10-w95176-v698649-type3.asp,67,245,0.273469,0.074786,0.020452,3.656716,13.371575,48.896058,0.328358,0.149254,0.0,0.358209,23,0.492537,0.179104,0.179104,EOCLINGO-L,0.501011
Knapsack,00179-knapsack-n10-w97184-v454689-type3.asp,67,245,0.273469,0.074786,0.020452,3.656716,13.371575,48.896058,0.328358,0.149254,0.0,0.358209,23,0.492537,0.179104,0.179104,CLINGO-AMO,0.104342
Knapsack,00181-knapsack-n15-w13310-v92200-type4.asp,97,365,0.265753,0.070625,0.018769,3.762887,14.159316,53.279899,0.329897,0.154639,0.0,0.350515,33,0.494845,0.175258,0.175258,EOCLINGO-INF-MR,0.506206
Knapsack,00182-knapsack-n15-w14177-v65413-type3.asp,97,365,0.265753,0.070625,0.018769,3.762887,14.159316,53.279899,0.329897,0.154639,0.0,0.350515,33,0.494845,0.175258,0.175258,CLINGO-AMO,0.311927
Knapsack,00184-knapsack-n15-w14005-v60197-type3.asp,97,365,0.265753,0.070625,0.018769,3.762887,14.159316,53.279899,0.329897,0.154639,0.0,0.350515,33,0.494845,0.175258,0.175258,CLINGO-AMO,0.201513
Knapsack,00185-knapsack-n15-w14992-v36024-type1.asp,97,365,0.265753,0.070625,0.018769,3.762887,14.159316,53.279899,0.329897,0.154639,0.0,0.350515,33,0.494845,0.175258,0.175258,CLINGO-AMO,0.100239
Knapsack,00186-knapsack-n15-w13446-v100949-type3.asp,97,365,0.265753,0.070625,0.018769,3.762887,14.159316,53.279899,0.329897,0.154639,0.0,0.350515,33,0.494845,0.175258,0.175258,AMOCLINGO-INF-MR,0.502622
Knapsack,00187-knapsack-n15-w16310-v62876-type3.asp,97,365,0.265753,0.070625,0.018769,3.762887,14.159316,53.279899,0.329897,0.154639,0.0,0.350515,33,0.494845,0.175258,0.175258,CLINGO-AMO,0.215727
Knapsack,00188-knapsack-n15-w15037-v532665-type2.asp,97,365,0.265753,0.070625,0.018769,3.762887,14.159316,53.279899,0.329897,0.154639,0.0,0.350515,33,0.494845,0.175258,0.175258,AMOCLINGO-INF-MR,0.503192
Knapsack,00189-knapsack-n15-w13212-v94204-type4.asp,97,365,0.265753,0.070625,0.018769,3.762887,14.159316,53.279899,0.329897,0.154639,0.0,0.350515,33,0.494845,0.175258,0.175258,AMOCLINGO-INF-MR,0.505035
Knapsack,00191-knapsack-n15-w13252-v53335-type3.asp,97,365,0.265753,0.070625,0.018769,3.762887,14.159316,53.279899,0.329897,0.154639,0.0,0.350515,33,0.494845,0.175258,0.175258,CLINGO-AMO,0.205505
Knapsack,00192-knapsack-n15-w16416-v41658-type1.asp,97,365,0.265753,0.070625,0.018769,3.762887,14.159316,53.279899,0.329897,0.154639,0.0,0.350515,33,0.494845,0.175258,0.175258,CLINGO-AMO,0.103645
Knapsack,00193-knapsack-n15-w13519-v72426-type3.asp,97,365,0.265753,0.070625,0.018769,3.762887,14.159316,53.279899,0.329897,0.154639,0.0,0.350515,33,0.494845,0.175258,0.175258,AMOCLINGO-L,0.580385
Knapsack,00194-knapsack-n15-w14489-v89438-type3.asp,97,365,0.265753,0.070625,0.018769,3.762887,14.159316,53.279899,0.329897,0.154639,0.0,0.350515,33,0.494845,0.175258,0.175258,EOCLINGO-INF-MR,5.099842
Knapsack,00195-knapsack-n15-w15124-v100921-type4.asp,97,365,0.265753,0.070625,0.018769,3.762887,14.159316,53.279899,0.329897,0.154639,0.0,0.350515,33,0.494845,0.175258,0.175258,AMOCLINGO-INF-MR,0.501414
Knapsack,00196-knapsack-n15-w14629-v66079-type3.asp,97,365,0.265753,0.070625,0.018769,3.762887,14.159316,53.279899,0.329897,0.154639,0.0,0.350515,33,0.494845,0.175258,0.175258,CLINGO-AMO,0.226458
Knapsack,00197-knapsack-n15-w14280-v87791-type4.asp,97,365,0.265753,0.070625,0.018769,3.762887,14.159316,53.279899,0.329897,0.154639,0.0,0.350515,33,0.494845,0.175258,0.175258,EOCLINGO-L,461.268789
Knapsack,00198-knapsack-n15-w15233-v95352-type4.asp,97,365,0.265753,0.070625,0.018769,3.762887,14.159316,53.279899,0.329897,0.154639,0.0,0.350515,33,0.494845,0.175258,0.175258,EOCLINGO-L,0.503715
Knapsack,00199-knapsack-n15-w14892-v11967-type2.asp,97,365,0.265753,0.070625,0.018769,3.762887,14.159316,53.279899,0.329897,0.154639,0.0,0.350515,33,0.494845,0.175258,0.175258,CLINGO-AMO,0.086736
Knapsack,00200-knapsack-n15-w14703-v92719-type3.asp,97,365,0.265753,0.070625,0.018769,3.762887,14.159316,53.279899,0.329897,0.154639,0.0,0.350515,33,0.494845,0.175258,0.175258,EOCLINGO-INF-MR,0.503861
Knapsack,00201-knapsack-n15-w15138-v49786-type3.asp,97,365,0.265753,0.070625,0.018769,3.762887,14.159316,53.279899,0.329897,0.154639,0.0,0.350515,33,0.494845,0.175258,0.175258,CLINGO-AMO,0.10525
Knapsack,00202-knapsack-n15-w14227-v46498-type3.asp,97,365,0.265753,0.070625,0.018769,3.762887,14.159316,53.279899,0.329897,0.154639,0.0,0.350515,33,0.494845,0.175258,0.175258,CLINGO-AMO,0.123244
Knapsack,00203-knapsack-n15-w14929-v108012-type3.asp,97,365,0.265753,0.070625,0.018769,3.762887,14.159316,53.279899,0.329897,0.154639,0.0,0.350515,33,0.494845,0.175258,0.175258,EOCLINGO-INF-MR,0.504282
Knapsack,00204-knapsack-n15-w16625-v81276-type3.asp,97,365,0.265753,0.070625,0.018769,3.762887,14.159316,53.279899,0.329897,0.154639,0.0,0.350515,33,0.494845,0.175258,0.175258,AMOCLINGO-INF-MR,0.523066
Knapsack,00205-knapsack-n15-w12909-v51245-type1.asp,97,365,0.265753,0.070625,0.018769,3.762887,14.159316,53.279899,0.329897,0.154639,0.0,0.350515,33,0.494845,0.175258,0.175258,CLINGO-AMO,0.227759
Knapsack,00206-knapsack-n15-w13626-v90667-type4.asp,97,365,0.265753,0.070625,0.018769,3.762887,14.159316,53.279899,0.329897,0.154639,0.0,0.350515,33,0.494845,0.175258,0.175258,EOCLINGO-INF-MR,0.548464
Knapsack,00207-knapsack-n15-w14998-v77803-type1.asp,97,365,0.265753,0.070625,0.018769,3.762887,14.159316,53.279899,0.329897,0.154639,0.0,0.350515,33,0.494845,0.175258,0.175258,AMOCLINGO-L,0.743552
Knapsack,00209-knapsack-n15-w16199-v56799-type3.asp,97,365,0.265753,0.070625,0.018769,3.762887,14.159316,53.279899,0.329897,0.154639,0.0,0.350515,33,0.494845,0.175258,0.175258,CLINGO-AMO,0.215587
Knapsack,00210-knapsack-n15-w30661-v4647518-type2.asp,97,365,0.265753,0.070625,0.018769,3.762887,14.159316,53.279899,0.329897,0.154639,0.0,0.350515,33,0.494845,0.175258,0.175258,WASP-AMO,0.086949
Knapsack,00211-knapsack-n15-w30586-v463797-type4.asp,97,365,0.265753,0.070625,0.018769,3.762887,14.159316,53.279899,0.329897,0.154639,0.0,0.350515,33,0.494845,0.175258,0.175258,EOCLINGO-INF-MR,0.504231
Knapsack,00212-knapsack-n15-w30357-v4512279-type2.asp,97,365,0.265753,0.070625,0.018769,3.762887,14.159316,53.279899,0.329897,0.154639,0.0,0.350515,33,0.494845,0.175258,0.175258,CLINGO-AMO,0.083142
Knapsack,00213-knapsack-n15-w30143-v2042970-type2.asp,97,365,0.265753,0.070625,0.018769,3.762887,14.159316,53.279899,0.329897,0.154639,0.0,0.350515,33,0.494845,0.175258,0.175258,AMOCLINGO-INF-MR,0.503839
Knapsack,00214-knapsack-n15-w30661-v457964-type3.asp,97,365,0.265753,0.070625,0.018769,3.762887,14.159316,53.279899,0.329897,0.154639,0.0,0.350515,33,0.494845,0.175258,0.175258,EOCLINGO-INF-MR,0.5094420000000001
Knapsack,00215-knapsack-n15-w29483-v257020-type3.asp,97,365,0.265753,0.070625,0.018769,3.762887,14.159316,53.279899,0.329897,0.154639,0.0,0.350515,33,0.494845,0.175258,0.175258,CLINGO-AMO,0.158092
Knapsack,00216-knapsack-n15-w29260-v451845-type4.asp,97,365,0.265753,0.070625,0.018769,3.762887,14.159316,53.279899,0.329897,0.154639,0.0,0.350515,33,0.494845,0.175258,0.175258,EOCLINGO-INF-MR,0.953188
Knapsack,00217-knapsack-n15-w30119-v4610165-type2.asp,97,365,0.265753,0.070625,0.018769,3.762887,14.159316,53.279899,0.329897,0.154639,0.0,0.350515,33,0.494845,0.175258,0.175258,CLINGO-AMO,0.0832659999999999
Knapsack,00218-knapsack-n15-w30342-v459859-type4.asp,97,365,0.265753,0.070625,0.018769,3.762887,14.159316,53.279899,0.329897,0.154639,0.0,0.350515,33,0.494845,0.175258,0.175258,AMOCLINGO-INF-MR,0.503138
Knapsack,00219-knapsack-n15-w31672-v338834-type3.asp,97,365,0.265753,0.070625,0.018769,3.762887,14.159316,53.279899,0.329897,0.154639,0.0,0.350515,33,0.494845,0.175258,0.175258,CLINGO-AMO,0.2049619999999999
Knapsack,00220-knapsack-n15-w28716-v279251-type1.asp,97,365,0.265753,0.070625,0.018769,3.762887,14.159316,53.279899,0.329897,0.154639,0.0,0.350515,33,0.494845,0.175258,0.175258,CLINGO-AMO,0.136935
Knapsack,00221-knapsack-n15-w29779-v531483-type3.asp,97,365,0.265753,0.070625,0.018769,3.762887,14.159316,53.279899,0.329897,0.154639,0.0,0.350515,33,0.494845,0.175258,0.175258,AMOCLINGO-INF-MR,0.502569
Knapsack,00222-knapsack-n15-w31136-v550310-type3.asp,97,365,0.265753,0.070625,0.018769,3.762887,14.159316,53.279899,0.329897,0.154639,0.0,0.350515,33,0.494845,0.175258,0.175258,AMOCLINGO-INF-MR,0.503005
Knapsack,00223-knapsack-n15-w32338-v632126-type2.asp,97,365,0.265753,0.070625,0.018769,3.762887,14.159316,53.279899,0.329897,0.154639,0.0,0.350515,33,0.494845,0.175258,0.175258,AMOCLINGO-INF-MR,0.502902
Knapsack,00224-knapsack-n15-w30718-v456147-type4.asp,97,365,0.265753,0.070625,0.018769,3.762887,14.159316,53.279899,0.329897,0.154639,0.0,0.350515,33,0.494845,0.175258,0.175258,EOCLINGO-INF-MR,0.531647
Knapsack,00225-knapsack-n15-w30445-v542209-type3.asp,97,365,0.265753,0.070625,0.018769,3.762887,14.159316,53.279899,0.329897,0.154639,0.0,0.350515,33,0.494845,0.175258,0.175258,AMOCLINGO-INF-MR,0.502559
Knapsack,00226-knapsack-n15-w29336-v291706-type3.asp,97,365,0.265753,0.070625,0.018769,3.762887,14.159316,53.279899,0.329897,0.154639,0.0,0.350515,33,0.494845,0.175258,0.175258,CLINGO-AMO,0.155032
Knapsack,00227-knapsack-n15-w30525-v254676-type3.asp,97,365,0.265753,0.070625,0.018769,3.762887,14.159316,53.279899,0.329897,0.154639,0.0,0.350515,33,0.494845,0.175258,0.175258,CLINGO-AMO,0.110962
Knapsack,00228-knapsack-n15-w30109-v471160-type4.asp,97,365,0.265753,0.070625,0.018769,3.762887,14.159316,53.279899,0.329897,0.154639,0.0,0.350515,33,0.494845,0.175258,0.175258,AMOCLINGO-INF-MR,0.502651
Knapsack,00229-knapsack-n15-w29931-v518370-type3.asp,97,365,0.265753,0.070625,0.018769,3.762887,14.159316,53.279899,0.329897,0.154639,0.0,0.350515,33,0.494845,0.175258,0.175258,AMOCLINGO-INF-MR,0.500528
Knapsack,00231-knapsack-n15-w29814-v462079-type4.asp,97,365,0.265753,0.070625,0.018769,3.762887,14.159316,53.279899,0.329897,0.154639,0.0,0.350515,33,0.494845,0.175258,0.175258,AMOCLINGO-INF-MR,0.50169
Knapsack,00233-knapsack-n15-w31349-v460408-type4.asp,97,365,0.265753,0.070625,0.018769,3.762887,14.159316,53.279899,0.329897,0.154639,0.0,0.350515,33,0.494845,0.175258,0.175258,AMOCLINGO-INF-MR,0.504935
Knapsack,00234-knapsack-n15-w29899-v489479-type3.asp,97,365,0.265753,0.070625,0.018769,3.762887,14.159316,53.279899,0.329897,0.154639,0.0,0.350515,33,0.494845,0.175258,0.175258,EOCLINGO-L,0.504253
Knapsack,00235-knapsack-n15-w31761-v171495-type1.asp,97,365,0.265753,0.070625,0.018769,3.762887,14.159316,53.279899,0.329897,0.154639,0.0,0.350515,33,0.494845,0.175258,0.175258,CLINGO-AMO,0.0969739999999999
Knapsack,00236-knapsack-n15-w30128-v462357-type4.asp,97,365,0.265753,0.070625,0.018769,3.762887,14.159316,53.279899,0.329897,0.154639,0.0,0.350515,33,0.494845,0.175258,0.175258,EOCLINGO-L,0.5045189999999999
Knapsack,00237-knapsack-n15-w29899-v1165538-type2.asp,97,365,0.265753,0.070625,0.018769,3.762887,14.159316,53.279899,0.329897,0.154639,0.0,0.350515,33,0.494845,0.175258,0.175258,AMOCLINGO-INF-MR,0.504985
Knapsack,00238-knapsack-n15-w29121-v338654-type3.asp,97,365,0.265753,0.070625,0.018769,3.762887,14.159316,53.279899,0.329897,0.154639,0.0,0.350515,33,0.494845,0.175258,0.175258,EOCLINGO-L,595.163435
Knapsack,00239-knapsack-n15-w30700-v472181-type4.asp,97,365,0.265753,0.070625,0.018769,3.762887,14.159316,53.279899,0.329897,0.154639,0.0,0.350515,33,0.494845,0.175258,0.175258,EOCLINGO-L,0.507055
Knapsack,00240-knapsack-n15-w143628-v732290-type4.asp,97,365,0.265753,0.070625,0.018769,3.762887,14.159316,53.279899,0.329897,0.154639,0.0,0.350515,33,0.494845,0.175258,0.175258,AMOCLINGO-INF-MR,0.503154
Knapsack,00242-knapsack-n15-w142001-v319766-type1.asp,97,365,0.265753,0.070625,0.018769,3.762887,14.159316,53.279899,0.329897,0.154639,0.0,0.350515,33,0.494845,0.175258,0.175258,CLINGO-AMO,0.128214
Knapsack,00243-knapsack-n15-w143897-v385673-type3.asp,97,365,0.265753,0.070625,0.018769,3.762887,14.159316,53.279899,0.329897,0.154639,0.0,0.350515,33,0.494845,0.175258,0.175258,CLINGO-AMO,0.107437
Knapsack,00244-knapsack-n15-w141962-v739542-type4.asp,97,365,0.265753,0.070625,0.018769,3.762887,14.159316,53.279899,0.329897,0.154639,0.0,0.350515,33,0.494845,0.175258,0.175258,AMOCLINGO-INF-MR,0.501018
Knapsack,00245-knapsack-n15-w143226-v728629-type4.asp,97,365,0.265753,0.070625,0.018769,3.762887,14.159316,53.279899,0.329897,0.154639,0.0,0.350515,33,0.494845,0.175258,0.175258,AMOCLINGO-INF-MR,0.5039629999999999
Knapsack,00246-knapsack-n15-w142378-v391685-type3.asp,97,365,0.265753,0.070625,0.018769,3.762887,14.159316,53.279899,0.329897,0.154639,0.0,0.350515,33,0.494845,0.175258,0.175258,CLINGO-AMO,0.113102
Knapsack,00247-knapsack-n15-w142619-v416237-type3.asp,97,365,0.265753,0.070625,0.018769,3.762887,14.159316,53.279899,0.329897,0.154639,0.0,0.350515,33,0.494845,0.175258,0.175258,CLINGO-AMO,0.216177
Knapsack,00248-knapsack-n15-w143163-v739158-type4.asp,97,365,0.265753,0.070625,0.018769,3.762887,14.159316,53.279899,0.329897,0.154639,0.0,0.350515,33,0.494845,0.175258,0.175258,AMOCLINGO-INF-MR,0.503653
Knapsack,00249-knapsack-n15-w143354-v752464-type3.asp,97,365,0.265753,0.070625,0.018769,3.762887,14.159316,53.279899,0.329897,0.154639,0.0,0.350515,33,0.494845,0.175258,0.175258,AMOCLINGO-INF-MR,0.502619
Knapsack,00250-knapsack-n15-w144241-v736480-type4.asp,97,365,0.265753,0.070625,0.018769,3.762887,14.159316,53.279899,0.329897,0.154639,0.0,0.350515,33,0.494845,0.175258,0.175258,EOCLINGO-INF-MR,0.502876
Knapsack,00251-knapsack-n15-w141589-v736314-type4.asp,97,365,0.265753,0.070625,0.018769,3.762887,14.159316,53.279899,0.329897,0.154639,0.0,0.350515,33,0.494845,0.175258,0.175258,AMOCLINGO-INF-MR,0.503418
Knapsack,00252-knapsack-n15-w143886-v4988457-type2.asp,97,365,0.265753,0.070625,0.018769,3.762887,14.159316,53.279899,0.329897,0.154639,0.0,0.350515,33,0.494845,0.175258,0.175258,AMOCLINGO-INF-MR,0.503073
Knapsack,00253-knapsack-n15-w142700-v733450-type4.asp,97,365,0.265753,0.070625,0.018769,3.762887,14.159316,53.279899,0.329897,0.154639,0.0,0.350515,33,0.494845,0.175258,0.175258,AMOCLINGO-INF-MR,0.50431
Knapsack,00254-knapsack-n15-w141993-v657977-type3.asp,97,365,0.265753,0.070625,0.018769,3.762887,14.159316,53.279899,0.329897,0.154639,0.0,0.350515,33,0.494845,0.175258,0.175258,EOCLINGO-INF-MR,1.018825
Knapsack,00255-knapsack-n15-w142628-v847340-type3.asp,97,365,0.265753,0.070625,0.018769,3.762887,14.159316,53.279899,0.329897,0.154639,0.0,0.350515,33,0.494845,0.175258,0.175258,AMOCLINGO-INF-MR,0.503139
Knapsack,00256-knapsack-n15-w144539-v246613-type1.asp,97,365,0.265753,0.070625,0.018769,3.762887,14.159316,53.279899,0.329897,0.154639,0.0,0.350515,33,0.494845,0.175258,0.175258,CLINGO-AMO,0.120292
Knapsack,00257-knapsack-n15-w141442-v730308-type4.asp,97,365,0.265753,0.070625,0.018769,3.762887,14.159316,53.279899,0.329897,0.154639,0.0,0.350515,33,0.494845,0.175258,0.175258,AMOCLINGO-INF-MR,0.5026120000000001
Knapsack,00258-knapsack-n15-w144068-v739112-type4.asp,97,365,0.265753,0.070625,0.018769,3.762887,14.159316,53.279899,0.329897,0.154639,0.0,0.350515,33,0.494845,0.175258,0.175258,EOCLINGO-INF-MR,0.502852
Knapsack,00259-knapsack-n15-w142044-v549108-type3.asp,97,365,0.265753,0.070625,0.018769,3.762887,14.159316,53.279899,0.329897,0.154639,0.0,0.350515,33,0.494845,0.175258,0.175258,AMOCLINGO-INF-MR,0.503093
Knapsack,00260-knapsack-n15-w142470-v733501-type4.asp,97,365,0.265753,0.070625,0.018769,3.762887,14.159316,53.279899,0.329897,0.154639,0.0,0.350515,33,0.494845,0.175258,0.175258,EOCLINGO-INF-MR,0.501993
Knapsack,00261-knapsack-n15-w142110-v731107-type4.asp,97,365,0.265753,0.070625,0.018769,3.762887,14.159316,53.279899,0.329897,0.154639,0.0,0.350515,33,0.494845,0.175258,0.175258,EOCLINGO-INF-MR,0.502931
Knapsack,00262-knapsack-n15-w144531-v303890-type1.asp,97,365,0.265753,0.070625,0.018769,3.762887,14.159316,53.279899,0.329897,0.154639,0.0,0.350515,33,0.494845,0.175258,0.175258,CLINGO-AMO,0.117562
Knapsack,00263-knapsack-n15-w144563-v508335-type3.asp,97,365,0.265753,0.070625,0.018769,3.762887,14.159316,53.279899,0.329897,0.154639,0.0,0.350515,33,0.494845,0.175258,0.175258,CLINGO-AMO,0.279269
Knapsack,00264-knapsack-n15-w144790-v754589-type3.asp,97,365,0.265753,0.070625,0.018769,3.762887,14.159316,53.279899,0.329897,0.154639,0.0,0.350515,33,0.494845,0.175258,0.175258,EOCLINGO-INF-MR,0.503207
Knapsack,00265-knapsack-n15-w142500-v323243-type1.asp,97,365,0.265753,0.070625,0.018769,3.762887,14.159316,53.279899,0.329897,0.154639,0.0,0.350515,33,0.494845,0.175258,0.175258,CLINGO-AMO,0.119157
Knapsack,00266-knapsack-n15-w142285-v725113-type4.asp,97,365,0.265753,0.070625,0.018769,3.762887,14.159316,53.279899,0.329897,0.154639,0.0,0.350515,33,0.494845,0.175258,0.175258,EOCLINGO-INF-MR,0.514531
Knapsack,00267-knapsack-n15-w143068-v732653-type4.asp,97,365,0.265753,0.070625,0.018769,3.762887,14.159316,53.279899,0.329897,0.154639,0.0,0.350515,33,0.494845,0.175258,0.175258,AMOCLINGO-INF-MR,0.506397
Knapsack,00268-knapsack-n15-w140787-v502307-type3.asp,97,365,0.265753,0.070625,0.018769,3.762887,14.159316,53.279899,0.329897,0.154639,0.0,0.350515,33,0.494845,0.175258,0.175258,CLINGO-AMO,0.244916
Knapsack,00269-knapsack-n15-w142549-v3776310-type2.asp,97,365,0.265753,0.070625,0.018769,3.762887,14.159316,53.279899,0.329897,0.154639,0.0,0.350515,33,0.494845,0.175258,0.175258,EOCLINGO-INF-MR,0.503441
Knapsack,00272-knapsack-n20-w16480-v120487-type4.asp,127,485,0.261856,0.068568,0.017955,3.818898,14.583979,55.694724,0.330709,0.15748,0.0,0.346457,43,0.496063,0.173228,0.173228,EOCLINGO-INF-MR,0.507537
Knapsack,00273-knapsack-n20-w16791-v107590-type3.asp,127,485,0.261856,0.068568,0.017955,3.818898,14.583979,55.694724,0.330709,0.15748,0.0,0.346457,43,0.496063,0.173228,0.173228,AMOCLINGO-INF-MR,0.508052
Knapsack,00274-knapsack-n20-w16404-v119925-type3.asp,127,485,0.261856,0.068568,0.017955,3.818898,14.583979,55.694724,0.330709,0.15748,0.0,0.346457,43,0.496063,0.173228,0.173228,EOCLINGO-INF-MR,0.507454
Knapsack,00275-knapsack-n20-w17352-v53860-type1.asp,127,485,0.261856,0.068568,0.017955,3.818898,14.583979,55.694724,0.330709,0.15748,0.0,0.346457,43,0.496063,0.173228,0.173228,CLINGO-AMO,0.162169
Knapsack,00276-knapsack-n20-w16574-v66306-type1.asp,127,485,0.261856,0.068568,0.017955,3.818898,14.583979,55.694724,0.330709,0.15748,0.0,0.346457,43,0.496063,0.173228,0.173228,CLINGO-AMO,0.233311
Knapsack,00278-knapsack-n20-w18818-v110738-type4.asp,127,485,0.261856,0.068568,0.017955,3.818898,14.583979,55.694724,0.330709,0.15748,0.0,0.346457,43,0.496063,0.173228,0.173228,EOCLINGO-L,0.508703
Knapsack,00279-knapsack-n20-w16420-v105162-type4.asp,127,485,0.261856,0.068568,0.017955,3.818898,14.583979,55.694724,0.330709,0.15748,0.0,0.346457,43,0.496063,0.173228,0.173228,AMOCLINGO-L,5.793933999999999
Knapsack,00280-knapsack-n20-w16698-v104074-type4.asp,127,485,0.261856,0.068568,0.017955,3.818898,14.583979,55.694724,0.330709,0.15748,0.0,0.346457,43,0.496063,0.173228,0.173228,AMOCLINGO-L,506.024625
Knapsack,00281-knapsack-n20-w18787-v113019-type4.asp,127,485,0.261856,0.068568,0.017955,3.818898,14.583979,55.694724,0.330709,0.15748,0.0,0.346457,43,0.496063,0.173228,0.173228,AMOCLINGO-INF-MR,0.505
Knapsack,00283-knapsack-n20-w15382-v108596-type3.asp,127,485,0.261856,0.068568,0.017955,3.818898,14.583979,55.694724,0.330709,0.15748,0.0,0.346457,43,0.496063,0.173228,0.173228,EOCLINGO-L,0.5127740000000001
Knapsack,00284-knapsack-n20-w15270-v105918-type4.asp,127,485,0.261856,0.068568,0.017955,3.818898,14.583979,55.694724,0.330709,0.15748,0.0,0.346457,43,0.496063,0.173228,0.173228,AMOCLINGO-L,0.604683
Knapsack,00285-knapsack-n20-w16707-v106906-type4.asp,127,485,0.261856,0.068568,0.017955,3.818898,14.583979,55.694724,0.330709,0.15748,0.0,0.346457,43,0.496063,0.173228,0.173228,AMOCLINGO-INF-MR,0.511506
Knapsack,00286-knapsack-n20-w17310-v132963-type2.asp,127,485,0.261856,0.068568,0.017955,3.818898,14.583979,55.694724,0.330709,0.15748,0.0,0.346457,43,0.496063,0.173228,0.173228,AMOCLINGO-INF-MR,0.50688
Knapsack,00287-knapsack-n20-w17257-v104100-type4.asp,127,485,0.261856,0.068568,0.017955,3.818898,14.583979,55.694724,0.330709,0.15748,0.0,0.346457,43,0.496063,0.173228,0.173228,AMOCLINGO-L,750.335015
Knapsack,00288-knapsack-n20-w16396-v111803-type4.asp,127,485,0.261856,0.068568,0.017955,3.818898,14.583979,55.694724,0.330709,0.15748,0.0,0.346457,43,0.496063,0.173228,0.173228,EOCLINGO-L,0.512171
Knapsack,00290-knapsack-n20-w17854-v77935-type3.asp,127,485,0.261856,0.068568,0.017955,3.818898,14.583979,55.694724,0.330709,0.15748,0.0,0.346457,43,0.496063,0.173228,0.173228,AMOCLINGO-L,0.510081
Knapsack,00291-knapsack-n20-w14990-v113698-type4.asp,127,485,0.261856,0.068568,0.017955,3.818898,14.583979,55.694724,0.330709,0.15748,0.0,0.346457,43,0.496063,0.173228,0.173228,AMOCLINGO-INF-MR,0.5062260000000001
Knapsack,00292-knapsack-n20-w17005-v104160-type4.asp,127,485,0.261856,0.068568,0.017955,3.818898,14.583979,55.694724,0.330709,0.15748,0.0,0.346457,43,0.496063,0.173228,0.173228,AMOCLINGO-L,452.017339
Knapsack,00293-knapsack-n20-w17875-v106851-type4.asp,127,485,0.261856,0.068568,0.017955,3.818898,14.583979,55.694724,0.330709,0.15748,0.0,0.346457,43,0.496063,0.173228,0.173228,EOCLINGO-L,0.522144
Knapsack,00294-knapsack-n20-w16123-v107734-type4.asp,127,485,0.261856,0.068568,0.017955,3.818898,14.583979,55.694724,0.330709,0.15748,0.0,0.346457,43,0.496063,0.173228,0.173228,AMOCLINGO-INF-MR,0.507294
Knapsack,00295-knapsack-n20-w17179-v72517-type3.asp,127,485,0.261856,0.068568,0.017955,3.818898,14.583979,55.694724,0.330709,0.15748,0.0,0.346457,43,0.496063,0.173228,0.173228,CLINGO-AMO,0.494292
Knapsack,00296-knapsack-n20-w16126-v112367-type4.asp,127,485,0.261856,0.068568,0.017955,3.818898,14.583979,55.694724,0.330709,0.15748,0.0,0.346457,43,0.496063,0.173228,0.173228,AMOCLINGO-INF-MR,0.506924
Knapsack,00297-knapsack-n20-w17960-v105055-type4.asp,127,485,0.261856,0.068568,0.017955,3.818898,14.583979,55.694724,0.330709,0.15748,0.0,0.346457,43,0.496063,0.173228,0.173228,AMOCLINGO-L,101.621986
Knapsack,00298-knapsack-n20-w17401-v112537-type4.asp,127,485,0.261856,0.068568,0.017955,3.818898,14.583979,55.694724,0.330709,0.15748,0.0,0.346457,43,0.496063,0.173228,0.173228,EOCLINGO-L,0.51049
Knapsack,00299-knapsack-n20-w17122-v266017-type2.asp,127,485,0.261856,0.068568,0.017955,3.818898,14.583979,55.694724,0.330709,0.15748,0.0,0.346457,43,0.496063,0.173228,0.173228,AMOCLINGO-L,0.510219
Knapsack,00301-knapsack-n20-w41355-v643069-type4.asp,127,485,0.261856,0.068568,0.017955,3.818898,14.583979,55.694724,0.330709,0.15748,0.0,0.346457,43,0.496063,0.173228,0.173228,EOCLINGO-L,0.510916
Knapsack,00302-knapsack-n20-w42653-v645750-type4.asp,127,485,0.261856,0.068568,0.017955,3.818898,14.583979,55.694724,0.330709,0.15748,0.0,0.346457,43,0.496063,0.173228,0.173228,AMOCLINGO-L,0.5103500000000001
Knapsack,00303-knapsack-n20-w40122-v638280-type4.asp,127,485,0.261856,0.068568,0.017955,3.818898,14.583979,55.694724,0.330709,0.15748,0.0,0.346457,43,0.496063,0.173228,0.173228,EOCLINGO-INF-MR,0.64025
Knapsack,00305-knapsack-n20-w41787-v658938-type3.asp,127,485,0.261856,0.068568,0.017955,3.818898,14.583979,55.694724,0.330709,0.15748,0.0,0.346457,43,0.496063,0.173228,0.173228,EOCLINGO-INF-MR,0.508395
Knapsack,00306-knapsack-n20-w41726-v647489-type4.asp,127,485,0.261856,0.068568,0.017955,3.818898,14.583979,55.694724,0.330709,0.15748,0.0,0.346457,43,0.496063,0.173228,0.173228,EOCLINGO-L,0.507604
Knapsack,00307-knapsack-n20-w40645-v643843-type4.asp,127,485,0.261856,0.068568,0.017955,3.818898,14.583979,55.694724,0.330709,0.15748,0.0,0.346457,43,0.496063,0.173228,0.173228,EOCLINGO-L,0.509072
Knapsack,00308-knapsack-n20-w39918-v106761-type1.asp,127,485,0.261856,0.068568,0.017955,3.818898,14.583979,55.694724,0.330709,0.15748,0.0,0.346457,43,0.496063,0.173228,0.173228,CLINGO-AMO,0.102767
Knapsack,00309-knapsack-n20-w40762-v441776-type3.asp,127,485,0.261856,0.068568,0.017955,3.818898,14.583979,55.694724,0.330709,0.15748,0.0,0.346457,43,0.496063,0.173228,0.173228,CLINGO-AMO,0.421078
Knapsack,00310-knapsack-n20-w40362-v651936-type4.asp,127,485,0.261856,0.068568,0.017955,3.818898,14.583979,55.694724,0.330709,0.15748,0.0,0.346457,43,0.496063,0.173228,0.173228,EOCLINGO-L,0.507233
Knapsack,00312-knapsack-n20-w41618-v5483966-type2.asp,127,485,0.261856,0.068568,0.017955,3.818898,14.583979,55.694724,0.330709,0.15748,0.0,0.346457,43,0.496063,0.173228,0.173228,AMOCLINGO-INF-MR,0.5079170000000001
Knapsack,00313-knapsack-n20-w40573-v484049-type1.asp,127,485,0.261856,0.068568,0.017955,3.818898,14.583979,55.694724,0.330709,0.15748,0.0,0.346457,43,0.496063,0.173228,0.173228,AMOCLINGO-L,0.5242910000000001
Knapsack,00314-knapsack-n20-w41503-v643581-type4.asp,127,485,0.261856,0.068568,0.017955,3.818898,14.583979,55.694724,0.330709,0.15748,0.0,0.346457,43,0.496063,0.173228,0.173228,EOCLINGO-L,0.5111600000000001
Knapsack,00315-knapsack-n20-w42874-v473584-type3.asp,127,485,0.261856,0.068568,0.017955,3.818898,14.583979,55.694724,0.330709,0.15748,0.0,0.346457,43,0.496063,0.173228,0.173228,EOCLINGO-L,0.510727
Knapsack,00316-knapsack-n20-w40993-v423144-type3.asp,127,485,0.261856,0.068568,0.017955,3.818898,14.583979,55.694724,0.330709,0.15748,0.0,0.346457,43,0.496063,0.173228,0.173228,CLINGO-AMO,0.326411
Knapsack,00317-knapsack-n20-w41391-v642930-type4.asp,127,485,0.261856,0.068568,0.017955,3.818898,14.583979,55.694724,0.330709,0.15748,0.0,0.346457,43,0.496063,0.173228,0.173228,EOCLINGO-INF-MR,0.508912
Knapsack,00318-knapsack-n20-w41698-v647760-type4.asp,127,485,0.261856,0.068568,0.017955,3.818898,14.583979,55.694724,0.330709,0.15748,0.0,0.346457,43,0.496063,0.173228,0.173228,AMOCLINGO-L,0.508241
Knapsack,00320-knapsack-n20-w41408-v648501-type4.asp,127,485,0.261856,0.068568,0.017955,3.818898,14.583979,55.694724,0.330709,0.15748,0.0,0.346457,43,0.496063,0.173228,0.173228,EOCLINGO-L,0.507542
Knapsack,00321-knapsack-n20-w41085-v702989-type3.asp,127,485,0.261856,0.068568,0.017955,3.818898,14.583979,55.694724,0.330709,0.15748,0.0,0.346457,43,0.496063,0.173228,0.173228,AMOCLINGO-INF-MR,0.50729
Knapsack,00322-knapsack-n20-w42135-v484520-type3.asp,127,485,0.261856,0.068568,0.017955,3.818898,14.583979,55.694724,0.330709,0.15748,0.0,0.346457,43,0.496063,0.173228,0.173228,AMOCLINGO-L,0.525221
Knapsack,00323-knapsack-n20-w39718-v340435-type3.asp,127,485,0.261856,0.068568,0.017955,3.818898,14.583979,55.694724,0.330709,0.15748,0.0,0.346457,43,0.496063,0.173228,0.173228,CLINGO-AMO,0.163968
Knapsack,00324-knapsack-n20-w40270-v410016-type3.asp,127,485,0.261856,0.068568,0.017955,3.818898,14.583979,55.694724,0.330709,0.15748,0.0,0.346457,43,0.496063,0.173228,0.173228,CLINGO-AMO,0.31991
Knapsack,00326-knapsack-n20-w40327-v758951-type3.asp,127,485,0.261856,0.068568,0.017955,3.818898,14.583979,55.694724,0.330709,0.15748,0.0,0.346457,43,0.496063,0.173228,0.173228,AMOCLINGO-INF-MR,0.507441
Knapsack,00327-knapsack-n20-w41224-v644914-type4.asp,127,485,0.261856,0.068568,0.017955,3.818898,14.583979,55.694724,0.330709,0.15748,0.0,0.346457,43,0.496063,0.173228,0.173228,EOCLINGO-L,0.507625
Knapsack,00328-knapsack-n20-w43471-v640466-type4.asp,127,485,0.261856,0.068568,0.017955,3.818898,14.583979,55.694724,0.330709,0.15748,0.0,0.346457,43,0.496063,0.173228,0.173228,EOCLINGO-INF-MR,0.525804
Knapsack,00329-knapsack-n20-w40010-v2122497-type2.asp,127,485,0.261856,0.068568,0.017955,3.818898,14.583979,55.694724,0.330709,0.15748,0.0,0.346457,43,0.496063,0.173228,0.173228,EOCLINGO-L,0.507503
Knapsack,00330-knapsack-n20-w161199-v1566993-type3.asp,127,485,0.261856,0.068568,0.017955,3.818898,14.583979,55.694724,0.330709,0.15748,0.0,0.346457,43,0.496063,0.173228,0.173228,EOCLINGO-INF-MR,0.50587
Knapsack,00331-knapsack-n20-w160523-v1357524-type4.asp,127,485,0.261856,0.068568,0.017955,3.818898,14.583979,55.694724,0.330709,0.15748,0.0,0.346457,43,0.496063,0.173228,0.173228,EOCLINGO-L,0.507622
Knapsack,00332-knapsack-n20-w162010-v703554-type3.asp,127,485,0.261856,0.068568,0.017955,3.818898,14.583979,55.694724,0.330709,0.15748,0.0,0.346457,43,0.496063,0.173228,0.173228,CLINGO-AMO,0.23599
Knapsack,00333-knapsack-n20-w161422-v1357693-type4.asp,127,485,0.261856,0.068568,0.017955,3.818898,14.583979,55.694724,0.330709,0.15748,0.0,0.346457,43,0.496063,0.173228,0.173228,AMOCLINGO-L,0.508265
Knapsack,00334-knapsack-n20-w161210-v5009668-type2.asp,127,485,0.261856,0.068568,0.017955,3.818898,14.583979,55.694724,0.330709,0.15748,0.0,0.346457,43,0.496063,0.173228,0.173228,EOCLINGO-INF-MR,0.5078469999999999
Knapsack,00335-knapsack-n20-w160208-v1381236-type3.asp,127,485,0.261856,0.068568,0.017955,3.818898,14.583979,55.694724,0.330709,0.15748,0.0,0.346457,43,0.496063,0.173228,0.173228,EOCLINGO-INF-MR,0.506493
Knapsack,00336-knapsack-n20-w161242-v1353756-type4.asp,127,485,0.261856,0.068568,0.017955,3.818898,14.583979,55.694724,0.330709,0.15748,0.0,0.346457,43,0.496063,0.173228,0.173228,AMOCLINGO-L,0.510861
Knapsack,00338-knapsack-n20-w160034-v1558875-type3.asp,127,485,0.261856,0.068568,0.017955,3.818898,14.583979,55.694724,0.330709,0.15748,0.0,0.346457,43,0.496063,0.173228,0.173228,EOCLINGO-INF-MR,0.506392
Knapsack,00339-knapsack-n20-w161975-v821165-type3.asp,127,485,0.261856,0.068568,0.017955,3.818898,14.583979,55.694724,0.330709,0.15748,0.0,0.346457,43,0.496063,0.173228,0.173228,CLINGO-AMO,0.244565
Knapsack,00340-knapsack-n20-w160497-v1147735-type1.asp,127,485,0.261856,0.068568,0.017955,3.818898,14.583979,55.694724,0.330709,0.15748,0.0,0.346457,43,0.496063,0.173228,0.173228,AMOCLINGO-L,1.1533030000000002
Knapsack,00341-knapsack-n20-w160778-v1568902-type3.asp,127,485,0.261856,0.068568,0.017955,3.818898,14.583979,55.694724,0.330709,0.15748,0.0,0.346457,43,0.496063,0.173228,0.173228,EOCLINGO-INF-MR,0.50517
Knapsack,00342-knapsack-n20-w161641-v2163183-type2.asp,127,485,0.261856,0.068568,0.017955,3.818898,14.583979,55.694724,0.330709,0.15748,0.0,0.346457,43,0.496063,0.173228,0.173228,AMOCLINGO-INF-MR,0.506213
Knapsack,00343-knapsack-n20-w161820-v1484794-type3.asp,127,485,0.261856,0.068568,0.017955,3.818898,14.583979,55.694724,0.330709,0.15748,0.0,0.346457,43,0.496063,0.173228,0.173228,EOCLINGO-INF-MR,0.508377
Knapsack,00344-knapsack-n20-w160830-v1358959-type4.asp,127,485,0.261856,0.068568,0.017955,3.818898,14.583979,55.694724,0.330709,0.15748,0.0,0.346457,43,0.496063,0.173228,0.173228,AMOCLINGO-L,0.5082139999999999
Knapsack,00345-knapsack-n20-w160281-v1473440-type3.asp,127,485,0.261856,0.068568,0.017955,3.818898,14.583979,55.694724,0.330709,0.15748,0.0,0.346457,43,0.496063,0.173228,0.173228,EOCLINGO-INF-MR,0.50695
Knapsack,00346-knapsack-n20-w163281-v12503051-type2.asp,127,485,0.261856,0.068568,0.017955,3.818898,14.583979,55.694724,0.330709,0.15748,0.0,0.346457,43,0.496063,0.173228,0.173228,WASP-AMO,0.099674
Knapsack,00347-knapsack-n20-w160878-v8693640-type2.asp,127,485,0.261856,0.068568,0.017955,3.818898,14.583979,55.694724,0.330709,0.15748,0.0,0.346457,43,0.496063,0.173228,0.173228,AMOCLINGO-INF-MR,0.507482
Knapsack,00348-knapsack-n20-w161581-v1360647-type4.asp,127,485,0.261856,0.068568,0.017955,3.818898,14.583979,55.694724,0.330709,0.15748,0.0,0.346457,43,0.496063,0.173228,0.173228,AMOCLINGO-L,0.508616
Knapsack,00349-knapsack-n20-w162081-v1372046-type4.asp,127,485,0.261856,0.068568,0.017955,3.818898,14.583979,55.694724,0.330709,0.15748,0.0,0.346457,43,0.496063,0.173228,0.173228,AMOCLINGO-INF-MR,0.5066930000000001
Knapsack,00350-knapsack-n20-w163155-v795016-type3.asp,127,485,0.261856,0.068568,0.017955,3.818898,14.583979,55.694724,0.330709,0.15748,0.0,0.346457,43,0.496063,0.173228,0.173228,CLINGO-AMO,0.214688
Knapsack,00351-knapsack-n20-w162412-v1354310-type4.asp,127,485,0.261856,0.068568,0.017955,3.818898,14.583979,55.694724,0.330709,0.15748,0.0,0.346457,43,0.496063,0.173228,0.173228,AMOCLINGO-L,0.509292
Knapsack,00352-knapsack-n20-w161405-v12306558-type2.asp,127,485,0.261856,0.068568,0.017955,3.818898,14.583979,55.694724,0.330709,0.15748,0.0,0.346457,43,0.496063,0.173228,0.173228,CLINGO-AMO,0.112841
Knapsack,00353-knapsack-n20-w161345-v1351042-type4.asp,127,485,0.261856,0.068568,0.017955,3.818898,14.583979,55.694724,0.330709,0.15748,0.0,0.346457,43,0.496063,0.173228,0.173228,AMOCLINGO-INF-MR,0.511526
Knapsack,00354-knapsack-n20-w160744-v1357817-type4.asp,127,485,0.261856,0.068568,0.017955,3.818898,14.583979,55.694724,0.330709,0.15748,0.0,0.346457,43,0.496063,0.173228,0.173228,AMOCLINGO-INF-MR,0.5063679999999999
Knapsack,00355-knapsack-n20-w159533-v1338721-type3.asp,127,485,0.261856,0.068568,0.017955,3.818898,14.583979,55.694724,0.330709,0.15748,0.0,0.346457,43,0.496063,0.173228,0.173228,EOCLINGO-INF-MR,1.169674
Knapsack,00356-knapsack-n20-w160505-v687699-type1.asp,127,485,0.261856,0.068568,0.017955,3.818898,14.583979,55.694724,0.330709,0.15748,0.0,0.346457,43,0.496063,0.173228,0.173228,CLINGO-AMO,0.182955
Knapsack,00358-knapsack-n20-w162315-v947315-type3.asp,127,485,0.261856,0.068568,0.017955,3.818898,14.583979,55.694724,0.330709,0.15748,0.0,0.346457,43,0.496063,0.173228,0.173228,CLINGO-AMO,0.454097
Knapsack,00359-knapsack-n20-w159477-v1357110-type4.asp,127,485,0.261856,0.068568,0.017955,3.818898,14.583979,55.694724,0.330709,0.15748,0.0,0.346457,43,0.496063,0.173228,0.173228,AMOCLINGO-INF-MR,0.506697
Knapsack,00360-knapsack-n25-w14712-v165582-type4.asp,157,605,0.259504,0.067342,0.017476,3.853503,14.849487,57.222545,0.33121,0.159236,0.0,0.343949,53,0.496815,0.171975,0.171975,EOCLINGO-INF-MR,0.510361
Knapsack,00363-knapsack-n25-w18256-v161804-type4.asp,157,605,0.259504,0.067342,0.017476,3.853503,14.849487,57.222545,0.33121,0.159236,0.0,0.343949,53,0.496815,0.171975,0.171975,EOCLINGO-L,114.145672
Knapsack,00365-knapsack-n25-w18763-v99908-type3.asp,157,605,0.259504,0.067342,0.017476,3.853503,14.849487,57.222545,0.33121,0.159236,0.0,0.343949,53,0.496815,0.171975,0.171975,CLINGO-AMO,0.408199
Knapsack,00368-knapsack-n25-w18334-v196807-type3.asp,157,605,0.259504,0.067342,0.017476,3.853503,14.849487,57.222545,0.33121,0.159236,0.0,0.343949,53,0.496815,0.171975,0.171975,AMOCLINGO-INF-MR,0.511161
Knapsack,00369-knapsack-n25-w17481-v165113-type4.asp,157,605,0.259504,0.067342,0.017476,3.853503,14.849487,57.222545,0.33121,0.159236,0.0,0.343949,53,0.496815,0.171975,0.171975,AMOCLINGO-INF-MR,0.511095
Knapsack,00370-knapsack-n25-w16693-v182123-type3.asp,157,605,0.259504,0.067342,0.017476,3.853503,14.849487,57.222545,0.33121,0.159236,0.0,0.343949,53,0.496815,0.171975,0.171975,AMOCLINGO-INF-MR,0.509153
Knapsack,00371-knapsack-n25-w17102-v186925-type3.asp,157,605,0.259504,0.067342,0.017476,3.853503,14.849487,57.222545,0.33121,0.159236,0.0,0.343949,53,0.496815,0.171975,0.171975,AMOCLINGO-INF-MR,0.511185
Knapsack,00372-knapsack-n25-w16085-v167268-type4.asp,157,605,0.259504,0.067342,0.017476,3.853503,14.849487,57.222545,0.33121,0.159236,0.0,0.343949,53,0.496815,0.171975,0.171975,AMOCLINGO-INF-MR,0.510124
Knapsack,00373-knapsack-n25-w17412-v171363-type3.asp,157,605,0.259504,0.067342,0.017476,3.853503,14.849487,57.222545,0.33121,0.159236,0.0,0.343949,53,0.496815,0.171975,0.171975,AMOCLINGO-INF-MR,0.511494
Knapsack,00374-knapsack-n25-w17438-v84826-type3.asp,157,605,0.259504,0.067342,0.017476,3.853503,14.849487,57.222545,0.33121,0.159236,0.0,0.343949,53,0.496815,0.171975,0.171975,CLINGO-AMO,0.2406879999999999
Knapsack,00375-knapsack-n25-w14874-v83834-type3.asp,157,605,0.259504,0.067342,0.017476,3.853503,14.849487,57.222545,0.33121,0.159236,0.0,0.343949,53,0.496815,0.171975,0.171975,CLINGO-AMO,0.454715
Knapsack,00376-knapsack-n25-w18155-v129638-type3.asp,157,605,0.259504,0.067342,0.017476,3.853503,14.849487,57.222545,0.33121,0.159236,0.0,0.343949,53,0.496815,0.171975,0.171975,AMOCLINGO-L,0.5369929999999999
Knapsack,00377-knapsack-n25-w17798-v165683-type4.asp,157,605,0.259504,0.067342,0.017476,3.853503,14.849487,57.222545,0.33121,0.159236,0.0,0.343949,53,0.496815,0.171975,0.171975,AMOCLINGO-INF-MR,0.510493
Knapsack,00379-knapsack-n25-w18161-v125808-type3.asp,157,605,0.259504,0.067342,0.017476,3.853503,14.849487,57.222545,0.33121,0.159236,0.0,0.343949,53,0.496815,0.171975,0.171975,AMOCLINGO-L,0.52925
Knapsack,00380-knapsack-n25-w17102-v163950-type4.asp,157,605,0.259504,0.067342,0.017476,3.853503,14.849487,57.222545,0.33121,0.159236,0.0,0.343949,53,0.496815,0.171975,0.171975,AMOCLINGO-L,0.514811
Knapsack,00381-knapsack-n25-w20058-v164028-type4.asp,157,605,0.259504,0.067342,0.017476,3.853503,14.849487,57.222545,0.33121,0.159236,0.0,0.343949,53,0.496815,0.171975,0.171975,AMOCLINGO-INF-MR,0.513667
Knapsack,00382-knapsack-n25-w15907-v163273-type1.asp,157,605,0.259504,0.067342,0.017476,3.853503,14.849487,57.222545,0.33121,0.159236,0.0,0.343949,53,0.496815,0.171975,0.171975,EOCLINGO-L,0.546047
Knapsack,00383-knapsack-n25-w17717-v182149-type3.asp,157,605,0.259504,0.067342,0.017476,3.853503,14.849487,57.222545,0.33121,0.159236,0.0,0.343949,53,0.496815,0.171975,0.171975,AMOCLINGO-INF-MR,0.51021
Knapsack,00384-knapsack-n25-w16356-v96975-type1.asp,157,605,0.259504,0.067342,0.017476,3.853503,14.849487,57.222545,0.33121,0.159236,0.0,0.343949,53,0.496815,0.171975,0.171975,CLINGO-AMO,0.356209
Knapsack,00385-knapsack-n25-w17401-v171468-type4.asp,157,605,0.259504,0.067342,0.017476,3.853503,14.849487,57.222545,0.33121,0.159236,0.0,0.343949,53,0.496815,0.171975,0.171975,AMOCLINGO-INF-MR,0.5107590000000001
Knapsack,00386-knapsack-n25-w17778-v165645-type4.asp,157,605,0.259504,0.067342,0.017476,3.853503,14.849487,57.222545,0.33121,0.159236,0.0,0.343949,53,0.496815,0.171975,0.171975,AMOCLINGO-INF-MR,0.510046
Knapsack,00388-knapsack-n25-w17288-v170405-type4.asp,157,605,0.259504,0.067342,0.017476,3.853503,14.849487,57.222545,0.33121,0.159236,0.0,0.343949,53,0.496815,0.171975,0.171975,AMOCLINGO-INF-MR,0.509947
Knapsack,00389-knapsack-n25-w16392-v118033-type3.asp,157,605,0.259504,0.067342,0.017476,3.853503,14.849487,57.222545,0.33121,0.159236,0.0,0.343949,53,0.496815,0.171975,0.171975,EOCLINGO-L,0.525523
Knapsack,00390-knapsack-n25-w53996-v678714-type4.asp,157,605,0.259504,0.067342,0.017476,3.853503,14.849487,57.222545,0.33121,0.159236,0.0,0.343949,53,0.496815,0.171975,0.171975,AMOCLINGO-L,0.514501
Knapsack,00391-knapsack-n25-w55374-v671798-type4.asp,157,605,0.259504,0.067342,0.017476,3.853503,14.849487,57.222545,0.33121,0.159236,0.0,0.343949,53,0.496815,0.171975,0.171975,AMOCLINGO-INF-MR,0.5152490000000001
Knapsack,00392-knapsack-n25-w54454-v680584-type4.asp,157,605,0.259504,0.067342,0.017476,3.853503,14.849487,57.222545,0.33121,0.159236,0.0,0.343949,53,0.496815,0.171975,0.171975,EOCLINGO-L,0.512774
Knapsack,00393-knapsack-n25-w53002-v676394-type4.asp,157,605,0.259504,0.067342,0.017476,3.853503,14.849487,57.222545,0.33121,0.159236,0.0,0.343949,53,0.496815,0.171975,0.171975,EOCLINGO-L,0.510474
Knapsack,00394-knapsack-n25-w53569-v675499-type4.asp,157,605,0.259504,0.067342,0.017476,3.853503,14.849487,57.222545,0.33121,0.159236,0.0,0.343949,53,0.496815,0.171975,0.171975,AMOCLINGO-INF-MR,0.510861
Knapsack,00395-knapsack-n25-w54156-v761291-type3.asp,157,605,0.259504,0.067342,0.017476,3.853503,14.849487,57.222545,0.33121,0.159236,0.0,0.343949,53,0.496815,0.171975,0.171975,AMOCLINGO-INF-MR,0.51165
Knapsack,00396-knapsack-n25-w53560-v679625-type4.asp,157,605,0.259504,0.067342,0.017476,3.853503,14.849487,57.222545,0.33121,0.159236,0.0,0.343949,53,0.496815,0.171975,0.171975,AMOCLINGO-INF-MR,0.510664
Knapsack,00397-knapsack-n25-w53451-v353998-type3.asp,157,605,0.259504,0.067342,0.017476,3.853503,14.849487,57.222545,0.33121,0.159236,0.0,0.343949,53,0.496815,0.171975,0.171975,CLINGO-AMO,0.392271
Knapsack,00398-knapsack-n25-w51319-v692795-type3.asp,157,605,0.259504,0.067342,0.017476,3.853503,14.849487,57.222545,0.33121,0.159236,0.0,0.343949,53,0.496815,0.171975,0.171975,AMOCLINGO-INF-MR,0.509749
Knapsack,00399-knapsack-n25-w52157-v663908-type4.asp,157,605,0.259504,0.067342,0.017476,3.853503,14.849487,57.222545,0.33121,0.159236,0.0,0.343949,53,0.496815,0.171975,0.171975,EOCLINGO-L,195.679244
Knapsack,00401-knapsack-n25-w53106-v670066-type4.asp,157,605,0.259504,0.067342,0.017476,3.853503,14.849487,57.222545,0.33121,0.159236,0.0,0.343949,53,0.496815,0.171975,0.171975,EOCLINGO-INF-MR,0.552158
Knapsack,00402-knapsack-n25-w52411-v378629-type3.asp,157,605,0.259504,0.067342,0.017476,3.853503,14.849487,57.222545,0.33121,0.159236,0.0,0.343949,53,0.496815,0.171975,0.171975,AMOCLINGO-L,0.5104690000000001
Knapsack,00403-knapsack-n25-w54466-v411808-type3.asp,157,605,0.259504,0.067342,0.017476,3.853503,14.849487,57.222545,0.33121,0.159236,0.0,0.343949,53,0.496815,0.171975,0.171975,CLINGO-AMO,0.364019
Knapsack,00404-knapsack-n25-w54269-v344768-type3.asp,157,605,0.259504,0.067342,0.017476,3.853503,14.849487,57.222545,0.33121,0.159236,0.0,0.343949,53,0.496815,0.171975,0.171975,CLINGO-AMO,0.3193899999999999
Knapsack,00405-knapsack-n25-w54201-v676789-type4.asp,157,605,0.259504,0.067342,0.017476,3.853503,14.849487,57.222545,0.33121,0.159236,0.0,0.343949,53,0.496815,0.171975,0.171975,AMOCLINGO-INF-MR,0.511447
Knapsack,00406-knapsack-n25-w54694-v424320-type1.asp,157,605,0.259504,0.067342,0.017476,3.853503,14.849487,57.222545,0.33121,0.159236,0.0,0.343949,53,0.496815,0.171975,0.171975,AMOCLINGO-INF-MR,0.514833
Knapsack,00407-knapsack-n25-w53126-v730286-type3.asp,157,605,0.259504,0.067342,0.017476,3.853503,14.849487,57.222545,0.33121,0.159236,0.0,0.343949,53,0.496815,0.171975,0.171975,AMOCLINGO-INF-MR,0.508026
Knapsack,00408-knapsack-n25-w54354-v685190-type4.asp,157,605,0.259504,0.067342,0.017476,3.853503,14.849487,57.222545,0.33121,0.159236,0.0,0.343949,53,0.496815,0.171975,0.171975,AMOCLINGO-INF-MR,0.507361
Knapsack,00409-knapsack-n25-w55826-v510262-type3.asp,157,605,0.259504,0.067342,0.017476,3.853503,14.849487,57.222545,0.33121,0.159236,0.0,0.343949,53,0.496815,0.171975,0.171975,EOCLINGO-L,0.5163960000000001
Knapsack,00410-knapsack-n25-w52604-v665893-type4.asp,157,605,0.259504,0.067342,0.017476,3.853503,14.849487,57.222545,0.33121,0.159236,0.0,0.343949,53,0.496815,0.171975,0.171975,EOCLINGO-INF-MR,16.889506
Knapsack,00411-knapsack-n25-w53246-v386372-type3.asp,157,605,0.259504,0.067342,0.017476,3.853503,14.849487,57.222545,0.33121,0.159236,0.0,0.343949,53,0.496815,0.171975,0.171975,EOCLINGO-INF-MR,0.511451
Knapsack,00412-knapsack-n25-w52750-v702708-type3.asp,157,605,0.259504,0.067342,0.017476,3.853503,14.849487,57.222545,0.33121,0.159236,0.0,0.343949,53,0.496815,0.171975,0.171975,EOCLINGO-INF-MR,0.510683
Knapsack,00413-knapsack-n25-w54051-v780099-type3.asp,157,605,0.259504,0.067342,0.017476,3.853503,14.849487,57.222545,0.33121,0.159236,0.0,0.343949,53,0.496815,0.171975,0.171975,EOCLINGO-L,0.509398
Knapsack,00414-knapsack-n25-w55318-v669999-type4.asp,157,605,0.259504,0.067342,0.017476,3.853503,14.849487,57.222545,0.33121,0.159236,0.0,0.343949,53,0.496815,0.171975,0.171975,EOCLINGO-INF-MR,0.552717
Knapsack,00415-knapsack-n25-w54463-v677499-type4.asp,157,605,0.259504,0.067342,0.017476,3.853503,14.849487,57.222545,0.33121,0.159236,0.0,0.343949,53,0.496815,0.171975,0.171975,AMOCLINGO-INF-MR,0.513173
Knapsack,00416-knapsack-n25-w54606-v673052-type3.asp,157,605,0.259504,0.067342,0.017476,3.853503,14.849487,57.222545,0.33121,0.159236,0.0,0.343949,53,0.496815,0.171975,0.171975,AMOCLINGO-INF-MR,0.510387
Knapsack,00417-knapsack-n25-w52622-v670936-type4.asp,157,605,0.259504,0.067342,0.017476,3.853503,14.849487,57.222545,0.33121,0.159236,0.0,0.343949,53,0.496815,0.171975,0.171975,AMOCLINGO-INF-MR,0.518221
Knapsack,00418-knapsack-n25-w52495-v677217-type4.asp,157,605,0.259504,0.067342,0.017476,3.853503,14.849487,57.222545,0.33121,0.159236,0.0,0.343949,53,0.496815,0.171975,0.171975,AMOCLINGO-INF-MR,0.512053
Knapsack,00419-knapsack-n25-w53443-v422107-type1.asp,157,605,0.259504,0.067342,0.017476,3.853503,14.849487,57.222545,0.33121,0.159236,0.0,0.343949,53,0.496815,0.171975,0.171975,AMOCLINGO-INF-MR,0.510953
Knapsack,00420-knapsack-n25-w202529-v1525221-type4.asp,157,605,0.259504,0.067342,0.017476,3.853503,14.849487,57.222545,0.33121,0.159236,0.0,0.343949,53,0.496815,0.171975,0.171975,AMOCLINGO-INF-MR,0.509253
Knapsack,00422-knapsack-n25-w201263-v1530341-type4.asp,157,605,0.259504,0.067342,0.017476,3.853503,14.849487,57.222545,0.33121,0.159236,0.0,0.343949,53,0.496815,0.171975,0.171975,AMOCLINGO-INF-MR,0.51096
Knapsack,00423-knapsack-n25-w200717-v1813567-type2.asp,157,605,0.259504,0.067342,0.017476,3.853503,14.849487,57.222545,0.33121,0.159236,0.0,0.343949,53,0.496815,0.171975,0.171975,AMOCLINGO-INF-MR,0.508469
Knapsack,00424-knapsack-n25-w201759-v892179-type3.asp,157,605,0.259504,0.067342,0.017476,3.853503,14.849487,57.222545,0.33121,0.159236,0.0,0.343949,53,0.496815,0.171975,0.171975,CLINGO-AMO,0.45998
Knapsack,00425-knapsack-n25-w199725-v1090254-type3.asp,157,605,0.259504,0.067342,0.017476,3.853503,14.849487,57.222545,0.33121,0.159236,0.0,0.343949,53,0.496815,0.171975,0.171975,EOCLINGO-INF-MR,0.5148780000000001
Knapsack,00426-knapsack-n25-w201358-v1530114-type4.asp,157,605,0.259504,0.067342,0.017476,3.853503,14.849487,57.222545,0.33121,0.159236,0.0,0.343949,53,0.496815,0.171975,0.171975,AMOCLINGO-L,0.512367
Knapsack,00427-knapsack-n25-w201035-v1525188-type4.asp,157,605,0.259504,0.067342,0.017476,3.853503,14.849487,57.222545,0.33121,0.159236,0.0,0.343949,53,0.496815,0.171975,0.171975,AMOCLINGO-INF-MR,0.5109210000000001
Knapsack,00428-knapsack-n25-w203684-v11172024-type2.asp,157,605,0.259504,0.067342,0.017476,3.853503,14.849487,57.222545,0.33121,0.159236,0.0,0.343949,53,0.496815,0.171975,0.171975,AMOCLINGO-INF-MR,0.510883
Knapsack,00429-knapsack-n25-w202129-v15174113-type2.asp,157,605,0.259504,0.067342,0.017476,3.853503,14.849487,57.222545,0.33121,0.159236,0.0,0.343949,53,0.496815,0.171975,0.171975,CLINGO-AMO,0.085967
Knapsack,00430-knapsack-n25-w201230-v5705029-type2.asp,157,605,0.259504,0.067342,0.017476,3.853503,14.849487,57.222545,0.33121,0.159236,0.0,0.343949,53,0.496815,0.171975,0.171975,AMOCLINGO-INF-MR,0.506647
Knapsack,00431-knapsack-n25-w202063-v1530654-type4.asp,157,605,0.259504,0.067342,0.017476,3.853503,14.849487,57.222545,0.33121,0.159236,0.0,0.343949,53,0.496815,0.171975,0.171975,AMOCLINGO-L,0.510429
Knapsack,00432-knapsack-n25-w202646-v1534892-type4.asp,157,605,0.259504,0.067342,0.017476,3.853503,14.849487,57.222545,0.33121,0.159236,0.0,0.343949,53,0.496815,0.171975,0.171975,AMOCLINGO-INF-MR,0.509461
Knapsack,00433-knapsack-n25-w203232-v5786023-type2.asp,157,605,0.259504,0.067342,0.017476,3.853503,14.849487,57.222545,0.33121,0.159236,0.0,0.343949,53,0.496815,0.171975,0.171975,AMOCLINGO-INF-MR,0.510255
Knapsack,00434-knapsack-n25-w202813-v1533916-type4.asp,157,605,0.259504,0.067342,0.017476,3.853503,14.849487,57.222545,0.33121,0.159236,0.0,0.343949,53,0.496815,0.171975,0.171975,EOCLINGO-L,0.510342
Knapsack,00435-knapsack-n25-w201978-v1122953-type3.asp,157,605,0.259504,0.067342,0.017476,3.853503,14.849487,57.222545,0.33121,0.159236,0.0,0.343949,53,0.496815,0.171975,0.171975,AMOCLINGO-L,0.512203
Knapsack,00436-knapsack-n25-w201861-v874803-type3.asp,157,605,0.259504,0.067342,0.017476,3.853503,14.849487,57.222545,0.33121,0.159236,0.0,0.343949,53,0.496815,0.171975,0.171975,CLINGO-AMO,0.262278
Knapsack,00437-knapsack-n25-w202072-v1036480-type3.asp,157,605,0.259504,0.067342,0.017476,3.853503,14.849487,57.222545,0.33121,0.159236,0.0,0.343949,53,0.496815,0.171975,0.171975,AMOCLINGO-INF-MR,0.512201
Knapsack,00440-knapsack-n25-w200414-v3399612-type2.asp,157,605,0.259504,0.067342,0.017476,3.853503,14.849487,57.222545,0.33121,0.159236,0.0,0.343949,53,0.496815,0.171975,0.171975,AMOCLINGO-INF-MR,0.508703
Knapsack,00441-knapsack-n25-w201777-v830141-type3.asp,157,605,0.259504,0.067342,0.017476,3.853503,14.849487,57.222545,0.33121,0.159236,0.0,0.343949,53,0.496815,0.171975,0.171975,CLINGO-AMO,0.347089
Knapsack,00442-knapsack-n25-w201698-v991519-type3.asp,157,605,0.259504,0.067342,0.017476,3.853503,14.849487,57.222545,0.33121,0.159236,0.0,0.343949,53,0.496815,0.171975,0.171975,AMOCLINGO-L,0.5120480000000001
Knapsack,00443-knapsack-n25-w202679-v806773-type3.asp,157,605,0.259504,0.067342,0.017476,3.853503,14.849487,57.222545,0.33121,0.159236,0.0,0.343949,53,0.496815,0.171975,0.171975,CLINGO-AMO,0.149751
Knapsack,00444-knapsack-n25-w199874-v1526873-type4.asp,157,605,0.259504,0.067342,0.017476,3.853503,14.849487,57.222545,0.33121,0.159236,0.0,0.343949,53,0.496815,0.171975,0.171975,AMOCLINGO-INF-MR,0.509727
Knapsack,00445-knapsack-n25-w201985-v1106774-type3.asp,157,605,0.259504,0.067342,0.017476,3.853503,14.849487,57.222545,0.33121,0.159236,0.0,0.343949,53,0.496815,0.171975,0.171975,AMOCLINGO-INF-MR,0.511123
Knapsack,00446-knapsack-n25-w199441-v1534622-type4.asp,157,605,0.259504,0.067342,0.017476,3.853503,14.849487,57.222545,0.33121,0.159236,0.0,0.343949,53,0.496815,0.171975,0.171975,AMOCLINGO-INF-MR,0.510049
Knapsack,00447-knapsack-n25-w202517-v923179-type3.asp,157,605,0.259504,0.067342,0.017476,3.853503,14.849487,57.222545,0.33121,0.159236,0.0,0.343949,53,0.496815,0.171975,0.171975,CLINGO-AMO,0.315625
Knapsack,00448-knapsack-n25-w200455-v515468-type1.asp,157,605,0.259504,0.067342,0.017476,3.853503,14.849487,57.222545,0.33121,0.159236,0.0,0.343949,53,0.496815,0.171975,0.171975,CLINGO-AMO,0.128645
Knapsack,00449-knapsack-n25-w204208-v1526443-type4.asp,157,605,0.259504,0.067342,0.017476,3.853503,14.849487,57.222545,0.33121,0.159236,0.0,0.343949,53,0.496815,0.171975,0.171975,AMOCLINGO-INF-MR,0.511426
Knapsack,00450-knapsack-n30-w26517-v619191-type2.asp,187,725,0.257931,0.066528,0.01716,3.877005,15.03117,58.275928,0.331551,0.160428,0.0,0.342246,63,0.497326,0.171123,0.171123,AMOCLINGO-L,0.5150399999999999
Knapsack,00451-knapsack-n30-w26654-v205479-type3.asp,187,725,0.257931,0.066528,0.01716,3.877005,15.03117,58.275928,0.331551,0.160428,0.0,0.342246,63,0.497326,0.171123,0.171123,AMOCLINGO-INF-MR,0.513236
Knapsack,00453-knapsack-n30-w27407-v182784-type3.asp,187,725,0.257931,0.066528,0.01716,3.877005,15.03117,58.275928,0.331551,0.160428,0.0,0.342246,63,0.497326,0.171123,0.171123,AMOCLINGO-INF-MR,0.514953
Knapsack,00454-knapsack-n30-w26243-v96193-type3.asp,187,725,0.257931,0.066528,0.01716,3.877005,15.03117,58.275928,0.331551,0.160428,0.0,0.342246,63,0.497326,0.171123,0.171123,CLINGO-AMO,0.410735
Knapsack,00455-knapsack-n30-w26975-v174933-type4.asp,187,725,0.257931,0.066528,0.01716,3.877005,15.03117,58.275928,0.331551,0.160428,0.0,0.342246,63,0.497326,0.171123,0.171123,AMOCLINGO-INF-MR,0.512703
Knapsack,00456-knapsack-n30-w25072-v1570138-type2.asp,187,725,0.257931,0.066528,0.01716,3.877005,15.03117,58.275928,0.331551,0.160428,0.0,0.342246,63,0.497326,0.171123,0.171123,AMOCLINGO-INF-MR,0.516125
Knapsack,00457-knapsack-n30-w25138-v572455-type2.asp,187,725,0.257931,0.066528,0.01716,3.877005,15.03117,58.275928,0.331551,0.160428,0.0,0.342246,63,0.497326,0.171123,0.171123,EOCLINGO-INF-MR,0.515647
Knapsack,00458-knapsack-n30-w26667-v172714-type4.asp,187,725,0.257931,0.066528,0.01716,3.877005,15.03117,58.275928,0.331551,0.160428,0.0,0.342246,63,0.497326,0.171123,0.171123,AMOCLINGO-INF-MR,0.512406
Knapsack,00459-knapsack-n30-w26822-v119526-type1.asp,187,725,0.257931,0.066528,0.01716,3.877005,15.03117,58.275928,0.331551,0.160428,0.0,0.342246,63,0.497326,0.171123,0.171123,EOCLINGO-INF-MR,0.516564
Knapsack,00460-knapsack-n30-w25750-v174062-type4.asp,187,725,0.257931,0.066528,0.01716,3.877005,15.03117,58.275928,0.331551,0.160428,0.0,0.342246,63,0.497326,0.171123,0.171123,EOCLINGO-INF-MR,0.516121
Knapsack,00466-knapsack-n30-w24344-v113900-type3.asp,187,725,0.257931,0.066528,0.01716,3.877005,15.03117,58.275928,0.331551,0.160428,0.0,0.342246,63,0.497326,0.171123,0.171123,EOCLINGO-L,0.516867
Knapsack,00467-knapsack-n30-w26778-v12474-type1.asp,187,725,0.257931,0.066528,0.01716,3.877005,15.03117,58.275928,0.331551,0.160428,0.0,0.342246,63,0.497326,0.171123,0.171123,CLINGO-AMO,0.086313
Knapsack,00468-knapsack-n30-w26222-v88576-type1.asp,187,725,0.257931,0.066528,0.01716,3.877005,15.03117,58.275928,0.331551,0.160428,0.0,0.342246,63,0.497326,0.171123,0.171123,CLINGO-AMO,0.298354
Knapsack,00469-knapsack-n30-w25748-v139211-type3.asp,187,725,0.257931,0.066528,0.01716,3.877005,15.03117,58.275928,0.331551,0.160428,0.0,0.342246,63,0.497326,0.171123,0.171123,AMOCLINGO-L,0.617001
Knapsack,00470-knapsack-n30-w27130-v197530-type3.asp,187,725,0.257931,0.066528,0.01716,3.877005,15.03117,58.275928,0.331551,0.160428,0.0,0.342246,63,0.497326,0.171123,0.171123,AMOCLINGO-INF-MR,0.5140560000000001
Knapsack,00471-knapsack-n30-w25326-v104120-type3.asp,187,725,0.257931,0.066528,0.01716,3.877005,15.03117,58.275928,0.331551,0.160428,0.0,0.342246,63,0.497326,0.171123,0.171123,AMOCLINGO-INF-MR,0.516085
Knapsack,00472-knapsack-n30-w27818-v173902-type4.asp,187,725,0.257931,0.066528,0.01716,3.877005,15.03117,58.275928,0.331551,0.160428,0.0,0.342246,63,0.497326,0.171123,0.171123,EOCLINGO-L,0.5142100000000001
Knapsack,00474-knapsack-n30-w26885-v134733-type3.asp,187,725,0.257931,0.066528,0.01716,3.877005,15.03117,58.275928,0.331551,0.160428,0.0,0.342246,63,0.497326,0.171123,0.171123,AMOCLINGO-L,2.440686
Knapsack,00475-knapsack-n30-w26607-v1351782-type2.asp,187,725,0.257931,0.066528,0.01716,3.877005,15.03117,58.275928,0.331551,0.160428,0.0,0.342246,63,0.497326,0.171123,0.171123,AMOCLINGO-L,0.511614
Knapsack,00476-knapsack-n30-w27698-v135401-type1.asp,187,725,0.257931,0.066528,0.01716,3.877005,15.03117,58.275928,0.331551,0.160428,0.0,0.342246,63,0.497326,0.171123,0.171123,EOCLINGO-L,0.519809
Knapsack,00477-knapsack-n30-w27862-v173663-type4.asp,187,725,0.257931,0.066528,0.01716,3.877005,15.03117,58.275928,0.331551,0.160428,0.0,0.342246,63,0.497326,0.171123,0.171123,AMOCLINGO-INF-MR,0.513833
Knapsack,00478-knapsack-n30-w26464-v145573-type1.asp,187,725,0.257931,0.066528,0.01716,3.877005,15.03117,58.275928,0.331551,0.160428,0.0,0.342246,63,0.497326,0.171123,0.171123,AMOCLINGO-L,1109.184812
Knapsack,00479-knapsack-n30-w24182-v172222-type4.asp,187,725,0.257931,0.066528,0.01716,3.877005,15.03117,58.275928,0.331551,0.160428,0.0,0.342246,63,0.497326,0.171123,0.171123,AMOCLINGO-L,0.515774
Knapsack,00480-knapsack-n30-w63237-v504470-type3.asp,187,725,0.257931,0.066528,0.01716,3.877005,15.03117,58.275928,0.331551,0.160428,0.0,0.342246,63,0.497326,0.171123,0.171123,AMOCLINGO-L,0.515893
Knapsack,00481-knapsack-n30-w64952-v657437-type3.asp,187,725,0.257931,0.066528,0.01716,3.877005,15.03117,58.275928,0.331551,0.160428,0.0,0.342246,63,0.497326,0.171123,0.171123,AMOCLINGO-L,0.51729
Knapsack,00482-knapsack-n30-w62892-v913990-type4.asp,187,725,0.257931,0.066528,0.01716,3.877005,15.03117,58.275928,0.331551,0.160428,0.0,0.342246,63,0.497326,0.171123,0.171123,AMOCLINGO-INF-MR,0.522184
Knapsack,00483-knapsack-n30-w65260-v675932-type3.asp,187,725,0.257931,0.066528,0.01716,3.877005,15.03117,58.275928,0.331551,0.160428,0.0,0.342246,63,0.497326,0.171123,0.171123,CLINGO-AMO,34.720073000000006
Knapsack,00484-knapsack-n30-w64347-v1008878-type3.asp,187,725,0.257931,0.066528,0.01716,3.877005,15.03117,58.275928,0.331551,0.160428,0.0,0.342246,63,0.497326,0.171123,0.171123,AMOCLINGO-INF-MR,0.514229
Knapsack,00485-knapsack-n30-w64860-v1072859-type3.asp,187,725,0.257931,0.066528,0.01716,3.877005,15.03117,58.275928,0.331551,0.160428,0.0,0.342246,63,0.497326,0.171123,0.171123,AMOCLINGO-INF-MR,0.512412
Knapsack,00486-knapsack-n30-w65472-v919286-type4.asp,187,725,0.257931,0.066528,0.01716,3.877005,15.03117,58.275928,0.331551,0.160428,0.0,0.342246,63,0.497326,0.171123,0.171123,AMOCLINGO-INF-MR,0.511845
Knapsack,00487-knapsack-n30-w63664-v1024595-type3.asp,187,725,0.257931,0.066528,0.01716,3.877005,15.03117,58.275928,0.331551,0.160428,0.0,0.342246,63,0.497326,0.171123,0.171123,AMOCLINGO-INF-MR,0.514528
Knapsack,00488-knapsack-n30-w66239-v113447-type1.asp,187,725,0.257931,0.066528,0.01716,3.877005,15.03117,58.275928,0.331551,0.160428,0.0,0.342246,63,0.497326,0.171123,0.171123,CLINGO-AMO,0.109956
Knapsack,00489-knapsack-n30-w64217-v917486-type4.asp,187,725,0.257931,0.066528,0.01716,3.877005,15.03117,58.275928,0.331551,0.160428,0.0,0.342246,63,0.497326,0.171123,0.171123,AMOCLINGO-INF-MR,0.5124489999999999
Knapsack,00490-knapsack-n30-w64415-v923646-type4.asp,187,725,0.257931,0.066528,0.01716,3.877005,15.03117,58.275928,0.331551,0.160428,0.0,0.342246,63,0.497326,0.171123,0.171123,AMOCLINGO-INF-MR,0.511915
Knapsack,00492-knapsack-n30-w63299-v6961654-type2.asp,187,725,0.257931,0.066528,0.01716,3.877005,15.03117,58.275928,0.331551,0.160428,0.0,0.342246,63,0.497326,0.171123,0.171123,AMOCLINGO-L,0.51375
Knapsack,00493-knapsack-n30-w63955-v1091410-type3.asp,187,725,0.257931,0.066528,0.01716,3.877005,15.03117,58.275928,0.331551,0.160428,0.0,0.342246,63,0.497326,0.171123,0.171123,AMOCLINGO-INF-MR,0.512957
Knapsack,00494-knapsack-n30-w63862-v608796-type3.asp,187,725,0.257931,0.066528,0.01716,3.877005,15.03117,58.275928,0.331551,0.160428,0.0,0.342246,63,0.497326,0.171123,0.171123,EOCLINGO-L,0.513852
Knapsack,00496-knapsack-n30-w64017-v593593-type3.asp,187,725,0.257931,0.066528,0.01716,3.877005,15.03117,58.275928,0.331551,0.160428,0.0,0.342246,63,0.497326,0.171123,0.171123,CLINGO-AMO,0.5039020000000001
Knapsack,00497-knapsack-n30-w65779-v932513-type4.asp,187,725,0.257931,0.066528,0.01716,3.877005,15.03117,58.275928,0.331551,0.160428,0.0,0.342246,63,0.497326,0.171123,0.171123,AMOCLINGO-INF-MR,0.513991
Knapsack,00498-knapsack-n30-w64460-v6380242-type2.asp,187,725,0.257931,0.066528,0.01716,3.877005,15.03117,58.275928,0.331551,0.160428,0.0,0.342246,63,0.497326,0.171123,0.171123,AMOCLINGO-INF-MR,0.5137660000000001
Knapsack,00499-knapsack-n30-w64867-v613250-type1.asp,187,725,0.257931,0.066528,0.01716,3.877005,15.03117,58.275928,0.331551,0.160428,0.0,0.342246,63,0.497326,0.171123,0.171123,AMOCLINGO-L,0.515626
Knapsack,00500-knapsack-n30-w64396-v907678-type3.asp,187,725,0.257931,0.066528,0.01716,3.877005,15.03117,58.275928,0.331551,0.160428,0.0,0.342246,63,0.497326,0.171123,0.171123,AMOCLINGO-L,112.219664
Knapsack,00501-knapsack-n30-w65509-v921342-type4.asp,187,725,0.257931,0.066528,0.01716,3.877005,15.03117,58.275928,0.331551,0.160428,0.0,0.342246,63,0.497326,0.171123,0.171123,AMOCLINGO-INF-MR,0.513491
Knapsack,00502-knapsack-n30-w64692-v917682-type4.asp,187,725,0.257931,0.066528,0.01716,3.877005,15.03117,58.275928,0.331551,0.160428,0.0,0.342246,63,0.497326,0.171123,0.171123,EOCLINGO-L,0.51481
Knapsack,00503-knapsack-n30-w64245-v474716-type3.asp,187,725,0.257931,0.066528,0.01716,3.877005,15.03117,58.275928,0.331551,0.160428,0.0,0.342246,63,0.497326,0.171123,0.171123,AMOCLINGO-INF-MR,0.516282
Knapsack,00505-knapsack-n30-w64966-v927954-type4.asp,187,725,0.257931,0.066528,0.01716,3.877005,15.03117,58.275928,0.331551,0.160428,0.0,0.342246,63,0.497326,0.171123,0.171123,AMOCLINGO-INF-MR,0.5120979999999999
Knapsack,00506-knapsack-n30-w65244-v3128294-type2.asp,187,725,0.257931,0.066528,0.01716,3.877005,15.03117,58.275928,0.331551,0.160428,0.0,0.342246,63,0.497326,0.171123,0.171123,AMOCLINGO-INF-MR,0.512195
Knapsack,00507-knapsack-n30-w63877-v915950-type4.asp,187,725,0.257931,0.066528,0.01716,3.877005,15.03117,58.275928,0.331551,0.160428,0.0,0.342246,63,0.497326,0.171123,0.171123,AMOCLINGO-INF-MR,0.515807
Knapsack,00508-knapsack-n30-w65102-v251046-type1.asp,187,725,0.257931,0.066528,0.01716,3.877005,15.03117,58.275928,0.331551,0.160428,0.0,0.342246,63,0.497326,0.171123,0.171123,CLINGO-AMO,0.176775
Knapsack,00509-knapsack-n30-w63961-v1011917-type3.asp,187,725,0.257931,0.066528,0.01716,3.877005,15.03117,58.275928,0.331551,0.160428,0.0,0.342246,63,0.497326,0.171123,0.171123,AMOCLINGO-INF-MR,0.514079
Knapsack,00510-knapsack-n30-w251105-v14391234-type2.asp,187,725,0.257931,0.066528,0.01716,3.877005,15.03117,58.275928,0.331551,0.160428,0.0,0.342246,63,0.497326,0.171123,0.171123,AMOCLINGO-L,0.513115
Knapsack,00511-knapsack-n30-w250297-v1751891-type3.asp,187,725,0.257931,0.066528,0.01716,3.877005,15.03117,58.275928,0.331551,0.160428,0.0,0.342246,63,0.497326,0.171123,0.171123,AMOCLINGO-INF-MR,0.513114
Knapsack,00512-knapsack-n30-w251548-v1694187-type4.asp,187,725,0.257931,0.066528,0.01716,3.877005,15.03117,58.275928,0.331551,0.160428,0.0,0.342246,63,0.497326,0.171123,0.171123,AMOCLINGO-INF-MR,0.515665
Knapsack,00513-knapsack-n30-w251451-v1699902-type4.asp,187,725,0.257931,0.066528,0.01716,3.877005,15.03117,58.275928,0.331551,0.160428,0.0,0.342246,63,0.497326,0.171123,0.171123,AMOCLINGO-INF-MR,0.515094
Knapsack,00514-knapsack-n30-w251599-v1698207-type4.asp,187,725,0.257931,0.066528,0.01716,3.877005,15.03117,58.275928,0.331551,0.160428,0.0,0.342246,63,0.497326,0.171123,0.171123,EOCLINGO-L,0.514059
Knapsack,00515-knapsack-n30-w250670-v1696821-type4.asp,187,725,0.257931,0.066528,0.01716,3.877005,15.03117,58.275928,0.331551,0.160428,0.0,0.342246,63,0.497326,0.171123,0.171123,AMOCLINGO-INF-MR,0.513422
Knapsack,00516-knapsack-n30-w249556-v50612-type1.asp,187,725,0.257931,0.066528,0.01716,3.877005,15.03117,58.275928,0.331551,0.160428,0.0,0.342246,63,0.497326,0.171123,0.171123,WASP-AMO,0.089634
Knapsack,00517-knapsack-n30-w250904-v1299097-type3.asp,187,725,0.257931,0.066528,0.01716,3.877005,15.03117,58.275928,0.331551,0.160428,0.0,0.342246,63,0.497326,0.171123,0.171123,EOCLINGO-L,0.519633
Knapsack,00518-knapsack-n30-w251184-v1990593-type3.asp,187,725,0.257931,0.066528,0.01716,3.877005,15.03117,58.275928,0.331551,0.160428,0.0,0.342246,63,0.497326,0.171123,0.171123,AMOCLINGO-INF-MR,0.5124920000000001
Knapsack,00519-knapsack-n30-w252034-v1824262-type3.asp,187,725,0.257931,0.066528,0.01716,3.877005,15.03117,58.275928,0.331551,0.160428,0.0,0.342246,63,0.497326,0.171123,0.171123,AMOCLINGO-INF-MR,0.515244
Knapsack,00520-knapsack-n30-w251579-v1219611-type3.asp,187,725,0.257931,0.066528,0.01716,3.877005,15.03117,58.275928,0.331551,0.160428,0.0,0.342246,63,0.497326,0.171123,0.171123,AMOCLINGO-L,0.514405
Knapsack,00521-knapsack-n30-w251267-v1295090-type3.asp,187,725,0.257931,0.066528,0.01716,3.877005,15.03117,58.275928,0.331551,0.160428,0.0,0.342246,63,0.497326,0.171123,0.171123,AMOCLINGO-INF-MR,0.518236
Knapsack,00523-knapsack-n30-w251720-v977475-type3.asp,187,725,0.257931,0.066528,0.01716,3.877005,15.03117,58.275928,0.331551,0.160428,0.0,0.342246,63,0.497326,0.171123,0.171123,CLINGO-AMO,0.329713
Knapsack,00524-knapsack-n30-w252382-v1281450-type3.asp,187,725,0.257931,0.066528,0.01716,3.877005,15.03117,58.275928,0.331551,0.160428,0.0,0.342246,63,0.497326,0.171123,0.171123,AMOCLINGO-INF-MR,0.531432
Knapsack,00525-knapsack-n30-w250710-v993918-type3.asp,187,725,0.257931,0.066528,0.01716,3.877005,15.03117,58.275928,0.331551,0.160428,0.0,0.342246,63,0.497326,0.171123,0.171123,CLINGO-AMO,0.508499
Knapsack,00526-knapsack-n30-w252259-v1824949-type3.asp,187,725,0.257931,0.066528,0.01716,3.877005,15.03117,58.275928,0.331551,0.160428,0.0,0.342246,63,0.497326,0.171123,0.171123,AMOCLINGO-INF-MR,0.516114
Knapsack,00527-knapsack-n30-w250422-v1199372-type3.asp,187,725,0.257931,0.066528,0.01716,3.877005,15.03117,58.275928,0.331551,0.160428,0.0,0.342246,63,0.497326,0.171123,0.171123,AMOCLINGO-L,0.515516
Knapsack,00528-knapsack-n30-w251652-v1257031-type3.asp,187,725,0.257931,0.066528,0.01716,3.877005,15.03117,58.275928,0.331551,0.160428,0.0,0.342246,63,0.497326,0.171123,0.171123,AMOCLINGO-L,0.517208
Knapsack,00529-knapsack-n30-w251148-v1701398-type4.asp,187,725,0.257931,0.066528,0.01716,3.877005,15.03117,58.275928,0.331551,0.160428,0.0,0.342246,63,0.497326,0.171123,0.171123,AMOCLINGO-L,0.513987
Knapsack,00531-knapsack-n30-w250676-v5084795-type2.asp,187,725,0.257931,0.066528,0.01716,3.877005,15.03117,58.275928,0.331551,0.160428,0.0,0.342246,63,0.497326,0.171123,0.171123,AMOCLINGO-INF-MR,0.514634
Knapsack,00532-knapsack-n30-w251361-v1698374-type4.asp,187,725,0.257931,0.066528,0.01716,3.877005,15.03117,58.275928,0.331551,0.160428,0.0,0.342246,63,0.497326,0.171123,0.171123,AMOCLINGO-INF-MR,0.512425
Knapsack,00533-knapsack-n30-w250452-v2007025-type3.asp,187,725,0.257931,0.066528,0.01716,3.877005,15.03117,58.275928,0.331551,0.160428,0.0,0.342246,63,0.497326,0.171123,0.171123,AMOCLINGO-L,0.514884
Knapsack,00534-knapsack-n30-w253806-v15408900-type2.asp,187,725,0.257931,0.066528,0.01716,3.877005,15.03117,58.275928,0.331551,0.160428,0.0,0.342246,63,0.497326,0.171123,0.171123,AMOCLINGO-INF-MR,0.512586
Knapsack,00536-knapsack-n30-w254155-v1697442-type4.asp,187,725,0.257931,0.066528,0.01716,3.877005,15.03117,58.275928,0.331551,0.160428,0.0,0.342246,63,0.497326,0.171123,0.171123,EOCLINGO-L,0.5137849999999999
Knapsack,00538-knapsack-n30-w252101-v1693540-type4.asp,187,725,0.257931,0.066528,0.01716,3.877005,15.03117,58.275928,0.331551,0.160428,0.0,0.342246,63,0.497326,0.171123,0.171123,AMOCLINGO-L,0.516612
Knapsack,00539-knapsack-n30-w252489-v1692702-type4.asp,187,725,0.257931,0.066528,0.01716,3.877005,15.03117,58.275928,0.331551,0.160428,0.0,0.342246,63,0.497326,0.171123,0.171123,AMOCLINGO-INF-MR,0.516586
Knapsack,00540-knapsack-n35-w30132-v227607-type4.asp,217,845,0.256805,0.065949,0.016936,3.894009,15.163308,59.04606,0.331797,0.16129,0.0,0.341014,73,0.497696,0.170507,0.170507,EOCLINGO-INF-MR,1.230472
Knapsack,00542-knapsack-n35-w29154-v228460-type4.asp,217,845,0.256805,0.065949,0.016936,3.894009,15.163308,59.04606,0.331797,0.16129,0.0,0.341014,73,0.497696,0.170507,0.170507,AMOCLINGO-INF-MR,0.51961
Knapsack,00543-knapsack-n35-w29639-v139768-type3.asp,217,845,0.256805,0.065949,0.016936,3.894009,15.163308,59.04606,0.331797,0.16129,0.0,0.341014,73,0.497696,0.170507,0.170507,AMOCLINGO-INF-MR,0.521338
Knapsack,00544-knapsack-n35-w30711-v2349471-type2.asp,217,845,0.256805,0.065949,0.016936,3.894009,15.163308,59.04606,0.331797,0.16129,0.0,0.341014,73,0.497696,0.170507,0.170507,CLINGO-AMO,0.091714
Knapsack,00547-knapsack-n35-w30819-v142124-type1.asp,217,845,0.256805,0.065949,0.016936,3.894009,15.163308,59.04606,0.331797,0.16129,0.0,0.341014,73,0.497696,0.170507,0.170507,AMOCLINGO-L,0.52027
Knapsack,00549-knapsack-n35-w29489-v241262-type4.asp,217,845,0.256805,0.065949,0.016936,3.894009,15.163308,59.04606,0.331797,0.16129,0.0,0.341014,73,0.497696,0.170507,0.170507,EOCLINGO-L,0.516865
Knapsack,00550-knapsack-n35-w31193-v147571-type3.asp,217,845,0.256805,0.065949,0.016936,3.894009,15.163308,59.04606,0.331797,0.16129,0.0,0.341014,73,0.497696,0.170507,0.170507,EOCLINGO-L,0.520402
Knapsack,00551-knapsack-n35-w29757-v124392-type3.asp,217,845,0.256805,0.065949,0.016936,3.894009,15.163308,59.04606,0.331797,0.16129,0.0,0.341014,73,0.497696,0.170507,0.170507,AMOCLINGO-L,0.519362
Knapsack,00552-knapsack-n35-w29433-v141101-type3.asp,217,845,0.256805,0.065949,0.016936,3.894009,15.163308,59.04606,0.331797,0.16129,0.0,0.341014,73,0.497696,0.170507,0.170507,EOCLINGO-L,0.519231
Knapsack,00553-knapsack-n35-w29960-v254421-type3.asp,217,845,0.256805,0.065949,0.016936,3.894009,15.163308,59.04606,0.331797,0.16129,0.0,0.341014,73,0.497696,0.170507,0.170507,AMOCLINGO-INF-MR,0.518918
Knapsack,00554-knapsack-n35-w28777-v228688-type4.asp,217,845,0.256805,0.065949,0.016936,3.894009,15.163308,59.04606,0.331797,0.16129,0.0,0.341014,73,0.497696,0.170507,0.170507,AMOCLINGO-INF-MR,0.52037
Knapsack,00556-knapsack-n35-w29167-v165065-type3.asp,217,845,0.256805,0.065949,0.016936,3.894009,15.163308,59.04606,0.331797,0.16129,0.0,0.341014,73,0.497696,0.170507,0.170507,EOCLINGO-INF-MR,6.0543960000000006
Knapsack,00558-knapsack-n35-w29088-v120804-type3.asp,217,845,0.256805,0.065949,0.016936,3.894009,15.163308,59.04606,0.331797,0.16129,0.0,0.341014,73,0.497696,0.170507,0.170507,EOCLINGO-INF-MR,0.519049
Knapsack,00559-knapsack-n35-w30125-v255066-type3.asp,217,845,0.256805,0.065949,0.016936,3.894009,15.163308,59.04606,0.331797,0.16129,0.0,0.341014,73,0.497696,0.170507,0.170507,EOCLINGO-INF-MR,0.519005
Knapsack,00560-knapsack-n35-w32357-v143999-type3.asp,217,845,0.256805,0.065949,0.016936,3.894009,15.163308,59.04606,0.331797,0.16129,0.0,0.341014,73,0.497696,0.170507,0.170507,AMOCLINGO-INF-MR,0.520184
Knapsack,00561-knapsack-n35-w30048-v1600045-type2.asp,217,845,0.256805,0.065949,0.016936,3.894009,15.163308,59.04606,0.331797,0.16129,0.0,0.341014,73,0.497696,0.170507,0.170507,AMOCLINGO-INF-MR,0.516499
Knapsack,00562-knapsack-n35-w28561-v151538-type3.asp,217,845,0.256805,0.065949,0.016936,3.894009,15.163308,59.04606,0.331797,0.16129,0.0,0.341014,73,0.497696,0.170507,0.170507,EOCLINGO-L,0.519539
Knapsack,00564-knapsack-n35-w29772-v232580-type4.asp,217,845,0.256805,0.065949,0.016936,3.894009,15.163308,59.04606,0.331797,0.16129,0.0,0.341014,73,0.497696,0.170507,0.170507,AMOCLINGO-INF-MR,0.516267
Knapsack,00565-knapsack-n35-w28463-v226764-type4.asp,217,845,0.256805,0.065949,0.016936,3.894009,15.163308,59.04606,0.331797,0.16129,0.0,0.341014,73,0.497696,0.170507,0.170507,EOCLINGO-L,320.928943
Knapsack,00566-knapsack-n35-w28016-v227820-type4.asp,217,845,0.256805,0.065949,0.016936,3.894009,15.163308,59.04606,0.331797,0.16129,0.0,0.341014,73,0.497696,0.170507,0.170507,EOCLINGO-INF-MR,0.603565
Knapsack,00567-knapsack-n35-w28897-v173891-type3.asp,217,845,0.256805,0.065949,0.016936,3.894009,15.163308,59.04606,0.331797,0.16129,0.0,0.341014,73,0.497696,0.170507,0.170507,CLINGO-AMO,31.243368
Knapsack,00568-knapsack-n35-w29615-v1115828-type2.asp,217,845,0.256805,0.065949,0.016936,3.894009,15.163308,59.04606,0.331797,0.16129,0.0,0.341014,73,0.497696,0.170507,0.170507,AMOCLINGO-L,0.5165339999999999
Knapsack,00569-knapsack-n35-w29728-v117588-type3.asp,217,845,0.256805,0.065949,0.016936,3.894009,15.163308,59.04606,0.331797,0.16129,0.0,0.341014,73,0.497696,0.170507,0.170507,CLINGO-AMO,0.322248
Knapsack,00571-knapsack-n35-w71790-v1243745-type2.asp,217,845,0.256805,0.065949,0.016936,3.894009,15.163308,59.04606,0.331797,0.16129,0.0,0.341014,73,0.497696,0.170507,0.170507,EOCLINGO-L,0.516793
Knapsack,00572-knapsack-n35-w71020-v625300-type3.asp,217,845,0.256805,0.065949,0.016936,3.894009,15.163308,59.04606,0.331797,0.16129,0.0,0.341014,73,0.497696,0.170507,0.170507,EOCLINGO-INF-MR,0.518132
Knapsack,00573-knapsack-n35-w72182-v1069823-type4.asp,217,845,0.256805,0.065949,0.016936,3.894009,15.163308,59.04606,0.331797,0.16129,0.0,0.341014,73,0.497696,0.170507,0.170507,AMOCLINGO-L,0.516906
Knapsack,00576-knapsack-n35-w73792-v774793-type3.asp,217,845,0.256805,0.065949,0.016936,3.894009,15.163308,59.04606,0.331797,0.16129,0.0,0.341014,73,0.497696,0.170507,0.170507,CLINGO-AMO,3.79682
Knapsack,00578-knapsack-n35-w70719-v682170-type3.asp,217,845,0.256805,0.065949,0.016936,3.894009,15.163308,59.04606,0.331797,0.16129,0.0,0.341014,73,0.497696,0.170507,0.170507,AMOCLINGO-L,0.520367
Knapsack,00579-knapsack-n35-w73542-v1061148-type4.asp,217,845,0.256805,0.065949,0.016936,3.894009,15.163308,59.04606,0.331797,0.16129,0.0,0.341014,73,0.497696,0.170507,0.170507,AMOCLINGO-INF-MR,0.519197
Knapsack,00581-knapsack-n35-w70737-v680840-type3.asp,217,845,0.256805,0.065949,0.016936,3.894009,15.163308,59.04606,0.331797,0.16129,0.0,0.341014,73,0.497696,0.170507,0.170507,AMOCLINGO-L,0.5202910000000001
Knapsack,00582-knapsack-n35-w71573-v6621414-type2.asp,217,845,0.256805,0.065949,0.016936,3.894009,15.163308,59.04606,0.331797,0.16129,0.0,0.341014,73,0.497696,0.170507,0.170507,EOCLINGO-L,0.518773
Knapsack,00583-knapsack-n35-w70515-v762899-type1.asp,217,845,0.256805,0.065949,0.016936,3.894009,15.163308,59.04606,0.331797,0.16129,0.0,0.341014,73,0.497696,0.170507,0.170507,CLINGO-AMO,11.387949
Knapsack,00584-knapsack-n35-w71002-v770312-type1.asp,217,845,0.256805,0.065949,0.016936,3.894009,15.163308,59.04606,0.331797,0.16129,0.0,0.341014,73,0.497696,0.170507,0.170507,CLINGO-AMO,7.889798
Knapsack,00585-knapsack-n35-w70167-v1056739-type4.asp,217,845,0.256805,0.065949,0.016936,3.894009,15.163308,59.04606,0.331797,0.16129,0.0,0.341014,73,0.497696,0.170507,0.170507,EOCLINGO-INF-MR,0.6145970000000001
Knapsack,00586-knapsack-n35-w71406-v1063799-type4.asp,217,845,0.256805,0.065949,0.016936,3.894009,15.163308,59.04606,0.331797,0.16129,0.0,0.341014,73,0.497696,0.170507,0.170507,AMOCLINGO-L,0.516782
Knapsack,00587-knapsack-n35-w71848-v10216613-type2.asp,217,845,0.256805,0.065949,0.016936,3.894009,15.163308,59.04606,0.331797,0.16129,0.0,0.341014,73,0.497696,0.170507,0.170507,CLINGO-AMO,0.116568
Knapsack,00589-knapsack-n35-w71034-v802257-type3.asp,217,845,0.256805,0.065949,0.016936,3.894009,15.163308,59.04606,0.331797,0.16129,0.0,0.341014,73,0.497696,0.170507,0.170507,CLINGO-AMO,439.783911
Knapsack,00590-knapsack-n35-w71892-v723771-type3.asp,217,845,0.256805,0.065949,0.016936,3.894009,15.163308,59.04606,0.331797,0.16129,0.0,0.341014,73,0.497696,0.170507,0.170507,AMOCLINGO-L,0.518913
Knapsack,00591-knapsack-n35-w71415-v6316201-type2.asp,217,845,0.256805,0.065949,0.016936,3.894009,15.163308,59.04606,0.331797,0.16129,0.0,0.341014,73,0.497696,0.170507,0.170507,EOCLINGO-L,0.5166649999999999
Knapsack,00592-knapsack-n35-w70500-v1203866-type3.asp,217,845,0.256805,0.065949,0.016936,3.894009,15.163308,59.04606,0.331797,0.16129,0.0,0.341014,73,0.497696,0.170507,0.170507,AMOCLINGO-INF-MR,0.517809
Knapsack,00593-knapsack-n35-w71019-v124502-type2.asp,217,845,0.256805,0.065949,0.016936,3.894009,15.163308,59.04606,0.331797,0.16129,0.0,0.341014,73,0.497696,0.170507,0.170507,CLINGO-AMO,0.090753
Knapsack,00594-knapsack-n35-w70791-v1107352-type3.asp,217,845,0.256805,0.065949,0.016936,3.894009,15.163308,59.04606,0.331797,0.16129,0.0,0.341014,73,0.497696,0.170507,0.170507,EOCLINGO-L,0.516539
Knapsack,00596-knapsack-n35-w71066-v11035586-type2.asp,217,845,0.256805,0.065949,0.016936,3.894009,15.163308,59.04606,0.331797,0.16129,0.0,0.341014,73,0.497696,0.170507,0.170507,CLINGO-AMO,0.084843
Knapsack,00598-knapsack-n35-w72785-v1203111-type3.asp,217,845,0.256805,0.065949,0.016936,3.894009,15.163308,59.04606,0.331797,0.16129,0.0,0.341014,73,0.497696,0.170507,0.170507,AMOCLINGO-L,0.517814
Knapsack,00599-knapsack-n35-w71466-v749362-type3.asp,217,845,0.256805,0.065949,0.016936,3.894009,15.163308,59.04606,0.331797,0.16129,0.0,0.341014,73,0.497696,0.170507,0.170507,CLINGO-AMO,2.371271
Knapsack,00600-knapsack-n35-w306696-v5459975-type2.asp,217,845,0.256805,0.065949,0.016936,3.894009,15.163308,59.04606,0.331797,0.16129,0.0,0.341014,73,0.497696,0.170507,0.170507,EOCLINGO-L,0.517275
Knapsack,00601-knapsack-n35-w306936-v1346428-type3.asp,217,845,0.256805,0.065949,0.016936,3.894009,15.163308,59.04606,0.331797,0.16129,0.0,0.341014,73,0.497696,0.170507,0.170507,AMOCLINGO-INF-MR,0.519609
Knapsack,00602-knapsack-n35-w307295-v2004142-type4.asp,217,845,0.256805,0.065949,0.016936,3.894009,15.163308,59.04606,0.331797,0.16129,0.0,0.341014,73,0.497696,0.170507,0.170507,EOCLINGO-L,0.520045
Knapsack,00603-knapsack-n35-w309268-v2247721-type3.asp,217,845,0.256805,0.065949,0.016936,3.894009,15.163308,59.04606,0.331797,0.16129,0.0,0.341014,73,0.497696,0.170507,0.170507,AMOCLINGO-INF-MR,0.515454
Knapsack,00604-knapsack-n35-w306260-v1998112-type4.asp,217,845,0.256805,0.065949,0.016936,3.894009,15.163308,59.04606,0.331797,0.16129,0.0,0.341014,73,0.497696,0.170507,0.170507,AMOCLINGO-INF-MR,0.514974
Knapsack,00605-knapsack-n35-w309332-v2332317-type3.asp,217,845,0.256805,0.065949,0.016936,3.894009,15.163308,59.04606,0.331797,0.16129,0.0,0.341014,73,0.497696,0.170507,0.170507,EOCLINGO-L,0.519107
Knapsack,00606-knapsack-n35-w306821-v2007841-type4.asp,217,845,0.256805,0.065949,0.016936,3.894009,15.163308,59.04606,0.331797,0.16129,0.0,0.341014,73,0.497696,0.170507,0.170507,AMOCLINGO-INF-MR,0.515579
Knapsack,00607-knapsack-n35-w306994-v1360018-type3.asp,217,845,0.256805,0.065949,0.016936,3.894009,15.163308,59.04606,0.331797,0.16129,0.0,0.341014,73,0.497696,0.170507,0.170507,EOCLINGO-L,0.5209980000000001
Knapsack,00608-knapsack-n35-w308127-v1479933-type3.asp,217,845,0.256805,0.065949,0.016936,3.894009,15.163308,59.04606,0.331797,0.16129,0.0,0.341014,73,0.497696,0.170507,0.170507,CLINGO-AMO,4.544525
Knapsack,00609-knapsack-n35-w306163-v484606-type2.asp,217,845,0.256805,0.065949,0.016936,3.894009,15.163308,59.04606,0.331797,0.16129,0.0,0.341014,73,0.497696,0.170507,0.170507,CLINGO-AMO,0.1639219999999999
Knapsack,00610-knapsack-n35-w306735-v2240622-type3.asp,217,845,0.256805,0.065949,0.016936,3.894009,15.163308,59.04606,0.331797,0.16129,0.0,0.341014,73,0.497696,0.170507,0.170507,AMOCLINGO-L,0.517584
Knapsack,00611-knapsack-n35-w308870-v1995920-type4.asp,217,845,0.256805,0.065949,0.016936,3.894009,15.163308,59.04606,0.331797,0.16129,0.0,0.341014,73,0.497696,0.170507,0.170507,EOCLINGO-L,0.5218309999999999
Knapsack,00612-knapsack-n35-w308142-v1998404-type4.asp,217,845,0.256805,0.065949,0.016936,3.894009,15.163308,59.04606,0.331797,0.16129,0.0,0.341014,73,0.497696,0.170507,0.170507,AMOCLINGO-L,0.518952
Knapsack,00613-knapsack-n35-w307041-v1999596-type4.asp,217,845,0.256805,0.065949,0.016936,3.894009,15.163308,59.04606,0.331797,0.16129,0.0,0.341014,73,0.497696,0.170507,0.170507,AMOCLINGO-L,0.519039
Knapsack,00614-knapsack-n35-w307485-v1121550-type3.asp,217,845,0.256805,0.065949,0.016936,3.894009,15.163308,59.04606,0.331797,0.16129,0.0,0.341014,73,0.497696,0.170507,0.170507,AMOCLINGO-L,0.515274
Knapsack,00615-knapsack-n35-w306618-v227250-type1.asp,217,845,0.256805,0.065949,0.016936,3.894009,15.163308,59.04606,0.331797,0.16129,0.0,0.341014,73,0.497696,0.170507,0.170507,CLINGO-AMO,0.089669
Knapsack,00616-knapsack-n35-w307292-v1177396-type1.asp,217,845,0.256805,0.065949,0.016936,3.894009,15.163308,59.04606,0.331797,0.16129,0.0,0.341014,73,0.497696,0.170507,0.170507,AMOCLINGO-L,0.519406
Knapsack,00617-knapsack-n35-w306546-v1993205-type4.asp,217,845,0.256805,0.065949,0.016936,3.894009,15.163308,59.04606,0.331797,0.16129,0.0,0.341014,73,0.497696,0.170507,0.170507,EOCLINGO-INF-MR,0.531069
Knapsack,00618-knapsack-n35-w306144-v1489986-type3.asp,217,845,0.256805,0.065949,0.016936,3.894009,15.163308,59.04606,0.331797,0.16129,0.0,0.341014,73,0.497696,0.170507,0.170507,AMOCLINGO-L,3.086358
Knapsack,00619-knapsack-n35-w306756-v1081325-type3.asp,217,845,0.256805,0.065949,0.016936,3.894009,15.163308,59.04606,0.331797,0.16129,0.0,0.341014,73,0.497696,0.170507,0.170507,AMOCLINGO-L,0.519265
Knapsack,00621-knapsack-n35-w307303-v2009704-type4.asp,217,845,0.256805,0.065949,0.016936,3.894009,15.163308,59.04606,0.331797,0.16129,0.0,0.341014,73,0.497696,0.170507,0.170507,AMOCLINGO-L,0.51749
Knapsack,00622-knapsack-n35-w304468-v1165083-type3.asp,217,845,0.256805,0.065949,0.016936,3.894009,15.163308,59.04606,0.331797,0.16129,0.0,0.341014,73,0.497696,0.170507,0.170507,AMOCLINGO-L,0.519506
Knapsack,00623-knapsack-n35-w306623-v1995473-type4.asp,217,845,0.256805,0.065949,0.016936,3.894009,15.163308,59.04606,0.331797,0.16129,0.0,0.341014,73,0.497696,0.170507,0.170507,AMOCLINGO-INF-MR,0.518687
Knapsack,00624-knapsack-n35-w307192-v860413-type1.asp,217,845,0.256805,0.065949,0.016936,3.894009,15.163308,59.04606,0.331797,0.16129,0.0,0.341014,73,0.497696,0.170507,0.170507,CLINGO-AMO,0.4965529999999999
Knapsack,00625-knapsack-n35-w308497-v2003128-type4.asp,217,845,0.256805,0.065949,0.016936,3.894009,15.163308,59.04606,0.331797,0.16129,0.0,0.341014,73,0.497696,0.170507,0.170507,EOCLINGO-L,0.516584
Knapsack,00626-knapsack-n35-w306938-v1354144-type3.asp,217,845,0.256805,0.065949,0.016936,3.894009,15.163308,59.04606,0.331797,0.16129,0.0,0.341014,73,0.497696,0.170507,0.170507,AMOCLINGO-INF-MR,0.519934
Knapsack,00627-knapsack-n35-w308072-v1998017-type4.asp,217,845,0.256805,0.065949,0.016936,3.894009,15.163308,59.04606,0.331797,0.16129,0.0,0.341014,73,0.497696,0.170507,0.170507,EOCLINGO-L,0.517221
Knapsack,00628-knapsack-n35-w306487-v2004203-type4.asp,217,845,0.256805,0.065949,0.016936,3.894009,15.163308,59.04606,0.331797,0.16129,0.0,0.341014,73,0.497696,0.170507,0.170507,AMOCLINGO-INF-MR,0.516176
Knapsack,00629-knapsack-n35-w306902-v2347124-type3.asp,217,845,0.256805,0.065949,0.016936,3.894009,15.163308,59.04606,0.331797,0.16129,0.0,0.341014,73,0.497696,0.170507,0.170507,EOCLINGO-L,0.517606
Knapsack,00630-knapsack-n40-w29868-v266775-type3.asp,247,965,0.255959,0.065515,0.016769,3.906883,15.263732,59.633607,0.331984,0.161943,0.0,0.340081,83,0.497976,0.17004,0.17004,AMOCLINGO-INF-MR,0.519626
Knapsack,00632-knapsack-n40-w30584-v248370-type4.asp,247,965,0.255959,0.065515,0.016769,3.906883,15.263732,59.633607,0.331984,0.161943,0.0,0.340081,83,0.497976,0.17004,0.17004,AMOCLINGO-L,0.8263860000000001
Knapsack,00633-knapsack-n40-w29808-v273773-type3.asp,247,965,0.255959,0.065515,0.016769,3.906883,15.263732,59.633607,0.331984,0.161943,0.0,0.340081,83,0.497976,0.17004,0.17004,AMOCLINGO-L,0.522494
Knapsack,00634-knapsack-n40-w30127-v140355-type1.asp,247,965,0.255959,0.065515,0.016769,3.906883,15.263732,59.633607,0.331984,0.161943,0.0,0.340081,83,0.497976,0.17004,0.17004,AMOCLINGO-L,0.524397
Knapsack,00635-knapsack-n40-w29203-v2291241-type2.asp,247,965,0.255959,0.065515,0.016769,3.906883,15.263732,59.633607,0.331984,0.161943,0.0,0.340081,83,0.497976,0.17004,0.17004,AMOCLINGO-L,0.520733
Knapsack,00636-knapsack-n40-w29259-v143242-type3.asp,247,965,0.255959,0.065515,0.016769,3.906883,15.263732,59.633607,0.331984,0.161943,0.0,0.340081,83,0.497976,0.17004,0.17004,AMOCLINGO-L,0.522632
Knapsack,00637-knapsack-n40-w28454-v189112-type3.asp,247,965,0.255959,0.065515,0.016769,3.906883,15.263732,59.633607,0.331984,0.161943,0.0,0.340081,83,0.497976,0.17004,0.17004,CLINGO-AMO,72.560756
Knapsack,00639-knapsack-n40-w30845-v186167-type3.asp,247,965,0.255959,0.065515,0.016769,3.906883,15.263732,59.633607,0.331984,0.161943,0.0,0.340081,83,0.497976,0.17004,0.17004,EOCLINGO-L,0.556997
Knapsack,00640-knapsack-n40-w29756-v257005-type4.asp,247,965,0.255959,0.065515,0.016769,3.906883,15.263732,59.633607,0.331984,0.161943,0.0,0.340081,83,0.497976,0.17004,0.17004,AMOCLINGO-L,0.522394
Knapsack,00641-knapsack-n40-w30723-v93074-type1.asp,247,965,0.255959,0.065515,0.016769,3.906883,15.263732,59.633607,0.331984,0.161943,0.0,0.340081,83,0.497976,0.17004,0.17004,CLINGO-AMO,0.353916
Knapsack,00643-knapsack-n40-w31308-v248902-type4.asp,247,965,0.255959,0.065515,0.016769,3.906883,15.263732,59.633607,0.331984,0.161943,0.0,0.340081,83,0.497976,0.17004,0.17004,EOCLINGO-INF-MR,0.536286
Knapsack,00644-knapsack-n40-w30453-v175334-type3.asp,247,965,0.255959,0.065515,0.016769,3.906883,15.263732,59.633607,0.331984,0.161943,0.0,0.340081,83,0.497976,0.17004,0.17004,AMOCLINGO-INF-MR,0.524078
Knapsack,00645-knapsack-n40-w29664-v1147280-type2.asp,247,965,0.255959,0.065515,0.016769,3.906883,15.263732,59.633607,0.331984,0.161943,0.0,0.340081,83,0.497976,0.17004,0.17004,AMOCLINGO-L,0.521239
Knapsack,00646-knapsack-n40-w31043-v155252-type3.asp,247,965,0.255959,0.065515,0.016769,3.906883,15.263732,59.633607,0.331984,0.161943,0.0,0.340081,83,0.497976,0.17004,0.17004,AMOCLINGO-L,0.522429
Knapsack,00647-knapsack-n40-w30813-v195930-type3.asp,247,965,0.255959,0.065515,0.016769,3.906883,15.263732,59.633607,0.331984,0.161943,0.0,0.340081,83,0.497976,0.17004,0.17004,AMOCLINGO-L,0.540793
Knapsack,00648-knapsack-n40-w31288-v267963-type3.asp,247,965,0.255959,0.065515,0.016769,3.906883,15.263732,59.633607,0.331984,0.161943,0.0,0.340081,83,0.497976,0.17004,0.17004,EOCLINGO-INF-MR,0.5237310000000001
Knapsack,00650-knapsack-n40-w29942-v250207-type4.asp,247,965,0.255959,0.065515,0.016769,3.906883,15.263732,59.633607,0.331984,0.161943,0.0,0.340081,83,0.497976,0.17004,0.17004,AMOCLINGO-L,0.5225380000000001
Knapsack,00651-knapsack-n40-w30220-v260458-type3.asp,247,965,0.255959,0.065515,0.016769,3.906883,15.263732,59.633607,0.331984,0.161943,0.0,0.340081,83,0.497976,0.17004,0.17004,AMOCLINGO-INF-MR,0.518893
Knapsack,00652-knapsack-n40-w29917-v999043-type2.asp,247,965,0.255959,0.065515,0.016769,3.906883,15.263732,59.633607,0.331984,0.161943,0.0,0.340081,83,0.497976,0.17004,0.17004,AMOCLINGO-INF-MR,0.519999
Knapsack,00653-knapsack-n40-w29667-v251037-type4.asp,247,965,0.255959,0.065515,0.016769,3.906883,15.263732,59.633607,0.331984,0.161943,0.0,0.340081,83,0.497976,0.17004,0.17004,AMOCLINGO-INF-MR,0.51987
Knapsack,00654-knapsack-n40-w30939-v166477-type3.asp,247,965,0.255959,0.065515,0.016769,3.906883,15.263732,59.633607,0.331984,0.161943,0.0,0.340081,83,0.497976,0.17004,0.17004,AMOCLINGO-INF-MR,0.524541
Knapsack,00655-knapsack-n40-w30980-v735749-type2.asp,247,965,0.255959,0.065515,0.016769,3.906883,15.263732,59.633607,0.331984,0.161943,0.0,0.340081,83,0.497976,0.17004,0.17004,AMOCLINGO-INF-MR,0.518954
Knapsack,00656-knapsack-n40-w29700-v161379-type3.asp,247,965,0.255959,0.065515,0.016769,3.906883,15.263732,59.633607,0.331984,0.161943,0.0,0.340081,83,0.497976,0.17004,0.17004,AMOCLINGO-L,0.523988
Knapsack,00657-knapsack-n40-w29914-v127419-type1.asp,247,965,0.255959,0.065515,0.016769,3.906883,15.263732,59.633607,0.331984,0.161943,0.0,0.340081,83,0.497976,0.17004,0.17004,AMOCLINGO-L,0.522051
Knapsack,00658-knapsack-n40-w30381-v253934-type3.asp,247,965,0.255959,0.065515,0.016769,3.906883,15.263732,59.633607,0.331984,0.161943,0.0,0.340081,83,0.497976,0.17004,0.17004,AMOCLINGO-INF-MR,0.519934
Knapsack,00660-knapsack-n40-w83484-v8959612-type2.asp,247,965,0.255959,0.065515,0.016769,3.906883,15.263732,59.633607,0.331984,0.161943,0.0,0.340081,83,0.497976,0.17004,0.17004,EOCLINGO-INF-MR,0.520358
Knapsack,00661-knapsack-n40-w84432-v351086-type1.asp,247,965,0.255959,0.065515,0.016769,3.906883,15.263732,59.633607,0.331984,0.161943,0.0,0.340081,83,0.497976,0.17004,0.17004,CLINGO-AMO,0.35733
Knapsack,00662-knapsack-n40-w83989-v1172026-type4.asp,247,965,0.255959,0.065515,0.016769,3.906883,15.263732,59.633607,0.331984,0.161943,0.0,0.340081,83,0.497976,0.17004,0.17004,EOCLINGO-INF-MR,0.547148
Knapsack,00663-knapsack-n40-w84674-v1341662-type3.asp,247,965,0.255959,0.065515,0.016769,3.906883,15.263732,59.633607,0.331984,0.161943,0.0,0.340081,83,0.497976,0.17004,0.17004,AMOCLINGO-L,0.520203
Knapsack,00665-knapsack-n40-w83623-v1177709-type4.asp,247,965,0.255959,0.065515,0.016769,3.906883,15.263732,59.633607,0.331984,0.161943,0.0,0.340081,83,0.497976,0.17004,0.17004,AMOCLINGO-L,0.520484
Knapsack,00666-knapsack-n40-w86646-v1373892-type3.asp,247,965,0.255959,0.065515,0.016769,3.906883,15.263732,59.633607,0.331984,0.161943,0.0,0.340081,83,0.497976,0.17004,0.17004,AMOCLINGO-L,0.522661
Knapsack,00667-knapsack-n40-w85746-v1173332-type4.asp,247,965,0.255959,0.065515,0.016769,3.906883,15.263732,59.633607,0.331984,0.161943,0.0,0.340081,83,0.497976,0.17004,0.17004,AMOCLINGO-L,0.525417
Knapsack,00668-knapsack-n40-w85411-v1306964-type3.asp,247,965,0.255959,0.065515,0.016769,3.906883,15.263732,59.633607,0.331984,0.161943,0.0,0.340081,83,0.497976,0.17004,0.17004,AMOCLINGO-L,0.5208430000000001
Knapsack,00669-knapsack-n40-w82992-v1166336-type4.asp,247,965,0.255959,0.065515,0.016769,3.906883,15.263732,59.633607,0.331984,0.161943,0.0,0.340081,83,0.497976,0.17004,0.17004,EOCLINGO-L,502.940569
Knapsack,00671-knapsack-n40-w85441-v790817-type3.asp,247,965,0.255959,0.065515,0.016769,3.906883,15.263732,59.633607,0.331984,0.161943,0.0,0.340081,83,0.497976,0.17004,0.17004,AMOCLINGO-L,0.522678
Knapsack,00672-knapsack-n40-w83516-v1182037-type4.asp,247,965,0.255959,0.065515,0.016769,3.906883,15.263732,59.633607,0.331984,0.161943,0.0,0.340081,83,0.497976,0.17004,0.17004,EOCLINGO-L,0.521137
Knapsack,00674-knapsack-n40-w86251-v619199-type3.asp,247,965,0.255959,0.065515,0.016769,3.906883,15.263732,59.633607,0.331984,0.161943,0.0,0.340081,83,0.497976,0.17004,0.17004,EOCLINGO-L,0.524026
Knapsack,00675-knapsack-n40-w85266-v1175749-type4.asp,247,965,0.255959,0.065515,0.016769,3.906883,15.263732,59.633607,0.331984,0.161943,0.0,0.340081,83,0.497976,0.17004,0.17004,EOCLINGO-INF-MR,0.521313
Knapsack,00676-knapsack-n40-w83432-v1175201-type4.asp,247,965,0.255959,0.065515,0.016769,3.906883,15.263732,59.633607,0.331984,0.161943,0.0,0.340081,83,0.497976,0.17004,0.17004,AMOCLINGO-L,0.520142
Knapsack,00678-knapsack-n40-w84523-v526467-type1.asp,247,965,0.255959,0.065515,0.016769,3.906883,15.263732,59.633607,0.331984,0.161943,0.0,0.340081,83,0.497976,0.17004,0.17004,AMOCLINGO-L,0.5219860000000001
Knapsack,00679-knapsack-n40-w83985-v1173448-type4.asp,247,965,0.255959,0.065515,0.016769,3.906883,15.263732,59.633607,0.331984,0.161943,0.0,0.340081,83,0.497976,0.17004,0.17004,EOCLINGO-INF-MR,0.522888
Knapsack,00681-knapsack-n40-w85684-v704689-type3.asp,247,965,0.255959,0.065515,0.016769,3.906883,15.263732,59.633607,0.331984,0.161943,0.0,0.340081,83,0.497976,0.17004,0.17004,AMOCLINGO-L,0.523008
Knapsack,00682-knapsack-n40-w81970-v843983-type3.asp,247,965,0.255959,0.065515,0.016769,3.906883,15.263732,59.633607,0.331984,0.161943,0.0,0.340081,83,0.497976,0.17004,0.17004,CLINGO-AMO,815.106525
Knapsack,00683-knapsack-n40-w83435-v1172046-type4.asp,247,965,0.255959,0.065515,0.016769,3.906883,15.263732,59.633607,0.331984,0.161943,0.0,0.340081,83,0.497976,0.17004,0.17004,EOCLINGO-INF-MR,0.540939
Knapsack,00684-knapsack-n40-w83307-v1169876-type4.asp,247,965,0.255959,0.065515,0.016769,3.906883,15.263732,59.633607,0.331984,0.161943,0.0,0.340081,83,0.497976,0.17004,0.17004,EOCLINGO-INF-MR,1.059888
Knapsack,00685-knapsack-n40-w84409-v1173180-type4.asp,247,965,0.255959,0.065515,0.016769,3.906883,15.263732,59.633607,0.331984,0.161943,0.0,0.340081,83,0.497976,0.17004,0.17004,EOCLINGO-INF-MR,0.522911
Knapsack,00686-knapsack-n40-w84236-v696926-type3.asp,247,965,0.255959,0.065515,0.016769,3.906883,15.263732,59.633607,0.331984,0.161943,0.0,0.340081,83,0.497976,0.17004,0.17004,EOCLINGO-L,0.52284
Knapsack,00687-knapsack-n40-w85645-v1172193-type4.asp,247,965,0.255959,0.065515,0.016769,3.906883,15.263732,59.633607,0.331984,0.161943,0.0,0.340081,83,0.497976,0.17004,0.17004,EOCLINGO-INF-MR,0.537693
Knapsack,00688-knapsack-n40-w84351-v1178879-type3.asp,247,965,0.255959,0.065515,0.016769,3.906883,15.263732,59.633607,0.331984,0.161943,0.0,0.340081,83,0.497976,0.17004,0.17004,AMOCLINGO-L,0.519776
Knapsack,00689-knapsack-n40-w85005-v1167375-type4.asp,247,965,0.255959,0.065515,0.016769,3.906883,15.263732,59.633607,0.331984,0.161943,0.0,0.340081,83,0.497976,0.17004,0.17004,AMOCLINGO-L,89.984593
Knapsack,00690-knapsack-n40-w409649-v15804455-type2.asp,247,965,0.255959,0.065515,0.016769,3.906883,15.263732,59.633607,0.331984,0.161943,0.0,0.340081,83,0.497976,0.17004,0.17004,AMOCLINGO-L,0.518786
Knapsack,00691-knapsack-n40-w407245-v1551334-type3.asp,247,965,0.255959,0.065515,0.016769,3.906883,15.263732,59.633607,0.331984,0.161943,0.0,0.340081,83,0.497976,0.17004,0.17004,AMOCLINGO-L,0.521104
Knapsack,00692-knapsack-n40-w408202-v1304249-type3.asp,247,965,0.255959,0.065515,0.016769,3.906883,15.263732,59.633607,0.331984,0.161943,0.0,0.340081,83,0.497976,0.17004,0.17004,AMOCLINGO-L,0.52034
Knapsack,00694-knapsack-n40-w409346-v2327574-type4.asp,247,965,0.255959,0.065515,0.016769,3.906883,15.263732,59.633607,0.331984,0.161943,0.0,0.340081,83,0.497976,0.17004,0.17004,EOCLINGO-INF-MR,0.521164
Knapsack,00695-knapsack-n40-w411279-v2332434-type4.asp,247,965,0.255959,0.065515,0.016769,3.906883,15.263732,59.633607,0.331984,0.161943,0.0,0.340081,83,0.497976,0.17004,0.17004,EOCLINGO-INF-MR,0.519999
Knapsack,00696-knapsack-n40-w410740-v2511703-type3.asp,247,965,0.255959,0.065515,0.016769,3.906883,15.263732,59.633607,0.331984,0.161943,0.0,0.340081,83,0.497976,0.17004,0.17004,AMOCLINGO-L,0.519028
Knapsack,00697-knapsack-n40-w409210-v1967006-type3.asp,247,965,0.255959,0.065515,0.016769,3.906883,15.263732,59.633607,0.331984,0.161943,0.0,0.340081,83,0.497976,0.17004,0.17004,AMOCLINGO-L,50.986634
Knapsack,00698-knapsack-n40-w409965-v1538900-type3.asp,247,965,0.255959,0.065515,0.016769,3.906883,15.263732,59.633607,0.331984,0.161943,0.0,0.340081,83,0.497976,0.17004,0.17004,AMOCLINGO-L,0.521485
Knapsack,00699-knapsack-n40-w409358-v2323924-type4.asp,247,965,0.255959,0.065515,0.016769,3.906883,15.263732,59.633607,0.331984,0.161943,0.0,0.340081,83,0.497976,0.17004,0.17004,EOCLINGO-INF-MR,0.525737
Knapsack,00700-knapsack-n40-w407024-v1451451-type3.asp,247,965,0.255959,0.065515,0.016769,3.906883,15.263732,59.633607,0.331984,0.161943,0.0,0.340081,83,0.497976,0.17004,0.17004,AMOCLINGO-L,0.521288
Knapsack,00701-knapsack-n40-w410084-v9520760-type2.asp,247,965,0.255959,0.065515,0.016769,3.906883,15.263732,59.633607,0.331984,0.161943,0.0,0.340081,83,0.497976,0.17004,0.17004,EOCLINGO-L,0.520489
Knapsack,00702-knapsack-n40-w408628-v1264770-type3.asp,247,965,0.255959,0.065515,0.016769,3.906883,15.263732,59.633607,0.331984,0.161943,0.0,0.340081,83,0.497976,0.17004,0.17004,AMOCLINGO-L,0.52244
Knapsack,00703-knapsack-n40-w409152-v2462951-type3.asp,247,965,0.255959,0.065515,0.016769,3.906883,15.263732,59.633607,0.331984,0.161943,0.0,0.340081,83,0.497976,0.17004,0.17004,EOCLINGO-L,0.5207930000000001
Knapsack,00704-knapsack-n40-w409560-v5061475-type2.asp,247,965,0.255959,0.065515,0.016769,3.906883,15.263732,59.633607,0.331984,0.161943,0.0,0.340081,83,0.497976,0.17004,0.17004,EOCLINGO-INF-MR,0.519658
Knapsack,00705-knapsack-n40-w409552-v2725190-type3.asp,247,965,0.255959,0.065515,0.016769,3.906883,15.263732,59.633607,0.331984,0.161943,0.0,0.340081,83,0.497976,0.17004,0.17004,AMOCLINGO-INF-MR,0.521224
Knapsack,00706-knapsack-n40-w411133-v2332963-type4.asp,247,965,0.255959,0.065515,0.016769,3.906883,15.263732,59.633607,0.331984,0.161943,0.0,0.340081,83,0.497976,0.17004,0.17004,AMOCLINGO-L,0.520529
Knapsack,00707-knapsack-n40-w410736-v2331638-type4.asp,247,965,0.255959,0.065515,0.016769,3.906883,15.263732,59.633607,0.331984,0.161943,0.0,0.340081,83,0.497976,0.17004,0.17004,EOCLINGO-INF-MR,0.520605
Knapsack,00708-knapsack-n40-w408026-v1766015-type3.asp,247,965,0.255959,0.065515,0.016769,3.906883,15.263732,59.633607,0.331984,0.161943,0.0,0.340081,83,0.497976,0.17004,0.17004,AMOCLINGO-L,0.523496
Knapsack,00709-knapsack-n40-w410782-v2331772-type4.asp,247,965,0.255959,0.065515,0.016769,3.906883,15.263732,59.633607,0.331984,0.161943,0.0,0.340081,83,0.497976,0.17004,0.17004,EOCLINGO-L,0.5214960000000001
Knapsack,00710-knapsack-n40-w410121-v2692403-type3.asp,247,965,0.255959,0.065515,0.016769,3.906883,15.263732,59.633607,0.331984,0.161943,0.0,0.340081,83,0.497976,0.17004,0.17004,AMOCLINGO-L,0.5214529999999999
Knapsack,00711-knapsack-n40-w410095-v2699044-type3.asp,247,965,0.255959,0.065515,0.016769,3.906883,15.263732,59.633607,0.331984,0.161943,0.0,0.340081,83,0.497976,0.17004,0.17004,AMOCLINGO-L,0.522477
Knapsack,00712-knapsack-n40-w409798-v2332124-type4.asp,247,965,0.255959,0.065515,0.016769,3.906883,15.263732,59.633607,0.331984,0.161943,0.0,0.340081,83,0.497976,0.17004,0.17004,EOCLINGO-L,0.518901
Knapsack,00713-knapsack-n40-w410095-v566355-type1.asp,247,965,0.255959,0.065515,0.016769,3.906883,15.263732,59.633607,0.331984,0.161943,0.0,0.340081,83,0.497976,0.17004,0.17004,CLINGO-AMO,0.32
Knapsack,00714-knapsack-n40-w410515-v2462893-type3.asp,247,965,0.255959,0.065515,0.016769,3.906883,15.263732,59.633607,0.331984,0.161943,0.0,0.340081,83,0.497976,0.17004,0.17004,EOCLINGO-L,0.520667
Knapsack,00716-knapsack-n40-w409963-v2331717-type4.asp,247,965,0.255959,0.065515,0.016769,3.906883,15.263732,59.633607,0.331984,0.161943,0.0,0.340081,83,0.497976,0.17004,0.17004,EOCLINGO-INF-MR,0.523095
Knapsack,00718-knapsack-n40-w409228-v2476607-type3.asp,247,965,0.255959,0.065515,0.016769,3.906883,15.263732,59.633607,0.331984,0.161943,0.0,0.340081,83,0.497976,0.17004,0.17004,AMOCLINGO-L,0.517756
Knapsack,00719-knapsack-n40-w409742-v3927578-type2.asp,247,965,0.255959,0.065515,0.016769,3.906883,15.263732,59.633607,0.331984,0.161943,0.0,0.340081,83,0.497976,0.17004,0.17004,AMOCLINGO-L,0.519571
Knapsack,00720-knapsack-n45-w33679-v324145-type3.asp,277,1085,0.2553,0.065178,0.01664,3.916968,15.342634,60.096601,0.33213,0.162455,0.0,0.33935,93,0.498195,0.169675,0.169675,EOCLINGO-L,0.524193
Knapsack,00721-knapsack-n45-w34461-v184168-type3.asp,277,1085,0.2553,0.065178,0.01664,3.916968,15.342634,60.096601,0.33213,0.162455,0.0,0.33935,93,0.498195,0.169675,0.169675,AMOCLINGO-L,0.523722
Knapsack,00722-knapsack-n45-w32528-v137201-type1.asp,277,1085,0.2553,0.065178,0.01664,3.916968,15.342634,60.096601,0.33213,0.162455,0.0,0.33935,93,0.498195,0.169675,0.169675,EOCLINGO-L,0.525407
Knapsack,00723-knapsack-n45-w33387-v294034-type4.asp,277,1085,0.2553,0.065178,0.01664,3.916968,15.342634,60.096601,0.33213,0.162455,0.0,0.33935,93,0.498195,0.169675,0.169675,AMOCLINGO-L,0.52383
Knapsack,00724-knapsack-n45-w32191-v297700-type4.asp,277,1085,0.2553,0.065178,0.01664,3.916968,15.342634,60.096601,0.33213,0.162455,0.0,0.33935,93,0.498195,0.169675,0.169675,AMOCLINGO-INF-MR,0.523505
Knapsack,00725-knapsack-n45-w32317-v152652-type3.asp,277,1085,0.2553,0.065178,0.01664,3.916968,15.342634,60.096601,0.33213,0.162455,0.0,0.33935,93,0.498195,0.169675,0.169675,AMOCLINGO-L,0.524126
Knapsack,00726-knapsack-n45-w34403-v216759-type3.asp,277,1085,0.2553,0.065178,0.01664,3.916968,15.342634,60.096601,0.33213,0.162455,0.0,0.33935,93,0.498195,0.169675,0.169675,EOCLINGO-L,0.52966
Knapsack,00727-knapsack-n45-w32036-v215169-type3.asp,277,1085,0.2553,0.065178,0.01664,3.916968,15.342634,60.096601,0.33213,0.162455,0.0,0.33935,93,0.498195,0.169675,0.169675,EOCLINGO-L,0.764807
Knapsack,00728-knapsack-n45-w31682-v161025-type2.asp,277,1085,0.2553,0.065178,0.01664,3.916968,15.342634,60.096601,0.33213,0.162455,0.0,0.33935,93,0.498195,0.169675,0.169675,EOCLINGO-L,0.526266
Knapsack,00729-knapsack-n45-w33605-v2674538-type2.asp,277,1085,0.2553,0.065178,0.01664,3.916968,15.342634,60.096601,0.33213,0.162455,0.0,0.33935,93,0.498195,0.169675,0.169675,EOCLINGO-L,0.523943
Knapsack,00734-knapsack-n45-w30380-v290297-type4.asp,277,1085,0.2553,0.065178,0.01664,3.916968,15.342634,60.096601,0.33213,0.162455,0.0,0.33935,93,0.498195,0.169675,0.169675,AMOCLINGO-INF-MR,0.5254190000000001
Knapsack,00735-knapsack-n45-w32362-v294017-type4.asp,277,1085,0.2553,0.065178,0.01664,3.916968,15.342634,60.096601,0.33213,0.162455,0.0,0.33935,93,0.498195,0.169675,0.169675,EOCLINGO-L,0.523915
Knapsack,00736-knapsack-n45-w32504-v158386-type3.asp,277,1085,0.2553,0.065178,0.01664,3.916968,15.342634,60.096601,0.33213,0.162455,0.0,0.33935,93,0.498195,0.169675,0.169675,EOCLINGO-L,0.525199
Knapsack,00737-knapsack-n45-w33102-v293603-type3.asp,277,1085,0.2553,0.065178,0.01664,3.916968,15.342634,60.096601,0.33213,0.162455,0.0,0.33935,93,0.498195,0.169675,0.169675,AMOCLINGO-L,0.523927
Knapsack,00738-knapsack-n45-w32439-v1472851-type2.asp,277,1085,0.2553,0.065178,0.01664,3.916968,15.342634,60.096601,0.33213,0.162455,0.0,0.33935,93,0.498195,0.169675,0.169675,AMOCLINGO-INF-MR,0.525795
Knapsack,00739-knapsack-n45-w32179-v294833-type4.asp,277,1085,0.2553,0.065178,0.01664,3.916968,15.342634,60.096601,0.33213,0.162455,0.0,0.33935,93,0.498195,0.169675,0.169675,EOCLINGO-L,0.524047
Knapsack,00740-knapsack-n45-w30839-v288003-type4.asp,277,1085,0.2553,0.065178,0.01664,3.916968,15.342634,60.096601,0.33213,0.162455,0.0,0.33935,93,0.498195,0.169675,0.169675,EOCLINGO-L,0.525162
Knapsack,00741-knapsack-n45-w33461-v291894-type4.asp,277,1085,0.2553,0.065178,0.01664,3.916968,15.342634,60.096601,0.33213,0.162455,0.0,0.33935,93,0.498195,0.169675,0.169675,AMOCLINGO-INF-MR,0.525196
Knapsack,00742-knapsack-n45-w35140-v287536-type4.asp,277,1085,0.2553,0.065178,0.01664,3.916968,15.342634,60.096601,0.33213,0.162455,0.0,0.33935,93,0.498195,0.169675,0.169675,AMOCLINGO-INF-MR,0.536281
Knapsack,00743-knapsack-n45-w34346-v290598-type4.asp,277,1085,0.2553,0.065178,0.01664,3.916968,15.342634,60.096601,0.33213,0.162455,0.0,0.33935,93,0.498195,0.169675,0.169675,AMOCLINGO-L,0.524338
Knapsack,00744-knapsack-n45-w34002-v290801-type4.asp,277,1085,0.2553,0.065178,0.01664,3.916968,15.342634,60.096601,0.33213,0.162455,0.0,0.33935,93,0.498195,0.169675,0.169675,EOCLINGO-L,0.523915
Knapsack,00745-knapsack-n45-w32258-v633205-type2.asp,277,1085,0.2553,0.065178,0.01664,3.916968,15.342634,60.096601,0.33213,0.162455,0.0,0.33935,93,0.498195,0.169675,0.169675,AMOCLINGO-L,0.5230969999999999
Knapsack,00746-knapsack-n45-w32340-v204144-type3.asp,277,1085,0.2553,0.065178,0.01664,3.916968,15.342634,60.096601,0.33213,0.162455,0.0,0.33935,93,0.498195,0.169675,0.169675,EOCLINGO-INF-MR,0.534644
Knapsack,00747-knapsack-n45-w34336-v289336-type4.asp,277,1085,0.2553,0.065178,0.01664,3.916968,15.342634,60.096601,0.33213,0.162455,0.0,0.33935,93,0.498195,0.169675,0.169675,AMOCLINGO-L,0.522988
Knapsack,00748-knapsack-n45-w32658-v312659-type3.asp,277,1085,0.2553,0.065178,0.01664,3.916968,15.342634,60.096601,0.33213,0.162455,0.0,0.33935,93,0.498195,0.169675,0.169675,AMOCLINGO-L,0.523613
Knapsack,00750-knapsack-n45-w95663-v1328358-type4.asp,277,1085,0.2553,0.065178,0.01664,3.916968,15.342634,60.096601,0.33213,0.162455,0.0,0.33935,93,0.498195,0.169675,0.169675,EOCLINGO-L,0.52449
Knapsack,00752-knapsack-n45-w94598-v958796-type3.asp,277,1085,0.2553,0.065178,0.01664,3.916968,15.342634,60.096601,0.33213,0.162455,0.0,0.33935,93,0.498195,0.169675,0.169675,CLINGO-AMO,12.977225
Knapsack,00753-knapsack-n45-w92720-v1576880-type3.asp,277,1085,0.2553,0.065178,0.01664,3.916968,15.342634,60.096601,0.33213,0.162455,0.0,0.33935,93,0.498195,0.169675,0.169675,AMOCLINGO-INF-MR,0.526236
Knapsack,00754-knapsack-n45-w92407-v1332828-type4.asp,277,1085,0.2553,0.065178,0.01664,3.916968,15.342634,60.096601,0.33213,0.162455,0.0,0.33935,93,0.498195,0.169675,0.169675,AMOCLINGO-INF-MR,0.524278
Knapsack,00757-knapsack-n45-w92584-v8177375-type2.asp,277,1085,0.2553,0.065178,0.01664,3.916968,15.342634,60.096601,0.33213,0.162455,0.0,0.33935,93,0.498195,0.169675,0.169675,EOCLINGO-L,0.524474
Knapsack,00758-knapsack-n45-w93277-v1324917-type4.asp,277,1085,0.2553,0.065178,0.01664,3.916968,15.342634,60.096601,0.33213,0.162455,0.0,0.33935,93,0.498195,0.169675,0.169675,AMOCLINGO-INF-MR,0.528638
Knapsack,00760-knapsack-n45-w93672-v8826323-type2.asp,277,1085,0.2553,0.065178,0.01664,3.916968,15.342634,60.096601,0.33213,0.162455,0.0,0.33935,93,0.498195,0.169675,0.169675,EOCLINGO-L,0.525522
Knapsack,00761-knapsack-n45-w94960-v721735-type3.asp,277,1085,0.2553,0.065178,0.01664,3.916968,15.342634,60.096601,0.33213,0.162455,0.0,0.33935,93,0.498195,0.169675,0.169675,EOCLINGO-L,0.5269820000000001
Knapsack,00763-knapsack-n45-w92778-v1329710-type4.asp,277,1085,0.2553,0.065178,0.01664,3.916968,15.342634,60.096601,0.33213,0.162455,0.0,0.33935,93,0.498195,0.169675,0.169675,AMOCLINGO-L,0.522232
Knapsack,00764-knapsack-n45-w94447-v1331473-type4.asp,277,1085,0.2553,0.065178,0.01664,3.916968,15.342634,60.096601,0.33213,0.162455,0.0,0.33935,93,0.498195,0.169675,0.169675,EOCLINGO-L,0.523074
Knapsack,00765-knapsack-n45-w92271-v7557613-type2.asp,277,1085,0.2553,0.065178,0.01664,3.916968,15.342634,60.096601,0.33213,0.162455,0.0,0.33935,93,0.498195,0.169675,0.169675,AMOCLINGO-L,0.522556
Knapsack,00766-knapsack-n45-w93946-v1377888-type3.asp,277,1085,0.2553,0.065178,0.01664,3.916968,15.342634,60.096601,0.33213,0.162455,0.0,0.33935,93,0.498195,0.169675,0.169675,AMOCLINGO-L,0.522864
Knapsack,00767-knapsack-n45-w93686-v2304375-type2.asp,277,1085,0.2553,0.065178,0.01664,3.916968,15.342634,60.096601,0.33213,0.162455,0.0,0.33935,93,0.498195,0.169675,0.169675,AMOCLINGO-L,0.5232220000000001
Knapsack,00768-knapsack-n45-w93022-v1324881-type4.asp,277,1085,0.2553,0.065178,0.01664,3.916968,15.342634,60.096601,0.33213,0.162455,0.0,0.33935,93,0.498195,0.169675,0.169675,AMOCLINGO-L,0.530583
Knapsack,00769-knapsack-n45-w92730-v1328263-type4.asp,277,1085,0.2553,0.065178,0.01664,3.916968,15.342634,60.096601,0.33213,0.162455,0.0,0.33935,93,0.498195,0.169675,0.169675,AMOCLINGO-L,0.5224340000000001
Knapsack,00770-knapsack-n45-w92763-v1337977-type4.asp,277,1085,0.2553,0.065178,0.01664,3.916968,15.342634,60.096601,0.33213,0.162455,0.0,0.33935,93,0.498195,0.169675,0.169675,AMOCLINGO-L,0.5234369999999999
Knapsack,00771-knapsack-n45-w93606-v1325601-type4.asp,277,1085,0.2553,0.065178,0.01664,3.916968,15.342634,60.096601,0.33213,0.162455,0.0,0.33935,93,0.498195,0.169675,0.169675,AMOCLINGO-L,0.525896
Knapsack,00772-knapsack-n45-w91224-v921231-type3.asp,277,1085,0.2553,0.065178,0.01664,3.916968,15.342634,60.096601,0.33213,0.162455,0.0,0.33935,93,0.498195,0.169675,0.169675,CLINGO-AMO,12.463854
Knapsack,00776-knapsack-n45-w93248-v1336886-type4.asp,277,1085,0.2553,0.065178,0.01664,3.916968,15.342634,60.096601,0.33213,0.162455,0.0,0.33935,93,0.498195,0.169675,0.169675,EOCLINGO-INF-MR,0.528088
Knapsack,00777-knapsack-n45-w92110-v95740-type1.asp,277,1085,0.2553,0.065178,0.01664,3.916968,15.342634,60.096601,0.33213,0.162455,0.0,0.33935,93,0.498195,0.169675,0.169675,CLINGO-AMO,0.1137
Knapsack,00778-knapsack-n45-w92259-v1332063-type4.asp,277,1085,0.2553,0.065178,0.01664,3.916968,15.342634,60.096601,0.33213,0.162455,0.0,0.33935,93,0.498195,0.169675,0.169675,EOCLINGO-L,0.525542
Knapsack,00780-knapsack-n45-w353690-v2360243-type4.asp,277,1085,0.2553,0.065178,0.01664,3.916968,15.342634,60.096601,0.33213,0.162455,0.0,0.33935,93,0.498195,0.169675,0.169675,EOCLINGO-L,0.527411
Knapsack,00781-knapsack-n45-w352139-v1357071-type3.asp,277,1085,0.2553,0.065178,0.01664,3.916968,15.342634,60.096601,0.33213,0.162455,0.0,0.33935,93,0.498195,0.169675,0.169675,EOCLINGO-L,0.52926
Knapsack,00782-knapsack-n45-w350795-v2367438-type4.asp,277,1085,0.2553,0.065178,0.01664,3.916968,15.342634,60.096601,0.33213,0.162455,0.0,0.33935,93,0.498195,0.169675,0.169675,EOCLINGO-L,0.527123
Knapsack,00783-knapsack-n45-w351040-v2356626-type4.asp,277,1085,0.2553,0.065178,0.01664,3.916968,15.342634,60.096601,0.33213,0.162455,0.0,0.33935,93,0.498195,0.169675,0.169675,EOCLINGO-INF-MR,0.5354289999999999
Knapsack,00784-knapsack-n45-w350756-v2359416-type4.asp,277,1085,0.2553,0.065178,0.01664,3.916968,15.342634,60.096601,0.33213,0.162455,0.0,0.33935,93,0.498195,0.169675,0.169675,AMOCLINGO-INF-MR,0.52612
Knapsack,00785-knapsack-n45-w349406-v1444222-type1.asp,277,1085,0.2553,0.065178,0.01664,3.916968,15.342634,60.096601,0.33213,0.162455,0.0,0.33935,93,0.498195,0.169675,0.169675,EOCLINGO-INF-MR,0.53087
Knapsack,00786-knapsack-n45-w352625-v2687174-type3.asp,277,1085,0.2553,0.065178,0.01664,3.916968,15.342634,60.096601,0.33213,0.162455,0.0,0.33935,93,0.498195,0.169675,0.169675,EOCLINGO-INF-MR,0.525252
Knapsack,00787-knapsack-n45-w351396-v2355148-type4.asp,277,1085,0.2553,0.065178,0.01664,3.916968,15.342634,60.096601,0.33213,0.162455,0.0,0.33935,93,0.498195,0.169675,0.169675,AMOCLINGO-INF-MR,0.54531
Knapsack,00788-knapsack-n45-w350674-v1191644-type3.asp,277,1085,0.2553,0.065178,0.01664,3.916968,15.342634,60.096601,0.33213,0.162455,0.0,0.33935,93,0.498195,0.169675,0.169675,EOCLINGO-L,0.529025
Knapsack,00789-knapsack-n45-w352348-v12768564-type2.asp,277,1085,0.2553,0.065178,0.01664,3.916968,15.342634,60.096601,0.33213,0.162455,0.0,0.33935,93,0.498195,0.169675,0.169675,AMOCLINGO-INF-MR,0.526553
Knapsack,00790-knapsack-n45-w350875-v1632978-type3.asp,277,1085,0.2553,0.065178,0.01664,3.916968,15.342634,60.096601,0.33213,0.162455,0.0,0.33935,93,0.498195,0.169675,0.169675,EOCLINGO-L,0.5289429999999999
Knapsack,00791-knapsack-n45-w351591-v1945995-type3.asp,277,1085,0.2553,0.065178,0.01664,3.916968,15.342634,60.096601,0.33213,0.162455,0.0,0.33935,93,0.498195,0.169675,0.169675,CLINGO-AMO,62.5787
Knapsack,00792-knapsack-n45-w352607-v2356247-type4.asp,277,1085,0.2553,0.065178,0.01664,3.916968,15.342634,60.096601,0.33213,0.162455,0.0,0.33935,93,0.498195,0.169675,0.169675,EOCLINGO-INF-MR,0.535354
Knapsack,00793-knapsack-n45-w352515-v1752054-type3.asp,277,1085,0.2553,0.065178,0.01664,3.916968,15.342634,60.096601,0.33213,0.162455,0.0,0.33935,93,0.498195,0.169675,0.169675,CLINGO-AMO,5.246453000000001
Knapsack,00794-knapsack-n45-w352437-v2348963-type3.asp,277,1085,0.2553,0.065178,0.01664,3.916968,15.342634,60.096601,0.33213,0.162455,0.0,0.33935,93,0.498195,0.169675,0.169675,EOCLINGO-L,7.060612
Knapsack,00795-knapsack-n45-w353177-v2367537-type4.asp,277,1085,0.2553,0.065178,0.01664,3.916968,15.342634,60.096601,0.33213,0.162455,0.0,0.33935,93,0.498195,0.169675,0.169675,AMOCLINGO-L,0.52346
Knapsack,00796-knapsack-n45-w352559-v2364496-type4.asp,277,1085,0.2553,0.065178,0.01664,3.916968,15.342634,60.096601,0.33213,0.162455,0.0,0.33935,93,0.498195,0.169675,0.169675,EOCLINGO-L,0.524396
Knapsack,00797-knapsack-n45-w351936-v2365408-type4.asp,277,1085,0.2553,0.065178,0.01664,3.916968,15.342634,60.096601,0.33213,0.162455,0.0,0.33935,93,0.498195,0.169675,0.169675,AMOCLINGO-L,0.528609
Knapsack,00798-knapsack-n45-w353089-v1474461-type3.asp,277,1085,0.2553,0.065178,0.01664,3.916968,15.342634,60.096601,0.33213,0.162455,0.0,0.33935,93,0.498195,0.169675,0.169675,AMOCLINGO-L,0.525098
Knapsack,00799-knapsack-n45-w352337-v2364905-type4.asp,277,1085,0.2553,0.065178,0.01664,3.916968,15.342634,60.096601,0.33213,0.162455,0.0,0.33935,93,0.498195,0.169675,0.169675,AMOCLINGO-L,0.5223690000000001
Knapsack,00800-knapsack-n45-w353167-v4459088-type2.asp,277,1085,0.2553,0.065178,0.01664,3.916968,15.342634,60.096601,0.33213,0.162455,0.0,0.33935,93,0.498195,0.169675,0.169675,AMOCLINGO-L,0.5225770000000001
Knapsack,00801-knapsack-n45-w350408-v2649234-type3.asp,277,1085,0.2553,0.065178,0.01664,3.916968,15.342634,60.096601,0.33213,0.162455,0.0,0.33935,93,0.498195,0.169675,0.169675,EOCLINGO-L,0.5241549999999999
Knapsack,00802-knapsack-n45-w351482-v2363298-type4.asp,277,1085,0.2553,0.065178,0.01664,3.916968,15.342634,60.096601,0.33213,0.162455,0.0,0.33935,93,0.498195,0.169675,0.169675,AMOCLINGO-L,0.523019
Knapsack,00803-knapsack-n45-w351812-v2438068-type3.asp,277,1085,0.2553,0.065178,0.01664,3.916968,15.342634,60.096601,0.33213,0.162455,0.0,0.33935,93,0.498195,0.169675,0.169675,EOCLINGO-L,0.5243410000000001
Knapsack,00804-knapsack-n45-w350201-v2360120-type4.asp,277,1085,0.2553,0.065178,0.01664,3.916968,15.342634,60.096601,0.33213,0.162455,0.0,0.33935,93,0.498195,0.169675,0.169675,AMOCLINGO-INF-MR,0.526224
Knapsack,00805-knapsack-n45-w351233-v2355938-type4.asp,277,1085,0.2553,0.065178,0.01664,3.916968,15.342634,60.096601,0.33213,0.162455,0.0,0.33935,93,0.498195,0.169675,0.169675,AMOCLINGO-INF-MR,0.533693
Knapsack,00806-knapsack-n45-w351637-v2362291-type4.asp,277,1085,0.2553,0.065178,0.01664,3.916968,15.342634,60.096601,0.33213,0.162455,0.0,0.33935,93,0.498195,0.169675,0.169675,EOCLINGO-L,0.52537
Knapsack,00807-knapsack-n45-w351013-v2367196-type4.asp,277,1085,0.2553,0.065178,0.01664,3.916968,15.342634,60.096601,0.33213,0.162455,0.0,0.33935,93,0.498195,0.169675,0.169675,EOCLINGO-L,0.522986
Knapsack,00808-knapsack-n45-w349600-v2362494-type4.asp,277,1085,0.2553,0.065178,0.01664,3.916968,15.342634,60.096601,0.33213,0.162455,0.0,0.33935,93,0.498195,0.169675,0.169675,EOCLINGO-L,0.527342
Knapsack,00809-knapsack-n45-w351120-v2446582-type3.asp,277,1085,0.2553,0.065178,0.01664,3.916968,15.342634,60.096601,0.33213,0.162455,0.0,0.33935,93,0.498195,0.169675,0.169675,EOCLINGO-L,0.523834
Knapsack,00811-knapsack-n50-w39085-v965235-type2.asp,307,1205,0.254772,0.064909,0.016537,3.925081,15.406264,60.470842,0.332248,0.162866,0.0,0.338762,103,0.498371,0.169381,0.169381,EOCLINGO-L,0.527361
Knapsack,00813-knapsack-n50-w40325-v287880-type4.asp,307,1205,0.254772,0.064909,0.016537,3.925081,15.406264,60.470842,0.332248,0.162866,0.0,0.338762,103,0.498371,0.169381,0.169381,AMOCLINGO-L,97.951345
Knapsack,00814-knapsack-n50-w38553-v289155-type4.asp,307,1205,0.254772,0.064909,0.016537,3.925081,15.406264,60.470842,0.332248,0.162866,0.0,0.338762,103,0.498371,0.169381,0.169381,EOCLINGO-L,0.528252
Knapsack,00816-knapsack-n50-w38863-v2798734-type2.asp,307,1205,0.254772,0.064909,0.016537,3.925081,15.406264,60.470842,0.332248,0.162866,0.0,0.338762,103,0.498371,0.169381,0.169381,CLINGO-AMO,0.1383599999999999
Knapsack,00817-knapsack-n50-w37396-v20506-type1.asp,307,1205,0.254772,0.064909,0.016537,3.925081,15.406264,60.470842,0.332248,0.162866,0.0,0.338762,103,0.498371,0.169381,0.169381,CLINGO-AMO,0.099442
Knapsack,00818-knapsack-n50-w39242-v294446-type4.asp,307,1205,0.254772,0.064909,0.016537,3.925081,15.406264,60.470842,0.332248,0.162866,0.0,0.338762,103,0.498371,0.169381,0.169381,EOCLINGO-L,0.5255070000000001
Knapsack,00819-knapsack-n50-w39462-v220501-type1.asp,307,1205,0.254772,0.064909,0.016537,3.925081,15.406264,60.470842,0.332248,0.162866,0.0,0.338762,103,0.498371,0.169381,0.169381,CLINGO-AMO,35.480974
Knapsack,00820-knapsack-n50-w39332-v289942-type4.asp,307,1205,0.254772,0.064909,0.016537,3.925081,15.406264,60.470842,0.332248,0.162866,0.0,0.338762,103,0.498371,0.169381,0.169381,EOCLINGO-L,0.526689
Knapsack,00824-knapsack-n50-w38156-v68417-type1.asp,307,1205,0.254772,0.064909,0.016537,3.925081,15.406264,60.470842,0.332248,0.162866,0.0,0.338762,103,0.498371,0.169381,0.169381,CLINGO-AMO,0.344908
Knapsack,00825-knapsack-n50-w40252-v146426-type3.asp,307,1205,0.254772,0.064909,0.016537,3.925081,15.406264,60.470842,0.332248,0.162866,0.0,0.338762,103,0.498371,0.169381,0.169381,EOCLINGO-INF-MR,0.53408
Knapsack,00826-knapsack-n50-w37806-v328392-type3.asp,307,1205,0.254772,0.064909,0.016537,3.925081,15.406264,60.470842,0.332248,0.162866,0.0,0.338762,103,0.498371,0.169381,0.169381,EOCLINGO-INF-MR,0.52819
Knapsack,00827-knapsack-n50-w39228-v124884-type1.asp,307,1205,0.254772,0.064909,0.016537,3.925081,15.406264,60.470842,0.332248,0.162866,0.0,0.338762,103,0.498371,0.169381,0.169381,EOCLINGO-INF-MR,0.532913
Knapsack,00829-knapsack-n50-w39279-v328018-type3.asp,307,1205,0.254772,0.064909,0.016537,3.925081,15.406264,60.470842,0.332248,0.162866,0.0,0.338762,103,0.498371,0.169381,0.169381,EOCLINGO-L,0.529515
Knapsack,00833-knapsack-n50-w38552-v289648-type4.asp,307,1205,0.254772,0.064909,0.016537,3.925081,15.406264,60.470842,0.332248,0.162866,0.0,0.338762,103,0.498371,0.169381,0.169381,AMOCLINGO-L,0.528371
Knapsack,00834-knapsack-n50-w38398-v289706-type4.asp,307,1205,0.254772,0.064909,0.016537,3.925081,15.406264,60.470842,0.332248,0.162866,0.0,0.338762,103,0.498371,0.169381,0.169381,AMOCLINGO-L,0.526695
Knapsack,00835-knapsack-n50-w38214-v212443-type1.asp,307,1205,0.254772,0.064909,0.016537,3.925081,15.406264,60.470842,0.332248,0.162866,0.0,0.338762,103,0.498371,0.169381,0.169381,CLINGO-AMO,13.503732
Knapsack,00837-knapsack-n50-w38427-v2048888-type2.asp,307,1205,0.254772,0.064909,0.016537,3.925081,15.406264,60.470842,0.332248,0.162866,0.0,0.338762,103,0.498371,0.169381,0.169381,AMOCLINGO-INF-MR,0.5293640000000001
Knapsack,00838-knapsack-n50-w38078-v292898-type4.asp,307,1205,0.254772,0.064909,0.016537,3.925081,15.406264,60.470842,0.332248,0.162866,0.0,0.338762,103,0.498371,0.169381,0.169381,AMOCLINGO-INF-MR,0.529044
Knapsack,00839-knapsack-n50-w39447-v2691660-type2.asp,307,1205,0.254772,0.064909,0.016537,3.925081,15.406264,60.470842,0.332248,0.162866,0.0,0.338762,103,0.498371,0.169381,0.169381,AMOCLINGO-INF-MR,0.526742
Knapsack,00841-knapsack-n50-w100231-v1492044-type4.asp,307,1205,0.254772,0.064909,0.016537,3.925081,15.406264,60.470842,0.332248,0.162866,0.0,0.338762,103,0.498371,0.169381,0.169381,EOCLINGO-INF-MR,0.591567
Knapsack,00842-knapsack-n50-w102230-v1501150-type4.asp,307,1205,0.254772,0.064909,0.016537,3.925081,15.406264,60.470842,0.332248,0.162866,0.0,0.338762,103,0.498371,0.169381,0.169381,AMOCLINGO-INF-MR,0.5267109999999999
Knapsack,00843-knapsack-n50-w99662-v448272-type1.asp,307,1205,0.254772,0.064909,0.016537,3.925081,15.406264,60.470842,0.332248,0.162866,0.0,0.338762,103,0.498371,0.169381,0.169381,CLINGO-AMO,0.37732
Knapsack,00844-knapsack-n50-w101221-v8640670-type2.asp,307,1205,0.254772,0.064909,0.016537,3.925081,15.406264,60.470842,0.332248,0.162866,0.0,0.338762,103,0.498371,0.169381,0.169381,AMOCLINGO-INF-MR,0.530654
Knapsack,00845-knapsack-n50-w102970-v1490246-type4.asp,307,1205,0.254772,0.064909,0.016537,3.925081,15.406264,60.470842,0.332248,0.162866,0.0,0.338762,103,0.498371,0.169381,0.169381,AMOCLINGO-L,3.326655
Knapsack,00846-knapsack-n50-w99874-v1588945-type3.asp,307,1205,0.254772,0.064909,0.016537,3.925081,15.406264,60.470842,0.332248,0.162866,0.0,0.338762,103,0.498371,0.169381,0.169381,AMOCLINGO-L,0.5287660000000001
Knapsack,00847-knapsack-n50-w101626-v8594764-type2.asp,307,1205,0.254772,0.064909,0.016537,3.925081,15.406264,60.470842,0.332248,0.162866,0.0,0.338762,103,0.498371,0.169381,0.169381,AMOCLINGO-L,0.528011
Knapsack,00848-knapsack-n50-w101098-v1496265-type4.asp,307,1205,0.254772,0.064909,0.016537,3.925081,15.406264,60.470842,0.332248,0.162866,0.0,0.338762,103,0.498371,0.169381,0.169381,AMOCLINGO-L,0.527117
Knapsack,00849-knapsack-n50-w99523-v945909-type3.asp,307,1205,0.254772,0.064909,0.016537,3.925081,15.406264,60.470842,0.332248,0.162866,0.0,0.338762,103,0.498371,0.169381,0.169381,AMOCLINGO-L,0.529467
Knapsack,00850-knapsack-n50-w100392-v1490623-type4.asp,307,1205,0.254772,0.064909,0.016537,3.925081,15.406264,60.470842,0.332248,0.162866,0.0,0.338762,103,0.498371,0.169381,0.169381,AMOCLINGO-L,1.716218
Knapsack,00851-knapsack-n50-w100144-v1493757-type4.asp,307,1205,0.254772,0.064909,0.016537,3.925081,15.406264,60.470842,0.332248,0.162866,0.0,0.338762,103,0.498371,0.169381,0.169381,AMOCLINGO-INF-MR,0.532798
Knapsack,00852-knapsack-n50-w100304-v749179-type3.asp,307,1205,0.254772,0.064909,0.016537,3.925081,15.406264,60.470842,0.332248,0.162866,0.0,0.338762,103,0.498371,0.169381,0.169381,EOCLINGO-L,0.534376
Knapsack,00853-knapsack-n50-w101522-v241724-type2.asp,307,1205,0.254772,0.064909,0.016537,3.925081,15.406264,60.470842,0.332248,0.162866,0.0,0.338762,103,0.498371,0.169381,0.169381,CLINGO-AMO,0.237623
Knapsack,00854-knapsack-n50-w102373-v1497023-type4.asp,307,1205,0.254772,0.064909,0.016537,3.925081,15.406264,60.470842,0.332248,0.162866,0.0,0.338762,103,0.498371,0.169381,0.169381,AMOCLINGO-L,0.5270090000000001
Knapsack,00855-knapsack-n50-w102072-v823418-type3.asp,307,1205,0.254772,0.064909,0.016537,3.925081,15.406264,60.470842,0.332248,0.162866,0.0,0.338762,103,0.498371,0.169381,0.169381,AMOCLINGO-L,0.528787
Knapsack,00856-knapsack-n50-w100711-v10343325-type2.asp,307,1205,0.254772,0.064909,0.016537,3.925081,15.406264,60.470842,0.332248,0.162866,0.0,0.338762,103,0.498371,0.169381,0.169381,AMOCLINGO-L,0.523761
Knapsack,00857-knapsack-n50-w100961-v1501446-type4.asp,307,1205,0.254772,0.064909,0.016537,3.925081,15.406264,60.470842,0.332248,0.162866,0.0,0.338762,103,0.498371,0.169381,0.169381,AMOCLINGO-L,0.527172
Knapsack,00859-knapsack-n50-w102038-v759250-type1.asp,307,1205,0.254772,0.064909,0.016537,3.925081,15.406264,60.470842,0.332248,0.162866,0.0,0.338762,103,0.498371,0.169381,0.169381,AMOCLINGO-L,0.529324
Knapsack,00861-knapsack-n50-w101081-v877707-type3.asp,307,1205,0.254772,0.064909,0.016537,3.925081,15.406264,60.470842,0.332248,0.162866,0.0,0.338762,103,0.498371,0.169381,0.169381,EOCLINGO-L,0.53115
Knapsack,00863-knapsack-n50-w102452-v1491016-type4.asp,307,1205,0.254772,0.064909,0.016537,3.925081,15.406264,60.470842,0.332248,0.162866,0.0,0.338762,103,0.498371,0.169381,0.169381,EOCLINGO-INF-MR,1.017457
Knapsack,00864-knapsack-n50-w100341-v1013225-type3.asp,307,1205,0.254772,0.064909,0.016537,3.925081,15.406264,60.470842,0.332248,0.162866,0.0,0.338762,103,0.498371,0.169381,0.169381,EOCLINGO-L,0.527891
Knapsack,00865-knapsack-n50-w102417-v1499274-type4.asp,307,1205,0.254772,0.064909,0.016537,3.925081,15.406264,60.470842,0.332248,0.162866,0.0,0.338762,103,0.498371,0.169381,0.169381,EOCLINGO-INF-MR,0.527562
Knapsack,00866-knapsack-n50-w102691-v1489127-type4.asp,307,1205,0.254772,0.064909,0.016537,3.925081,15.406264,60.470842,0.332248,0.162866,0.0,0.338762,103,0.498371,0.169381,0.169381,AMOCLINGO-L,20.077462
Knapsack,00868-knapsack-n50-w103567-v1531649-type3.asp,307,1205,0.254772,0.064909,0.016537,3.925081,15.406264,60.470842,0.332248,0.162866,0.0,0.338762,103,0.498371,0.169381,0.169381,AMOCLINGO-L,0.528834
Knapsack,00870-knapsack-n50-w453738-v2596152-type4.asp,307,1205,0.254772,0.064909,0.016537,3.925081,15.406264,60.470842,0.332248,0.162866,0.0,0.338762,103,0.498371,0.169381,0.169381,EOCLINGO-INF-MR,0.537376
Knapsack,00871-knapsack-n50-w454006-v2919461-type3.asp,307,1205,0.254772,0.064909,0.016537,3.925081,15.406264,60.470842,0.332248,0.162866,0.0,0.338762,103,0.498371,0.169381,0.169381,AMOCLINGO-INF-MR,0.52886
Knapsack,00873-knapsack-n50-w452588-v2607711-type4.asp,307,1205,0.254772,0.064909,0.016537,3.925081,15.406264,60.470842,0.332248,0.162866,0.0,0.338762,103,0.498371,0.169381,0.169381,AMOCLINGO-L,0.528645
Knapsack,00874-knapsack-n50-w453450-v781448-type1.asp,307,1205,0.254772,0.064909,0.016537,3.925081,15.406264,60.470842,0.332248,0.162866,0.0,0.338762,103,0.498371,0.169381,0.169381,CLINGO-AMO,0.501552
Knapsack,00875-knapsack-n50-w453039-v2598956-type4.asp,307,1205,0.254772,0.064909,0.016537,3.925081,15.406264,60.470842,0.332248,0.162866,0.0,0.338762,103,0.498371,0.169381,0.169381,EOCLINGO-INF-MR,0.530748
Knapsack,00876-knapsack-n50-w453964-v2609748-type4.asp,307,1205,0.254772,0.064909,0.016537,3.925081,15.406264,60.470842,0.332248,0.162866,0.0,0.338762,103,0.498371,0.169381,0.169381,AMOCLINGO-L,0.529043
Knapsack,00877-knapsack-n50-w451976-v2600775-type4.asp,307,1205,0.254772,0.064909,0.016537,3.925081,15.406264,60.470842,0.332248,0.162866,0.0,0.338762,103,0.498371,0.169381,0.169381,AMOCLINGO-L,0.52818
Knapsack,00878-knapsack-n50-w454966-v1973180-type1.asp,307,1205,0.254772,0.064909,0.016537,3.925081,15.406264,60.470842,0.332248,0.162866,0.0,0.338762,103,0.498371,0.169381,0.169381,CLINGO-AMO,13.866074
Knapsack,00879-knapsack-n50-w454160-v1742467-type3.asp,307,1205,0.254772,0.064909,0.016537,3.925081,15.406264,60.470842,0.332248,0.162866,0.0,0.338762,103,0.498371,0.169381,0.169381,EOCLINGO-INF-MR,0.536963
Knapsack,00880-knapsack-n50-w453836-v2605578-type4.asp,307,1205,0.254772,0.064909,0.016537,3.925081,15.406264,60.470842,0.332248,0.162866,0.0,0.338762,103,0.498371,0.169381,0.169381,AMOCLINGO-L,0.526953
Knapsack,00881-knapsack-n50-w454381-v1500933-type3.asp,307,1205,0.254772,0.064909,0.016537,3.925081,15.406264,60.470842,0.332248,0.162866,0.0,0.338762,103,0.498371,0.169381,0.169381,AMOCLINGO-L,0.531197
Knapsack,00882-knapsack-n50-w454863-v2591620-type4.asp,307,1205,0.254772,0.064909,0.016537,3.925081,15.406264,60.470842,0.332248,0.162866,0.0,0.338762,103,0.498371,0.169381,0.169381,EOCLINGO-INF-MR,1.433174
Knapsack,00883-knapsack-n50-w453243-v2587107-type4.asp,307,1205,0.254772,0.064909,0.016537,3.925081,15.406264,60.470842,0.332248,0.162866,0.0,0.338762,103,0.498371,0.169381,0.169381,EOCLINGO-L,115.361187
Knapsack,00884-knapsack-n50-w453618-v20006312-type2.asp,307,1205,0.254772,0.064909,0.016537,3.925081,15.406264,60.470842,0.332248,0.162866,0.0,0.338762,103,0.498371,0.169381,0.169381,EOCLINGO-INF-MR,0.528599
Knapsack,00885-knapsack-n50-w453581-v2601610-type4.asp,307,1205,0.254772,0.064909,0.016537,3.925081,15.406264,60.470842,0.332248,0.162866,0.0,0.338762,103,0.498371,0.169381,0.169381,EOCLINGO-INF-MR,0.527641
Knapsack,00886-knapsack-n50-w454984-v2592207-type4.asp,307,1205,0.254772,0.064909,0.016537,3.925081,15.406264,60.470842,0.332248,0.162866,0.0,0.338762,103,0.498371,0.169381,0.169381,EOCLINGO-INF-MR,0.91701
Knapsack,00887-knapsack-n50-w454517-v21705067-type2.asp,307,1205,0.254772,0.064909,0.016537,3.925081,15.406264,60.470842,0.332248,0.162866,0.0,0.338762,103,0.498371,0.169381,0.169381,AMOCLINGO-L,0.529896
Knapsack,00888-knapsack-n50-w454501-v2594660-type4.asp,307,1205,0.254772,0.064909,0.016537,3.925081,15.406264,60.470842,0.332248,0.162866,0.0,0.338762,103,0.498371,0.169381,0.169381,EOCLINGO-INF-MR,0.552061
Knapsack,00889-knapsack-n50-w454895-v26010664-type2.asp,307,1205,0.254772,0.064909,0.016537,3.925081,15.406264,60.470842,0.332248,0.162866,0.0,0.338762,103,0.498371,0.169381,0.169381,CLINGO-AMO,0.09514
Knapsack,00890-knapsack-n50-w453382-v2049171-type3.asp,307,1205,0.254772,0.064909,0.016537,3.925081,15.406264,60.470842,0.332248,0.162866,0.0,0.338762,103,0.498371,0.169381,0.169381,CLINGO-AMO,16.344483
Knapsack,00891-knapsack-n50-w453942-v2599738-type4.asp,307,1205,0.254772,0.064909,0.016537,3.925081,15.406264,60.470842,0.332248,0.162866,0.0,0.338762,103,0.498371,0.169381,0.169381,EOCLINGO-INF-MR,0.5268660000000001
Knapsack,00892-knapsack-n50-w453006-v1539448-type3.asp,307,1205,0.254772,0.064909,0.016537,3.925081,15.406264,60.470842,0.332248,0.162866,0.0,0.338762,103,0.498371,0.169381,0.169381,EOCLINGO-INF-MR,0.529419
Knapsack,00893-knapsack-n50-w454779-v2693964-type3.asp,307,1205,0.254772,0.064909,0.016537,3.925081,15.406264,60.470842,0.332248,0.162866,0.0,0.338762,103,0.498371,0.169381,0.169381,EOCLINGO-INF-MR,0.527721
Knapsack,00894-knapsack-n50-w453825-v2705362-type3.asp,307,1205,0.254772,0.064909,0.016537,3.925081,15.406264,60.470842,0.332248,0.162866,0.0,0.338762,103,0.498371,0.169381,0.169381,AMOCLINGO-L,0.52585
Knapsack,00895-knapsack-n50-w454374-v3058833-type3.asp,307,1205,0.254772,0.064909,0.016537,3.925081,15.406264,60.470842,0.332248,0.162866,0.0,0.338762,103,0.498371,0.169381,0.169381,EOCLINGO-INF-MR,0.527026
Knapsack,00896-knapsack-n50-w453462-v2590210-type4.asp,307,1205,0.254772,0.064909,0.016537,3.925081,15.406264,60.470842,0.332248,0.162866,0.0,0.338762,103,0.498371,0.169381,0.169381,AMOCLINGO-INF-MR,4.576138
Knapsack,00897-knapsack-n50-w453459-v1890719-type3.asp,307,1205,0.254772,0.064909,0.016537,3.925081,15.406264,60.470842,0.332248,0.162866,0.0,0.338762,103,0.498371,0.169381,0.169381,EOCLINGO-L,0.533254
Knapsack,00898-knapsack-n50-w455314-v2594210-type4.asp,307,1205,0.254772,0.064909,0.016537,3.925081,15.406264,60.470842,0.332248,0.162866,0.0,0.338762,103,0.498371,0.169381,0.169381,EOCLINGO-INF-MR,0.5808310000000001
Knapsack,00899-knapsack-n50-w454560-v2602237-type4.asp,307,1205,0.254772,0.064909,0.016537,3.925081,15.406264,60.470842,0.332248,0.162866,0.0,0.338762,103,0.498371,0.169381,0.169381,AMOCLINGO-L,0.527019
Knapsack,00900-knapsack-n55-w35335-v1913162-type2.asp,337,1325,0.25434,0.064689,0.016453,3.931751,15.458664,60.779613,0.332344,0.163205,0.0,0.338279,113,0.498516,0.169139,0.169139,AMOCLINGO-L,0.5304
Knapsack,00901-knapsack-n55-w35213-v317603-type4.asp,337,1325,0.25434,0.064689,0.016453,3.931751,15.458664,60.779613,0.332344,0.163205,0.0,0.338279,113,0.498516,0.169139,0.169139,EOCLINGO-L,0.53173
Knapsack,00902-knapsack-n55-w35294-v309105-type4.asp,337,1325,0.25434,0.064689,0.016453,3.931751,15.458664,60.779613,0.332344,0.163205,0.0,0.338279,113,0.498516,0.169139,0.169139,EOCLINGO-L,6.902352
Knapsack,00904-knapsack-n55-w37402-v316120-type4.asp,337,1325,0.25434,0.064689,0.016453,3.931751,15.458664,60.779613,0.332344,0.163205,0.0,0.338279,113,0.498516,0.169139,0.169139,EOCLINGO-L,0.532814
Knapsack,00905-knapsack-n55-w36633-v312324-type4.asp,337,1325,0.25434,0.064689,0.016453,3.931751,15.458664,60.779613,0.332344,0.163205,0.0,0.338279,113,0.498516,0.169139,0.169139,AMOCLINGO-INF-MR,0.531085
Knapsack,00906-knapsack-n55-w34827-v314736-type3.asp,337,1325,0.25434,0.064689,0.016453,3.931751,15.458664,60.779613,0.332344,0.163205,0.0,0.338279,113,0.498516,0.169139,0.169139,AMOCLINGO-INF-MR,0.5339510000000001
Knapsack,00907-knapsack-n55-w36421-v315987-type4.asp,337,1325,0.25434,0.064689,0.016453,3.931751,15.458664,60.779613,0.332344,0.163205,0.0,0.338279,113,0.498516,0.169139,0.169139,AMOCLINGO-INF-MR,0.532328
Knapsack,00908-knapsack-n55-w34423-v222424-type3.asp,337,1325,0.25434,0.064689,0.016453,3.931751,15.458664,60.779613,0.332344,0.163205,0.0,0.338279,113,0.498516,0.169139,0.169139,AMOCLINGO-L,15.607494
Knapsack,00909-knapsack-n55-w34141-v179822-type3.asp,337,1325,0.25434,0.064689,0.016453,3.931751,15.458664,60.779613,0.332344,0.163205,0.0,0.338279,113,0.498516,0.169139,0.169139,EOCLINGO-L,0.53196
Knapsack,00910-knapsack-n55-w35617-v182913-type3.asp,337,1325,0.25434,0.064689,0.016453,3.931751,15.458664,60.779613,0.332344,0.163205,0.0,0.338279,113,0.498516,0.169139,0.169139,AMOCLINGO-L,0.532878
Knapsack,00911-knapsack-n55-w34004-v329596-type3.asp,337,1325,0.25434,0.064689,0.016453,3.931751,15.458664,60.779613,0.332344,0.163205,0.0,0.338279,113,0.498516,0.169139,0.169139,AMOCLINGO-L,0.529733
Knapsack,00912-knapsack-n55-w36229-v182194-type3.asp,337,1325,0.25434,0.064689,0.016453,3.931751,15.458664,60.779613,0.332344,0.163205,0.0,0.338279,113,0.498516,0.169139,0.169139,AMOCLINGO-L,0.53324
Knapsack,00913-knapsack-n55-w35381-v329578-type3.asp,337,1325,0.25434,0.064689,0.016453,3.931751,15.458664,60.779613,0.332344,0.163205,0.0,0.338279,113,0.498516,0.169139,0.169139,AMOCLINGO-L,0.5298999999999999
Knapsack,00914-knapsack-n55-w35564-v247573-type3.asp,337,1325,0.25434,0.064689,0.016453,3.931751,15.458664,60.779613,0.332344,0.163205,0.0,0.338279,113,0.498516,0.169139,0.169139,CLINGO-AMO,34.812623
Knapsack,00916-knapsack-n55-w35605-v171478-type1.asp,337,1325,0.25434,0.064689,0.016453,3.931751,15.458664,60.779613,0.332344,0.163205,0.0,0.338279,113,0.498516,0.169139,0.169139,EOCLINGO-L,0.53467
Knapsack,00917-knapsack-n55-w35270-v315003-type4.asp,337,1325,0.25434,0.064689,0.016453,3.931751,15.458664,60.779613,0.332344,0.163205,0.0,0.338279,113,0.498516,0.169139,0.169139,EOCLINGO-INF-MR,0.532925
Knapsack,00919-knapsack-n55-w36734-v203232-type3.asp,337,1325,0.25434,0.064689,0.016453,3.931751,15.458664,60.779613,0.332344,0.163205,0.0,0.338279,113,0.498516,0.169139,0.169139,AMOCLINGO-L,0.532043
Knapsack,00920-knapsack-n55-w35425-v315697-type4.asp,337,1325,0.25434,0.064689,0.016453,3.931751,15.458664,60.779613,0.332344,0.163205,0.0,0.338279,113,0.498516,0.169139,0.169139,AMOCLINGO-L,0.530334
Knapsack,00923-knapsack-n55-w34911-v309214-type4.asp,337,1325,0.25434,0.064689,0.016453,3.931751,15.458664,60.779613,0.332344,0.163205,0.0,0.338279,113,0.498516,0.169139,0.169139,EOCLINGO-L,2.17593
Knapsack,00926-knapsack-n55-w37243-v312308-type4.asp,337,1325,0.25434,0.064689,0.016453,3.931751,15.458664,60.779613,0.332344,0.163205,0.0,0.338279,113,0.498516,0.169139,0.169139,EOCLINGO-L,0.532735
Knapsack,00927-knapsack-n55-w33490-v167739-type3.asp,337,1325,0.25434,0.064689,0.016453,3.931751,15.458664,60.779613,0.332344,0.163205,0.0,0.338279,113,0.498516,0.169139,0.169139,EOCLINGO-L,0.532072
Knapsack,00928-knapsack-n55-w35287-v64685-type1.asp,337,1325,0.25434,0.064689,0.016453,3.931751,15.458664,60.779613,0.332344,0.163205,0.0,0.338279,113,0.498516,0.169139,0.169139,CLINGO-AMO,0.518035
Knapsack,00929-knapsack-n55-w35145-v1346651-type2.asp,337,1325,0.25434,0.064689,0.016453,3.931751,15.458664,60.779613,0.332344,0.163205,0.0,0.338279,113,0.498516,0.169139,0.169139,AMOCLINGO-INF-MR,0.532097
Knapsack,00930-knapsack-n55-w116457-v897958-type3.asp,337,1325,0.25434,0.064689,0.016453,3.931751,15.458664,60.779613,0.332344,0.163205,0.0,0.338279,113,0.498516,0.169139,0.169139,EOCLINGO-L,0.533413
Knapsack,00931-knapsack-n55-w117980-v1681867-type4.asp,337,1325,0.25434,0.064689,0.016453,3.931751,15.458664,60.779613,0.332344,0.163205,0.0,0.338279,113,0.498516,0.169139,0.169139,EOCLINGO-INF-MR,0.6426590000000001
Knapsack,00932-knapsack-n55-w116885-v1107049-type3.asp,337,1325,0.25434,0.064689,0.016453,3.931751,15.458664,60.779613,0.332344,0.163205,0.0,0.338279,113,0.498516,0.169139,0.169139,AMOCLINGO-L,0.533704
Knapsack,00935-knapsack-n55-w116653-v1723138-type3.asp,337,1325,0.25434,0.064689,0.016453,3.931751,15.458664,60.779613,0.332344,0.163205,0.0,0.338279,113,0.498516,0.169139,0.169139,EOCLINGO-L,0.532035
Knapsack,00936-knapsack-n55-w115356-v1018450-type3.asp,337,1325,0.25434,0.064689,0.016453,3.931751,15.458664,60.779613,0.332344,0.163205,0.0,0.338279,113,0.498516,0.169139,0.169139,EOCLINGO-L,0.5367529999999999
Knapsack,00937-knapsack-n55-w117548-v1680790-type4.asp,337,1325,0.25434,0.064689,0.016453,3.931751,15.458664,60.779613,0.332344,0.163205,0.0,0.338279,113,0.498516,0.169139,0.169139,EOCLINGO-INF-MR,1.68483
Knapsack,00938-knapsack-n55-w117471-v1688547-type4.asp,337,1325,0.25434,0.064689,0.016453,3.931751,15.458664,60.779613,0.332344,0.163205,0.0,0.338279,113,0.498516,0.169139,0.169139,EOCLINGO-L,0.531458
Knapsack,00939-knapsack-n55-w118582-v1684393-type4.asp,337,1325,0.25434,0.064689,0.016453,3.931751,15.458664,60.779613,0.332344,0.163205,0.0,0.338279,113,0.498516,0.169139,0.169139,EOCLINGO-INF-MR,0.5352410000000001
Knapsack,00941-knapsack-n55-w114876-v1683551-type4.asp,337,1325,0.25434,0.064689,0.016453,3.931751,15.458664,60.779613,0.332344,0.163205,0.0,0.338279,113,0.498516,0.169139,0.169139,EOCLINGO-INF-MR,0.5383129999999999
Knapsack,00942-knapsack-n55-w116652-v1256410-type1.asp,337,1325,0.25434,0.064689,0.016453,3.931751,15.458664,60.779613,0.332344,0.163205,0.0,0.338279,113,0.498516,0.169139,0.169139,CLINGO-AMO,455.992067
Knapsack,00943-knapsack-n55-w116560-v1689745-type4.asp,337,1325,0.25434,0.064689,0.016453,3.931751,15.458664,60.779613,0.332344,0.163205,0.0,0.338279,113,0.498516,0.169139,0.169139,AMOCLINGO-L,0.530717
Knapsack,00947-knapsack-n55-w118524-v1951201-type3.asp,337,1325,0.25434,0.064689,0.016453,3.931751,15.458664,60.779613,0.332344,0.163205,0.0,0.338279,113,0.498516,0.169139,0.169139,AMOCLINGO-L,0.531919
Knapsack,00949-knapsack-n55-w117590-v1688332-type4.asp,337,1325,0.25434,0.064689,0.016453,3.931751,15.458664,60.779613,0.332344,0.163205,0.0,0.338279,113,0.498516,0.169139,0.169139,EOCLINGO-L,0.53327
Knapsack,00950-knapsack-n55-w116699-v1004701-type3.asp,337,1325,0.25434,0.064689,0.016453,3.931751,15.458664,60.779613,0.332344,0.163205,0.0,0.338279,113,0.498516,0.169139,0.169139,EOCLINGO-L,0.533957
Knapsack,00951-knapsack-n55-w118182-v2359651-type2.asp,337,1325,0.25434,0.064689,0.016453,3.931751,15.458664,60.779613,0.332344,0.163205,0.0,0.338279,113,0.498516,0.169139,0.169139,AMOCLINGO-L,0.53092
Knapsack,00952-knapsack-n55-w116808-v1200299-type3.asp,337,1325,0.25434,0.064689,0.016453,3.931751,15.458664,60.779613,0.332344,0.163205,0.0,0.338279,113,0.498516,0.169139,0.169139,CLINGO-AMO,18.052205
Knapsack,00953-knapsack-n55-w117139-v138612-type1.asp,337,1325,0.25434,0.064689,0.016453,3.931751,15.458664,60.779613,0.332344,0.163205,0.0,0.338279,113,0.498516,0.169139,0.169139,CLINGO-AMO,0.106611
Knapsack,00954-knapsack-n55-w117704-v853287-type3.asp,337,1325,0.25434,0.064689,0.016453,3.931751,15.458664,60.779613,0.332344,0.163205,0.0,0.338279,113,0.498516,0.169139,0.169139,AMOCLINGO-L,0.534168
Knapsack,00955-knapsack-n55-w118291-v1167509-type3.asp,337,1325,0.25434,0.064689,0.016453,3.931751,15.458664,60.779613,0.332344,0.163205,0.0,0.338279,113,0.498516,0.169139,0.169139,AMOCLINGO-L,0.535371
Knapsack,00956-knapsack-n55-w118169-v1690393-type4.asp,337,1325,0.25434,0.064689,0.016453,3.931751,15.458664,60.779613,0.332344,0.163205,0.0,0.338279,113,0.498516,0.169139,0.169139,AMOCLINGO-L,0.530073
Knapsack,00957-knapsack-n55-w116866-v1834619-type3.asp,337,1325,0.25434,0.064689,0.016453,3.931751,15.458664,60.779613,0.332344,0.163205,0.0,0.338279,113,0.498516,0.169139,0.169139,EOCLINGO-INF-MR,0.532956
Knapsack,00958-knapsack-n55-w116909-v9773721-type2.asp,337,1325,0.25434,0.064689,0.016453,3.931751,15.458664,60.779613,0.332344,0.163205,0.0,0.338279,113,0.498516,0.169139,0.169139,AMOCLINGO-L,0.531319
Knapsack,00959-knapsack-n55-w116680-v17090391-type2.asp,337,1325,0.25434,0.064689,0.016453,3.931751,15.458664,60.779613,0.332344,0.163205,0.0,0.338279,113,0.498516,0.169139,0.169139,WASP-AMO,0.1052299999999999
Knapsack,00960-knapsack-n55-w416221-v1760634-type1.asp,337,1325,0.25434,0.064689,0.016453,3.931751,15.458664,60.779613,0.332344,0.163205,0.0,0.338279,113,0.498516,0.169139,0.169139,AMOCLINGO-L,0.536736
Knapsack,00961-knapsack-n55-w415632-v2829126-type4.asp,337,1325,0.25434,0.064689,0.016453,3.931751,15.458664,60.779613,0.332344,0.163205,0.0,0.338279,113,0.498516,0.169139,0.169139,AMOCLINGO-L,0.5350809999999999
Knapsack,00962-knapsack-n55-w417978-v2832810-type4.asp,337,1325,0.25434,0.064689,0.016453,3.931751,15.458664,60.779613,0.332344,0.163205,0.0,0.338279,113,0.498516,0.169139,0.169139,AMOCLINGO-L,0.531369
Knapsack,00963-knapsack-n55-w415586-v3349059-type3.asp,337,1325,0.25434,0.064689,0.016453,3.931751,15.458664,60.779613,0.332344,0.163205,0.0,0.338279,113,0.498516,0.169139,0.169139,AMOCLINGO-INF-MR,0.533076
Knapsack,00964-knapsack-n55-w414689-v2142948-type1.asp,337,1325,0.25434,0.064689,0.016453,3.931751,15.458664,60.779613,0.332344,0.163205,0.0,0.338279,113,0.498516,0.169139,0.169139,AMOCLINGO-L,2.810851
Knapsack,00966-knapsack-n55-w415412-v3335961-type3.asp,337,1325,0.25434,0.064689,0.016453,3.931751,15.458664,60.779613,0.332344,0.163205,0.0,0.338279,113,0.498516,0.169139,0.169139,AMOCLINGO-L,0.53274
Knapsack,00967-knapsack-n55-w414031-v1877127-type3.asp,337,1325,0.25434,0.064689,0.016453,3.931751,15.458664,60.779613,0.332344,0.163205,0.0,0.338279,113,0.498516,0.169139,0.169139,AMOCLINGO-L,0.533119
Knapsack,00968-knapsack-n55-w416960-v2834467-type4.asp,337,1325,0.25434,0.064689,0.016453,3.931751,15.458664,60.779613,0.332344,0.163205,0.0,0.338279,113,0.498516,0.169139,0.169139,EOCLINGO-L,0.534239
Knapsack,00969-knapsack-n55-w413831-v22366718-type2.asp,337,1325,0.25434,0.064689,0.016453,3.931751,15.458664,60.779613,0.332344,0.163205,0.0,0.338279,113,0.498516,0.169139,0.169139,AMOCLINGO-L,0.533074
Knapsack,00970-knapsack-n55-w415454-v2825762-type4.asp,337,1325,0.25434,0.064689,0.016453,3.931751,15.458664,60.779613,0.332344,0.163205,0.0,0.338279,113,0.498516,0.169139,0.169139,EOCLINGO-INF-MR,0.585708
Knapsack,00971-knapsack-n55-w415698-v2827647-type4.asp,337,1325,0.25434,0.064689,0.016453,3.931751,15.458664,60.779613,0.332344,0.163205,0.0,0.338279,113,0.498516,0.169139,0.169139,AMOCLINGO-INF-MR,0.547044
Knapsack,00972-knapsack-n55-w416401-v2297437-type1.asp,337,1325,0.25434,0.064689,0.016453,3.931751,15.458664,60.779613,0.332344,0.163205,0.0,0.338279,113,0.498516,0.169139,0.169139,CLINGO-AMO,54.848602
Knapsack,00973-knapsack-n55-w417040-v2838957-type4.asp,337,1325,0.25434,0.064689,0.016453,3.931751,15.458664,60.779613,0.332344,0.163205,0.0,0.338279,113,0.498516,0.169139,0.169139,AMOCLINGO-L,0.5303
Knapsack,00974-knapsack-n55-w415356-v2831702-type4.asp,337,1325,0.25434,0.064689,0.016453,3.931751,15.458664,60.779613,0.332344,0.163205,0.0,0.338279,113,0.498516,0.169139,0.169139,AMOCLINGO-INF-MR,0.535511
Knapsack,00977-knapsack-n55-w414739-v2402453-type1.asp,337,1325,0.25434,0.064689,0.016453,3.931751,15.458664,60.779613,0.332344,0.163205,0.0,0.338279,113,0.498516,0.169139,0.169139,EOCLINGO-L,0.556885
Knapsack,00978-knapsack-n55-w414585-v14616922-type2.asp,337,1325,0.25434,0.064689,0.016453,3.931751,15.458664,60.779613,0.332344,0.163205,0.0,0.338279,113,0.498516,0.169139,0.169139,AMOCLINGO-INF-MR,0.5315730000000001
Knapsack,00979-knapsack-n55-w414694-v1458194-type1.asp,337,1325,0.25434,0.064689,0.016453,3.931751,15.458664,60.779613,0.332344,0.163205,0.0,0.338279,113,0.498516,0.169139,0.169139,EOCLINGO-L,0.534743
Knapsack,00980-knapsack-n55-w415107-v1848939-type3.asp,337,1325,0.25434,0.064689,0.016453,3.931751,15.458664,60.779613,0.332344,0.163205,0.0,0.338279,113,0.498516,0.169139,0.169139,EOCLINGO-L,0.535354
Knapsack,00981-knapsack-n55-w413694-v1490163-type3.asp,337,1325,0.25434,0.064689,0.016453,3.931751,15.458664,60.779613,0.332344,0.163205,0.0,0.338279,113,0.498516,0.169139,0.169139,EOCLINGO-L,0.5357689999999999
Knapsack,00983-knapsack-n55-w415355-v1449322-type3.asp,337,1325,0.25434,0.064689,0.016453,3.931751,15.458664,60.779613,0.332344,0.163205,0.0,0.338279,113,0.498516,0.169139,0.169139,AMOCLINGO-INF-MR,0.545441
Knapsack,00984-knapsack-n55-w415472-v1487289-type3.asp,337,1325,0.25434,0.064689,0.016453,3.931751,15.458664,60.779613,0.332344,0.163205,0.0,0.338279,113,0.498516,0.169139,0.169139,EOCLINGO-L,0.538177
Knapsack,00986-knapsack-n55-w415731-v2089265-type3.asp,337,1325,0.25434,0.064689,0.016453,3.931751,15.458664,60.779613,0.332344,0.163205,0.0,0.338279,113,0.498516,0.169139,0.169139,CLINGO-AMO,8.464673
Knapsack,00987-knapsack-n55-w415561-v1543514-type3.asp,337,1325,0.25434,0.064689,0.016453,3.931751,15.458664,60.779613,0.332344,0.163205,0.0,0.338279,113,0.498516,0.169139,0.169139,AMOCLINGO-L,0.540524
Knapsack,00988-knapsack-n55-w416538-v1871983-type3.asp,337,1325,0.25434,0.064689,0.016453,3.931751,15.458664,60.779613,0.332344,0.163205,0.0,0.338279,113,0.498516,0.169139,0.169139,AMOCLINGO-INF-MR,0.5425880000000001
Knapsack,00989-knapsack-n55-w416324-v2827109-type4.asp,337,1325,0.25434,0.064689,0.016453,3.931751,15.458664,60.779613,0.332344,0.163205,0.0,0.338279,113,0.498516,0.169139,0.169139,AMOCLINGO-INF-MR,0.5460309999999999
Knapsack,00991-knapsack-n60-w46490-v345762-type4.asp,367,1445,0.253979,0.064505,0.016383,3.93733,15.502565,61.03871,0.332425,0.163488,0.0,0.337875,123,0.498638,0.168937,0.168937,EOCLINGO-INF-MR,0.7053050000000001
Knapsack,00992-knapsack-n60-w46022-v247996-type3.asp,367,1445,0.253979,0.064505,0.016383,3.93733,15.502565,61.03871,0.332425,0.163488,0.0,0.337875,123,0.498638,0.168937,0.168937,CLINGO-AMO,14.977326
Knapsack,00993-knapsack-n60-w45794-v464643-type2.asp,367,1445,0.253979,0.064505,0.016383,3.93733,15.502565,61.03871,0.332425,0.163488,0.0,0.337875,123,0.498638,0.168937,0.168937,AMOCLINGO-INF-MR,0.536392
Knapsack,00994-knapsack-n60-w44917-v350543-type4.asp,367,1445,0.253979,0.064505,0.016383,3.93733,15.502565,61.03871,0.332425,0.163488,0.0,0.337875,123,0.498638,0.168937,0.168937,AMOCLINGO-INF-MR,0.537875
Knapsack,00995-knapsack-n60-w45540-v132001-type1.asp,367,1445,0.253979,0.064505,0.016383,3.93733,15.502565,61.03871,0.332425,0.163488,0.0,0.337875,123,0.498638,0.168937,0.168937,EOCLINGO-INF-MR,0.542701
Knapsack,00997-knapsack-n60-w44146-v346259-type4.asp,367,1445,0.253979,0.064505,0.016383,3.93733,15.502565,61.03871,0.332425,0.163488,0.0,0.337875,123,0.498638,0.168937,0.168937,AMOCLINGO-INF-MR,0.540463
Knapsack,00998-knapsack-n60-w46675-v345124-type4.asp,367,1445,0.253979,0.064505,0.016383,3.93733,15.502565,61.03871,0.332425,0.163488,0.0,0.337875,123,0.498638,0.168937,0.168937,EOCLINGO-L,81.942623
Knapsack,00999-knapsack-n60-w45391-v158570-type1.asp,367,1445,0.253979,0.064505,0.016383,3.93733,15.502565,61.03871,0.332425,0.163488,0.0,0.337875,123,0.498638,0.168937,0.168937,AMOCLINGO-L,0.539619
Knapsack,01001-knapsack-n60-w46723-v380746-type3.asp,367,1445,0.253979,0.064505,0.016383,3.93733,15.502565,61.03871,0.332425,0.163488,0.0,0.337875,123,0.498638,0.168937,0.168937,EOCLINGO-L,0.5365070000000001
Knapsack,01002-knapsack-n60-w42942-v349997-type4.asp,367,1445,0.253979,0.064505,0.016383,3.93733,15.502565,61.03871,0.332425,0.163488,0.0,0.337875,123,0.498638,0.168937,0.168937,EOCLINGO-L,0.537008
Knapsack,01004-knapsack-n60-w45281-v353910-type4.asp,367,1445,0.253979,0.064505,0.016383,3.93733,15.502565,61.03871,0.332425,0.163488,0.0,0.337875,123,0.498638,0.168937,0.168937,AMOCLINGO-L,0.535336
Knapsack,01005-knapsack-n60-w47145-v345064-type4.asp,367,1445,0.253979,0.064505,0.016383,3.93733,15.502565,61.03871,0.332425,0.163488,0.0,0.337875,123,0.498638,0.168937,0.168937,EOCLINGO-L,156.24754
Knapsack,01006-knapsack-n60-w46439-v351174-type4.asp,367,1445,0.253979,0.064505,0.016383,3.93733,15.502565,61.03871,0.332425,0.163488,0.0,0.337875,123,0.498638,0.168937,0.168937,AMOCLINGO-INF-MR,0.535994
Knapsack,01009-knapsack-n60-w45574-v194995-type3.asp,367,1445,0.253979,0.064505,0.016383,3.93733,15.502565,61.03871,0.332425,0.163488,0.0,0.337875,123,0.498638,0.168937,0.168937,AMOCLINGO-L,0.541765
Knapsack,01010-knapsack-n60-w47177-v347530-type4.asp,367,1445,0.253979,0.064505,0.016383,3.93733,15.502565,61.03871,0.332425,0.163488,0.0,0.337875,123,0.498638,0.168937,0.168937,AMOCLINGO-INF-MR,0.535326
Knapsack,01011-knapsack-n60-w45384-v351480-type3.asp,367,1445,0.253979,0.064505,0.016383,3.93733,15.502565,61.03871,0.332425,0.163488,0.0,0.337875,123,0.498638,0.168937,0.168937,AMOCLINGO-INF-MR,0.53772
Knapsack,01012-knapsack-n60-w46539-v353803-type4.asp,367,1445,0.253979,0.064505,0.016383,3.93733,15.502565,61.03871,0.332425,0.163488,0.0,0.337875,123,0.498638,0.168937,0.168937,AMOCLINGO-INF-MR,0.53464
Knapsack,01013-knapsack-n60-w45257-v213338-type3.asp,367,1445,0.253979,0.064505,0.016383,3.93733,15.502565,61.03871,0.332425,0.163488,0.0,0.337875,123,0.498638,0.168937,0.168937,EOCLINGO-L,0.5427
Knapsack,01014-knapsack-n60-w45813-v345506-type4.asp,367,1445,0.253979,0.064505,0.016383,3.93733,15.502565,61.03871,0.332425,0.163488,0.0,0.337875,123,0.498638,0.168937,0.168937,AMOCLINGO-L,2.114934
Knapsack,01015-knapsack-n60-w48363-v345396-type4.asp,367,1445,0.253979,0.064505,0.016383,3.93733,15.502565,61.03871,0.332425,0.163488,0.0,0.337875,123,0.498638,0.168937,0.168937,EOCLINGO-L,8.706639000000001
Knapsack,01016-knapsack-n60-w45316-v356650-type4.asp,367,1445,0.253979,0.064505,0.016383,3.93733,15.502565,61.03871,0.332425,0.163488,0.0,0.337875,123,0.498638,0.168937,0.168937,EOCLINGO-L,0.538106
Knapsack,01017-knapsack-n60-w46928-v200314-type3.asp,367,1445,0.253979,0.064505,0.016383,3.93733,15.502565,61.03871,0.332425,0.163488,0.0,0.337875,123,0.498638,0.168937,0.168937,EOCLINGO-L,0.542641
Knapsack,01018-knapsack-n60-w44594-v223803-type3.asp,367,1445,0.253979,0.064505,0.016383,3.93733,15.502565,61.03871,0.332425,0.163488,0.0,0.337875,123,0.498638,0.168937,0.168937,AMOCLINGO-L,0.539954
Knapsack,01019-knapsack-n60-w46678-v194710-type1.asp,367,1445,0.253979,0.064505,0.016383,3.93733,15.502565,61.03871,0.332425,0.163488,0.0,0.337875,123,0.498638,0.168937,0.168937,AMOCLINGO-L,0.540931
Knapsack,01020-knapsack-n60-w126862-v1853174-type4.asp,367,1445,0.253979,0.064505,0.016383,3.93733,15.502565,61.03871,0.332425,0.163488,0.0,0.337875,123,0.498638,0.168937,0.168937,AMOCLINGO-L,0.5375730000000001
Knapsack,01022-knapsack-n60-w125445-v12247144-type2.asp,367,1445,0.253979,0.064505,0.016383,3.93733,15.502565,61.03871,0.332425,0.163488,0.0,0.337875,123,0.498638,0.168937,0.168937,AMOCLINGO-INF-MR,0.536924
Knapsack,01024-knapsack-n60-w127498-v1842296-type4.asp,367,1445,0.253979,0.064505,0.016383,3.93733,15.502565,61.03871,0.332425,0.163488,0.0,0.337875,123,0.498638,0.168937,0.168937,AMOCLINGO-L,1.903219
Knapsack,01025-knapsack-n60-w126120-v1860186-type4.asp,367,1445,0.253979,0.064505,0.016383,3.93733,15.502565,61.03871,0.332425,0.163488,0.0,0.337875,123,0.498638,0.168937,0.168937,AMOCLINGO-INF-MR,0.5370269999999999
Knapsack,01026-knapsack-n60-w126945-v1846214-type4.asp,367,1445,0.253979,0.064505,0.016383,3.93733,15.502565,61.03871,0.332425,0.163488,0.0,0.337875,123,0.498638,0.168937,0.168937,AMOCLINGO-L,0.537957
Knapsack,01027-knapsack-n60-w127063-v1851397-type4.asp,367,1445,0.253979,0.064505,0.016383,3.93733,15.502565,61.03871,0.332425,0.163488,0.0,0.337875,123,0.498638,0.168937,0.168937,AMOCLINGO-INF-MR,0.53922
Knapsack,01028-knapsack-n60-w123817-v13599921-type2.asp,367,1445,0.253979,0.064505,0.016383,3.93733,15.502565,61.03871,0.332425,0.163488,0.0,0.337875,123,0.498638,0.168937,0.168937,AMOCLINGO-INF-MR,0.535608
Knapsack,01029-knapsack-n60-w125682-v1093718-type3.asp,367,1445,0.253979,0.064505,0.016383,3.93733,15.502565,61.03871,0.332425,0.163488,0.0,0.337875,123,0.498638,0.168937,0.168937,AMOCLINGO-L,0.543683
Knapsack,01031-knapsack-n60-w125467-v1849547-type4.asp,367,1445,0.253979,0.064505,0.016383,3.93733,15.502565,61.03871,0.332425,0.163488,0.0,0.337875,123,0.498638,0.168937,0.168937,AMOCLINGO-L,0.5361090000000001
Knapsack,01032-knapsack-n60-w127190-v1847515-type4.asp,367,1445,0.253979,0.064505,0.016383,3.93733,15.502565,61.03871,0.332425,0.163488,0.0,0.337875,123,0.498638,0.168937,0.168937,AMOCLINGO-INF-MR,0.536022
Knapsack,01035-knapsack-n60-w127914-v1842424-type4.asp,367,1445,0.253979,0.064505,0.016383,3.93733,15.502565,61.03871,0.332425,0.163488,0.0,0.337875,123,0.498638,0.168937,0.168937,AMOCLINGO-L,1.604225
Knapsack,01036-knapsack-n60-w124536-v1851105-type4.asp,367,1445,0.253979,0.064505,0.016383,3.93733,15.502565,61.03871,0.332425,0.163488,0.0,0.337875,123,0.498638,0.168937,0.168937,AMOCLINGO-L,0.535186
Knapsack,01037-knapsack-n60-w127727-v1847622-type4.asp,367,1445,0.253979,0.064505,0.016383,3.93733,15.502565,61.03871,0.332425,0.163488,0.0,0.337875,123,0.498638,0.168937,0.168937,AMOCLINGO-L,0.538288
Knapsack,01038-knapsack-n60-w126457-v1843965-type4.asp,367,1445,0.253979,0.064505,0.016383,3.93733,15.502565,61.03871,0.332425,0.163488,0.0,0.337875,123,0.498638,0.168937,0.168937,AMOCLINGO-INF-MR,0.591294
Knapsack,01039-knapsack-n60-w126894-v7622470-type2.asp,367,1445,0.253979,0.064505,0.016383,3.93733,15.502565,61.03871,0.332425,0.163488,0.0,0.337875,123,0.498638,0.168937,0.168937,AMOCLINGO-INF-MR,0.53915
Knapsack,01040-knapsack-n60-w127631-v1852064-type4.asp,367,1445,0.253979,0.064505,0.016383,3.93733,15.502565,61.03871,0.332425,0.163488,0.0,0.337875,123,0.498638,0.168937,0.168937,AMOCLINGO-INF-MR,0.534434
Knapsack,01043-knapsack-n60-w126334-v1844539-type4.asp,367,1445,0.253979,0.064505,0.016383,3.93733,15.502565,61.03871,0.332425,0.163488,0.0,0.337875,123,0.498638,0.168937,0.168937,AMOCLINGO-INF-MR,0.544099
Knapsack,01044-knapsack-n60-w126755-v1843530-type4.asp,367,1445,0.253979,0.064505,0.016383,3.93733,15.502565,61.03871,0.332425,0.163488,0.0,0.337875,123,0.498638,0.168937,0.168937,EOCLINGO-INF-MR,0.662269
Knapsack,01045-knapsack-n60-w126358-v993400-type3.asp,367,1445,0.253979,0.064505,0.016383,3.93733,15.502565,61.03871,0.332425,0.163488,0.0,0.337875,123,0.498638,0.168937,0.168937,AMOCLINGO-L,0.535559
Knapsack,01047-knapsack-n60-w125760-v16169012-type2.asp,367,1445,0.253979,0.064505,0.016383,3.93733,15.502565,61.03871,0.332425,0.163488,0.0,0.337875,123,0.498638,0.168937,0.168937,AMOCLINGO-INF-MR,0.535723
Knapsack,01048-knapsack-n60-w126045-v8192252-type2.asp,367,1445,0.253979,0.064505,0.016383,3.93733,15.502565,61.03871,0.332425,0.163488,0.0,0.337875,123,0.498638,0.168937,0.168937,AMOCLINGO-L,0.536046
Knapsack,01049-knapsack-n60-w128605-v1850076-type4.asp,367,1445,0.253979,0.064505,0.016383,3.93733,15.502565,61.03871,0.332425,0.163488,0.0,0.337875,123,0.498638,0.168937,0.168937,EOCLINGO-L,0.53614
Knapsack,01050-knapsack-n60-w453583-v3597296-type4.asp,367,1445,0.253979,0.064505,0.016383,3.93733,15.502565,61.03871,0.332425,0.163488,0.0,0.337875,123,0.498638,0.168937,0.168937,EOCLINGO-INF-MR,0.570581
Knapsack,01051-knapsack-n60-w454034-v2611563-type3.asp,367,1445,0.253979,0.064505,0.016383,3.93733,15.502565,61.03871,0.332425,0.163488,0.0,0.337875,123,0.498638,0.168937,0.168937,EOCLINGO-INF-MR,1.0614590000000002
Knapsack,01052-knapsack-n60-w452753-v24072145-type2.asp,367,1445,0.253979,0.064505,0.016383,3.93733,15.502565,61.03871,0.332425,0.163488,0.0,0.337875,123,0.498638,0.168937,0.168937,AMOCLINGO-INF-MR,0.5361659999999999
Knapsack,01053-knapsack-n60-w455718-v3819699-type3.asp,367,1445,0.253979,0.064505,0.016383,3.93733,15.502565,61.03871,0.332425,0.163488,0.0,0.337875,123,0.498638,0.168937,0.168937,AMOCLINGO-L,0.535629
Knapsack,01055-knapsack-n60-w455304-v3613709-type4.asp,367,1445,0.253979,0.064505,0.016383,3.93733,15.502565,61.03871,0.332425,0.163488,0.0,0.337875,123,0.498638,0.168937,0.168937,AMOCLINGO-L,0.5360739999999999
Knapsack,01056-knapsack-n60-w454217-v2476090-type3.asp,367,1445,0.253979,0.064505,0.016383,3.93733,15.502565,61.03871,0.332425,0.163488,0.0,0.337875,123,0.498638,0.168937,0.168937,EOCLINGO-L,1.297453
Knapsack,01057-knapsack-n60-w454958-v3610044-type4.asp,367,1445,0.253979,0.064505,0.016383,3.93733,15.502565,61.03871,0.332425,0.163488,0.0,0.337875,123,0.498638,0.168937,0.168937,AMOCLINGO-L,0.533003
Knapsack,01058-knapsack-n60-w454303-v18982886-type2.asp,367,1445,0.253979,0.064505,0.016383,3.93733,15.502565,61.03871,0.332425,0.163488,0.0,0.337875,123,0.498638,0.168937,0.168937,AMOCLINGO-L,0.53526
Knapsack,01060-knapsack-n60-w454515-v2719365-type3.asp,367,1445,0.253979,0.064505,0.016383,3.93733,15.502565,61.03871,0.332425,0.163488,0.0,0.337875,123,0.498638,0.168937,0.168937,EOCLINGO-L,3.266878
Knapsack,01061-knapsack-n60-w455979-v3589667-type3.asp,367,1445,0.253979,0.064505,0.016383,3.93733,15.502565,61.03871,0.332425,0.163488,0.0,0.337875,123,0.498638,0.168937,0.168937,AMOCLINGO-L,38.364169
Knapsack,01062-knapsack-n60-w452222-v249685-type2.asp,367,1445,0.253979,0.064505,0.016383,3.93733,15.502565,61.03871,0.332425,0.163488,0.0,0.337875,123,0.498638,0.168937,0.168937,CLINGO-AMO,0.109173
Knapsack,01063-knapsack-n60-w454273-v3608002-type4.asp,367,1445,0.253979,0.064505,0.016383,3.93733,15.502565,61.03871,0.332425,0.163488,0.0,0.337875,123,0.498638,0.168937,0.168937,AMOCLINGO-INF-MR,0.534812
Knapsack,01065-knapsack-n60-w455013-v3600290-type4.asp,367,1445,0.253979,0.064505,0.016383,3.93733,15.502565,61.03871,0.332425,0.163488,0.0,0.337875,123,0.498638,0.168937,0.168937,AMOCLINGO-INF-MR,0.540968
Knapsack,01066-knapsack-n60-w455963-v4142445-type3.asp,367,1445,0.253979,0.064505,0.016383,3.93733,15.502565,61.03871,0.332425,0.163488,0.0,0.337875,123,0.498638,0.168937,0.168937,AMOCLINGO-INF-MR,0.536734
Knapsack,01067-knapsack-n60-w456096-v2701256-type3.asp,367,1445,0.253979,0.064505,0.016383,3.93733,15.502565,61.03871,0.332425,0.163488,0.0,0.337875,123,0.498638,0.168937,0.168937,CLINGO-AMO,32.978842
Knapsack,01068-knapsack-n60-w454922-v1956369-type3.asp,367,1445,0.253979,0.064505,0.016383,3.93733,15.502565,61.03871,0.332425,0.163488,0.0,0.337875,123,0.498638,0.168937,0.168937,AMOCLINGO-L,0.538415
Knapsack,01069-knapsack-n60-w453943-v2704007-type3.asp,367,1445,0.253979,0.064505,0.016383,3.93733,15.502565,61.03871,0.332425,0.163488,0.0,0.337875,123,0.498638,0.168937,0.168937,CLINGO-AMO,27.305313
Knapsack,01070-knapsack-n60-w454518-v3610839-type4.asp,367,1445,0.253979,0.064505,0.016383,3.93733,15.502565,61.03871,0.332425,0.163488,0.0,0.337875,123,0.498638,0.168937,0.168937,AMOCLINGO-L,0.534249
Knapsack,01071-knapsack-n60-w453359-v3604105-type4.asp,367,1445,0.253979,0.064505,0.016383,3.93733,15.502565,61.03871,0.332425,0.163488,0.0,0.337875,123,0.498638,0.168937,0.168937,AMOCLINGO-L,0.532477
Knapsack,01072-knapsack-n60-w455312-v3596141-type4.asp,367,1445,0.253979,0.064505,0.016383,3.93733,15.502565,61.03871,0.332425,0.163488,0.0,0.337875,123,0.498638,0.168937,0.168937,EOCLINGO-INF-MR,0.630358
Knapsack,01074-knapsack-n60-w455589-v3606254-type4.asp,367,1445,0.253979,0.064505,0.016383,3.93733,15.502565,61.03871,0.332425,0.163488,0.0,0.337875,123,0.498638,0.168937,0.168937,AMOCLINGO-L,0.534956
Knapsack,01075-knapsack-n60-w455337-v3600772-type1.asp,367,1445,0.253979,0.064505,0.016383,3.93733,15.502565,61.03871,0.332425,0.163488,0.0,0.337875,123,0.498638,0.168937,0.168937,EOCLINGO-L,0.5385719999999999
Knapsack,01076-knapsack-n60-w452881-v4077121-type2.asp,367,1445,0.253979,0.064505,0.016383,3.93733,15.502565,61.03871,0.332425,0.163488,0.0,0.337875,123,0.498638,0.168937,0.168937,AMOCLINGO-L,0.53519
Knapsack,01077-knapsack-n60-w454725-v3657668-type3.asp,367,1445,0.253979,0.064505,0.016383,3.93733,15.502565,61.03871,0.332425,0.163488,0.0,0.337875,123,0.498638,0.168937,0.168937,AMOCLINGO-L,0.5342370000000001
Knapsack,01078-knapsack-n60-w456541-v3605262-type4.asp,367,1445,0.253979,0.064505,0.016383,3.93733,15.502565,61.03871,0.332425,0.163488,0.0,0.337875,123,0.498638,0.168937,0.168937,AMOCLINGO-L,0.532245
Knapsack,01079-knapsack-n60-w454824-v3605576-type4.asp,367,1445,0.253979,0.064505,0.016383,3.93733,15.502565,61.03871,0.332425,0.163488,0.0,0.337875,123,0.498638,0.168937,0.168937,AMOCLINGO-L,0.535302
Knapsack,01080-knapsack-n65-w48867-v438681-type4.asp,397,1565,0.253674,0.064351,0.016324,3.942065,15.53988,61.259226,0.332494,0.163728,0.0,0.337531,133,0.498741,0.168766,0.168766,AMOCLINGO-L,0.539778
Knapsack,01081-knapsack-n65-w50068-v338770-type3.asp,397,1565,0.253674,0.064351,0.016324,3.942065,15.53988,61.259226,0.332494,0.163728,0.0,0.337531,133,0.498741,0.168766,0.168766,CLINGO-AMO,139.50847000000002
Knapsack,01083-knapsack-n65-w48268-v478528-type3.asp,397,1565,0.253674,0.064351,0.016324,3.942065,15.53988,61.259226,0.332494,0.163728,0.0,0.337531,133,0.498741,0.168766,0.168766,AMOCLINGO-L,0.540137
Knapsack,01084-knapsack-n65-w48426-v440456-type4.asp,397,1565,0.253674,0.064351,0.016324,3.942065,15.53988,61.259226,0.332494,0.163728,0.0,0.337531,133,0.498741,0.168766,0.168766,AMOCLINGO-L,0.538184
Knapsack,01085-knapsack-n65-w49756-v441089-type3.asp,397,1565,0.253674,0.064351,0.016324,3.942065,15.53988,61.259226,0.332494,0.163728,0.0,0.337531,133,0.498741,0.168766,0.168766,AMOCLINGO-L,0.537314
Knapsack,01087-knapsack-n65-w49057-v434408-type4.asp,397,1565,0.253674,0.064351,0.016324,3.942065,15.53988,61.259226,0.332494,0.163728,0.0,0.337531,133,0.498741,0.168766,0.168766,EOCLINGO-INF-MR,0.547368
Knapsack,01089-knapsack-n65-w48611-v434223-type4.asp,397,1565,0.253674,0.064351,0.016324,3.942065,15.53988,61.259226,0.332494,0.163728,0.0,0.337531,133,0.498741,0.168766,0.168766,AMOCLINGO-INF-MR,0.570823
Knapsack,01090-knapsack-n65-w49617-v1328294-type2.asp,397,1565,0.253674,0.064351,0.016324,3.942065,15.53988,61.259226,0.332494,0.163728,0.0,0.337531,133,0.498741,0.168766,0.168766,AMOCLINGO-L,0.541096
Knapsack,01091-knapsack-n65-w48415-v438522-type4.asp,397,1565,0.253674,0.064351,0.016324,3.942065,15.53988,61.259226,0.332494,0.163728,0.0,0.337531,133,0.498741,0.168766,0.168766,AMOCLINGO-L,0.538867
Knapsack,01093-knapsack-n65-w49670-v282438-type3.asp,397,1565,0.253674,0.064351,0.016324,3.942065,15.53988,61.259226,0.332494,0.163728,0.0,0.337531,133,0.498741,0.168766,0.168766,EOCLINGO-L,0.542365
Knapsack,01096-knapsack-n65-w48044-v631689-type2.asp,397,1565,0.253674,0.064351,0.016324,3.942065,15.53988,61.259226,0.332494,0.163728,0.0,0.337531,133,0.498741,0.168766,0.168766,AMOCLINGO-L,0.537785
Knapsack,01097-knapsack-n65-w49240-v118576-type1.asp,397,1565,0.253674,0.064351,0.016324,3.942065,15.53988,61.259226,0.332494,0.163728,0.0,0.337531,133,0.498741,0.168766,0.168766,EOCLINGO-INF-MR,0.546924
Knapsack,01098-knapsack-n65-w49026-v792295-type2.asp,397,1565,0.253674,0.064351,0.016324,3.942065,15.53988,61.259226,0.332494,0.163728,0.0,0.337531,133,0.498741,0.168766,0.168766,AMOCLINGO-INF-MR,0.540504
Knapsack,01099-knapsack-n65-w50219-v245218-type3.asp,397,1565,0.253674,0.064351,0.016324,3.942065,15.53988,61.259226,0.332494,0.163728,0.0,0.337531,133,0.498741,0.168766,0.168766,EOCLINGO-L,0.542466
Knapsack,01102-knapsack-n65-w49251-v307341-type3.asp,397,1565,0.253674,0.064351,0.016324,3.942065,15.53988,61.259226,0.332494,0.163728,0.0,0.337531,133,0.498741,0.168766,0.168766,EOCLINGO-L,3.513205
Knapsack,01103-knapsack-n65-w49466-v433255-type4.asp,397,1565,0.253674,0.064351,0.016324,3.942065,15.53988,61.259226,0.332494,0.163728,0.0,0.337531,133,0.498741,0.168766,0.168766,AMOCLINGO-L,118.386513
Knapsack,01105-knapsack-n65-w47453-v99405-type2.asp,397,1565,0.253674,0.064351,0.016324,3.942065,15.53988,61.259226,0.332494,0.163728,0.0,0.337531,133,0.498741,0.168766,0.168766,CLINGO-AMO,0.292345
Knapsack,01106-knapsack-n65-w49106-v447423-type4.asp,397,1565,0.253674,0.064351,0.016324,3.942065,15.53988,61.259226,0.332494,0.163728,0.0,0.337531,133,0.498741,0.168766,0.168766,AMOCLINGO-L,0.540372
Knapsack,01107-knapsack-n65-w49414-v440527-type4.asp,397,1565,0.253674,0.064351,0.016324,3.942065,15.53988,61.259226,0.332494,0.163728,0.0,0.337531,133,0.498741,0.168766,0.168766,AMOCLINGO-L,0.537588
Knapsack,01108-knapsack-n65-w49597-v436930-type4.asp,397,1565,0.253674,0.064351,0.016324,3.942065,15.53988,61.259226,0.332494,0.163728,0.0,0.337531,133,0.498741,0.168766,0.168766,AMOCLINGO-L,0.536573
Knapsack,01109-knapsack-n65-w48931-v433021-type4.asp,397,1565,0.253674,0.064351,0.016324,3.942065,15.53988,61.259226,0.332494,0.163728,0.0,0.337531,133,0.498741,0.168766,0.168766,EOCLINGO-L,1087.7112149999998
Knapsack,01110-knapsack-n65-w135919-v2069832-type3.asp,397,1565,0.253674,0.064351,0.016324,3.942065,15.53988,61.259226,0.332494,0.163728,0.0,0.337531,133,0.498741,0.168766,0.168766,AMOCLINGO-L,0.539914
Knapsack,01113-knapsack-n65-w132836-v3558353-type2.asp,397,1565,0.253674,0.064351,0.016324,3.942065,15.53988,61.259226,0.332494,0.163728,0.0,0.337531,133,0.498741,0.168766,0.168766,EOCLINGO-L,0.54147
Knapsack,01114-knapsack-n65-w134444-v812283-type1.asp,397,1565,0.253674,0.064351,0.016324,3.942065,15.53988,61.259226,0.332494,0.163728,0.0,0.337531,133,0.498741,0.168766,0.168766,AMOCLINGO-L,0.540041
Knapsack,01115-knapsack-n65-w134685-v7471377-type2.asp,397,1565,0.253674,0.064351,0.016324,3.942065,15.53988,61.259226,0.332494,0.163728,0.0,0.337531,133,0.498741,0.168766,0.168766,AMOCLINGO-L,0.53754
Knapsack,01117-knapsack-n65-w134984-v1887788-type4.asp,397,1565,0.253674,0.064351,0.016324,3.942065,15.53988,61.259226,0.332494,0.163728,0.0,0.337531,133,0.498741,0.168766,0.168766,AMOCLINGO-L,0.537253
Knapsack,01118-knapsack-n65-w135530-v1020773-type3.asp,397,1565,0.253674,0.064351,0.016324,3.942065,15.53988,61.259226,0.332494,0.163728,0.0,0.337531,133,0.498741,0.168766,0.168766,AMOCLINGO-L,0.541761
Knapsack,01120-knapsack-n65-w134879-v1886621-type4.asp,397,1565,0.253674,0.064351,0.016324,3.942065,15.53988,61.259226,0.332494,0.163728,0.0,0.337531,133,0.498741,0.168766,0.168766,AMOCLINGO-INF-MR,0.538936
Knapsack,01121-knapsack-n65-w134245-v1889251-type4.asp,397,1565,0.253674,0.064351,0.016324,3.942065,15.53988,61.259226,0.332494,0.163728,0.0,0.337531,133,0.498741,0.168766,0.168766,AMOCLINGO-L,0.537559
Knapsack,01122-knapsack-n65-w135455-v1308995-type3.asp,397,1565,0.253674,0.064351,0.016324,3.942065,15.53988,61.259226,0.332494,0.163728,0.0,0.337531,133,0.498741,0.168766,0.168766,EOCLINGO-INF-MR,0.557167
Knapsack,01123-knapsack-n65-w134261-v1955317-type3.asp,397,1565,0.253674,0.064351,0.016324,3.942065,15.53988,61.259226,0.332494,0.163728,0.0,0.337531,133,0.498741,0.168766,0.168766,AMOCLINGO-L,0.537367
Knapsack,01124-knapsack-n65-w135663-v1190038-type3.asp,397,1565,0.253674,0.064351,0.016324,3.942065,15.53988,61.259226,0.332494,0.163728,0.0,0.337531,133,0.498741,0.168766,0.168766,AMOCLINGO-L,0.542906
Knapsack,01125-knapsack-n65-w136570-v2024274-type3.asp,397,1565,0.253674,0.064351,0.016324,3.942065,15.53988,61.259226,0.332494,0.163728,0.0,0.337531,133,0.498741,0.168766,0.168766,AMOCLINGO-L,0.536829
Knapsack,01126-knapsack-n65-w135392-v1390605-type3.asp,397,1565,0.253674,0.064351,0.016324,3.942065,15.53988,61.259226,0.332494,0.163728,0.0,0.337531,133,0.498741,0.168766,0.168766,CLINGO-AMO,75.1621
Knapsack,01127-knapsack-n65-w133302-v1391670-type3.asp,397,1565,0.253674,0.064351,0.016324,3.942065,15.53988,61.259226,0.332494,0.163728,0.0,0.337531,133,0.498741,0.168766,0.168766,CLINGO-AMO,155.928771
Knapsack,01128-knapsack-n65-w135388-v2188359-type3.asp,397,1565,0.253674,0.064351,0.016324,3.942065,15.53988,61.259226,0.332494,0.163728,0.0,0.337531,133,0.498741,0.168766,0.168766,AMOCLINGO-L,0.538736
Knapsack,01129-knapsack-n65-w135817-v17150471-type2.asp,397,1565,0.253674,0.064351,0.016324,3.942065,15.53988,61.259226,0.332494,0.163728,0.0,0.337531,133,0.498741,0.168766,0.168766,AMOCLINGO-L,0.539353
Knapsack,01130-knapsack-n65-w133646-v1992710-type3.asp,397,1565,0.253674,0.064351,0.016324,3.942065,15.53988,61.259226,0.332494,0.163728,0.0,0.337531,133,0.498741,0.168766,0.168766,AMOCLINGO-INF-MR,0.538736
Knapsack,01132-knapsack-n65-w133575-v1890028-type4.asp,397,1565,0.253674,0.064351,0.016324,3.942065,15.53988,61.259226,0.332494,0.163728,0.0,0.337531,133,0.498741,0.168766,0.168766,AMOCLINGO-INF-MR,0.537457
Knapsack,01133-knapsack-n65-w134655-v1914536-type3.asp,397,1565,0.253674,0.064351,0.016324,3.942065,15.53988,61.259226,0.332494,0.163728,0.0,0.337531,133,0.498741,0.168766,0.168766,AMOCLINGO-L,0.539417
Knapsack,01134-knapsack-n65-w135049-v799817-type1.asp,397,1565,0.253674,0.064351,0.016324,3.942065,15.53988,61.259226,0.332494,0.163728,0.0,0.337531,133,0.498741,0.168766,0.168766,AMOCLINGO-L,0.541249
Knapsack,01135-knapsack-n65-w132935-v1318736-type3.asp,397,1565,0.253674,0.064351,0.016324,3.942065,15.53988,61.259226,0.332494,0.163728,0.0,0.337531,133,0.498741,0.168766,0.168766,CLINGO-AMO,34.473795
Knapsack,01138-knapsack-n65-w134343-v1890537-type4.asp,397,1565,0.253674,0.064351,0.016324,3.942065,15.53988,61.259226,0.332494,0.163728,0.0,0.337531,133,0.498741,0.168766,0.168766,EOCLINGO-INF-MR,0.541173
Knapsack,01139-knapsack-n65-w133772-v1884622-type4.asp,397,1565,0.253674,0.064351,0.016324,3.942065,15.53988,61.259226,0.332494,0.163728,0.0,0.337531,133,0.498741,0.168766,0.168766,AMOCLINGO-INF-MR,0.5454049999999999
Knapsack,01140-knapsack-n65-w578174-v3226889-type4.asp,397,1565,0.253674,0.064351,0.016324,3.942065,15.53988,61.259226,0.332494,0.163728,0.0,0.337531,133,0.498741,0.168766,0.168766,AMOCLINGO-L,0.539177
Knapsack,01141-knapsack-n65-w577720-v3413855-type3.asp,397,1565,0.253674,0.064351,0.016324,3.942065,15.53988,61.259226,0.332494,0.163728,0.0,0.337531,133,0.498741,0.168766,0.168766,AMOCLINGO-INF-MR,0.5399349999999999
Knapsack,01143-knapsack-n65-w577625-v3222876-type4.asp,397,1565,0.253674,0.064351,0.016324,3.942065,15.53988,61.259226,0.332494,0.163728,0.0,0.337531,133,0.498741,0.168766,0.168766,EOCLINGO-INF-MR,0.578889
Knapsack,01144-knapsack-n65-w578774-v3221712-type4.asp,397,1565,0.253674,0.064351,0.016324,3.942065,15.53988,61.259226,0.332494,0.163728,0.0,0.337531,133,0.498741,0.168766,0.168766,EOCLINGO-INF-MR,0.7331390000000001
Knapsack,01145-knapsack-n65-w578600-v3229455-type4.asp,397,1565,0.253674,0.064351,0.016324,3.942065,15.53988,61.259226,0.332494,0.163728,0.0,0.337531,133,0.498741,0.168766,0.168766,AMOCLINGO-L,0.538967
Knapsack,01146-knapsack-n65-w578319-v3226846-type4.asp,397,1565,0.253674,0.064351,0.016324,3.942065,15.53988,61.259226,0.332494,0.163728,0.0,0.337531,133,0.498741,0.168766,0.168766,AMOCLINGO-L,0.5396690000000001
Knapsack,01147-knapsack-n65-w578705-v3860238-type3.asp,397,1565,0.253674,0.064351,0.016324,3.942065,15.53988,61.259226,0.332494,0.163728,0.0,0.337531,133,0.498741,0.168766,0.168766,AMOCLINGO-L,0.540226
Knapsack,01148-knapsack-n65-w576991-v3227303-type4.asp,397,1565,0.253674,0.064351,0.016324,3.942065,15.53988,61.259226,0.332494,0.163728,0.0,0.337531,133,0.498741,0.168766,0.168766,AMOCLINGO-L,0.539562
Knapsack,01149-knapsack-n65-w577004-v3216841-type4.asp,397,1565,0.253674,0.064351,0.016324,3.942065,15.53988,61.259226,0.332494,0.163728,0.0,0.337531,133,0.498741,0.168766,0.168766,AMOCLINGO-L,61.795199
Knapsack,01151-knapsack-n65-w577776-v3321023-type3.asp,397,1565,0.253674,0.064351,0.016324,3.942065,15.53988,61.259226,0.332494,0.163728,0.0,0.337531,133,0.498741,0.168766,0.168766,AMOCLINGO-L,0.53974
Knapsack,01152-knapsack-n65-w578798-v3330686-type3.asp,397,1565,0.253674,0.064351,0.016324,3.942065,15.53988,61.259226,0.332494,0.163728,0.0,0.337531,133,0.498741,0.168766,0.168766,AMOCLINGO-L,0.539018
Knapsack,01153-knapsack-n65-w577253-v3235742-type4.asp,397,1565,0.253674,0.064351,0.016324,3.942065,15.53988,61.259226,0.332494,0.163728,0.0,0.337531,133,0.498741,0.168766,0.168766,AMOCLINGO-INF-MR,0.538969
Knapsack,01154-knapsack-n65-w578020-v2517282-type2.asp,397,1565,0.253674,0.064351,0.016324,3.942065,15.53988,61.259226,0.332494,0.163728,0.0,0.337531,133,0.498741,0.168766,0.168766,CLINGO-AMO,41.787535
Knapsack,01155-knapsack-n65-w576374-v3610358-type3.asp,397,1565,0.253674,0.064351,0.016324,3.942065,15.53988,61.259226,0.332494,0.163728,0.0,0.337531,133,0.498741,0.168766,0.168766,AMOCLINGO-L,0.53743
Knapsack,01156-knapsack-n65-w579761-v3236803-type3.asp,397,1565,0.253674,0.064351,0.016324,3.942065,15.53988,61.259226,0.332494,0.163728,0.0,0.337531,133,0.498741,0.168766,0.168766,AMOCLINGO-L,0.539644
Knapsack,01157-knapsack-n65-w578652-v3219696-type4.asp,397,1565,0.253674,0.064351,0.016324,3.942065,15.53988,61.259226,0.332494,0.163728,0.0,0.337531,133,0.498741,0.168766,0.168766,AMOCLINGO-L,4.313725000000001
Knapsack,01158-knapsack-n65-w575421-v3223611-type4.asp,397,1565,0.253674,0.064351,0.016324,3.942065,15.53988,61.259226,0.332494,0.163728,0.0,0.337531,133,0.498741,0.168766,0.168766,EOCLINGO-INF-MR,0.556185
Knapsack,01159-knapsack-n65-w577549-v3230137-type4.asp,397,1565,0.253674,0.064351,0.016324,3.942065,15.53988,61.259226,0.332494,0.163728,0.0,0.337531,133,0.498741,0.168766,0.168766,AMOCLINGO-L,0.53755
Knapsack,01161-knapsack-n65-w578401-v2205158-type3.asp,397,1565,0.253674,0.064351,0.016324,3.942065,15.53988,61.259226,0.332494,0.163728,0.0,0.337531,133,0.498741,0.168766,0.168766,AMOCLINGO-L,0.542951
Knapsack,01162-knapsack-n65-w576439-v3232191-type4.asp,397,1565,0.253674,0.064351,0.016324,3.942065,15.53988,61.259226,0.332494,0.163728,0.0,0.337531,133,0.498741,0.168766,0.168766,AMOCLINGO-L,0.538756
Knapsack,01163-knapsack-n65-w579037-v3795457-type3.asp,397,1565,0.253674,0.064351,0.016324,3.942065,15.53988,61.259226,0.332494,0.163728,0.0,0.337531,133,0.498741,0.168766,0.168766,AMOCLINGO-L,0.54006
Knapsack,01164-knapsack-n65-w577991-v3225200-type4.asp,397,1565,0.253674,0.064351,0.016324,3.942065,15.53988,61.259226,0.332494,0.163728,0.0,0.337531,133,0.498741,0.168766,0.168766,AMOCLINGO-L,0.544189
Knapsack,01166-knapsack-n65-w576912-v3222763-type4.asp,397,1565,0.253674,0.064351,0.016324,3.942065,15.53988,61.259226,0.332494,0.163728,0.0,0.337531,133,0.498741,0.168766,0.168766,EOCLINGO-INF-MR,0.585604
Knapsack,01167-knapsack-n65-w577794-v2590486-type3.asp,397,1565,0.253674,0.064351,0.016324,3.942065,15.53988,61.259226,0.332494,0.163728,0.0,0.337531,133,0.498741,0.168766,0.168766,CLINGO-AMO,104.180651
Knapsack,01168-knapsack-n65-w577716-v2618940-type3.asp,397,1565,0.253674,0.064351,0.016324,3.942065,15.53988,61.259226,0.332494,0.163728,0.0,0.337531,133,0.498741,0.168766,0.168766,CLINGO-AMO,245.524707
Knapsack,01169-knapsack-n65-w577269-v2673807-type3.asp,397,1565,0.253674,0.064351,0.016324,3.942065,15.53988,61.259226,0.332494,0.163728,0.0,0.337531,133,0.498741,0.168766,0.168766,CLINGO-AMO,762.787302
Knapsack,01172-knapsack-n70-w50706-v217425-type3.asp,427,1685,0.253412,0.064218,0.016274,3.946136,15.571988,61.44918,0.332553,0.163934,0.0,0.337237,143,0.498829,0.168618,0.168618,AMOCLINGO-L,0.548069
Knapsack,01174-knapsack-n70-w52683-v6446-type1.asp,427,1685,0.253412,0.064218,0.016274,3.946136,15.571988,61.44918,0.332553,0.163934,0.0,0.337237,143,0.498829,0.168618,0.168618,CLINGO-AMO,0.089936
Knapsack,01175-knapsack-n70-w52451-v301601-type3.asp,427,1685,0.253412,0.064218,0.016274,3.946136,15.571988,61.44918,0.332553,0.163934,0.0,0.337237,143,0.498829,0.168618,0.168618,EOCLINGO-INF-MR,0.560702
Knapsack,01177-knapsack-n70-w50074-v25933-type1.asp,427,1685,0.253412,0.064218,0.016274,3.946136,15.571988,61.44918,0.332553,0.163934,0.0,0.337237,143,0.498829,0.168618,0.168618,CLINGO-AMO,0.1066339999999999
Knapsack,01178-knapsack-n70-w51755-v281379-type1.asp,427,1685,0.253412,0.064218,0.016274,3.946136,15.571988,61.44918,0.332553,0.163934,0.0,0.337237,143,0.498829,0.168618,0.168618,AMOCLINGO-L,0.543964
Knapsack,01179-knapsack-n70-w53309-v291821-type3.asp,427,1685,0.253412,0.064218,0.016274,3.946136,15.571988,61.44918,0.332553,0.163934,0.0,0.337237,143,0.498829,0.168618,0.168618,AMOCLINGO-L,0.544849
Knapsack,01181-knapsack-n70-w51070-v461642-type3.asp,427,1685,0.253412,0.064218,0.016274,3.946136,15.571988,61.44918,0.332553,0.163934,0.0,0.337237,143,0.498829,0.168618,0.168618,AMOCLINGO-L,0.541863
Knapsack,01182-knapsack-n70-w51719-v431902-type4.asp,427,1685,0.253412,0.064218,0.016274,3.946136,15.571988,61.44918,0.332553,0.163934,0.0,0.337237,143,0.498829,0.168618,0.168618,AMOCLINGO-INF-MR,0.545431
Knapsack,01183-knapsack-n70-w51355-v434865-type4.asp,427,1685,0.253412,0.064218,0.016274,3.946136,15.571988,61.44918,0.332553,0.163934,0.0,0.337237,143,0.498829,0.168618,0.168618,AMOCLINGO-L,0.54304
Knapsack,01184-knapsack-n70-w53198-v2202690-type2.asp,427,1685,0.253412,0.064218,0.016274,3.946136,15.571988,61.44918,0.332553,0.163934,0.0,0.337237,143,0.498829,0.168618,0.168618,AMOCLINGO-INF-MR,0.5448350000000001
Knapsack,01185-knapsack-n70-w53774-v512357-type3.asp,427,1685,0.253412,0.064218,0.016274,3.946136,15.571988,61.44918,0.332553,0.163934,0.0,0.337237,143,0.498829,0.168618,0.168618,AMOCLINGO-L,0.5423709999999999
Knapsack,01186-knapsack-n70-w51484-v430929-type4.asp,427,1685,0.253412,0.064218,0.016274,3.946136,15.571988,61.44918,0.332553,0.163934,0.0,0.337237,143,0.498829,0.168618,0.168618,AMOCLINGO-L,0.5412399999999999
Knapsack,01187-knapsack-n70-w51665-v2486899-type2.asp,427,1685,0.253412,0.064218,0.016274,3.946136,15.571988,61.44918,0.332553,0.163934,0.0,0.337237,143,0.498829,0.168618,0.168618,AMOCLINGO-INF-MR,0.5426920000000001
Knapsack,01189-knapsack-n70-w53049-v274101-type1.asp,427,1685,0.253412,0.064218,0.016274,3.946136,15.571988,61.44918,0.332553,0.163934,0.0,0.337237,143,0.498829,0.168618,0.168618,AMOCLINGO-L,0.544173
Knapsack,01190-knapsack-n70-w52920-v440980-type4.asp,427,1685,0.253412,0.064218,0.016274,3.946136,15.571988,61.44918,0.332553,0.163934,0.0,0.337237,143,0.498829,0.168618,0.168618,AMOCLINGO-L,0.542611
Knapsack,01192-knapsack-n70-w52053-v288717-type3.asp,427,1685,0.253412,0.064218,0.016274,3.946136,15.571988,61.44918,0.332553,0.163934,0.0,0.337237,143,0.498829,0.168618,0.168618,AMOCLINGO-L,0.545663
Knapsack,01194-knapsack-n70-w50671-v7577-type1.asp,427,1685,0.253412,0.064218,0.016274,3.946136,15.571988,61.44918,0.332553,0.163934,0.0,0.337237,143,0.498829,0.168618,0.168618,CLINGO-AMO,0.089571
Knapsack,01195-knapsack-n70-w51576-v304986-type3.asp,427,1685,0.253412,0.064218,0.016274,3.946136,15.571988,61.44918,0.332553,0.163934,0.0,0.337237,143,0.498829,0.168618,0.168618,EOCLINGO-L,0.556338
Knapsack,01196-knapsack-n70-w53005-v432887-type4.asp,427,1685,0.253412,0.064218,0.016274,3.946136,15.571988,61.44918,0.332553,0.163934,0.0,0.337237,143,0.498829,0.168618,0.168618,AMOCLINGO-L,0.540911
Knapsack,01198-knapsack-n70-w50978-v3587129-type2.asp,427,1685,0.253412,0.064218,0.016274,3.946136,15.571988,61.44918,0.332553,0.163934,0.0,0.337237,143,0.498829,0.168618,0.168618,AMOCLINGO-INF-MR,0.540593
Knapsack,01199-knapsack-n70-w52740-v238647-type3.asp,427,1685,0.253412,0.064218,0.016274,3.946136,15.571988,61.44918,0.332553,0.163934,0.0,0.337237,143,0.498829,0.168618,0.168618,EOCLINGO-L,0.547967
Knapsack,01200-knapsack-n70-w153214-v10988297-type2.asp,427,1685,0.253412,0.064218,0.016274,3.946136,15.571988,61.44918,0.332553,0.163934,0.0,0.337237,143,0.498829,0.168618,0.168618,AMOCLINGO-L,0.545667
Knapsack,01201-knapsack-n70-w152830-v58898-type1.asp,427,1685,0.253412,0.064218,0.016274,3.946136,15.571988,61.44918,0.332553,0.163934,0.0,0.337237,143,0.498829,0.168618,0.168618,CLINGO-AMO,0.093581
Knapsack,01202-knapsack-n70-w153388-v20843500-type2.asp,427,1685,0.253412,0.064218,0.016274,3.946136,15.571988,61.44918,0.332553,0.163934,0.0,0.337237,143,0.498829,0.168618,0.168618,AMOCLINGO-INF-MR,0.540208
Knapsack,01203-knapsack-n70-w154726-v2127536-type4.asp,427,1685,0.253412,0.064218,0.016274,3.946136,15.571988,61.44918,0.332553,0.163934,0.0,0.337237,143,0.498829,0.168618,0.168618,AMOCLINGO-L,0.543431
Knapsack,01204-knapsack-n70-w153368-v2134046-type4.asp,427,1685,0.253412,0.064218,0.016274,3.946136,15.571988,61.44918,0.332553,0.163934,0.0,0.337237,143,0.498829,0.168618,0.168618,AMOCLINGO-L,0.54157
Knapsack,01206-knapsack-n70-w151983-v2375308-type3.asp,427,1685,0.253412,0.064218,0.016274,3.946136,15.571988,61.44918,0.332553,0.163934,0.0,0.337237,143,0.498829,0.168618,0.168618,AMOCLINGO-INF-MR,0.54085
Knapsack,01209-knapsack-n70-w154959-v2122743-type4.asp,427,1685,0.253412,0.064218,0.016274,3.946136,15.571988,61.44918,0.332553,0.163934,0.0,0.337237,143,0.498829,0.168618,0.168618,AMOCLINGO-L,2.8820710000000003
Knapsack,01211-knapsack-n70-w153334-v2509759-type3.asp,427,1685,0.253412,0.064218,0.016274,3.946136,15.571988,61.44918,0.332553,0.163934,0.0,0.337237,143,0.498829,0.168618,0.168618,AMOCLINGO-INF-MR,0.543598
Knapsack,01212-knapsack-n70-w153764-v1268287-type3.asp,427,1685,0.253412,0.064218,0.016274,3.946136,15.571988,61.44918,0.332553,0.163934,0.0,0.337237,143,0.498829,0.168618,0.168618,AMOCLINGO-L,0.544642
Knapsack,01213-knapsack-n70-w152905-v2124539-type4.asp,427,1685,0.253412,0.064218,0.016274,3.946136,15.571988,61.44918,0.332553,0.163934,0.0,0.337237,143,0.498829,0.168618,0.168618,AMOCLINGO-INF-MR,0.592612
Knapsack,01214-knapsack-n70-w154598-v2125281-type4.asp,427,1685,0.253412,0.064218,0.016274,3.946136,15.571988,61.44918,0.332553,0.163934,0.0,0.337237,143,0.498829,0.168618,0.168618,AMOCLINGO-INF-MR,0.550929
Knapsack,01215-knapsack-n70-w155868-v2209288-type3.asp,427,1685,0.253412,0.064218,0.016274,3.946136,15.571988,61.44918,0.332553,0.163934,0.0,0.337237,143,0.498829,0.168618,0.168618,AMOCLINGO-INF-MR,0.542288
Knapsack,01216-knapsack-n70-w152737-v2312876-type3.asp,427,1685,0.253412,0.064218,0.016274,3.946136,15.571988,61.44918,0.332553,0.163934,0.0,0.337237,143,0.498829,0.168618,0.168618,AMOCLINGO-L,0.541488
Knapsack,01217-knapsack-n70-w152860-v2123427-type4.asp,427,1685,0.253412,0.064218,0.016274,3.946136,15.571988,61.44918,0.332553,0.163934,0.0,0.337237,143,0.498829,0.168618,0.168618,EOCLINGO-INF-MR,0.940726
Knapsack,01219-knapsack-n70-w153396-v310027-type1.asp,427,1685,0.253412,0.064218,0.016274,3.946136,15.571988,61.44918,0.332553,0.163934,0.0,0.337237,143,0.498829,0.168618,0.168618,CLINGO-AMO,0.2465129999999999
Knapsack,01220-knapsack-n70-w153506-v2536672-type3.asp,427,1685,0.253412,0.064218,0.016274,3.946136,15.571988,61.44918,0.332553,0.163934,0.0,0.337237,143,0.498829,0.168618,0.168618,AMOCLINGO-L,0.542037
Knapsack,01221-knapsack-n70-w152626-v2129413-type4.asp,427,1685,0.253412,0.064218,0.016274,3.946136,15.571988,61.44918,0.332553,0.163934,0.0,0.337237,143,0.498829,0.168618,0.168618,AMOCLINGO-L,0.5423640000000001
Knapsack,01224-knapsack-n70-w153981-v2128927-type4.asp,427,1685,0.253412,0.064218,0.016274,3.946136,15.571988,61.44918,0.332553,0.163934,0.0,0.337237,143,0.498829,0.168618,0.168618,AMOCLINGO-L,0.542641
Knapsack,01225-knapsack-n70-w152771-v1107358-type3.asp,427,1685,0.253412,0.064218,0.016274,3.946136,15.571988,61.44918,0.332553,0.163934,0.0,0.337237,143,0.498829,0.168618,0.168618,EOCLINGO-L,0.545324
Knapsack,01226-knapsack-n70-w155351-v2122875-type4.asp,427,1685,0.253412,0.064218,0.016274,3.946136,15.571988,61.44918,0.332553,0.163934,0.0,0.337237,143,0.498829,0.168618,0.168618,AMOCLINGO-L,2.299098
Knapsack,01228-knapsack-n70-w153181-v1454385-type3.asp,427,1685,0.253412,0.064218,0.016274,3.946136,15.571988,61.44918,0.332553,0.163934,0.0,0.337237,143,0.498829,0.168618,0.168618,AMOCLINGO-L,0.544346
Knapsack,01229-knapsack-n70-w152026-v1546874-type3.asp,427,1685,0.253412,0.064218,0.016274,3.946136,15.571988,61.44918,0.332553,0.163934,0.0,0.337237,143,0.498829,0.168618,0.168618,CLINGO-AMO,277.238258
Knapsack,01230-knapsack-n70-w565603-v2639242-type3.asp,427,1685,0.253412,0.064218,0.016274,3.946136,15.571988,61.44918,0.332553,0.163934,0.0,0.337237,143,0.498829,0.168618,0.168618,CLINGO-AMO,20.933832
Knapsack,01231-knapsack-n70-w565667-v33176738-type2.asp,427,1685,0.253412,0.064218,0.016274,3.946136,15.571988,61.44918,0.332553,0.163934,0.0,0.337237,143,0.498829,0.168618,0.168618,AMOCLINGO-INF-MR,0.544939
Knapsack,01232-knapsack-n70-w566885-v3654918-type4.asp,427,1685,0.253412,0.064218,0.016274,3.946136,15.571988,61.44918,0.332553,0.163934,0.0,0.337237,143,0.498829,0.168618,0.168618,AMOCLINGO-INF-MR,0.546129
Knapsack,01233-knapsack-n70-w564629-v2957830-type3.asp,427,1685,0.253412,0.064218,0.016274,3.946136,15.571988,61.44918,0.332553,0.163934,0.0,0.337237,143,0.498829,0.168618,0.168618,CLINGO-AMO,100.675941
Knapsack,01234-knapsack-n70-w565464-v3659779-type4.asp,427,1685,0.253412,0.064218,0.016274,3.946136,15.571988,61.44918,0.332553,0.163934,0.0,0.337237,143,0.498829,0.168618,0.168618,EOCLINGO-L,0.542528
Knapsack,01235-knapsack-n70-w565915-v3654750-type4.asp,427,1685,0.253412,0.064218,0.016274,3.946136,15.571988,61.44918,0.332553,0.163934,0.0,0.337237,143,0.498829,0.168618,0.168618,EOCLINGO-L,0.547505
Knapsack,01236-knapsack-n70-w564941-v3659178-type4.asp,427,1685,0.253412,0.064218,0.016274,3.946136,15.571988,61.44918,0.332553,0.163934,0.0,0.337237,143,0.498829,0.168618,0.168618,EOCLINGO-L,0.5417259999999999
Knapsack,01237-knapsack-n70-w563904-v21995099-type2.asp,427,1685,0.253412,0.064218,0.016274,3.946136,15.571988,61.44918,0.332553,0.163934,0.0,0.337237,143,0.498829,0.168618,0.168618,AMOCLINGO-L,0.544063
Knapsack,01238-knapsack-n70-w564702-v3656249-type4.asp,427,1685,0.253412,0.064218,0.016274,3.946136,15.571988,61.44918,0.332553,0.163934,0.0,0.337237,143,0.498829,0.168618,0.168618,EOCLINGO-L,0.544086
Knapsack,01239-knapsack-n70-w565866-v3658934-type4.asp,427,1685,0.253412,0.064218,0.016274,3.946136,15.571988,61.44918,0.332553,0.163934,0.0,0.337237,143,0.498829,0.168618,0.168618,AMOCLINGO-INF-MR,0.54381
Knapsack,01240-knapsack-n70-w564331-v3659005-type4.asp,427,1685,0.253412,0.064218,0.016274,3.946136,15.571988,61.44918,0.332553,0.163934,0.0,0.337237,143,0.498829,0.168618,0.168618,EOCLINGO-L,0.543756
Knapsack,01241-knapsack-n70-w565832-v4294424-type3.asp,427,1685,0.253412,0.064218,0.016274,3.946136,15.571988,61.44918,0.332553,0.163934,0.0,0.337237,143,0.498829,0.168618,0.168618,EOCLINGO-L,0.5414720000000001
Knapsack,01242-knapsack-n70-w564387-v4037792-type3.asp,427,1685,0.253412,0.064218,0.016274,3.946136,15.571988,61.44918,0.332553,0.163934,0.0,0.337237,143,0.498829,0.168618,0.168618,EOCLINGO-L,0.544025
Knapsack,01243-knapsack-n70-w564049-v3891179-type3.asp,427,1685,0.253412,0.064218,0.016274,3.946136,15.571988,61.44918,0.332553,0.163934,0.0,0.337237,143,0.498829,0.168618,0.168618,EOCLINGO-L,0.542848
Knapsack,01245-knapsack-n70-w565311-v3653972-type4.asp,427,1685,0.253412,0.064218,0.016274,3.946136,15.571988,61.44918,0.332553,0.163934,0.0,0.337237,143,0.498829,0.168618,0.168618,AMOCLINGO-INF-MR,0.550887
Knapsack,01246-knapsack-n70-w564810-v2064367-type3.asp,427,1685,0.253412,0.064218,0.016274,3.946136,15.571988,61.44918,0.332553,0.163934,0.0,0.337237,143,0.498829,0.168618,0.168618,AMOCLINGO-L,0.544385
Knapsack,01247-knapsack-n70-w562602-v3657504-type4.asp,427,1685,0.253412,0.064218,0.016274,3.946136,15.571988,61.44918,0.332553,0.163934,0.0,0.337237,143,0.498829,0.168618,0.168618,AMOCLINGO-L,0.543654
Knapsack,01248-knapsack-n70-w564602-v2589747-type3.asp,427,1685,0.253412,0.064218,0.016274,3.946136,15.571988,61.44918,0.332553,0.163934,0.0,0.337237,143,0.498829,0.168618,0.168618,CLINGO-AMO,12.387319
Knapsack,01249-knapsack-n70-w563128-v3656901-type4.asp,427,1685,0.253412,0.064218,0.016274,3.946136,15.571988,61.44918,0.332553,0.163934,0.0,0.337237,143,0.498829,0.168618,0.168618,AMOCLINGO-L,0.544768
Knapsack,01250-knapsack-n70-w563966-v3663536-type4.asp,427,1685,0.253412,0.064218,0.016274,3.946136,15.571988,61.44918,0.332553,0.163934,0.0,0.337237,143,0.498829,0.168618,0.168618,AMOCLINGO-INF-MR,0.543313
Knapsack,01252-knapsack-n70-w564862-v2826145-type3.asp,427,1685,0.253412,0.064218,0.016274,3.946136,15.571988,61.44918,0.332553,0.163934,0.0,0.337237,143,0.498829,0.168618,0.168618,CLINGO-AMO,44.424478
Knapsack,01253-knapsack-n70-w565313-v2364820-type3.asp,427,1685,0.253412,0.064218,0.016274,3.946136,15.571988,61.44918,0.332553,0.163934,0.0,0.337237,143,0.498829,0.168618,0.168618,EOCLINGO-L,0.550365
Knapsack,01254-knapsack-n70-w566102-v14791631-type2.asp,427,1685,0.253412,0.064218,0.016274,3.946136,15.571988,61.44918,0.332553,0.163934,0.0,0.337237,143,0.498829,0.168618,0.168618,AMOCLINGO-L,0.5410349999999999
Knapsack,01255-knapsack-n70-w565961-v1897783-type1.asp,427,1685,0.253412,0.064218,0.016274,3.946136,15.571988,61.44918,0.332553,0.163934,0.0,0.337237,143,0.498829,0.168618,0.168618,AMOCLINGO-L,0.543961
Knapsack,01256-knapsack-n70-w566456-v3662963-type4.asp,427,1685,0.253412,0.064218,0.016274,3.946136,15.571988,61.44918,0.332553,0.163934,0.0,0.337237,143,0.498829,0.168618,0.168618,AMOCLINGO-L,0.540176
Knapsack,01257-knapsack-n70-w563022-v3652477-type4.asp,427,1685,0.253412,0.064218,0.016274,3.946136,15.571988,61.44918,0.332553,0.163934,0.0,0.337237,143,0.498829,0.168618,0.168618,EOCLINGO-INF-MR,0.5716880000000001
Knapsack,01258-knapsack-n70-w565861-v12536134-type2.asp,427,1685,0.253412,0.064218,0.016274,3.946136,15.571988,61.44918,0.332553,0.163934,0.0,0.337237,143,0.498829,0.168618,0.168618,AMOCLINGO-L,0.5408919999999999
Knapsack,01259-knapsack-n70-w563659-v20710744-type2.asp,427,1685,0.253412,0.064218,0.016274,3.946136,15.571988,61.44918,0.332553,0.163934,0.0,0.337237,143,0.498829,0.168618,0.168618,AMOCLINGO-L,0.544045
Knapsack,01260-knapsack-n75-w58938-v307691-type1.asp,457,1805,0.253186,0.064103,0.01623,3.949672,15.599907,61.614513,0.332604,0.164114,0.0,0.33698,153,0.498906,0.16849,0.16849,EOCLINGO-INF-MR,0.8814799999999999
Knapsack,01261-knapsack-n75-w59179-v320261-type3.asp,457,1805,0.253186,0.064103,0.01623,3.949672,15.599907,61.614513,0.332604,0.164114,0.0,0.33698,153,0.498906,0.16849,0.16849,CLINGO-AMO,11.15787
Knapsack,01262-knapsack-n75-w57506-v4656203-type2.asp,457,1805,0.253186,0.064103,0.01623,3.949672,15.599907,61.614513,0.332604,0.164114,0.0,0.33698,153,0.498906,0.16849,0.16849,CLINGO-AMO,0.119864
Knapsack,01263-knapsack-n75-w58724-v463268-type4.asp,457,1805,0.253186,0.064103,0.01623,3.949672,15.599907,61.614513,0.332604,0.164114,0.0,0.33698,153,0.498906,0.16849,0.16849,EOCLINGO-INF-MR,0.550072
Knapsack,01264-knapsack-n75-w57885-v108704-type1.asp,457,1805,0.253186,0.064103,0.01623,3.949672,15.599907,61.614513,0.332604,0.164114,0.0,0.33698,153,0.498906,0.16849,0.16849,AMOCLINGO-L,0.548401
Knapsack,01265-knapsack-n75-w57675-v257045-type3.asp,457,1805,0.253186,0.064103,0.01623,3.949672,15.599907,61.614513,0.332604,0.164114,0.0,0.33698,153,0.498906,0.16849,0.16849,AMOCLINGO-L,0.550874
Knapsack,01266-knapsack-n75-w59101-v462754-type4.asp,457,1805,0.253186,0.064103,0.01623,3.949672,15.599907,61.614513,0.332604,0.164114,0.0,0.33698,153,0.498906,0.16849,0.16849,AMOCLINGO-L,0.545578
Knapsack,01267-knapsack-n75-w58512-v171341-type1.asp,457,1805,0.253186,0.064103,0.01623,3.949672,15.599907,61.614513,0.332604,0.164114,0.0,0.33698,153,0.498906,0.16849,0.16849,AMOCLINGO-L,0.5512009999999999
Knapsack,01268-knapsack-n75-w58763-v465159-type4.asp,457,1805,0.253186,0.064103,0.01623,3.949672,15.599907,61.614513,0.332604,0.164114,0.0,0.33698,153,0.498906,0.16849,0.16849,AMOCLINGO-L,0.545286
Knapsack,01269-knapsack-n75-w58562-v460824-type4.asp,457,1805,0.253186,0.064103,0.01623,3.949672,15.599907,61.614513,0.332604,0.164114,0.0,0.33698,153,0.498906,0.16849,0.16849,AMOCLINGO-L,103.913463
Knapsack,01271-knapsack-n75-w58209-v343006-type3.asp,457,1805,0.253186,0.064103,0.01623,3.949672,15.599907,61.614513,0.332604,0.164114,0.0,0.33698,153,0.498906,0.16849,0.16849,CLINGO-AMO,66.086514
Knapsack,01272-knapsack-n75-w57259-v2378822-type2.asp,457,1805,0.253186,0.064103,0.01623,3.949672,15.599907,61.614513,0.332604,0.164114,0.0,0.33698,153,0.498906,0.16849,0.16849,EOCLINGO-INF-MR,0.55263
Knapsack,01274-knapsack-n75-w57406-v470946-type4.asp,457,1805,0.253186,0.064103,0.01623,3.949672,15.599907,61.614513,0.332604,0.164114,0.0,0.33698,153,0.498906,0.16849,0.16849,EOCLINGO-L,0.549447
Knapsack,01275-knapsack-n75-w58902-v515359-type3.asp,457,1805,0.253186,0.064103,0.01623,3.949672,15.599907,61.614513,0.332604,0.164114,0.0,0.33698,153,0.498906,0.16849,0.16849,AMOCLINGO-L,0.546268
Knapsack,01276-knapsack-n75-w59112-v464259-type3.asp,457,1805,0.253186,0.064103,0.01623,3.949672,15.599907,61.614513,0.332604,0.164114,0.0,0.33698,153,0.498906,0.16849,0.16849,AMOCLINGO-L,0.545991
Knapsack,01277-knapsack-n75-w56555-v467719-type3.asp,457,1805,0.253186,0.064103,0.01623,3.949672,15.599907,61.614513,0.332604,0.164114,0.0,0.33698,153,0.498906,0.16849,0.16849,AMOCLINGO-L,0.546122
Knapsack,01279-knapsack-n75-w58600-v466257-type4.asp,457,1805,0.253186,0.064103,0.01623,3.949672,15.599907,61.614513,0.332604,0.164114,0.0,0.33698,153,0.498906,0.16849,0.16849,EOCLINGO-INF-MR,0.54968
Knapsack,01282-knapsack-n75-w58709-v481214-type3.asp,457,1805,0.253186,0.064103,0.01623,3.949672,15.599907,61.614513,0.332604,0.164114,0.0,0.33698,153,0.498906,0.16849,0.16849,EOCLINGO-INF-MR,0.551654
Knapsack,01283-knapsack-n75-w57441-v462035-type4.asp,457,1805,0.253186,0.064103,0.01623,3.949672,15.599907,61.614513,0.332604,0.164114,0.0,0.33698,153,0.498906,0.16849,0.16849,EOCLINGO-L,0.551247
Knapsack,01284-knapsack-n75-w57816-v88523-type1.asp,457,1805,0.253186,0.064103,0.01623,3.949672,15.599907,61.614513,0.332604,0.164114,0.0,0.33698,153,0.498906,0.16849,0.16849,CLINGO-AMO,0.437231
Knapsack,01285-knapsack-n75-w58232-v244597-type3.asp,457,1805,0.253186,0.064103,0.01623,3.949672,15.599907,61.614513,0.332604,0.164114,0.0,0.33698,153,0.498906,0.16849,0.16849,AMOCLINGO-L,0.551779
Knapsack,01286-knapsack-n75-w56705-v4678358-type2.asp,457,1805,0.253186,0.064103,0.01623,3.949672,15.599907,61.614513,0.332604,0.164114,0.0,0.33698,153,0.498906,0.16849,0.16849,CLINGO-AMO,0.116063
Knapsack,01287-knapsack-n75-w57993-v355289-type3.asp,457,1805,0.253186,0.064103,0.01623,3.949672,15.599907,61.614513,0.332604,0.164114,0.0,0.33698,153,0.498906,0.16849,0.16849,CLINGO-AMO,70.199775
Knapsack,01288-knapsack-n75-w57996-v465545-type4.asp,457,1805,0.253186,0.064103,0.01623,3.949672,15.599907,61.614513,0.332604,0.164114,0.0,0.33698,153,0.498906,0.16849,0.16849,AMOCLINGO-L,0.546886
Knapsack,01290-knapsack-n75-w155532-v2285814-type4.asp,457,1805,0.253186,0.064103,0.01623,3.949672,15.599907,61.614513,0.332604,0.164114,0.0,0.33698,153,0.498906,0.16849,0.16849,EOCLINGO-L,0.549057
Knapsack,01291-knapsack-n75-w155135-v8200136-type2.asp,457,1805,0.253186,0.064103,0.01623,3.949672,15.599907,61.614513,0.332604,0.164114,0.0,0.33698,153,0.498906,0.16849,0.16849,EOCLINGO-INF-MR,0.549641
Knapsack,01292-knapsack-n75-w154748-v2296675-type4.asp,457,1805,0.253186,0.064103,0.01623,3.949672,15.599907,61.614513,0.332604,0.164114,0.0,0.33698,153,0.498906,0.16849,0.16849,EOCLINGO-INF-MR,0.549001
Knapsack,01293-knapsack-n75-w153367-v1585266-type3.asp,457,1805,0.253186,0.064103,0.01623,3.949672,15.599907,61.614513,0.332604,0.164114,0.0,0.33698,153,0.498906,0.16849,0.16849,CLINGO-AMO,59.188088
Knapsack,01294-knapsack-n75-w155117-v2281334-type4.asp,457,1805,0.253186,0.064103,0.01623,3.949672,15.599907,61.614513,0.332604,0.164114,0.0,0.33698,153,0.498906,0.16849,0.16849,AMOCLINGO-INF-MR,0.575327
Knapsack,01297-knapsack-n75-w156964-v2285026-type4.asp,457,1805,0.253186,0.064103,0.01623,3.949672,15.599907,61.614513,0.332604,0.164114,0.0,0.33698,153,0.498906,0.16849,0.16849,AMOCLINGO-L,0.547903
Knapsack,01298-knapsack-n75-w154204-v2280060-type4.asp,457,1805,0.253186,0.064103,0.01623,3.949672,15.599907,61.614513,0.332604,0.164114,0.0,0.33698,153,0.498906,0.16849,0.16849,EOCLINGO-INF-MR,0.932975
Knapsack,01299-knapsack-n75-w157279-v2377392-type3.asp,457,1805,0.253186,0.064103,0.01623,3.949672,15.599907,61.614513,0.332604,0.164114,0.0,0.33698,153,0.498906,0.16849,0.16849,EOCLINGO-L,0.5470889999999999
Knapsack,01300-knapsack-n75-w155510-v2283689-type4.asp,457,1805,0.253186,0.064103,0.01623,3.949672,15.599907,61.614513,0.332604,0.164114,0.0,0.33698,153,0.498906,0.16849,0.16849,EOCLINGO-L,0.548089
Knapsack,01301-knapsack-n75-w155189-v2288616-type4.asp,457,1805,0.253186,0.064103,0.01623,3.949672,15.599907,61.614513,0.332604,0.164114,0.0,0.33698,153,0.498906,0.16849,0.16849,EOCLINGO-L,0.5464
Knapsack,01302-knapsack-n75-w156915-v548657-type2.asp,457,1805,0.253186,0.064103,0.01623,3.949672,15.599907,61.614513,0.332604,0.164114,0.0,0.33698,153,0.498906,0.16849,0.16849,EOCLINGO-L,0.549196
Knapsack,01303-knapsack-n75-w155292-v15458456-type2.asp,457,1805,0.253186,0.064103,0.01623,3.949672,15.599907,61.614513,0.332604,0.164114,0.0,0.33698,153,0.498906,0.16849,0.16849,EOCLINGO-L,0.5464490000000001
Knapsack,01304-knapsack-n75-w153873-v1596621-type3.asp,457,1805,0.253186,0.064103,0.01623,3.949672,15.599907,61.614513,0.332604,0.164114,0.0,0.33698,153,0.498906,0.16849,0.16849,EOCLINGO-L,1.240283
Knapsack,01305-knapsack-n75-w153489-v2291768-type4.asp,457,1805,0.253186,0.064103,0.01623,3.949672,15.599907,61.614513,0.332604,0.164114,0.0,0.33698,153,0.498906,0.16849,0.16849,AMOCLINGO-L,0.543639
Knapsack,01306-knapsack-n75-w155482-v2283747-type4.asp,457,1805,0.253186,0.064103,0.01623,3.949672,15.599907,61.614513,0.332604,0.164114,0.0,0.33698,153,0.498906,0.16849,0.16849,AMOCLINGO-L,0.545
Knapsack,01307-knapsack-n75-w153762-v2280831-type4.asp,457,1805,0.253186,0.064103,0.01623,3.949672,15.599907,61.614513,0.332604,0.164114,0.0,0.33698,153,0.498906,0.16849,0.16849,EOCLINGO-INF-MR,0.64538
Knapsack,01308-knapsack-n75-w155869-v2280951-type4.asp,457,1805,0.253186,0.064103,0.01623,3.949672,15.599907,61.614513,0.332604,0.164114,0.0,0.33698,153,0.498906,0.16849,0.16849,EOCLINGO-INF-MR,0.6260640000000001
Knapsack,01309-knapsack-n75-w154979-v2281935-type4.asp,457,1805,0.253186,0.064103,0.01623,3.949672,15.599907,61.614513,0.332604,0.164114,0.0,0.33698,153,0.498906,0.16849,0.16849,AMOCLINGO-INF-MR,0.5524640000000001
Knapsack,01310-knapsack-n75-w154607-v2288109-type4.asp,457,1805,0.253186,0.064103,0.01623,3.949672,15.599907,61.614513,0.332604,0.164114,0.0,0.33698,153,0.498906,0.16849,0.16849,AMOCLINGO-L,0.543781
Knapsack,01311-knapsack-n75-w156333-v2412003-type3.asp,457,1805,0.253186,0.064103,0.01623,3.949672,15.599907,61.614513,0.332604,0.164114,0.0,0.33698,153,0.498906,0.16849,0.16849,AMOCLINGO-L,0.544291
Knapsack,01312-knapsack-n75-w155857-v1515466-type3.asp,457,1805,0.253186,0.064103,0.01623,3.949672,15.599907,61.614513,0.332604,0.164114,0.0,0.33698,153,0.498906,0.16849,0.16849,AMOCLINGO-L,0.547571
Knapsack,01314-knapsack-n75-w155712-v2285327-type4.asp,457,1805,0.253186,0.064103,0.01623,3.949672,15.599907,61.614513,0.332604,0.164114,0.0,0.33698,153,0.498906,0.16849,0.16849,AMOCLINGO-L,0.54293
Knapsack,01315-knapsack-n75-w154519-v838786-type1.asp,457,1805,0.253186,0.064103,0.01623,3.949672,15.599907,61.614513,0.332604,0.164114,0.0,0.33698,153,0.498906,0.16849,0.16849,EOCLINGO-L,0.548675
Knapsack,01316-knapsack-n75-w154494-v3894859-type2.asp,457,1805,0.253186,0.064103,0.01623,3.949672,15.599907,61.614513,0.332604,0.164114,0.0,0.33698,153,0.498906,0.16849,0.16849,AMOCLINGO-L,0.542666
Knapsack,01317-knapsack-n75-w154783-v2289114-type4.asp,457,1805,0.253186,0.064103,0.01623,3.949672,15.599907,61.614513,0.332604,0.164114,0.0,0.33698,153,0.498906,0.16849,0.16849,EOCLINGO-L,0.545924
Knapsack,01319-knapsack-n75-w156258-v2371937-type3.asp,457,1805,0.253186,0.064103,0.01623,3.949672,15.599907,61.614513,0.332604,0.164114,0.0,0.33698,153,0.498906,0.16849,0.16849,AMOCLINGO-L,0.54656
Knapsack,01320-knapsack-n75-w619257-v4160299-type4.asp,457,1805,0.253186,0.064103,0.01623,3.949672,15.599907,61.614513,0.332604,0.164114,0.0,0.33698,153,0.498906,0.16849,0.16849,AMOCLINGO-INF-MR,0.5441440000000001
Knapsack,01321-knapsack-n75-w619381-v2019774-type1.asp,457,1805,0.253186,0.064103,0.01623,3.949672,15.599907,61.614513,0.332604,0.164114,0.0,0.33698,153,0.498906,0.16849,0.16849,EOCLINGO-INF-MR,0.550493
Knapsack,01322-knapsack-n75-w618530-v4153137-type4.asp,457,1805,0.253186,0.064103,0.01623,3.949672,15.599907,61.614513,0.332604,0.164114,0.0,0.33698,153,0.498906,0.16849,0.16849,EOCLINGO-INF-MR,0.598616
Knapsack,01323-knapsack-n75-w619644-v1794006-type1.asp,457,1805,0.253186,0.064103,0.01623,3.949672,15.599907,61.614513,0.332604,0.164114,0.0,0.33698,153,0.498906,0.16849,0.16849,AMOCLINGO-L,0.548809
Knapsack,01324-knapsack-n75-w616922-v2505711-type3.asp,457,1805,0.253186,0.064103,0.01623,3.949672,15.599907,61.614513,0.332604,0.164114,0.0,0.33698,153,0.498906,0.16849,0.16849,AMOCLINGO-L,0.551547
Knapsack,01325-knapsack-n75-w618284-v4154748-type4.asp,457,1805,0.253186,0.064103,0.01623,3.949672,15.599907,61.614513,0.332604,0.164114,0.0,0.33698,153,0.498906,0.16849,0.16849,EOCLINGO-INF-MR,0.556617
Knapsack,01326-knapsack-n75-w619763-v4158466-type4.asp,457,1805,0.253186,0.064103,0.01623,3.949672,15.599907,61.614513,0.332604,0.164114,0.0,0.33698,153,0.498906,0.16849,0.16849,EOCLINGO-INF-MR,0.546919
Knapsack,01327-knapsack-n75-w619750-v12612834-type2.asp,457,1805,0.253186,0.064103,0.01623,3.949672,15.599907,61.614513,0.332604,0.164114,0.0,0.33698,153,0.498906,0.16849,0.16849,AMOCLINGO-INF-MR,0.5442140000000001
Knapsack,01329-knapsack-n75-w620392-v4275790-type3.asp,457,1805,0.253186,0.064103,0.01623,3.949672,15.599907,61.614513,0.332604,0.164114,0.0,0.33698,153,0.498906,0.16849,0.16849,AMOCLINGO-L,0.5462980000000001
Knapsack,01330-knapsack-n75-w618726-v4163564-type4.asp,457,1805,0.253186,0.064103,0.01623,3.949672,15.599907,61.614513,0.332604,0.164114,0.0,0.33698,153,0.498906,0.16849,0.16849,EOCLINGO-INF-MR,0.5455760000000001
Knapsack,01331-knapsack-n75-w619894-v360332-type1.asp,457,1805,0.253186,0.064103,0.01623,3.949672,15.599907,61.614513,0.332604,0.164114,0.0,0.33698,153,0.498906,0.16849,0.16849,CLINGO-AMO,0.286948
Knapsack,01332-knapsack-n75-w617725-v4160055-type4.asp,457,1805,0.253186,0.064103,0.01623,3.949672,15.599907,61.614513,0.332604,0.164114,0.0,0.33698,153,0.498906,0.16849,0.16849,EOCLINGO-INF-MR,0.5469809999999999
Knapsack,01333-knapsack-n75-w619443-v2653455-type3.asp,457,1805,0.253186,0.064103,0.01623,3.949672,15.599907,61.614513,0.332604,0.164114,0.0,0.33698,153,0.498906,0.16849,0.16849,AMOCLINGO-L,0.5505880000000001
Knapsack,01334-knapsack-n75-w619543-v4437571-type3.asp,457,1805,0.253186,0.064103,0.01623,3.949672,15.599907,61.614513,0.332604,0.164114,0.0,0.33698,153,0.498906,0.16849,0.16849,EOCLINGO-INF-MR,0.54693
Knapsack,01335-knapsack-n75-w620098-v4153323-type4.asp,457,1805,0.253186,0.064103,0.01623,3.949672,15.599907,61.614513,0.332604,0.164114,0.0,0.33698,153,0.498906,0.16849,0.16849,EOCLINGO-INF-MR,0.604721
Knapsack,01336-knapsack-n75-w619900-v4161482-type4.asp,457,1805,0.253186,0.064103,0.01623,3.949672,15.599907,61.614513,0.332604,0.164114,0.0,0.33698,153,0.498906,0.16849,0.16849,AMOCLINGO-L,0.54323
Knapsack,01337-knapsack-n75-w619659-v4152049-type4.asp,457,1805,0.253186,0.064103,0.01623,3.949672,15.599907,61.614513,0.332604,0.164114,0.0,0.33698,153,0.498906,0.16849,0.16849,EOCLINGO-INF-MR,0.683555
Knapsack,01338-knapsack-n75-w618566-v2923266-type3.asp,457,1805,0.253186,0.064103,0.01623,3.949672,15.599907,61.614513,0.332604,0.164114,0.0,0.33698,153,0.498906,0.16849,0.16849,EOCLINGO-INF-MR,6.768775
Knapsack,01339-knapsack-n75-w619236-v3418197-type3.asp,457,1805,0.253186,0.064103,0.01623,3.949672,15.599907,61.614513,0.332604,0.164114,0.0,0.33698,153,0.498906,0.16849,0.16849,CLINGO-AMO,246.260463
Knapsack,01340-knapsack-n75-w619076-v2383614-type3.asp,457,1805,0.253186,0.064103,0.01623,3.949672,15.599907,61.614513,0.332604,0.164114,0.0,0.33698,153,0.498906,0.16849,0.16849,AMOCLINGO-L,0.555346
Knapsack,01341-knapsack-n75-w617747-v2068678-type1.asp,457,1805,0.253186,0.064103,0.01623,3.949672,15.599907,61.614513,0.332604,0.164114,0.0,0.33698,153,0.498906,0.16849,0.16849,AMOCLINGO-L,0.548852
Knapsack,01342-knapsack-n75-w620363-v4163356-type4.asp,457,1805,0.253186,0.064103,0.01623,3.949672,15.599907,61.614513,0.332604,0.164114,0.0,0.33698,153,0.498906,0.16849,0.16849,AMOCLINGO-L,0.5438890000000001
Knapsack,01343-knapsack-n75-w620187-v4489675-type3.asp,457,1805,0.253186,0.064103,0.01623,3.949672,15.599907,61.614513,0.332604,0.164114,0.0,0.33698,153,0.498906,0.16849,0.16849,AMOCLINGO-L,0.544246
Knapsack,01344-knapsack-n75-w618494-v4156553-type4.asp,457,1805,0.253186,0.064103,0.01623,3.949672,15.599907,61.614513,0.332604,0.164114,0.0,0.33698,153,0.498906,0.16849,0.16849,AMOCLINGO-L,0.55035
Knapsack,01345-knapsack-n75-w618688-v2648023-type2.asp,457,1805,0.253186,0.064103,0.01623,3.949672,15.599907,61.614513,0.332604,0.164114,0.0,0.33698,153,0.498906,0.16849,0.16849,AMOCLINGO-L,0.548303
Knapsack,01346-knapsack-n75-w618847-v4249473-type3.asp,457,1805,0.253186,0.064103,0.01623,3.949672,15.599907,61.614513,0.332604,0.164114,0.0,0.33698,153,0.498906,0.16849,0.16849,AMOCLINGO-L,0.545079
Knapsack,01347-knapsack-n75-w618826-v4154421-type4.asp,457,1805,0.253186,0.064103,0.01623,3.949672,15.599907,61.614513,0.332604,0.164114,0.0,0.33698,153,0.498906,0.16849,0.16849,EOCLINGO-INF-MR,0.568076
Knapsack,01348-knapsack-n75-w619023-v591364-type1.asp,457,1805,0.253186,0.064103,0.01623,3.949672,15.599907,61.614513,0.332604,0.164114,0.0,0.33698,153,0.498906,0.16849,0.16849,CLINGO-AMO,0.5347109999999999
Knapsack,01349-knapsack-n75-w619517-v4164832-type4.asp,457,1805,0.253186,0.064103,0.01623,3.949672,15.599907,61.614513,0.332604,0.164114,0.0,0.33698,153,0.498906,0.16849,0.16849,AMOCLINGO-L,0.546164
Knapsack,01350-knapsack-n80-w67402-v265453-type3.asp,487,1925,0.252987,0.064002,0.016192,3.952772,15.624407,61.75972,0.332649,0.164271,0.0,0.336756,163,0.498973,0.168378,0.168378,AMOCLINGO-L,0.5524439999999999
Knapsack,01351-knapsack-n80-w66385-v564138-type3.asp,487,1925,0.252987,0.064002,0.016192,3.952772,15.624407,61.75972,0.332649,0.164271,0.0,0.336756,163,0.498973,0.168378,0.168378,AMOCLINGO-L,0.548246
Knapsack,01353-knapsack-n80-w66005-v4340317-type2.asp,487,1925,0.252987,0.064002,0.016192,3.952772,15.624407,61.75972,0.332649,0.164271,0.0,0.336756,163,0.498973,0.168378,0.168378,AMOCLINGO-L,0.548844
Knapsack,01354-knapsack-n80-w66171-v478166-type4.asp,487,1925,0.252987,0.064002,0.016192,3.952772,15.624407,61.75972,0.332649,0.164271,0.0,0.336756,163,0.498973,0.168378,0.168378,AMOCLINGO-L,0.548142
Knapsack,01355-knapsack-n80-w67288-v3307756-type2.asp,487,1925,0.252987,0.064002,0.016192,3.952772,15.624407,61.75972,0.332649,0.164271,0.0,0.336756,163,0.498973,0.168378,0.168378,AMOCLINGO-INF-MR,0.551369
Knapsack,01356-knapsack-n80-w66848-v509232-type3.asp,487,1925,0.252987,0.064002,0.016192,3.952772,15.624407,61.75972,0.332649,0.164271,0.0,0.336756,163,0.498973,0.168378,0.168378,AMOCLINGO-L,0.549477
Knapsack,01357-knapsack-n80-w66909-v506264-type3.asp,487,1925,0.252987,0.064002,0.016192,3.952772,15.624407,61.75972,0.332649,0.164271,0.0,0.336756,163,0.498973,0.168378,0.168378,AMOCLINGO-L,0.5464789999999999
Knapsack,01358-knapsack-n80-w67422-v246153-type3.asp,487,1925,0.252987,0.064002,0.016192,3.952772,15.624407,61.75972,0.332649,0.164271,0.0,0.336756,163,0.498973,0.168378,0.168378,AMOCLINGO-L,0.55403
Knapsack,01359-knapsack-n80-w66605-v478649-type4.asp,487,1925,0.252987,0.064002,0.016192,3.952772,15.624407,61.75972,0.332649,0.164271,0.0,0.336756,163,0.498973,0.168378,0.168378,AMOCLINGO-L,0.546964
Knapsack,01360-knapsack-n80-w65982-v475498-type4.asp,487,1925,0.252987,0.064002,0.016192,3.952772,15.624407,61.75972,0.332649,0.164271,0.0,0.336756,163,0.498973,0.168378,0.168378,AMOCLINGO-INF-MR,0.553377
Knapsack,01362-knapsack-n80-w66776-v477267-type4.asp,487,1925,0.252987,0.064002,0.016192,3.952772,15.624407,61.75972,0.332649,0.164271,0.0,0.336756,163,0.498973,0.168378,0.168378,AMOCLINGO-L,0.551173
Knapsack,01363-knapsack-n80-w66077-v255340-type3.asp,487,1925,0.252987,0.064002,0.016192,3.952772,15.624407,61.75972,0.332649,0.164271,0.0,0.336756,163,0.498973,0.168378,0.168378,AMOCLINGO-L,0.557406
Knapsack,01364-knapsack-n80-w67265-v480042-type4.asp,487,1925,0.252987,0.064002,0.016192,3.952772,15.624407,61.75972,0.332649,0.164271,0.0,0.336756,163,0.498973,0.168378,0.168378,AMOCLINGO-L,0.551162
Knapsack,01365-knapsack-n80-w67834-v558447-type3.asp,487,1925,0.252987,0.064002,0.016192,3.952772,15.624407,61.75972,0.332649,0.164271,0.0,0.336756,163,0.498973,0.168378,0.168378,AMOCLINGO-INF-MR,0.548921
Knapsack,01367-knapsack-n80-w67419-v326717-type3.asp,487,1925,0.252987,0.064002,0.016192,3.952772,15.624407,61.75972,0.332649,0.164271,0.0,0.336756,163,0.498973,0.168378,0.168378,EOCLINGO-L,0.5550029999999999
Knapsack,01368-knapsack-n80-w65895-v475039-type4.asp,487,1925,0.252987,0.064002,0.016192,3.952772,15.624407,61.75972,0.332649,0.164271,0.0,0.336756,163,0.498973,0.168378,0.168378,EOCLINGO-INF-MR,0.634493
Knapsack,01369-knapsack-n80-w67235-v375197-type3.asp,487,1925,0.252987,0.064002,0.016192,3.952772,15.624407,61.75972,0.332649,0.164271,0.0,0.336756,163,0.498973,0.168378,0.168378,CLINGO-AMO,767.2626389999999
Knapsack,01370-knapsack-n80-w65012-v296874-type3.asp,487,1925,0.252987,0.064002,0.016192,3.952772,15.624407,61.75972,0.332649,0.164271,0.0,0.336756,163,0.498973,0.168378,0.168378,EOCLINGO-L,0.559947
Knapsack,01373-knapsack-n80-w65484-v476479-type4.asp,487,1925,0.252987,0.064002,0.016192,3.952772,15.624407,61.75972,0.332649,0.164271,0.0,0.336756,163,0.498973,0.168378,0.168378,AMOCLINGO-L,0.551677
Knapsack,01374-knapsack-n80-w65500-v281669-type3.asp,487,1925,0.252987,0.064002,0.016192,3.952772,15.624407,61.75972,0.332649,0.164271,0.0,0.336756,163,0.498973,0.168378,0.168378,AMOCLINGO-L,0.5510809999999999
Knapsack,01375-knapsack-n80-w67879-v1678704-type2.asp,487,1925,0.252987,0.064002,0.016192,3.952772,15.624407,61.75972,0.332649,0.164271,0.0,0.336756,163,0.498973,0.168378,0.168378,AMOCLINGO-L,0.546551
Knapsack,01377-knapsack-n80-w65990-v477717-type4.asp,487,1925,0.252987,0.064002,0.016192,3.952772,15.624407,61.75972,0.332649,0.164271,0.0,0.336756,163,0.498973,0.168378,0.168378,AMOCLINGO-INF-MR,0.551909
Knapsack,01379-knapsack-n80-w66797-v476379-type4.asp,487,1925,0.252987,0.064002,0.016192,3.952772,15.624407,61.75972,0.332649,0.164271,0.0,0.336756,163,0.498973,0.168378,0.168378,AMOCLINGO-INF-MR,0.551144
Knapsack,01380-knapsack-n80-w172937-v2829939-type3.asp,487,1925,0.252987,0.064002,0.016192,3.952772,15.624407,61.75972,0.332649,0.164271,0.0,0.336756,163,0.498973,0.168378,0.168378,AMOCLINGO-INF-MR,0.55079
Knapsack,01381-knapsack-n80-w173365-v13197076-type2.asp,487,1925,0.252987,0.064002,0.016192,3.952772,15.624407,61.75972,0.332649,0.164271,0.0,0.336756,163,0.498973,0.168378,0.168378,AMOCLINGO-INF-MR,0.550745
Knapsack,01383-knapsack-n80-w173678-v2402738-type4.asp,487,1925,0.252987,0.064002,0.016192,3.952772,15.624407,61.75972,0.332649,0.164271,0.0,0.336756,163,0.498973,0.168378,0.168378,AMOCLINGO-INF-MR,0.562913
Knapsack,01384-knapsack-n80-w172071-v2406518-type4.asp,487,1925,0.252987,0.064002,0.016192,3.952772,15.624407,61.75972,0.332649,0.164271,0.0,0.336756,163,0.498973,0.168378,0.168378,AMOCLINGO-INF-MR,0.551308
Knapsack,01385-knapsack-n80-w170959-v2411000-type4.asp,487,1925,0.252987,0.064002,0.016192,3.952772,15.624407,61.75972,0.332649,0.164271,0.0,0.336756,163,0.498973,0.168378,0.168378,AMOCLINGO-INF-MR,0.552063
Knapsack,01386-knapsack-n80-w173562-v2405942-type4.asp,487,1925,0.252987,0.064002,0.016192,3.952772,15.624407,61.75972,0.332649,0.164271,0.0,0.336756,163,0.498973,0.168378,0.168378,AMOCLINGO-INF-MR,0.5518080000000001
Knapsack,01387-knapsack-n80-w173181-v2411693-type4.asp,487,1925,0.252987,0.064002,0.016192,3.952772,15.624407,61.75972,0.332649,0.164271,0.0,0.336756,163,0.498973,0.168378,0.168378,AMOCLINGO-INF-MR,0.5503929999999999
Knapsack,01390-knapsack-n80-w173507-v2406300-type4.asp,487,1925,0.252987,0.064002,0.016192,3.952772,15.624407,61.75972,0.332649,0.164271,0.0,0.336756,163,0.498973,0.168378,0.168378,AMOCLINGO-L,0.551531
Knapsack,01391-knapsack-n80-w171605-v2402152-type4.asp,487,1925,0.252987,0.064002,0.016192,3.952772,15.624407,61.75972,0.332649,0.164271,0.0,0.336756,163,0.498973,0.168378,0.168378,AMOCLINGO-INF-MR,0.612713
Knapsack,01392-knapsack-n80-w171397-v2827677-type3.asp,487,1925,0.252987,0.064002,0.016192,3.952772,15.624407,61.75972,0.332649,0.164271,0.0,0.336756,163,0.498973,0.168378,0.168378,AMOCLINGO-INF-MR,0.55003
Knapsack,01394-knapsack-n80-w172530-v12523658-type2.asp,487,1925,0.252987,0.064002,0.016192,3.952772,15.624407,61.75972,0.332649,0.164271,0.0,0.336756,163,0.498973,0.168378,0.168378,EOCLINGO-INF-MR,0.550661
Knapsack,01395-knapsack-n80-w172895-v1521111-type3.asp,487,1925,0.252987,0.064002,0.016192,3.952772,15.624407,61.75972,0.332649,0.164271,0.0,0.336756,163,0.498973,0.168378,0.168378,EOCLINGO-L,0.560026
Knapsack,01396-knapsack-n80-w173351-v1317580-type3.asp,487,1925,0.252987,0.064002,0.016192,3.952772,15.624407,61.75972,0.332649,0.164271,0.0,0.336756,163,0.498973,0.168378,0.168378,EOCLINGO-INF-MR,0.559273
Knapsack,01397-knapsack-n80-w172948-v2452080-type3.asp,487,1925,0.252987,0.064002,0.016192,3.952772,15.624407,61.75972,0.332649,0.164271,0.0,0.336756,163,0.498973,0.168378,0.168378,AMOCLINGO-INF-MR,0.5530309999999999
Knapsack,01398-knapsack-n80-w172917-v2409991-type4.asp,487,1925,0.252987,0.064002,0.016192,3.952772,15.624407,61.75972,0.332649,0.164271,0.0,0.336756,163,0.498973,0.168378,0.168378,AMOCLINGO-INF-MR,0.553216
Knapsack,01399-knapsack-n80-w171216-v2404157-type4.asp,487,1925,0.252987,0.064002,0.016192,3.952772,15.624407,61.75972,0.332649,0.164271,0.0,0.336756,163,0.498973,0.168378,0.168378,AMOCLINGO-L,0.553296
Knapsack,01400-knapsack-n80-w172784-v2403701-type4.asp,487,1925,0.252987,0.064002,0.016192,3.952772,15.624407,61.75972,0.332649,0.164271,0.0,0.336756,163,0.498973,0.168378,0.168378,EOCLINGO-INF-MR,0.558289
Knapsack,01401-knapsack-n80-w172391-v13382745-type2.asp,487,1925,0.252987,0.064002,0.016192,3.952772,15.624407,61.75972,0.332649,0.164271,0.0,0.336756,163,0.498973,0.168378,0.168378,AMOCLINGO-L,0.549905
Knapsack,01402-knapsack-n80-w172593-v1525513-type3.asp,487,1925,0.252987,0.064002,0.016192,3.952772,15.624407,61.75972,0.332649,0.164271,0.0,0.336756,163,0.498973,0.168378,0.168378,AMOCLINGO-L,0.555182
Knapsack,01403-knapsack-n80-w171627-v24624406-type2.asp,487,1925,0.252987,0.064002,0.016192,3.952772,15.624407,61.75972,0.332649,0.164271,0.0,0.336756,163,0.498973,0.168378,0.168378,CLINGO-AMO,0.1052539999999999
Knapsack,01404-knapsack-n80-w172138-v2403442-type4.asp,487,1925,0.252987,0.064002,0.016192,3.952772,15.624407,61.75972,0.332649,0.164271,0.0,0.336756,163,0.498973,0.168378,0.168378,AMOCLINGO-INF-MR,0.561975
Knapsack,01405-knapsack-n80-w170157-v2404935-type4.asp,487,1925,0.252987,0.064002,0.016192,3.952772,15.624407,61.75972,0.332649,0.164271,0.0,0.336756,163,0.498973,0.168378,0.168378,AMOCLINGO-L,0.550347
Knapsack,01406-knapsack-n80-w172515-v2906500-type2.asp,487,1925,0.252987,0.064002,0.016192,3.952772,15.624407,61.75972,0.332649,0.164271,0.0,0.336756,163,0.498973,0.168378,0.168378,AMOCLINGO-L,0.5506639999999999
Knapsack,01407-knapsack-n80-w171293-v2403996-type4.asp,487,1925,0.252987,0.064002,0.016192,3.952772,15.624407,61.75972,0.332649,0.164271,0.0,0.336756,163,0.498973,0.168378,0.168378,AMOCLINGO-L,0.550584
Knapsack,01410-knapsack-n80-w714596-v2418617-type1.asp,487,1925,0.252987,0.064002,0.016192,3.952772,15.624407,61.75972,0.332649,0.164271,0.0,0.336756,163,0.498973,0.168378,0.168378,EOCLINGO-L,0.554398
Knapsack,01411-knapsack-n80-w715436-v4411126-type4.asp,487,1925,0.252987,0.064002,0.016192,3.952772,15.624407,61.75972,0.332649,0.164271,0.0,0.336756,163,0.498973,0.168378,0.168378,AMOCLINGO-INF-MR,0.561953
Knapsack,01412-knapsack-n80-w715267-v4419443-type4.asp,487,1925,0.252987,0.064002,0.016192,3.952772,15.624407,61.75972,0.332649,0.164271,0.0,0.336756,163,0.498973,0.168378,0.168378,EOCLINGO-INF-MR,0.551336
Knapsack,01415-knapsack-n80-w715658-v2129690-type2.asp,487,1925,0.252987,0.064002,0.016192,3.952772,15.624407,61.75972,0.332649,0.164271,0.0,0.336756,163,0.498973,0.168378,0.168378,EOCLINGO-L,0.554774
Knapsack,01416-knapsack-n80-w715256-v3551952-type1.asp,487,1925,0.252987,0.064002,0.016192,3.952772,15.624407,61.75972,0.332649,0.164271,0.0,0.336756,163,0.498973,0.168378,0.168378,CLINGO-AMO,305.97186800000003
Knapsack,01417-knapsack-n80-w714371-v4407814-type4.asp,487,1925,0.252987,0.064002,0.016192,3.952772,15.624407,61.75972,0.332649,0.164271,0.0,0.336756,163,0.498973,0.168378,0.168378,AMOCLINGO-INF-MR,1.3868200000000002
Knapsack,01418-knapsack-n80-w714341-v4455460-type3.asp,487,1925,0.252987,0.064002,0.016192,3.952772,15.624407,61.75972,0.332649,0.164271,0.0,0.336756,163,0.498973,0.168378,0.168378,AMOCLINGO-L,0.551763
Knapsack,01419-knapsack-n80-w713094-v2671085-type3.asp,487,1925,0.252987,0.064002,0.016192,3.952772,15.624407,61.75972,0.332649,0.164271,0.0,0.336756,163,0.498973,0.168378,0.168378,AMOCLINGO-L,0.5538350000000001
Knapsack,01420-knapsack-n80-w714072-v4404299-type4.asp,487,1925,0.252987,0.064002,0.016192,3.952772,15.624407,61.75972,0.332649,0.164271,0.0,0.336756,163,0.498973,0.168378,0.168378,EOCLINGO-L,86.89514
Knapsack,01421-knapsack-n80-w713694-v4923272-type3.asp,487,1925,0.252987,0.064002,0.016192,3.952772,15.624407,61.75972,0.332649,0.164271,0.0,0.336756,163,0.498973,0.168378,0.168378,AMOCLINGO-L,0.551231
Knapsack,01422-knapsack-n80-w715181-v4408742-type4.asp,487,1925,0.252987,0.064002,0.016192,3.952772,15.624407,61.75972,0.332649,0.164271,0.0,0.336756,163,0.498973,0.168378,0.168378,AMOCLINGO-INF-MR,0.727095
Knapsack,01423-knapsack-n80-w715030-v3427156-type3.asp,487,1925,0.252987,0.064002,0.016192,3.952772,15.624407,61.75972,0.332649,0.164271,0.0,0.336756,163,0.498973,0.168378,0.168378,CLINGO-AMO,50.844984
Knapsack,01424-knapsack-n80-w716717-v4415145-type4.asp,487,1925,0.252987,0.064002,0.016192,3.952772,15.624407,61.75972,0.332649,0.164271,0.0,0.336756,163,0.498973,0.168378,0.168378,AMOCLINGO-L,0.549402
Knapsack,01425-knapsack-n80-w714189-v3603757-type3.asp,487,1925,0.252987,0.064002,0.016192,3.952772,15.624407,61.75972,0.332649,0.164271,0.0,0.336756,163,0.498973,0.168378,0.168378,CLINGO-AMO,400.613726
Knapsack,01426-knapsack-n80-w715897-v30280289-type2.asp,487,1925,0.252987,0.064002,0.016192,3.952772,15.624407,61.75972,0.332649,0.164271,0.0,0.336756,163,0.498973,0.168378,0.168378,AMOCLINGO-L,0.548218
Knapsack,01427-knapsack-n80-w716275-v4406252-type4.asp,487,1925,0.252987,0.064002,0.016192,3.952772,15.624407,61.75972,0.332649,0.164271,0.0,0.336756,163,0.498973,0.168378,0.168378,AMOCLINGO-L,6.5681270000000005
Knapsack,01429-knapsack-n80-w712135-v4412790-type4.asp,487,1925,0.252987,0.064002,0.016192,3.952772,15.624407,61.75972,0.332649,0.164271,0.0,0.336756,163,0.498973,0.168378,0.168378,AMOCLINGO-L,0.5589040000000001
Knapsack,01430-knapsack-n80-w714807-v4559660-type3.asp,487,1925,0.252987,0.064002,0.016192,3.952772,15.624407,61.75972,0.332649,0.164271,0.0,0.336756,163,0.498973,0.168378,0.168378,AMOCLINGO-L,0.555125
Knapsack,01431-knapsack-n80-w715432-v4407080-type4.asp,487,1925,0.252987,0.064002,0.016192,3.952772,15.624407,61.75972,0.332649,0.164271,0.0,0.336756,163,0.498973,0.168378,0.168378,AMOCLINGO-L,3.029964
Knapsack,01432-knapsack-n80-w713661-v119499-type1.asp,487,1925,0.252987,0.064002,0.016192,3.952772,15.624407,61.75972,0.332649,0.164271,0.0,0.336756,163,0.498973,0.168378,0.168378,CLINGO-AMO,0.096844
Knapsack,01433-knapsack-n80-w714733-v2887223-type3.asp,487,1925,0.252987,0.064002,0.016192,3.952772,15.624407,61.75972,0.332649,0.164271,0.0,0.336756,163,0.498973,0.168378,0.168378,EOCLINGO-INF-MR,0.573353
Knapsack,01434-knapsack-n80-w713231-v2780255-type3.asp,487,1925,0.252987,0.064002,0.016192,3.952772,15.624407,61.75972,0.332649,0.164271,0.0,0.336756,163,0.498973,0.168378,0.168378,AMOCLINGO-L,0.5546380000000001
Knapsack,01435-knapsack-n80-w715405-v2662404-type3.asp,487,1925,0.252987,0.064002,0.016192,3.952772,15.624407,61.75972,0.332649,0.164271,0.0,0.336756,163,0.498973,0.168378,0.168378,AMOCLINGO-L,0.554042
Knapsack,01436-knapsack-n80-w717276-v487336-type1.asp,487,1925,0.252987,0.064002,0.016192,3.952772,15.624407,61.75972,0.332649,0.164271,0.0,0.336756,163,0.498973,0.168378,0.168378,CLINGO-AMO,0.212433
Knapsack,01437-knapsack-n80-w714966-v5257178-type3.asp,487,1925,0.252987,0.064002,0.016192,3.952772,15.624407,61.75972,0.332649,0.164271,0.0,0.336756,163,0.498973,0.168378,0.168378,AMOCLINGO-L,0.551955
Knapsack,01438-knapsack-n80-w714909-v2828869-type1.asp,487,1925,0.252987,0.064002,0.016192,3.952772,15.624407,61.75972,0.332649,0.164271,0.0,0.336756,163,0.498973,0.168378,0.168378,AMOCLINGO-L,0.555723
Knapsack,01439-knapsack-n80-w714897-v4412354-type4.asp,487,1925,0.252987,0.064002,0.016192,3.952772,15.624407,61.75972,0.332649,0.164271,0.0,0.336756,163,0.498973,0.168378,0.168378,AMOCLINGO-L,0.553893
Knapsack,01441-knapsack-n85-w65095-v325270-type1.asp,517,2045,0.252812,0.063914,0.016158,3.955513,15.64608,61.888265,0.332689,0.16441,0.0,0.336557,173,0.499033,0.168279,0.168279,AMOCLINGO-L,0.556913
Knapsack,01442-knapsack-n85-w59985-v320854-type3.asp,517,2045,0.252812,0.063914,0.016158,3.955513,15.64608,61.888265,0.332689,0.16441,0.0,0.336557,173,0.499033,0.168279,0.168279,EOCLINGO-L,0.5601039999999999
Knapsack,01443-knapsack-n85-w62581-v4145005-type2.asp,517,2045,0.252812,0.063914,0.016158,3.955513,15.64608,61.888265,0.332689,0.16441,0.0,0.336557,173,0.499033,0.168279,0.168279,AMOCLINGO-L,0.551506
Knapsack,01444-knapsack-n85-w60945-v496884-type4.asp,517,2045,0.252812,0.063914,0.016158,3.955513,15.64608,61.888265,0.332689,0.16441,0.0,0.336557,173,0.499033,0.168279,0.168279,AMOCLINGO-L,0.549963
Knapsack,01445-knapsack-n85-w60731-v350249-type3.asp,517,2045,0.252812,0.063914,0.016158,3.955513,15.64608,61.888265,0.332689,0.16441,0.0,0.336557,173,0.499033,0.168279,0.168279,CLINGO-AMO,58.71121
Knapsack,01446-knapsack-n85-w61067-v49314-type2.asp,517,2045,0.252812,0.063914,0.016158,3.955513,15.64608,61.888265,0.332689,0.16441,0.0,0.336557,173,0.499033,0.168279,0.168279,CLINGO-AMO,0.460622
Knapsack,01447-knapsack-n85-w61075-v492530-type4.asp,517,2045,0.252812,0.063914,0.016158,3.955513,15.64608,61.888265,0.332689,0.16441,0.0,0.336557,173,0.499033,0.168279,0.168279,AMOCLINGO-INF-MR,0.570777
Knapsack,01448-knapsack-n85-w60791-v499553-type4.asp,517,2045,0.252812,0.063914,0.016158,3.955513,15.64608,61.888265,0.332689,0.16441,0.0,0.336557,173,0.499033,0.168279,0.168279,AMOCLINGO-L,0.553546
Knapsack,01449-knapsack-n85-w62112-v498337-type4.asp,517,2045,0.252812,0.063914,0.016158,3.955513,15.64608,61.888265,0.332689,0.16441,0.0,0.336557,173,0.499033,0.168279,0.168279,AMOCLINGO-L,0.553261
Knapsack,01450-knapsack-n85-w62360-v2082946-type2.asp,517,2045,0.252812,0.063914,0.016158,3.955513,15.64608,61.888265,0.332689,0.16441,0.0,0.336557,173,0.499033,0.168279,0.168279,AMOCLINGO-L,0.553087
Knapsack,01451-knapsack-n85-w62230-v497163-type4.asp,517,2045,0.252812,0.063914,0.016158,3.955513,15.64608,61.888265,0.332689,0.16441,0.0,0.336557,173,0.499033,0.168279,0.168279,AMOCLINGO-L,0.551764
Knapsack,01452-knapsack-n85-w62512-v259608-type3.asp,517,2045,0.252812,0.063914,0.016158,3.955513,15.64608,61.888265,0.332689,0.16441,0.0,0.336557,173,0.499033,0.168279,0.168279,AMOCLINGO-L,0.558902
Knapsack,01454-knapsack-n85-w62549-v514730-type3.asp,517,2045,0.252812,0.063914,0.016158,3.955513,15.64608,61.888265,0.332689,0.16441,0.0,0.336557,173,0.499033,0.168279,0.168279,AMOCLINGO-INF-MR,0.553403
Knapsack,01455-knapsack-n85-w62581-v268693-type3.asp,517,2045,0.252812,0.063914,0.016158,3.955513,15.64608,61.888265,0.332689,0.16441,0.0,0.336557,173,0.499033,0.168279,0.168279,EOCLINGO-L,0.5561849999999999
Knapsack,01456-knapsack-n85-w63551-v329593-type3.asp,517,2045,0.252812,0.063914,0.016158,3.955513,15.64608,61.888265,0.332689,0.16441,0.0,0.336557,173,0.499033,0.168279,0.168279,AMOCLINGO-L,0.556923
Knapsack,01457-knapsack-n85-w60638-v504643-type3.asp,517,2045,0.252812,0.063914,0.016158,3.955513,15.64608,61.888265,0.332689,0.16441,0.0,0.336557,173,0.499033,0.168279,0.168279,AMOCLINGO-L,0.5525990000000001
Knapsack,01459-knapsack-n85-w62456-v359846-type1.asp,517,2045,0.252812,0.063914,0.016158,3.955513,15.64608,61.888265,0.332689,0.16441,0.0,0.336557,173,0.499033,0.168279,0.168279,CLINGO-AMO,41.424732
Knapsack,01460-knapsack-n85-w61503-v320852-type3.asp,517,2045,0.252812,0.063914,0.016158,3.955513,15.64608,61.888265,0.332689,0.16441,0.0,0.336557,173,0.499033,0.168279,0.168279,AMOCLINGO-L,0.556913
Knapsack,01461-knapsack-n85-w60475-v5023554-type2.asp,517,2045,0.252812,0.063914,0.016158,3.955513,15.64608,61.888265,0.332689,0.16441,0.0,0.336557,173,0.499033,0.168279,0.168279,WASP-AMO,0.103744
Knapsack,01463-knapsack-n85-w59256-v503010-type4.asp,517,2045,0.252812,0.063914,0.016158,3.955513,15.64608,61.888265,0.332689,0.16441,0.0,0.336557,173,0.499033,0.168279,0.168279,AMOCLINGO-L,0.552843
Knapsack,01464-knapsack-n85-w60587-v521415-type3.asp,517,2045,0.252812,0.063914,0.016158,3.955513,15.64608,61.888265,0.332689,0.16441,0.0,0.336557,173,0.499033,0.168279,0.168279,AMOCLINGO-L,0.5531780000000001
Knapsack,01465-knapsack-n85-w64102-v378135-type3.asp,517,2045,0.252812,0.063914,0.016158,3.955513,15.64608,61.888265,0.332689,0.16441,0.0,0.336557,173,0.499033,0.168279,0.168279,CLINGO-AMO,115.43655
Knapsack,01466-knapsack-n85-w62123-v561668-type3.asp,517,2045,0.252812,0.063914,0.016158,3.955513,15.64608,61.888265,0.332689,0.16441,0.0,0.336557,173,0.499033,0.168279,0.168279,AMOCLINGO-L,0.5523720000000001
Knapsack,01468-knapsack-n85-w62230-v497492-type4.asp,517,2045,0.252812,0.063914,0.016158,3.955513,15.64608,61.888265,0.332689,0.16441,0.0,0.336557,173,0.499033,0.168279,0.168279,AMOCLINGO-L,0.551558
Knapsack,01470-knapsack-n85-w175399-v2527337-type4.asp,517,2045,0.252812,0.063914,0.016158,3.955513,15.64608,61.888265,0.332689,0.16441,0.0,0.336557,173,0.499033,0.168279,0.168279,AMOCLINGO-L,0.55298
Knapsack,01471-knapsack-n85-w176082-v777670-type1.asp,517,2045,0.252812,0.063914,0.016158,3.955513,15.64608,61.888265,0.332689,0.16441,0.0,0.336557,173,0.499033,0.168279,0.168279,AMOCLINGO-L,0.55439
Knapsack,01472-knapsack-n85-w174109-v2630395-type2.asp,517,2045,0.252812,0.063914,0.016158,3.955513,15.64608,61.888265,0.332689,0.16441,0.0,0.336557,173,0.499033,0.168279,0.168279,AMOCLINGO-L,0.552774
Knapsack,01473-knapsack-n85-w175890-v796724-type1.asp,517,2045,0.252812,0.063914,0.016158,3.955513,15.64608,61.888265,0.332689,0.16441,0.0,0.336557,173,0.499033,0.168279,0.168279,AMOCLINGO-L,0.553812
Knapsack,01477-knapsack-n85-w175840-v1588330-type3.asp,517,2045,0.252812,0.063914,0.016158,3.955513,15.64608,61.888265,0.332689,0.16441,0.0,0.336557,173,0.499033,0.168279,0.168279,EOCLINGO-L,0.5578649999999999
Knapsack,01478-knapsack-n85-w175527-v2522939-type4.asp,517,2045,0.252812,0.063914,0.016158,3.955513,15.64608,61.888265,0.332689,0.16441,0.0,0.336557,173,0.499033,0.168279,0.168279,AMOCLINGO-INF-MR,0.567674
Knapsack,01479-knapsack-n85-w174967-v2523462-type4.asp,517,2045,0.252812,0.063914,0.016158,3.955513,15.64608,61.888265,0.332689,0.16441,0.0,0.336557,173,0.499033,0.168279,0.168279,AMOCLINGO-L,0.563157
Knapsack,01480-knapsack-n85-w176454-v2672631-type3.asp,517,2045,0.252812,0.063914,0.016158,3.955513,15.64608,61.888265,0.332689,0.16441,0.0,0.336557,173,0.499033,0.168279,0.168279,EOCLINGO-L,0.557929
Knapsack,01481-knapsack-n85-w175872-v1796817-type3.asp,517,2045,0.252812,0.063914,0.016158,3.955513,15.64608,61.888265,0.332689,0.16441,0.0,0.336557,173,0.499033,0.168279,0.168279,EOCLINGO-L,0.559646
Knapsack,01482-knapsack-n85-w174576-v2531048-type4.asp,517,2045,0.252812,0.063914,0.016158,3.955513,15.64608,61.888265,0.332689,0.16441,0.0,0.336557,173,0.499033,0.168279,0.168279,EOCLINGO-L,0.556689
Knapsack,01483-knapsack-n85-w175397-v2871880-type3.asp,517,2045,0.252812,0.063914,0.016158,3.955513,15.64608,61.888265,0.332689,0.16441,0.0,0.336557,173,0.499033,0.168279,0.168279,EOCLINGO-L,0.555195
Knapsack,01484-knapsack-n85-w176036-v2521213-type4.asp,517,2045,0.252812,0.063914,0.016158,3.955513,15.64608,61.888265,0.332689,0.16441,0.0,0.336557,173,0.499033,0.168279,0.168279,EOCLINGO-INF-MR,0.942397
Knapsack,01487-knapsack-n85-w176297-v2527796-type4.asp,517,2045,0.252812,0.063914,0.016158,3.955513,15.64608,61.888265,0.332689,0.16441,0.0,0.336557,173,0.499033,0.168279,0.168279,AMOCLINGO-INF-MR,0.554275
Knapsack,01488-knapsack-n85-w173742-v2518272-type4.asp,517,2045,0.252812,0.063914,0.016158,3.955513,15.64608,61.888265,0.332689,0.16441,0.0,0.336557,173,0.499033,0.168279,0.168279,EOCLINGO-L,330.296653
Knapsack,01490-knapsack-n85-w174544-v508955-type1.asp,517,2045,0.252812,0.063914,0.016158,3.955513,15.64608,61.888265,0.332689,0.16441,0.0,0.336557,173,0.499033,0.168279,0.168279,CLINGO-AMO,0.519607
Knapsack,01491-knapsack-n85-w175433-v2529255-type4.asp,517,2045,0.252812,0.063914,0.016158,3.955513,15.64608,61.888265,0.332689,0.16441,0.0,0.336557,173,0.499033,0.168279,0.168279,EOCLINGO-L,0.555671
Knapsack,01492-knapsack-n85-w176865-v2522799-type4.asp,517,2045,0.252812,0.063914,0.016158,3.955513,15.64608,61.888265,0.332689,0.16441,0.0,0.336557,173,0.499033,0.168279,0.168279,EOCLINGO-INF-MR,0.5712440000000001
Knapsack,01495-knapsack-n85-w176038-v21401741-type2.asp,517,2045,0.252812,0.063914,0.016158,3.955513,15.64608,61.888265,0.332689,0.16441,0.0,0.336557,173,0.499033,0.168279,0.168279,AMOCLINGO-INF-MR,0.556708
Knapsack,01497-knapsack-n85-w176005-v2523491-type4.asp,517,2045,0.252812,0.063914,0.016158,3.955513,15.64608,61.888265,0.332689,0.16441,0.0,0.336557,173,0.499033,0.168279,0.168279,AMOCLINGO-INF-MR,0.5589219999999999
Knapsack,01498-knapsack-n85-w173869-v2526125-type4.asp,517,2045,0.252812,0.063914,0.016158,3.955513,15.64608,61.888265,0.332689,0.16441,0.0,0.336557,173,0.499033,0.168279,0.168279,AMOCLINGO-INF-MR,0.549351
Knapsack,01499-knapsack-n85-w175898-v2524779-type4.asp,517,2045,0.252812,0.063914,0.016158,3.955513,15.64608,61.888265,0.332689,0.16441,0.0,0.336557,173,0.499033,0.168279,0.168279,AMOCLINGO-INF-MR,0.5548040000000001
Knapsack,01500-knapsack-n85-w746331-v3076853-type3.asp,517,2045,0.252812,0.063914,0.016158,3.955513,15.64608,61.888265,0.332689,0.16441,0.0,0.336557,173,0.499033,0.168279,0.168279,EOCLINGO-L,0.5594859999999999
Knapsack,01501-knapsack-n85-w743580-v4388317-type4.asp,517,2045,0.252812,0.063914,0.016158,3.955513,15.64608,61.888265,0.332689,0.16441,0.0,0.336557,173,0.499033,0.168279,0.168279,AMOCLINGO-INF-MR,0.555209
Knapsack,01502-knapsack-n85-w744386-v4388779-type4.asp,517,2045,0.252812,0.063914,0.016158,3.955513,15.64608,61.888265,0.332689,0.16441,0.0,0.336557,173,0.499033,0.168279,0.168279,AMOCLINGO-INF-MR,0.5559810000000001
Knapsack,01503-knapsack-n85-w745299-v37454383-type2.asp,517,2045,0.252812,0.063914,0.016158,3.955513,15.64608,61.888265,0.332689,0.16441,0.0,0.336557,173,0.499033,0.168279,0.168279,EOCLINGO-L,0.5541769999999999
Knapsack,01504-knapsack-n85-w743289-v4386159-type4.asp,517,2045,0.252812,0.063914,0.016158,3.955513,15.64608,61.888265,0.332689,0.16441,0.0,0.336557,173,0.499033,0.168279,0.168279,AMOCLINGO-INF-MR,0.582721
Knapsack,01505-knapsack-n85-w742796-v900369-type1.asp,517,2045,0.252812,0.063914,0.016158,3.955513,15.64608,61.888265,0.332689,0.16441,0.0,0.336557,173,0.499033,0.168279,0.168279,CLINGO-AMO,0.484228
Knapsack,01506-knapsack-n85-w746345-v2771719-type3.asp,517,2045,0.252812,0.063914,0.016158,3.955513,15.64608,61.888265,0.332689,0.16441,0.0,0.336557,173,0.499033,0.168279,0.168279,EOCLINGO-L,0.559835
Knapsack,01507-knapsack-n85-w743581-v4394870-type4.asp,517,2045,0.252812,0.063914,0.016158,3.955513,15.64608,61.888265,0.332689,0.16441,0.0,0.336557,173,0.499033,0.168279,0.168279,AMOCLINGO-INF-MR,0.554732
Knapsack,01509-knapsack-n85-w745844-v4386830-type4.asp,517,2045,0.252812,0.063914,0.016158,3.955513,15.64608,61.888265,0.332689,0.16441,0.0,0.336557,173,0.499033,0.168279,0.168279,AMOCLINGO-INF-MR,0.566248
Knapsack,01510-knapsack-n85-w744414-v4400332-type4.asp,517,2045,0.252812,0.063914,0.016158,3.955513,15.64608,61.888265,0.332689,0.16441,0.0,0.336557,173,0.499033,0.168279,0.168279,AMOCLINGO-L,0.555423
Knapsack,01511-knapsack-n85-w746096-v2572400-type3.asp,517,2045,0.252812,0.063914,0.016158,3.955513,15.64608,61.888265,0.332689,0.16441,0.0,0.336557,173,0.499033,0.168279,0.168279,AMOCLINGO-L,0.560557
Knapsack,01512-knapsack-n85-w743816-v4840439-type3.asp,517,2045,0.252812,0.063914,0.016158,3.955513,15.64608,61.888265,0.332689,0.16441,0.0,0.336557,173,0.499033,0.168279,0.168279,AMOCLINGO-INF-MR,0.556751
Knapsack,01513-knapsack-n85-w744095-v4389485-type4.asp,517,2045,0.252812,0.063914,0.016158,3.955513,15.64608,61.888265,0.332689,0.16441,0.0,0.336557,173,0.499033,0.168279,0.168279,EOCLINGO-L,0.560101
Knapsack,01516-knapsack-n85-w745273-v4386215-type4.asp,517,2045,0.252812,0.063914,0.016158,3.955513,15.64608,61.888265,0.332689,0.16441,0.0,0.336557,173,0.499033,0.168279,0.168279,AMOCLINGO-INF-MR,0.573809
Knapsack,01517-knapsack-n85-w743523-v4392029-type4.asp,517,2045,0.252812,0.063914,0.016158,3.955513,15.64608,61.888265,0.332689,0.16441,0.0,0.336557,173,0.499033,0.168279,0.168279,EOCLINGO-L,0.55643
Knapsack,01518-knapsack-n85-w743494-v3429381-type3.asp,517,2045,0.252812,0.063914,0.016158,3.955513,15.64608,61.888265,0.332689,0.16441,0.0,0.336557,173,0.499033,0.168279,0.168279,CLINGO-AMO,54.244512
Knapsack,01519-knapsack-n85-w745322-v1817713-type2.asp,517,2045,0.252812,0.063914,0.016158,3.955513,15.64608,61.888265,0.332689,0.16441,0.0,0.336557,173,0.499033,0.168279,0.168279,EOCLINGO-INF-MR,0.563802
Knapsack,01520-knapsack-n85-w743297-v2738623-type3.asp,517,2045,0.252812,0.063914,0.016158,3.955513,15.64608,61.888265,0.332689,0.16441,0.0,0.336557,173,0.499033,0.168279,0.168279,EOCLINGO-INF-MR,0.56678
Knapsack,01521-knapsack-n85-w745581-v4388309-type4.asp,517,2045,0.252812,0.063914,0.016158,3.955513,15.64608,61.888265,0.332689,0.16441,0.0,0.336557,173,0.499033,0.168279,0.168279,AMOCLINGO-INF-MR,0.556665
Knapsack,01522-knapsack-n85-w744289-v4382817-type4.asp,517,2045,0.252812,0.063914,0.016158,3.955513,15.64608,61.888265,0.332689,0.16441,0.0,0.336557,173,0.499033,0.168279,0.168279,AMOCLINGO-L,2.247513
Knapsack,01524-knapsack-n85-w744687-v4389558-type4.asp,517,2045,0.252812,0.063914,0.016158,3.955513,15.64608,61.888265,0.332689,0.16441,0.0,0.336557,173,0.499033,0.168279,0.168279,AMOCLINGO-INF-MR,0.552575
Knapsack,01525-knapsack-n85-w744415-v4395147-type4.asp,517,2045,0.252812,0.063914,0.016158,3.955513,15.64608,61.888265,0.332689,0.16441,0.0,0.336557,173,0.499033,0.168279,0.168279,AMOCLINGO-INF-MR,0.5559419999999999
Knapsack,01526-knapsack-n85-w746349-v12852344-type2.asp,517,2045,0.252812,0.063914,0.016158,3.955513,15.64608,61.888265,0.332689,0.16441,0.0,0.336557,173,0.499033,0.168279,0.168279,AMOCLINGO-INF-MR,0.554808
Knapsack,01527-knapsack-n85-w745503-v4847732-type3.asp,517,2045,0.252812,0.063914,0.016158,3.955513,15.64608,61.888265,0.332689,0.16441,0.0,0.336557,173,0.499033,0.168279,0.168279,EOCLINGO-L,0.5556570000000001
Knapsack,01528-knapsack-n85-w745213-v4389150-type4.asp,517,2045,0.252812,0.063914,0.016158,3.955513,15.64608,61.888265,0.332689,0.16441,0.0,0.336557,173,0.499033,0.168279,0.168279,AMOCLINGO-INF-MR,0.551972
Knapsack,01529-knapsack-n85-w743001-v636568-type1.asp,517,2045,0.252812,0.063914,0.016158,3.955513,15.64608,61.888265,0.332689,0.16441,0.0,0.336557,173,0.499033,0.168279,0.168279,CLINGO-AMO,0.402366
Knapsack,01530-knapsack-n90-w70503-v296483-type3.asp,547,2165,0.252656,0.063835,0.016128,3.957952,15.665388,62.00286,0.332724,0.164534,0.0,0.33638,183,0.499086,0.16819,0.16819,EOCLINGO-L,0.571478
Knapsack,01531-knapsack-n90-w69418-v520982-type4.asp,547,2165,0.252656,0.063835,0.016128,3.957952,15.665388,62.00286,0.332724,0.164534,0.0,0.33638,183,0.499086,0.16819,0.16819,AMOCLINGO-INF-MR,0.558214
Knapsack,01532-knapsack-n90-w69955-v515930-type4.asp,547,2165,0.252656,0.063835,0.016128,3.957952,15.665388,62.00286,0.332724,0.164534,0.0,0.33638,183,0.499086,0.16819,0.16819,AMOCLINGO-INF-MR,0.571967
Knapsack,01533-knapsack-n90-w69367-v520345-type4.asp,547,2165,0.252656,0.063835,0.016128,3.957952,15.665388,62.00286,0.332724,0.164534,0.0,0.33638,183,0.499086,0.16819,0.16819,AMOCLINGO-INF-MR,0.559081
Knapsack,01534-knapsack-n90-w68108-v518029-type4.asp,547,2165,0.252656,0.063835,0.016128,3.957952,15.665388,62.00286,0.332724,0.164534,0.0,0.33638,183,0.499086,0.16819,0.16819,AMOCLINGO-INF-MR,0.554391
Knapsack,01535-knapsack-n90-w69265-v411861-type3.asp,547,2165,0.252656,0.063835,0.016128,3.957952,15.665388,62.00286,0.332724,0.164534,0.0,0.33638,183,0.499086,0.16819,0.16819,CLINGO-AMO,794.9776310000001
Knapsack,01537-knapsack-n90-w70383-v219296-type1.asp,547,2165,0.252656,0.063835,0.016128,3.957952,15.665388,62.00286,0.332724,0.164534,0.0,0.33638,183,0.499086,0.16819,0.16819,AMOCLINGO-L,0.5648679999999999
Knapsack,01538-knapsack-n90-w69716-v520358-type4.asp,547,2165,0.252656,0.063835,0.016128,3.957952,15.665388,62.00286,0.332724,0.164534,0.0,0.33638,183,0.499086,0.16819,0.16819,AMOCLINGO-L,0.5534589999999999
Knapsack,01540-knapsack-n90-w68585-v4822662-type2.asp,547,2165,0.252656,0.063835,0.016128,3.957952,15.665388,62.00286,0.332724,0.164534,0.0,0.33638,183,0.499086,0.16819,0.16819,AMOCLINGO-INF-MR,0.554334
Knapsack,01541-knapsack-n90-w69183-v521651-type4.asp,547,2165,0.252656,0.063835,0.016128,3.957952,15.665388,62.00286,0.332724,0.164534,0.0,0.33638,183,0.499086,0.16819,0.16819,AMOCLINGO-L,0.556401
Knapsack,01542-knapsack-n90-w69435-v1234905-type2.asp,547,2165,0.252656,0.063835,0.016128,3.957952,15.665388,62.00286,0.332724,0.164534,0.0,0.33638,183,0.499086,0.16819,0.16819,AMOCLINGO-L,0.554786
Knapsack,01545-knapsack-n90-w68812-v287413-type3.asp,547,2165,0.252656,0.063835,0.016128,3.957952,15.665388,62.00286,0.332724,0.164534,0.0,0.33638,183,0.499086,0.16819,0.16819,AMOCLINGO-L,0.562331
Knapsack,01547-knapsack-n90-w68437-v589703-type3.asp,547,2165,0.252656,0.063835,0.016128,3.957952,15.665388,62.00286,0.332724,0.164534,0.0,0.33638,183,0.499086,0.16819,0.16819,AMOCLINGO-L,0.559286
Knapsack,01548-knapsack-n90-w71015-v2985860-type2.asp,547,2165,0.252656,0.063835,0.016128,3.957952,15.665388,62.00286,0.332724,0.164534,0.0,0.33638,183,0.499086,0.16819,0.16819,AMOCLINGO-INF-MR,0.555308
Knapsack,01549-knapsack-n90-w68339-v389008-type3.asp,547,2165,0.252656,0.063835,0.016128,3.957952,15.665388,62.00286,0.332724,0.164534,0.0,0.33638,183,0.499086,0.16819,0.16819,CLINGO-AMO,75.860748
Knapsack,01550-knapsack-n90-w68755-v528969-type4.asp,547,2165,0.252656,0.063835,0.016128,3.957952,15.665388,62.00286,0.332724,0.164534,0.0,0.33638,183,0.499086,0.16819,0.16819,AMOCLINGO-INF-MR,0.554326
Knapsack,01551-knapsack-n90-w69942-v384206-type3.asp,547,2165,0.252656,0.063835,0.016128,3.957952,15.665388,62.00286,0.332724,0.164534,0.0,0.33638,183,0.499086,0.16819,0.16819,CLINGO-AMO,91.835859
Knapsack,01552-knapsack-n90-w67848-v398220-type3.asp,547,2165,0.252656,0.063835,0.016128,3.957952,15.665388,62.00286,0.332724,0.164534,0.0,0.33638,183,0.499086,0.16819,0.16819,CLINGO-AMO,76.939543
Knapsack,01554-knapsack-n90-w68346-v549815-type3.asp,547,2165,0.252656,0.063835,0.016128,3.957952,15.665388,62.00286,0.332724,0.164534,0.0,0.33638,183,0.499086,0.16819,0.16819,AMOCLINGO-INF-MR,0.5565519999999999
Knapsack,01556-knapsack-n90-w69375-v2513468-type2.asp,547,2165,0.252656,0.063835,0.016128,3.957952,15.665388,62.00286,0.332724,0.164534,0.0,0.33638,183,0.499086,0.16819,0.16819,AMOCLINGO-INF-MR,0.559362
Knapsack,01559-knapsack-n90-w68068-v520242-type4.asp,547,2165,0.252656,0.063835,0.016128,3.957952,15.665388,62.00286,0.332724,0.164534,0.0,0.33638,183,0.499086,0.16819,0.16819,AMOCLINGO-L,0.558662
Knapsack,01560-knapsack-n90-w194366-v1589116-type3.asp,547,2165,0.252656,0.063835,0.016128,3.957952,15.665388,62.00286,0.332724,0.164534,0.0,0.33638,183,0.499086,0.16819,0.16819,EOCLINGO-L,0.563704
Knapsack,01561-knapsack-n90-w194653-v2714426-type4.asp,547,2165,0.252656,0.063835,0.016128,3.957952,15.665388,62.00286,0.332724,0.164534,0.0,0.33638,183,0.499086,0.16819,0.16819,AMOCLINGO-INF-MR,0.557713
Knapsack,01562-knapsack-n90-w193494-v2712002-type4.asp,547,2165,0.252656,0.063835,0.016128,3.957952,15.665388,62.00286,0.332724,0.164534,0.0,0.33638,183,0.499086,0.16819,0.16819,AMOCLINGO-INF-MR,0.571373
Knapsack,01563-knapsack-n90-w195871-v2715416-type4.asp,547,2165,0.252656,0.063835,0.016128,3.957952,15.665388,62.00286,0.332724,0.164534,0.0,0.33638,183,0.499086,0.16819,0.16819,AMOCLINGO-L,0.559549
Knapsack,01564-knapsack-n90-w194124-v2715975-type4.asp,547,2165,0.252656,0.063835,0.016128,3.957952,15.665388,62.00286,0.332724,0.164534,0.0,0.33638,183,0.499086,0.16819,0.16819,AMOCLINGO-INF-MR,0.55714
Knapsack,01565-knapsack-n90-w192711-v2713447-type4.asp,547,2165,0.252656,0.063835,0.016128,3.957952,15.665388,62.00286,0.332724,0.164534,0.0,0.33638,183,0.499086,0.16819,0.16819,AMOCLINGO-L,0.556764
Knapsack,01566-knapsack-n90-w193420-v12454013-type2.asp,547,2165,0.252656,0.063835,0.016128,3.957952,15.665388,62.00286,0.332724,0.164534,0.0,0.33638,183,0.499086,0.16819,0.16819,AMOCLINGO-L,0.5550269999999999
Knapsack,01567-knapsack-n90-w193745-v2887522-type3.asp,547,2165,0.252656,0.063835,0.016128,3.957952,15.665388,62.00286,0.332724,0.164534,0.0,0.33638,183,0.499086,0.16819,0.16819,AMOCLINGO-L,0.555816
Knapsack,01568-knapsack-n90-w192123-v15854696-type2.asp,547,2165,0.252656,0.063835,0.016128,3.957952,15.665388,62.00286,0.332724,0.164534,0.0,0.33638,183,0.499086,0.16819,0.16819,AMOCLINGO-L,0.555414
Knapsack,01570-knapsack-n90-w194254-v2901432-type3.asp,547,2165,0.252656,0.063835,0.016128,3.957952,15.665388,62.00286,0.332724,0.164534,0.0,0.33638,183,0.499086,0.16819,0.16819,AMOCLINGO-INF-MR,0.556793
Knapsack,01571-knapsack-n90-w195195-v2713807-type4.asp,547,2165,0.252656,0.063835,0.016128,3.957952,15.665388,62.00286,0.332724,0.164534,0.0,0.33638,183,0.499086,0.16819,0.16819,AMOCLINGO-L,0.560117
Knapsack,01575-knapsack-n90-w195091-v2714919-type4.asp,547,2165,0.252656,0.063835,0.016128,3.957952,15.665388,62.00286,0.332724,0.164534,0.0,0.33638,183,0.499086,0.16819,0.16819,AMOCLINGO-INF-MR,0.5558379999999999
Knapsack,01577-knapsack-n90-w193946-v3242193-type3.asp,547,2165,0.252656,0.063835,0.016128,3.957952,15.665388,62.00286,0.332724,0.164534,0.0,0.33638,183,0.499086,0.16819,0.16819,AMOCLINGO-INF-MR,0.556585
Knapsack,01578-knapsack-n90-w192927-v2718066-type4.asp,547,2165,0.252656,0.063835,0.016128,3.957952,15.665388,62.00286,0.332724,0.164534,0.0,0.33638,183,0.499086,0.16819,0.16819,AMOCLINGO-INF-MR,0.55793
Knapsack,01579-knapsack-n90-w195944-v1902438-type3.asp,547,2165,0.252656,0.063835,0.016128,3.957952,15.665388,62.00286,0.332724,0.164534,0.0,0.33638,183,0.499086,0.16819,0.16819,EOCLINGO-INF-MR,0.5697949999999999
Knapsack,01580-knapsack-n90-w191979-v2715812-type4.asp,547,2165,0.252656,0.063835,0.016128,3.957952,15.665388,62.00286,0.332724,0.164534,0.0,0.33638,183,0.499086,0.16819,0.16819,AMOCLINGO-L,0.556085
Knapsack,01581-knapsack-n90-w194115-v2716785-type4.asp,547,2165,0.252656,0.063835,0.016128,3.957952,15.665388,62.00286,0.332724,0.164534,0.0,0.33638,183,0.499086,0.16819,0.16819,AMOCLINGO-L,0.554586
Knapsack,01582-knapsack-n90-w196788-v2993144-type3.asp,547,2165,0.252656,0.063835,0.016128,3.957952,15.665388,62.00286,0.332724,0.164534,0.0,0.33638,183,0.499086,0.16819,0.16819,AMOCLINGO-L,0.555156
Knapsack,01583-knapsack-n90-w193992-v1161319-type1.asp,547,2165,0.252656,0.063835,0.016128,3.957952,15.665388,62.00286,0.332724,0.164534,0.0,0.33638,183,0.499086,0.16819,0.16819,EOCLINGO-L,0.5605469999999999
Knapsack,01584-knapsack-n90-w194341-v11282272-type2.asp,547,2165,0.252656,0.063835,0.016128,3.957952,15.665388,62.00286,0.332724,0.164534,0.0,0.33638,183,0.499086,0.16819,0.16819,AMOCLINGO-INF-MR,0.55678
Knapsack,01585-knapsack-n90-w193167-v2917257-type3.asp,547,2165,0.252656,0.063835,0.016128,3.957952,15.665388,62.00286,0.332724,0.164534,0.0,0.33638,183,0.499086,0.16819,0.16819,AMOCLINGO-L,0.5550940000000001
Knapsack,01587-knapsack-n90-w194881-v3170602-type3.asp,547,2165,0.252656,0.063835,0.016128,3.957952,15.665388,62.00286,0.332724,0.164534,0.0,0.33638,183,0.499086,0.16819,0.16819,AMOCLINGO-INF-MR,0.556406
Knapsack,01588-knapsack-n90-w192587-v2717914-type4.asp,547,2165,0.252656,0.063835,0.016128,3.957952,15.665388,62.00286,0.332724,0.164534,0.0,0.33638,183,0.499086,0.16819,0.16819,AMOCLINGO-INF-MR,0.558326
Knapsack,01589-knapsack-n90-w194017-v2714319-type4.asp,547,2165,0.252656,0.063835,0.016128,3.957952,15.665388,62.00286,0.332724,0.164534,0.0,0.33638,183,0.499086,0.16819,0.16819,AMOCLINGO-INF-MR,0.557361
Knapsack,01590-knapsack-n90-w773281-v5054207-type3.asp,547,2165,0.252656,0.063835,0.016128,3.957952,15.665388,62.00286,0.332724,0.164534,0.0,0.33638,183,0.499086,0.16819,0.16819,EOCLINGO-L,0.5578069999999999
Knapsack,01591-knapsack-n90-w773108-v9566687-type2.asp,547,2165,0.252656,0.063835,0.016128,3.957952,15.665388,62.00286,0.332724,0.164534,0.0,0.33638,183,0.499086,0.16819,0.16819,AMOCLINGO-L,0.555473
Knapsack,01592-knapsack-n90-w770898-v3630284-type1.asp,547,2165,0.252656,0.063835,0.016128,3.957952,15.665388,62.00286,0.332724,0.164534,0.0,0.33638,183,0.499086,0.16819,0.16819,CLINGO-AMO,167.02917200000002
Knapsack,01593-knapsack-n90-w771213-v4677871-type4.asp,547,2165,0.252656,0.063835,0.016128,3.957952,15.665388,62.00286,0.332724,0.164534,0.0,0.33638,183,0.499086,0.16819,0.16819,AMOCLINGO-L,0.554449
Knapsack,01594-knapsack-n90-w773408-v3247498-type3.asp,547,2165,0.252656,0.063835,0.016128,3.957952,15.665388,62.00286,0.332724,0.164534,0.0,0.33638,183,0.499086,0.16819,0.16819,EOCLINGO-L,0.56233
Knapsack,01595-knapsack-n90-w774043-v4668567-type4.asp,547,2165,0.252656,0.063835,0.016128,3.957952,15.665388,62.00286,0.332724,0.164534,0.0,0.33638,183,0.499086,0.16819,0.16819,EOCLINGO-INF-MR,0.60624
Knapsack,01597-knapsack-n90-w771583-v3698576-type1.asp,547,2165,0.252656,0.063835,0.016128,3.957952,15.665388,62.00286,0.332724,0.164534,0.0,0.33638,183,0.499086,0.16819,0.16819,CLINGO-AMO,194.436798
Knapsack,01598-knapsack-n90-w773499-v4668569-type4.asp,547,2165,0.252656,0.063835,0.016128,3.957952,15.665388,62.00286,0.332724,0.164534,0.0,0.33638,183,0.499086,0.16819,0.16819,EOCLINGO-INF-MR,0.604726
Knapsack,01599-knapsack-n90-w773918-v4678585-type4.asp,547,2165,0.252656,0.063835,0.016128,3.957952,15.665388,62.00286,0.332724,0.164534,0.0,0.33638,183,0.499086,0.16819,0.16819,AMOCLINGO-L,0.554854
Knapsack,01600-knapsack-n90-w772435-v4777942-type3.asp,547,2165,0.252656,0.063835,0.016128,3.957952,15.665388,62.00286,0.332724,0.164534,0.0,0.33638,183,0.499086,0.16819,0.16819,AMOCLINGO-INF-MR,0.5564359999999999
Knapsack,01601-knapsack-n90-w773306-v1482110-type1.asp,547,2165,0.252656,0.063835,0.016128,3.957952,15.665388,62.00286,0.332724,0.164534,0.0,0.33638,183,0.499086,0.16819,0.16819,AMOCLINGO-L,0.5628489999999999
Knapsack,01602-knapsack-n90-w771958-v3342655-type3.asp,547,2165,0.252656,0.063835,0.016128,3.957952,15.665388,62.00286,0.332724,0.164534,0.0,0.33638,183,0.499086,0.16819,0.16819,AMOCLINGO-L,0.561507
Knapsack,01604-knapsack-n90-w773561-v4675981-type4.asp,547,2165,0.252656,0.063835,0.016128,3.957952,15.665388,62.00286,0.332724,0.164534,0.0,0.33638,183,0.499086,0.16819,0.16819,AMOCLINGO-L,0.55744
Knapsack,01605-knapsack-n90-w774839-v20680487-type2.asp,547,2165,0.252656,0.063835,0.016128,3.957952,15.665388,62.00286,0.332724,0.164534,0.0,0.33638,183,0.499086,0.16819,0.16819,AMOCLINGO-INF-MR,0.556209
Knapsack,01606-knapsack-n90-w772642-v37116727-type2.asp,547,2165,0.252656,0.063835,0.016128,3.957952,15.665388,62.00286,0.332724,0.164534,0.0,0.33638,183,0.499086,0.16819,0.16819,AMOCLINGO-INF-MR,0.559083
Knapsack,01608-knapsack-n90-w774642-v17811812-type2.asp,547,2165,0.252656,0.063835,0.016128,3.957952,15.665388,62.00286,0.332724,0.164534,0.0,0.33638,183,0.499086,0.16819,0.16819,AMOCLINGO-L,0.55712
Knapsack,01609-knapsack-n90-w773766-v4669277-type4.asp,547,2165,0.252656,0.063835,0.016128,3.957952,15.665388,62.00286,0.332724,0.164534,0.0,0.33638,183,0.499086,0.16819,0.16819,AMOCLINGO-INF-MR,0.575166
Knapsack,01610-knapsack-n90-w772526-v4677344-type4.asp,547,2165,0.252656,0.063835,0.016128,3.957952,15.665388,62.00286,0.332724,0.164534,0.0,0.33638,183,0.499086,0.16819,0.16819,AMOCLINGO-L,0.554006
Knapsack,01611-knapsack-n90-w772780-v4675517-type4.asp,547,2165,0.252656,0.063835,0.016128,3.957952,15.665388,62.00286,0.332724,0.164534,0.0,0.33638,183,0.499086,0.16819,0.16819,EOCLINGO-L,0.558671
Knapsack,01612-knapsack-n90-w772785-v12875592-type2.asp,547,2165,0.252656,0.063835,0.016128,3.957952,15.665388,62.00286,0.332724,0.164534,0.0,0.33638,183,0.499086,0.16819,0.16819,AMOCLINGO-INF-MR,0.5564
Knapsack,01613-knapsack-n90-w771704-v2626941-type1.asp,547,2165,0.252656,0.063835,0.016128,3.957952,15.665388,62.00286,0.332724,0.164534,0.0,0.33638,183,0.499086,0.16819,0.16819,EOCLINGO-L,0.5591700000000001
Knapsack,01614-knapsack-n90-w773778-v2433617-type3.asp,547,2165,0.252656,0.063835,0.016128,3.957952,15.665388,62.00286,0.332724,0.164534,0.0,0.33638,183,0.499086,0.16819,0.16819,AMOCLINGO-L,0.562103
Knapsack,01615-knapsack-n90-w773639-v4688344-type3.asp,547,2165,0.252656,0.063835,0.016128,3.957952,15.665388,62.00286,0.332724,0.164534,0.0,0.33638,183,0.499086,0.16819,0.16819,AMOCLINGO-L,0.5552349999999999
Knapsack,01616-knapsack-n90-w772380-v3045820-type2.asp,547,2165,0.252656,0.063835,0.016128,3.957952,15.665388,62.00286,0.332724,0.164534,0.0,0.33638,183,0.499086,0.16819,0.16819,AMOCLINGO-L,0.560938
Knapsack,01617-knapsack-n90-w773482-v4680059-type4.asp,547,2165,0.252656,0.063835,0.016128,3.957952,15.665388,62.00286,0.332724,0.164534,0.0,0.33638,183,0.499086,0.16819,0.16819,AMOCLINGO-INF-MR,0.558662
Knapsack,01618-knapsack-n90-w773087-v16755590-type2.asp,547,2165,0.252656,0.063835,0.016128,3.957952,15.665388,62.00286,0.332724,0.164534,0.0,0.33638,183,0.499086,0.16819,0.16819,EOCLINGO-L,0.558666
Knapsack,01619-knapsack-n90-w771646-v4736792-type3.asp,547,2165,0.252656,0.063835,0.016128,3.957952,15.665388,62.00286,0.332724,0.164534,0.0,0.33638,183,0.499086,0.16819,0.16819,AMOCLINGO-INF-MR,0.555616
Knapsack,01620-knapsack-n95-w80318-v417199-type1.asp,577,2285,0.252516,0.063765,0.016102,3.960139,15.682698,62.105659,0.332756,0.164645,0.0,0.336222,193,0.499133,0.168111,0.168111,CLINGO-AMO,53.628641
Knapsack,01621-knapsack-n95-w81282-v5705287-type2.asp,577,2285,0.252516,0.063765,0.016102,3.960139,15.682698,62.105659,0.332756,0.164645,0.0,0.336222,193,0.499133,0.168111,0.168111,CLINGO-AMO,0.096563
Knapsack,01622-knapsack-n95-w79813-v558233-type4.asp,577,2285,0.252516,0.063765,0.016102,3.960139,15.682698,62.105659,0.332756,0.164645,0.0,0.336222,193,0.499133,0.168111,0.168111,EOCLINGO-L,0.561272
Knapsack,01624-knapsack-n95-w80023-v563574-type4.asp,577,2285,0.252516,0.063765,0.016102,3.960139,15.682698,62.105659,0.332756,0.164645,0.0,0.336222,193,0.499133,0.168111,0.168111,AMOCLINGO-INF-MR,0.5594210000000001
Knapsack,01625-knapsack-n95-w79888-v554839-type4.asp,577,2285,0.252516,0.063765,0.016102,3.960139,15.682698,62.105659,0.332756,0.164645,0.0,0.336222,193,0.499133,0.168111,0.168111,AMOCLINGO-L,2.624775
Knapsack,01626-knapsack-n95-w81079-v574054-type3.asp,577,2285,0.252516,0.063765,0.016102,3.960139,15.682698,62.105659,0.332756,0.164645,0.0,0.336222,193,0.499133,0.168111,0.168111,EOCLINGO-L,0.560941
Knapsack,01627-knapsack-n95-w80547-v288537-type3.asp,577,2285,0.252516,0.063765,0.016102,3.960139,15.682698,62.105659,0.332756,0.164645,0.0,0.336222,193,0.499133,0.168111,0.168111,AMOCLINGO-L,0.567203
Knapsack,01629-knapsack-n95-w80161-v255374-type1.asp,577,2285,0.252516,0.063765,0.016102,3.960139,15.682698,62.105659,0.332756,0.164645,0.0,0.336222,193,0.499133,0.168111,0.168111,EOCLINGO-L,0.569183
Knapsack,01630-knapsack-n95-w79712-v554529-type4.asp,577,2285,0.252516,0.063765,0.016102,3.960139,15.682698,62.105659,0.332756,0.164645,0.0,0.336222,193,0.499133,0.168111,0.168111,AMOCLINGO-L,46.594767
Knapsack,01631-knapsack-n95-w79483-v561516-type4.asp,577,2285,0.252516,0.063765,0.016102,3.960139,15.682698,62.105659,0.332756,0.164645,0.0,0.336222,193,0.499133,0.168111,0.168111,AMOCLINGO-INF-MR,0.560929
Knapsack,01632-knapsack-n95-w81250-v181189-type1.asp,577,2285,0.252516,0.063765,0.016102,3.960139,15.682698,62.105659,0.332756,0.164645,0.0,0.336222,193,0.499133,0.168111,0.168111,EOCLINGO-L,0.568419
Knapsack,01633-knapsack-n95-w80239-v649311-type3.asp,577,2285,0.252516,0.063765,0.016102,3.960139,15.682698,62.105659,0.332756,0.164645,0.0,0.336222,193,0.499133,0.168111,0.168111,AMOCLINGO-INF-MR,0.562227
Knapsack,01634-knapsack-n95-w82300-v606462-type3.asp,577,2285,0.252516,0.063765,0.016102,3.960139,15.682698,62.105659,0.332756,0.164645,0.0,0.336222,193,0.499133,0.168111,0.168111,EOCLINGO-L,0.559792
Knapsack,01635-knapsack-n95-w80139-v211553-type1.asp,577,2285,0.252516,0.063765,0.016102,3.960139,15.682698,62.105659,0.332756,0.164645,0.0,0.336222,193,0.499133,0.168111,0.168111,AMOCLINGO-L,0.565974
Knapsack,01638-knapsack-n95-w79579-v44958-type1.asp,577,2285,0.252516,0.063765,0.016102,3.960139,15.682698,62.105659,0.332756,0.164645,0.0,0.336222,193,0.499133,0.168111,0.168111,CLINGO-AMO,0.210189
Knapsack,01639-knapsack-n95-w80935-v276914-type1.asp,577,2285,0.252516,0.063765,0.016102,3.960139,15.682698,62.105659,0.332756,0.164645,0.0,0.336222,193,0.499133,0.168111,0.168111,EOCLINGO-L,0.5630980000000001
Knapsack,01640-knapsack-n95-w81838-v565404-type4.asp,577,2285,0.252516,0.063765,0.016102,3.960139,15.682698,62.105659,0.332756,0.164645,0.0,0.336222,193,0.499133,0.168111,0.168111,AMOCLINGO-INF-MR,0.561548
Knapsack,01642-knapsack-n95-w80002-v414348-type3.asp,577,2285,0.252516,0.063765,0.016102,3.960139,15.682698,62.105659,0.332756,0.164645,0.0,0.336222,193,0.499133,0.168111,0.168111,CLINGO-AMO,75.210938
Knapsack,01643-knapsack-n95-w81303-v562913-type4.asp,577,2285,0.252516,0.063765,0.016102,3.960139,15.682698,62.105659,0.332756,0.164645,0.0,0.336222,193,0.499133,0.168111,0.168111,AMOCLINGO-L,0.55897
Knapsack,01644-knapsack-n95-w79743-v391628-type3.asp,577,2285,0.252516,0.063765,0.016102,3.960139,15.682698,62.105659,0.332756,0.164645,0.0,0.336222,193,0.499133,0.168111,0.168111,AMOCLINGO-L,0.56883
Knapsack,01645-knapsack-n95-w79449-v597960-type3.asp,577,2285,0.252516,0.063765,0.016102,3.960139,15.682698,62.105659,0.332756,0.164645,0.0,0.336222,193,0.499133,0.168111,0.168111,AMOCLINGO-INF-MR,0.561451
Knapsack,01647-knapsack-n95-w79856-v84050-type1.asp,577,2285,0.252516,0.063765,0.016102,3.960139,15.682698,62.105659,0.332756,0.164645,0.0,0.336222,193,0.499133,0.168111,0.168111,CLINGO-AMO,0.4795009999999999
Knapsack,01648-knapsack-n95-w79234-v612752-type3.asp,577,2285,0.252516,0.063765,0.016102,3.960139,15.682698,62.105659,0.332756,0.164645,0.0,0.336222,193,0.499133,0.168111,0.168111,AMOCLINGO-L,0.560137
Knapsack,01649-knapsack-n95-w78948-v302788-type3.asp,577,2285,0.252516,0.063765,0.016102,3.960139,15.682698,62.105659,0.332756,0.164645,0.0,0.336222,193,0.499133,0.168111,0.168111,AMOCLINGO-L,0.563142
Knapsack,01650-knapsack-n95-w203430-v1412294-type1.asp,577,2285,0.252516,0.063765,0.016102,3.960139,15.682698,62.105659,0.332756,0.164645,0.0,0.336222,193,0.499133,0.168111,0.168111,EOCLINGO-L,0.567913
Knapsack,01651-knapsack-n95-w202155-v2763977-type4.asp,577,2285,0.252516,0.063765,0.016102,3.960139,15.682698,62.105659,0.332756,0.164645,0.0,0.336222,193,0.499133,0.168111,0.168111,AMOCLINGO-L,0.561034
Knapsack,01652-knapsack-n95-w203518-v233983-type1.asp,577,2285,0.252516,0.063765,0.016102,3.960139,15.682698,62.105659,0.332756,0.164645,0.0,0.336222,193,0.499133,0.168111,0.168111,CLINGO-AMO,0.202758
Knapsack,01654-knapsack-n95-w201390-v1756474-type1.asp,577,2285,0.252516,0.063765,0.016102,3.960139,15.682698,62.105659,0.332756,0.164645,0.0,0.336222,193,0.499133,0.168111,0.168111,EOCLINGO-L,0.565312
Knapsack,01655-knapsack-n95-w201810-v751772-type1.asp,577,2285,0.252516,0.063765,0.016102,3.960139,15.682698,62.105659,0.332756,0.164645,0.0,0.336222,193,0.499133,0.168111,0.168111,EOCLINGO-L,0.566493
Knapsack,01656-knapsack-n95-w204083-v2762534-type4.asp,577,2285,0.252516,0.063765,0.016102,3.960139,15.682698,62.105659,0.332756,0.164645,0.0,0.336222,193,0.499133,0.168111,0.168111,AMOCLINGO-L,0.563612
Knapsack,01657-knapsack-n95-w202287-v1936282-type3.asp,577,2285,0.252516,0.063765,0.016102,3.960139,15.682698,62.105659,0.332756,0.164645,0.0,0.336222,193,0.499133,0.168111,0.168111,AMOCLINGO-L,0.563552
Knapsack,01660-knapsack-n95-w202962-v2761981-type4.asp,577,2285,0.252516,0.063765,0.016102,3.960139,15.682698,62.105659,0.332756,0.164645,0.0,0.336222,193,0.499133,0.168111,0.168111,EOCLINGO-INF-MR,0.570079
Knapsack,01661-knapsack-n95-w201044-v2760003-type4.asp,577,2285,0.252516,0.063765,0.016102,3.960139,15.682698,62.105659,0.332756,0.164645,0.0,0.336222,193,0.499133,0.168111,0.168111,EOCLINGO-INF-MR,0.926885
Knapsack,01663-knapsack-n95-w203359-v3183875-type3.asp,577,2285,0.252516,0.063765,0.016102,3.960139,15.682698,62.105659,0.332756,0.164645,0.0,0.336222,193,0.499133,0.168111,0.168111,AMOCLINGO-L,0.560107
Knapsack,01664-knapsack-n95-w203293-v1673989-type1.asp,577,2285,0.252516,0.063765,0.016102,3.960139,15.682698,62.105659,0.332756,0.164645,0.0,0.336222,193,0.499133,0.168111,0.168111,AMOCLINGO-L,0.564002
Knapsack,01665-knapsack-n95-w203364-v1612831-type3.asp,577,2285,0.252516,0.063765,0.016102,3.960139,15.682698,62.105659,0.332756,0.164645,0.0,0.336222,193,0.499133,0.168111,0.168111,AMOCLINGO-L,0.564029
Knapsack,01666-knapsack-n95-w203413-v7634022-type2.asp,577,2285,0.252516,0.063765,0.016102,3.960139,15.682698,62.105659,0.332756,0.164645,0.0,0.336222,193,0.499133,0.168111,0.168111,AMOCLINGO-INF-MR,0.560486
Knapsack,01667-knapsack-n95-w200168-v2768462-type4.asp,577,2285,0.252516,0.063765,0.016102,3.960139,15.682698,62.105659,0.332756,0.164645,0.0,0.336222,193,0.499133,0.168111,0.168111,AMOCLINGO-INF-MR,0.561656
Knapsack,01668-knapsack-n95-w200955-v2769628-type4.asp,577,2285,0.252516,0.063765,0.016102,3.960139,15.682698,62.105659,0.332756,0.164645,0.0,0.336222,193,0.499133,0.168111,0.168111,AMOCLINGO-L,0.558072
Knapsack,01669-knapsack-n95-w202720-v8487834-type2.asp,577,2285,0.252516,0.063765,0.016102,3.960139,15.682698,62.105659,0.332756,0.164645,0.0,0.336222,193,0.499133,0.168111,0.168111,AMOCLINGO-L,0.558797
Knapsack,01670-knapsack-n95-w204068-v2761322-type4.asp,577,2285,0.252516,0.063765,0.016102,3.960139,15.682698,62.105659,0.332756,0.164645,0.0,0.336222,193,0.499133,0.168111,0.168111,AMOCLINGO-INF-MR,0.575587
Knapsack,01672-knapsack-n95-w202251-v1940035-type3.asp,577,2285,0.252516,0.063765,0.016102,3.960139,15.682698,62.105659,0.332756,0.164645,0.0,0.336222,193,0.499133,0.168111,0.168111,AMOCLINGO-L,0.565719
Knapsack,01674-knapsack-n95-w202139-v2765941-type4.asp,577,2285,0.252516,0.063765,0.016102,3.960139,15.682698,62.105659,0.332756,0.164645,0.0,0.336222,193,0.499133,0.168111,0.168111,AMOCLINGO-L,0.560369
Knapsack,01675-knapsack-n95-w203252-v2758915-type4.asp,577,2285,0.252516,0.063765,0.016102,3.960139,15.682698,62.105659,0.332756,0.164645,0.0,0.336222,193,0.499133,0.168111,0.168111,AMOCLINGO-L,4.385452
Knapsack,01676-knapsack-n95-w202215-v6459936-type2.asp,577,2285,0.252516,0.063765,0.016102,3.960139,15.682698,62.105659,0.332756,0.164645,0.0,0.336222,193,0.499133,0.168111,0.168111,AMOCLINGO-INF-MR,0.559094
Knapsack,01679-knapsack-n95-w201638-v2916663-type3.asp,577,2285,0.252516,0.063765,0.016102,3.960139,15.682698,62.105659,0.332756,0.164645,0.0,0.336222,193,0.499133,0.168111,0.168111,AMOCLINGO-L,0.5596380000000001
Knapsack,01680-knapsack-n95-w831639-v29606955-type2.asp,577,2285,0.252516,0.063765,0.016102,3.960139,15.682698,62.105659,0.332756,0.164645,0.0,0.336222,193,0.499133,0.168111,0.168111,AMOCLINGO-L,0.561466
Knapsack,01681-knapsack-n95-w831909-v5279918-type4.asp,577,2285,0.252516,0.063765,0.016102,3.960139,15.682698,62.105659,0.332756,0.164645,0.0,0.336222,193,0.499133,0.168111,0.168111,AMOCLINGO-INF-MR,0.601896
Knapsack,01683-knapsack-n95-w831422-v1209811-type1.asp,577,2285,0.252516,0.063765,0.016102,3.960139,15.682698,62.105659,0.332756,0.164645,0.0,0.336222,193,0.499133,0.168111,0.168111,AMOCLINGO-L,0.568971
Knapsack,01684-knapsack-n95-w832978-v6106568-type3.asp,577,2285,0.252516,0.063765,0.016102,3.960139,15.682698,62.105659,0.332756,0.164645,0.0,0.336222,193,0.499133,0.168111,0.168111,AMOCLINGO-L,0.557886
Knapsack,01685-knapsack-n95-w832108-v5283038-type4.asp,577,2285,0.252516,0.063765,0.016102,3.960139,15.682698,62.105659,0.332756,0.164645,0.0,0.336222,193,0.499133,0.168111,0.168111,AMOCLINGO-INF-MR,0.5613319999999999
Knapsack,01686-knapsack-n95-w831145-v3273611-type2.asp,577,2285,0.252516,0.063765,0.016102,3.960139,15.682698,62.105659,0.332756,0.164645,0.0,0.336222,193,0.499133,0.168111,0.168111,AMOCLINGO-L,0.5649310000000001
Knapsack,01687-knapsack-n95-w830089-v9009115-type2.asp,577,2285,0.252516,0.063765,0.016102,3.960139,15.682698,62.105659,0.332756,0.164645,0.0,0.336222,193,0.499133,0.168111,0.168111,AMOCLINGO-INF-MR,0.56181
Knapsack,01688-knapsack-n95-w832575-v1421531-type2.asp,577,2285,0.252516,0.063765,0.016102,3.960139,15.682698,62.105659,0.332756,0.164645,0.0,0.336222,193,0.499133,0.168111,0.168111,AMOCLINGO-L,0.5628
Knapsack,01689-knapsack-n95-w830691-v5285383-type4.asp,577,2285,0.252516,0.063765,0.016102,3.960139,15.682698,62.105659,0.332756,0.164645,0.0,0.336222,193,0.499133,0.168111,0.168111,AMOCLINGO-L,0.56122
Knapsack,01690-knapsack-n95-w833019-v6102781-type3.asp,577,2285,0.252516,0.063765,0.016102,3.960139,15.682698,62.105659,0.332756,0.164645,0.0,0.336222,193,0.499133,0.168111,0.168111,AMOCLINGO-INF-MR,0.559191
Knapsack,01691-knapsack-n95-w831271-v29053793-type2.asp,577,2285,0.252516,0.063765,0.016102,3.960139,15.682698,62.105659,0.332756,0.164645,0.0,0.336222,193,0.499133,0.168111,0.168111,AMOCLINGO-L,0.55909
Knapsack,01692-knapsack-n95-w831906-v5288103-type4.asp,577,2285,0.252516,0.063765,0.016102,3.960139,15.682698,62.105659,0.332756,0.164645,0.0,0.336222,193,0.499133,0.168111,0.168111,AMOCLINGO-L,0.560068
Knapsack,01693-knapsack-n95-w832050-v3445421-type3.asp,577,2285,0.252516,0.063765,0.016102,3.960139,15.682698,62.105659,0.332756,0.164645,0.0,0.336222,193,0.499133,0.168111,0.168111,AMOCLINGO-L,0.5685
Knapsack,01695-knapsack-n95-w832355-v5578041-type3.asp,577,2285,0.252516,0.063765,0.016102,3.960139,15.682698,62.105659,0.332756,0.164645,0.0,0.336222,193,0.499133,0.168111,0.168111,AMOCLINGO-L,0.561541
Knapsack,01696-knapsack-n95-w832075-v3351983-type3.asp,577,2285,0.252516,0.063765,0.016102,3.960139,15.682698,62.105659,0.332756,0.164645,0.0,0.336222,193,0.499133,0.168111,0.168111,AMOCLINGO-L,0.566126
Knapsack,01698-knapsack-n95-w832090-v3376198-type3.asp,577,2285,0.252516,0.063765,0.016102,3.960139,15.682698,62.105659,0.332756,0.164645,0.0,0.336222,193,0.499133,0.168111,0.168111,AMOCLINGO-L,0.566057
Knapsack,01699-knapsack-n95-w830777-v3017816-type1.asp,577,2285,0.252516,0.063765,0.016102,3.960139,15.682698,62.105659,0.332756,0.164645,0.0,0.336222,193,0.499133,0.168111,0.168111,AMOCLINGO-L,0.568107
Knapsack,01700-knapsack-n95-w831174-v5289611-type4.asp,577,2285,0.252516,0.063765,0.016102,3.960139,15.682698,62.105659,0.332756,0.164645,0.0,0.336222,193,0.499133,0.168111,0.168111,AMOCLINGO-INF-MR,0.558717
Knapsack,01701-knapsack-n95-w833061-v5282887-type4.asp,577,2285,0.252516,0.063765,0.016102,3.960139,15.682698,62.105659,0.332756,0.164645,0.0,0.336222,193,0.499133,0.168111,0.168111,AMOCLINGO-INF-MR,0.559173
Knapsack,01702-knapsack-n95-w832774-v3698322-type3.asp,577,2285,0.252516,0.063765,0.016102,3.960139,15.682698,62.105659,0.332756,0.164645,0.0,0.336222,193,0.499133,0.168111,0.168111,AMOCLINGO-L,0.568618
Knapsack,01703-knapsack-n95-w833197-v4264948-type3.asp,577,2285,0.252516,0.063765,0.016102,3.960139,15.682698,62.105659,0.332756,0.164645,0.0,0.336222,193,0.499133,0.168111,0.168111,CLINGO-AMO,954.16357
Knapsack,01704-knapsack-n95-w833698-v4108259-type1.asp,577,2285,0.252516,0.063765,0.016102,3.960139,15.682698,62.105659,0.332756,0.164645,0.0,0.336222,193,0.499133,0.168111,0.168111,CLINGO-AMO,224.077978
Knapsack,01705-knapsack-n95-w833913-v5282336-type4.asp,577,2285,0.252516,0.063765,0.016102,3.960139,15.682698,62.105659,0.332756,0.164645,0.0,0.336222,193,0.499133,0.168111,0.168111,AMOCLINGO-L,0.568703
Knapsack,01706-knapsack-n95-w832021-v3868724-type3.asp,577,2285,0.252516,0.063765,0.016102,3.960139,15.682698,62.105659,0.332756,0.164645,0.0,0.336222,193,0.499133,0.168111,0.168111,CLINGO-AMO,55.305556
Knapsack,01707-knapsack-n95-w832049-v3266764-type3.asp,577,2285,0.252516,0.063765,0.016102,3.960139,15.682698,62.105659,0.332756,0.164645,0.0,0.336222,193,0.499133,0.168111,0.168111,AMOCLINGO-L,0.5681039999999999
Knapsack,01708-knapsack-n95-w833207-v5289851-type4.asp,577,2285,0.252516,0.063765,0.016102,3.960139,15.682698,62.105659,0.332756,0.164645,0.0,0.336222,193,0.499133,0.168111,0.168111,AMOCLINGO-L,0.5612240000000001
Knapsack,01709-knapsack-n95-w831356-v2752332-type3.asp,577,2285,0.252516,0.063765,0.016102,3.960139,15.682698,62.105659,0.332756,0.164645,0.0,0.336222,193,0.499133,0.168111,0.168111,AMOCLINGO-L,0.572313
Knapsack,01710-knapsack-n100-w74894-v601264-type4.asp,607,2405,0.252391,0.063701,0.016078,3.962109,15.698306,62.198394,0.332784,0.164745,0.0,0.336079,203,0.499176,0.16804,0.16804,AMOCLINGO-INF-MR,0.565969
Knapsack,01711-knapsack-n100-w73257-v595278-type4.asp,607,2405,0.252391,0.063701,0.016078,3.962109,15.698306,62.198394,0.332784,0.164745,0.0,0.336079,203,0.499176,0.16804,0.16804,AMOCLINGO-L,0.566362
Knapsack,01712-knapsack-n100-w74325-v2725677-type2.asp,607,2405,0.252391,0.063701,0.016078,3.962109,15.698306,62.198394,0.332784,0.164745,0.0,0.336079,203,0.499176,0.16804,0.16804,AMOCLINGO-L,0.564415
Knapsack,01714-knapsack-n100-w72261-v596326-type4.asp,607,2405,0.252391,0.063701,0.016078,3.962109,15.698306,62.198394,0.332784,0.164745,0.0,0.336079,203,0.499176,0.16804,0.16804,AMOCLINGO-INF-MR,0.5661189999999999
Knapsack,01717-knapsack-n100-w74829-v4391896-type2.asp,607,2405,0.252391,0.063701,0.016078,3.962109,15.698306,62.198394,0.332784,0.164745,0.0,0.336079,203,0.499176,0.16804,0.16804,AMOCLINGO-L,0.564442
Knapsack,01720-knapsack-n100-w72890-v353660-type3.asp,607,2405,0.252391,0.063701,0.016078,3.962109,15.698306,62.198394,0.332784,0.164745,0.0,0.336079,203,0.499176,0.16804,0.16804,AMOCLINGO-L,0.5699989999999999
Knapsack,01721-knapsack-n100-w75567-v662852-type3.asp,607,2405,0.252391,0.063701,0.016078,3.962109,15.698306,62.198394,0.332784,0.164745,0.0,0.336079,203,0.499176,0.16804,0.16804,AMOCLINGO-INF-MR,0.562594
Knapsack,01723-knapsack-n100-w72921-v1656726-type2.asp,607,2405,0.252391,0.063701,0.016078,3.962109,15.698306,62.198394,0.332784,0.164745,0.0,0.336079,203,0.499176,0.16804,0.16804,AMOCLINGO-L,0.561785
Knapsack,01725-knapsack-n100-w72553-v593021-type3.asp,607,2405,0.252391,0.063701,0.016078,3.962109,15.698306,62.198394,0.332784,0.164745,0.0,0.336079,203,0.499176,0.16804,0.16804,EOCLINGO-INF-MR,0.6369779999999999
Knapsack,01726-knapsack-n100-w75212-v592291-type4.asp,607,2405,0.252391,0.063701,0.016078,3.962109,15.698306,62.198394,0.332784,0.164745,0.0,0.336079,203,0.499176,0.16804,0.16804,AMOCLINGO-L,501.843202
Knapsack,01728-knapsack-n100-w73462-v292550-type1.asp,607,2405,0.252391,0.063701,0.016078,3.962109,15.698306,62.198394,0.332784,0.164745,0.0,0.336079,203,0.499176,0.16804,0.16804,AMOCLINGO-L,0.570028
Knapsack,01732-knapsack-n100-w74174-v598884-type4.asp,607,2405,0.252391,0.063701,0.016078,3.962109,15.698306,62.198394,0.332784,0.164745,0.0,0.336079,203,0.499176,0.16804,0.16804,AMOCLINGO-L,0.564545
Knapsack,01733-knapsack-n100-w74862-v346205-type3.asp,607,2405,0.252391,0.063701,0.016078,3.962109,15.698306,62.198394,0.332784,0.164745,0.0,0.336079,203,0.499176,0.16804,0.16804,AMOCLINGO-L,0.569043
Knapsack,01734-knapsack-n100-w72405-v593557-type4.asp,607,2405,0.252391,0.063701,0.016078,3.962109,15.698306,62.198394,0.332784,0.164745,0.0,0.336079,203,0.499176,0.16804,0.16804,AMOCLINGO-L,0.565059
Knapsack,01735-knapsack-n100-w73875-v3178630-type2.asp,607,2405,0.252391,0.063701,0.016078,3.962109,15.698306,62.198394,0.332784,0.164745,0.0,0.336079,203,0.499176,0.16804,0.16804,AMOCLINGO-L,0.565328
Knapsack,01736-knapsack-n100-w73255-v594505-type4.asp,607,2405,0.252391,0.063701,0.016078,3.962109,15.698306,62.198394,0.332784,0.164745,0.0,0.336079,203,0.499176,0.16804,0.16804,AMOCLINGO-L,0.56276
Knapsack,01737-knapsack-n100-w74174-v595619-type4.asp,607,2405,0.252391,0.063701,0.016078,3.962109,15.698306,62.198394,0.332784,0.164745,0.0,0.336079,203,0.499176,0.16804,0.16804,AMOCLINGO-INF-MR,0.563978
Knapsack,01739-knapsack-n100-w73822-v598823-type4.asp,607,2405,0.252391,0.063701,0.016078,3.962109,15.698306,62.198394,0.332784,0.164745,0.0,0.336079,203,0.499176,0.16804,0.16804,AMOCLINGO-L,0.5617449999999999
Knapsack,01740-knapsack-n100-w209098-v27191051-type2.asp,607,2405,0.252391,0.063701,0.016078,3.962109,15.698306,62.198394,0.332784,0.164745,0.0,0.336079,203,0.499176,0.16804,0.16804,AMOCLINGO-L,0.5640270000000001
Knapsack,01745-knapsack-n100-w211128-v1530688-type3.asp,607,2405,0.252391,0.063701,0.016078,3.962109,15.698306,62.198394,0.332784,0.164745,0.0,0.336079,203,0.499176,0.16804,0.16804,AMOCLINGO-L,0.5720729999999999
Knapsack,01746-knapsack-n100-w210329-v3531896-type3.asp,607,2405,0.252391,0.063701,0.016078,3.962109,15.698306,62.198394,0.332784,0.164745,0.0,0.336079,203,0.499176,0.16804,0.16804,AMOCLINGO-L,0.565021
Knapsack,01748-knapsack-n100-w210702-v2976094-type4.asp,607,2405,0.252391,0.063701,0.016078,3.962109,15.698306,62.198394,0.332784,0.164745,0.0,0.336079,203,0.499176,0.16804,0.16804,AMOCLINGO-INF-MR,0.569671
Knapsack,01749-knapsack-n100-w212226-v2980990-type4.asp,607,2405,0.252391,0.063701,0.016078,3.962109,15.698306,62.198394,0.332784,0.164745,0.0,0.336079,203,0.499176,0.16804,0.16804,AMOCLINGO-L,0.564373
Knapsack,01751-knapsack-n100-w212744-v1891700-type3.asp,607,2405,0.252391,0.063701,0.016078,3.962109,15.698306,62.198394,0.332784,0.164745,0.0,0.336079,203,0.499176,0.16804,0.16804,AMOCLINGO-L,0.568382
Knapsack,01753-knapsack-n100-w211370-v1738220-type3.asp,607,2405,0.252391,0.063701,0.016078,3.962109,15.698306,62.198394,0.332784,0.164745,0.0,0.336079,203,0.499176,0.16804,0.16804,AMOCLINGO-L,0.569879
Knapsack,01754-knapsack-n100-w211244-v2973970-type4.asp,607,2405,0.252391,0.063701,0.016078,3.962109,15.698306,62.198394,0.332784,0.164745,0.0,0.336079,203,0.499176,0.16804,0.16804,AMOCLINGO-INF-MR,1.064235
Knapsack,01755-knapsack-n100-w210828-v2972483-type4.asp,607,2405,0.252391,0.063701,0.016078,3.962109,15.698306,62.198394,0.332784,0.164745,0.0,0.336079,203,0.499176,0.16804,0.16804,EOCLINGO-L,17.941446
Knapsack,01756-knapsack-n100-w210350-v3330275-type3.asp,607,2405,0.252391,0.063701,0.016078,3.962109,15.698306,62.198394,0.332784,0.164745,0.0,0.336079,203,0.499176,0.16804,0.16804,AMOCLINGO-INF-MR,0.5635399999999999
Knapsack,01759-knapsack-n100-w210146-v2976975-type4.asp,607,2405,0.252391,0.063701,0.016078,3.962109,15.698306,62.198394,0.332784,0.164745,0.0,0.336079,203,0.499176,0.16804,0.16804,AMOCLINGO-INF-MR,0.5634
Knapsack,01760-knapsack-n100-w212954-v2983745-type4.asp,607,2405,0.252391,0.063701,0.016078,3.962109,15.698306,62.198394,0.332784,0.164745,0.0,0.336079,203,0.499176,0.16804,0.16804,AMOCLINGO-INF-MR,0.5642240000000001
Knapsack,01761-knapsack-n100-w209250-v16093015-type2.asp,607,2405,0.252391,0.063701,0.016078,3.962109,15.698306,62.198394,0.332784,0.164745,0.0,0.336079,203,0.499176,0.16804,0.16804,AMOCLINGO-INF-MR,0.5640210000000001
Knapsack,01763-knapsack-n100-w213523-v2173048-type3.asp,607,2405,0.252391,0.063701,0.016078,3.962109,15.698306,62.198394,0.332784,0.164745,0.0,0.336079,203,0.499176,0.16804,0.16804,CLINGO-AMO,319.14732
Knapsack,01764-knapsack-n100-w210194-v1767356-type3.asp,607,2405,0.252391,0.063701,0.016078,3.962109,15.698306,62.198394,0.332784,0.164745,0.0,0.336079,203,0.499176,0.16804,0.16804,EOCLINGO-L,0.5669150000000001
Knapsack,01765-knapsack-n100-w209741-v1510572-type3.asp,607,2405,0.252391,0.063701,0.016078,3.962109,15.698306,62.198394,0.332784,0.164745,0.0,0.336079,203,0.499176,0.16804,0.16804,EOCLINGO-L,0.568156
Knapsack,01768-knapsack-n100-w211707-v2987597-type4.asp,607,2405,0.252391,0.063701,0.016078,3.962109,15.698306,62.198394,0.332784,0.164745,0.0,0.336079,203,0.499176,0.16804,0.16804,EOCLINGO-L,0.564874
Knapsack,01769-knapsack-n100-w209487-v2006011-type3.asp,607,2405,0.252391,0.063701,0.016078,3.962109,15.698306,62.198394,0.332784,0.164745,0.0,0.336079,203,0.499176,0.16804,0.16804,AMOCLINGO-L,0.5686329999999999
Knapsack,01770-knapsack-n100-w813442-v4118945-type3.asp,607,2405,0.252391,0.063701,0.016078,3.962109,15.698306,62.198394,0.332784,0.164745,0.0,0.336079,203,0.499176,0.16804,0.16804,EOCLINGO-L,0.570959
Knapsack,01771-knapsack-n100-w813216-v6929939-type3.asp,607,2405,0.252391,0.063701,0.016078,3.962109,15.698306,62.198394,0.332784,0.164745,0.0,0.336079,203,0.499176,0.16804,0.16804,AMOCLINGO-INF-MR,0.562034
Knapsack,01772-knapsack-n100-w813293-v5835440-type4.asp,607,2405,0.252391,0.063701,0.016078,3.962109,15.698306,62.198394,0.332784,0.164745,0.0,0.336079,203,0.499176,0.16804,0.16804,EOCLINGO-L,0.568327
Knapsack,01773-knapsack-n100-w815109-v4081904-type3.asp,607,2405,0.252391,0.063701,0.016078,3.962109,15.698306,62.198394,0.332784,0.164745,0.0,0.336079,203,0.499176,0.16804,0.16804,EOCLINGO-INF-MR,1.161388
Knapsack,01774-knapsack-n100-w812483-v5842393-type4.asp,607,2405,0.252391,0.063701,0.016078,3.962109,15.698306,62.198394,0.332784,0.164745,0.0,0.336079,203,0.499176,0.16804,0.16804,AMOCLINGO-L,0.564345
Knapsack,01776-knapsack-n100-w812968-v5832228-type4.asp,607,2405,0.252391,0.063701,0.016078,3.962109,15.698306,62.198394,0.332784,0.164745,0.0,0.336079,203,0.499176,0.16804,0.16804,EOCLINGO-INF-MR,0.628805
Knapsack,01777-knapsack-n100-w815181-v3032856-type3.asp,607,2405,0.252391,0.063701,0.016078,3.962109,15.698306,62.198394,0.332784,0.164745,0.0,0.336079,203,0.499176,0.16804,0.16804,AMOCLINGO-L,0.570273
Knapsack,01778-knapsack-n100-w814018-v5838342-type4.asp,607,2405,0.252391,0.063701,0.016078,3.962109,15.698306,62.198394,0.332784,0.164745,0.0,0.336079,203,0.499176,0.16804,0.16804,AMOCLINGO-INF-MR,0.564102
Knapsack,01780-knapsack-n100-w814662-v6904426-type3.asp,607,2405,0.252391,0.063701,0.016078,3.962109,15.698306,62.198394,0.332784,0.164745,0.0,0.336079,203,0.499176,0.16804,0.16804,AMOCLINGO-INF-MR,0.5631269999999999
Knapsack,01783-knapsack-n100-w814458-v6447090-type3.asp,607,2405,0.252391,0.063701,0.016078,3.962109,15.698306,62.198394,0.332784,0.164745,0.0,0.336079,203,0.499176,0.16804,0.16804,EOCLINGO-INF-MR,0.563075
Knapsack,01784-knapsack-n100-w815200-v45473531-type2.asp,607,2405,0.252391,0.063701,0.016078,3.962109,15.698306,62.198394,0.332784,0.164745,0.0,0.336079,203,0.499176,0.16804,0.16804,AMOCLINGO-L,0.562935
Knapsack,01785-knapsack-n100-w813788-v4468467-type3.asp,607,2405,0.252391,0.063701,0.016078,3.962109,15.698306,62.198394,0.332784,0.164745,0.0,0.336079,203,0.499176,0.16804,0.16804,CLINGO-AMO,120.935056
Knapsack,01786-knapsack-n100-w814734-v5839313-type4.asp,607,2405,0.252391,0.063701,0.016078,3.962109,15.698306,62.198394,0.332784,0.164745,0.0,0.336079,203,0.499176,0.16804,0.16804,EOCLINGO-L,0.5672649999999999
Knapsack,01787-knapsack-n100-w812763-v6689370-type3.asp,607,2405,0.252391,0.063701,0.016078,3.962109,15.698306,62.198394,0.332784,0.164745,0.0,0.336079,203,0.499176,0.16804,0.16804,AMOCLINGO-L,0.564249
Knapsack,01788-knapsack-n100-w814414-v5838632-type4.asp,607,2405,0.252391,0.063701,0.016078,3.962109,15.698306,62.198394,0.332784,0.164745,0.0,0.336079,203,0.499176,0.16804,0.16804,AMOCLINGO-L,0.563041
Knapsack,01789-knapsack-n100-w813213-v5835220-type4.asp,607,2405,0.252391,0.063701,0.016078,3.962109,15.698306,62.198394,0.332784,0.164745,0.0,0.336079,203,0.499176,0.16804,0.16804,AMOCLINGO-L,0.567882
Knapsack,01791-knapsack-n100-w813592-v1194243-type1.asp,607,2405,0.252391,0.063701,0.016078,3.962109,15.698306,62.198394,0.332784,0.164745,0.0,0.336079,203,0.499176,0.16804,0.16804,AMOCLINGO-L,0.566914
Knapsack,01792-knapsack-n100-w813912-v5837318-type4.asp,607,2405,0.252391,0.063701,0.016078,3.962109,15.698306,62.198394,0.332784,0.164745,0.0,0.336079,203,0.499176,0.16804,0.16804,AMOCLINGO-L,0.562461
Knapsack,01793-knapsack-n100-w814910-v3217479-type3.asp,607,2405,0.252391,0.063701,0.016078,3.962109,15.698306,62.198394,0.332784,0.164745,0.0,0.336079,203,0.499176,0.16804,0.16804,AMOCLINGO-L,0.568369
Knapsack,01794-knapsack-n100-w813344-v58967160-type2.asp,607,2405,0.252391,0.063701,0.016078,3.962109,15.698306,62.198394,0.332784,0.164745,0.0,0.336079,203,0.499176,0.16804,0.16804,CLINGO-AMO,0.212841
Knapsack,01796-knapsack-n100-w814538-v2154649-type1.asp,607,2405,0.252391,0.063701,0.016078,3.962109,15.698306,62.198394,0.332784,0.164745,0.0,0.336079,203,0.499176,0.16804,0.16804,AMOCLINGO-L,0.568316
Knapsack,01797-knapsack-n100-w813312-v4610339-type3.asp,607,2405,0.252391,0.063701,0.016078,3.962109,15.698306,62.198394,0.332784,0.164745,0.0,0.336079,203,0.499176,0.16804,0.16804,CLINGO-AMO,144.29792899999998
Knapsack,01799-knapsack-n100-w814474-v5843081-type4.asp,607,2405,0.252391,0.063701,0.016078,3.962109,15.698306,62.198394,0.332784,0.164745,0.0,0.336079,203,0.499176,0.16804,0.16804,AMOCLINGO-INF-MR,0.570133
