domain,instance_name,r,a,r_a,r_a_2,r_a_3,a_r,a_r_2,a_r_3,f1,f2,f3,f_horn,n_facts,f_normal,f_constr,c_r,best_config,min_time,performance_ratio,bound,C1_mps,C2_sum,C3_minps,span,rho,mps_ratio,minps_ratio,tightness
GraphColouring,0074-wgc-n60-d50-p29.asp,11365,2384,4.767198,22.726177,108.340184,0.209767,0.044002,0.00923,0.010647,0.811263,0.0,0.978707,1963,0.178003,0.811351,0.811351,EOCLINGO-L,1.055746,1.3311715128449455,1149.0,3840.0,5640.0,120.0,3720.0,0.6808510638297872,0.29921875,9.575,0.20372340425531915
GraphColouring,0087-wgc-n60-d70-p59.asp,14989,2988,5.016399,25.164258,126.233958,0.199346,0.039739,0.007922,0.008073,0.816599,0.0,0.983855,2567,0.175262,0.816666,0.816666,CLINGO-AMO,0.5845779999999999,1.238147860507922,2267.0,3840.0,5640.0,120.0,3720.0,0.6808510638297872,0.5903645833333333,18.891666666666666,0.40195035460992906
GraphColouring,0090-wgc-n60-d70-p49.asp,15073,3002,5.020986,25.210301,126.580566,0.199164,0.039666,0.0079,0.008028,0.816692,0.0,0.983945,2581,0.175214,0.816758,0.816758,CLINGO-AMO,0.533946,1.361800631524536,1885.0,3840.0,5640.0,120.0,3720.0,0.6808510638297872,0.4908854166666667,15.708333333333334,0.3342198581560284
GraphColouring,0090-wgc-n60-d70-p59.asp,15073,3002,5.020986,25.210301,126.580566,0.199164,0.039666,0.0079,0.008028,0.816692,0.0,0.983945,2581,0.175214,0.816758,0.816758,CLINGO-AMO,0.549411,1.3227893143748488,2274.0,3840.0,5640.0,120.0,3720.0,0.6808510638297872,0.5921875,18.95,0.4031914893617021
GraphColouring,0094-wgc-n80-d30-p89.asp,11545,2574,4.485237,20.117351,90.231086,0.222954,0.049708,0.011083,0.013945,0.804677,0.0,0.972109,2013,0.181291,0.804764,0.804764,CLINGO-AMO,0.55636,1.216440793730678,4560.0,5120.0,7520.0,160.0,4960.0,0.6808510638297872,0.890625,28.5,0.6063829787234043
GraphColouring,0103-wgc-n80-d50-p58.asp,19741,3940,5.010406,25.104169,125.782082,0.199585,0.039834,0.00795,0.008156,0.816575,0.0,0.983689,3379,0.175219,0.816625,0.816625,CLINGO-AMO,0.540516,1.4966291469632722,3018.0,5120.0,7520.0,160.0,4960.0,0.6808510638297872,0.589453125,18.8625,0.40132978723404256
GraphColouring,0109-wgc-n80-d50-p88.asp,19429,3888,4.997171,24.971716,124.787929,0.200113,0.040045,0.008014,0.008287,0.816306,0.0,0.983427,3327,0.175356,0.816357,0.816357,CLINGO-AMO,0.539613,1.476309873928167,4541.0,5120.0,7520.0,160.0,4960.0,0.6808510638297872,0.8869140625,28.38125,0.6038563829787233
GraphColouring,0110-wgc-n80-d50-p60.asp,19429,3888,4.997171,24.971716,124.787929,0.200113,0.040045,0.008014,0.008287,0.816306,0.0,0.983427,3327,0.175356,0.816357,0.816357,CLINGO-AMO,0.6327320000000001,1.2619703128654784,3074.0,5120.0,7520.0,160.0,4960.0,0.6808510638297872,0.600390625,19.2125,0.40877659574468084
GraphColouring,0115-wgc-n80-d70-p49.asp,27577,5246,5.256767,27.6336,145.263398,0.190231,0.036188,0.006884,0.005838,0.821337,0.0,0.988324,4685,0.172789,0.821373,0.821373,CLINGO-AMO,0.659452,1.4134175042307855,2519.0,5120.0,7520.0,160.0,4960.0,0.6808510638297872,0.4919921875,15.74375,0.33497340425531913
GraphColouring,0118-wgc-n80-d70-p51.asp,27205,5184,5.247878,27.540224,144.52774,0.190553,0.036311,0.006919,0.005918,0.821173,0.0,0.988164,4623,0.172873,0.821209,0.821209,CLINGO-AMO,0.625792,1.4817575168746164,2653.0,5120.0,7520.0,160.0,4960.0,0.6808510638297872,0.5181640625,16.58125,0.3527925531914894
GraphColouring,0122-wgc-n100-d30-p79.asp,18361,3870,4.744444,22.509753,106.796273,0.210773,0.044425,0.009364,0.010947,0.810958,0.0,0.978106,3169,0.17804,0.811012,0.811012,CLINGO-AMO,0.501551,1.5767469310199762,5061.0,6400.0,9400.0,200.0,6200.0,0.6808510638297872,0.79078125,25.305,0.5384042553191489
GraphColouring,0123-wgc-n100-d30-p78.asp,18709,3928,4.762984,22.686014,108.053114,0.209952,0.04408,0.009255,0.010743,0.811374,0.0,0.978513,3227,0.177829,0.811428,0.811428,CLINGO-AMO,0.592754,1.341279856399113,4992.0,6400.0,9400.0,200.0,6200.0,0.6808510638297872,0.78,24.96,0.531063829787234
GraphColouring,0124-wgc-n100-d30-p39.asp,18517,3896,4.752823,22.58933,107.363098,0.210401,0.044269,0.009314,0.010855,0.811147,0.0,0.97829,3195,0.177945,0.811201,0.811201,EOCLINGO-L,0.79864,9.21261143944706,2501.0,6400.0,9400.0,200.0,6200.0,0.6808510638297872,0.39078125,12.505,0.26606382978723403
GraphColouring,0124-wgc-n100-d30-p79.asp,18517,3896,4.752823,22.58933,107.363098,0.210401,0.044269,0.009314,0.010855,0.811147,0.0,0.97829,3195,0.177945,0.811201,0.811201,CLINGO-AMO,0.554518,1.4401732675945598,5079.0,6400.0,9400.0,200.0,6200.0,0.6808510638297872,0.79359375,25.395,0.5403191489361702
GraphColouring,0126-wgc-n100-d30-p11.asp,18445,3884,4.74897,22.552717,107.102181,0.210572,0.044341,0.009337,0.010897,0.81106,0.0,0.978205,3183,0.177989,0.811114,0.811114,WASP-AMO,0.539198,1.4652687880889763,761.0,6400.0,9400.0,200.0,6200.0,0.6808510638297872,0.11890625,3.805,0.08095744680851064
GraphColouring,0127-wgc-n100-d30-p39.asp,18625,3914,4.758559,22.643884,107.752258,0.210148,0.044162,0.009281,0.010792,0.811275,0.0,0.978416,3213,0.177879,0.811329,0.811329,AMOCLINGO-L,2.631647,1.7272605330426154,2517.0,6400.0,9400.0,200.0,6200.0,0.6808510638297872,0.39328125,12.585,0.26776595744680853
GraphColouring,0128-wgc-n100-d30-p79.asp,18397,3876,4.746388,22.528199,106.927576,0.210687,0.044389,0.009352,0.010926,0.811002,0.0,0.978149,3175,0.178018,0.811056,0.811056,CLINGO-AMO,0.5705020000000001,1.3840109237128002,5116.0,6400.0,9400.0,200.0,6200.0,0.6808510638297872,0.799375,25.58,0.5442553191489362
GraphColouring,0129-wgc-n100-d30-p38.asp,18409,3878,4.747035,22.534337,106.971277,0.210658,0.044377,0.009348,0.010919,0.811016,0.0,0.978163,3177,0.178011,0.811071,0.811071,EOCLINGO-L,0.792297,9.584012056085026,2451.0,6400.0,9400.0,200.0,6200.0,0.6808510638297872,0.38296875,12.255,0.26074468085106384
GraphColouring,0129-wgc-n100-d30-p51.asp,18409,3878,4.747035,22.534337,106.971277,0.210658,0.044377,0.009348,0.010919,0.811016,0.0,0.978163,3177,0.178011,0.811071,0.811071,EOCLINGO-L,0.871474,1.3323931637662167,3298.0,6400.0,9400.0,200.0,6200.0,0.6808510638297872,0.5153125,16.49,0.35085106382978726
GraphColouring,0131-wgc-n100-d50-p58.asp,29749,5768,5.157594,26.600772,137.195972,0.193889,0.037593,0.007289,0.006757,0.819523,0.0,0.986487,5067,0.173687,0.819557,0.819557,CLINGO-AMO,0.7126279999999999,1.367491875143834,3767.0,6400.0,9400.0,200.0,6200.0,0.6808510638297872,0.58859375,18.835,0.40074468085106385
GraphColouring,0133-wgc-n100-d50-p60.asp,30301,5860,5.170819,26.73737,138.254105,0.193393,0.037401,0.007233,0.006633,0.819775,0.0,0.986733,5159,0.173559,0.819808,0.819808,CLINGO-AMO,0.755329,1.3094095420670993,3841.0,6400.0,9400.0,200.0,6200.0,0.6808510638297872,0.60015625,19.205,0.40861702127659577
GraphColouring,0134-wgc-n100-d50-p9.asp,30577,5906,5.177277,26.804201,138.772781,0.193152,0.037308,0.007206,0.006574,0.819897,0.0,0.986853,5205,0.173496,0.81993,0.81993,WASP-AMO,0.6338959999999999,1.5564035740878632,598.0,6400.0,9400.0,200.0,6200.0,0.6808510638297872,0.0934375,2.99,0.06361702127659574
GraphColouring,0135-wgc-n100-d50-p29.asp,30925,5964,5.185278,26.887111,139.417156,0.192854,0.037193,0.007173,0.0065,0.820049,0.0,0.987001,5263,0.17342,0.820081,0.820081,EOCLINGO-L,12.320112,2.3177948382287434,1856.0,6400.0,9400.0,200.0,6200.0,0.6808510638297872,0.29,9.28,0.1974468085106383
GraphColouring,0138-wgc-n100-d50-p68.asp,30805,5944,5.182537,26.85869,139.196154,0.192956,0.037232,0.007184,0.006525,0.819997,0.0,0.98695,5243,0.173446,0.820029,0.820029,CLINGO-AMO,0.724558,1.3685667676017654,4415.0,6400.0,9400.0,200.0,6200.0,0.6808510638297872,0.68984375,22.075,0.4696808510638298
GraphColouring,0139-wgc-n100-d50-p69.asp,30793,5942,5.182262,26.855838,139.173985,0.192966,0.037236,0.007185,0.006527,0.819992,0.0,0.986945,5241,0.173449,0.820024,0.820024,CLINGO-AMO,0.7438,1.3306426458725462,4437.0,6400.0,9400.0,200.0,6200.0,0.6808510638297872,0.69328125,22.185,0.47202127659574467
GraphColouring,0140-wgc-n100-d50-p21.asp,30877,5956,5.184184,26.875764,139.328906,0.192894,0.037208,0.007177,0.00651,0.820028,0.0,0.986981,5255,0.17343,0.82006,0.82006,EOCLINGO-L,0.997689,3.2366398747505483,1378.0,6400.0,9400.0,200.0,6200.0,0.6808510638297872,0.2153125,6.89,0.14659574468085107
GraphColouring,0140-wgc-n100-d50-p31.asp,30877,5956,5.184184,26.875764,139.328906,0.192894,0.037208,0.007177,0.00651,0.820028,0.0,0.986981,5255,0.17343,0.82006,0.82006,EOCLINGO-L,1.462456,1.2145541472700718,1999.0,6400.0,9400.0,200.0,6200.0,0.6808510638297872,0.31234375,9.995,0.21265957446808512
GraphColouring,0140-wgc-n100-d50-p9.asp,30877,5956,5.184184,26.875764,139.328906,0.192894,0.037208,0.007177,0.00651,0.820028,0.0,0.986981,5255,0.17343,0.82006,0.82006,WASP-AMO,0.769688,1.2868292087183375,578.0,6400.0,9400.0,200.0,6200.0,0.6808510638297872,0.0903125,2.89,0.06148936170212766
GraphColouring,0141-wgc-n100-d70-p21.asp,42157,7836,5.379913,28.943466,155.713337,0.185877,0.03455,0.006422,0.004768,0.823588,0.0,0.990464,7135,0.17162,0.823612,0.823612,EOCLINGO-L,1.186192,1.883908338616345,1394.0,6400.0,9400.0,200.0,6200.0,0.6808510638297872,0.2178125,6.97,0.14829787234042552
GraphColouring,0141-wgc-n100-d70-p50.asp,42157,7836,5.379913,28.943466,155.713337,0.185877,0.03455,0.006422,0.004768,0.823588,0.0,0.990464,7135,0.17162,0.823612,0.823612,CLINGO-AMO,0.951165,1.2393401775717146,3200.0,6400.0,9400.0,200.0,6200.0,0.6808510638297872,0.5,16.0,0.3404255319148936
GraphColouring,0141-wgc-n100-d70-p59.asp,42157,7836,5.379913,28.943466,155.713337,0.185877,0.03455,0.006422,0.004768,0.823588,0.0,0.990464,7135,0.17162,0.823612,0.823612,CLINGO-AMO,0.925786,1.2801705793779556,3804.0,6400.0,9400.0,200.0,6200.0,0.6808510638297872,0.594375,19.02,0.4046808510638298
GraphColouring,0141-wgc-n100-d70-p68.asp,42157,7836,5.379913,28.943466,155.713337,0.185877,0.03455,0.006422,0.004768,0.823588,0.0,0.990464,7135,0.17162,0.823612,0.823612,CLINGO-AMO,0.709515,1.6655053099652577,4373.0,6400.0,9400.0,200.0,6200.0,0.6808510638297872,0.68328125,21.865,0.4652127659574468
GraphColouring,0141-wgc-n100-d70-p78.asp,42157,7836,5.379913,28.943466,155.713337,0.185877,0.03455,0.006422,0.004768,0.823588,0.0,0.990464,7135,0.17162,0.823612,0.823612,CLINGO-AMO,0.712705,1.654367515311384,5047.0,6400.0,9400.0,200.0,6200.0,0.6808510638297872,0.78859375,25.235,0.5369148936170213
GraphColouring,0142-wgc-n100-d70-p50.asp,42097,7826,5.379121,28.934941,155.644548,0.185904,0.03456,0.006425,0.004775,0.823574,0.0,0.990451,7125,0.171627,0.823598,0.823598,CLINGO-AMO,0.904965,1.3089003442122071,3210.0,6400.0,9400.0,200.0,6200.0,0.6808510638297872,0.5015625,16.05,0.3414893617021277
GraphColouring,0143-wgc-n100-d70-p59.asp,42709,7928,5.387109,29.020943,156.338984,0.185628,0.034458,0.006396,0.004706,0.823714,0.0,0.990587,7227,0.171556,0.823737,0.823737,CLINGO-AMO,0.994026,1.201561126167726,3814.0,6400.0,9400.0,200.0,6200.0,0.6808510638297872,0.5959375,19.07,0.40574468085106385
GraphColouring,0143-wgc-n100-d70-p71.asp,42709,7928,5.387109,29.020943,156.338984,0.185628,0.034458,0.006396,0.004706,0.823714,0.0,0.990587,7227,0.171556,0.823737,0.823737,CLINGO-AMO,0.7065,1.696621372965322,4565.0,6400.0,9400.0,200.0,6200.0,0.6808510638297872,0.71328125,22.825,0.4856382978723404
GraphColouring,0144-wgc-n100-d70-p61.asp,42505,7894,5.384469,28.992509,156.109271,0.185719,0.034492,0.006406,0.004729,0.823668,0.0,0.990542,7193,0.17158,0.823691,0.823691,CLINGO-AMO,0.754814,1.5810888510282006,3938.0,6400.0,9400.0,200.0,6200.0,0.6808510638297872,0.6153125,19.69,0.41893617021276597
GraphColouring,0144-wgc-n100-d70-p71.asp,42505,7894,5.384469,28.992509,156.109271,0.185719,0.034492,0.006406,0.004729,0.823668,0.0,0.990542,7193,0.17158,0.823691,0.823691,CLINGO-AMO,0.691496,1.7225349098187115,4600.0,6400.0,9400.0,200.0,6200.0,0.6808510638297872,0.71875,23.0,0.48936170212765956
GraphColouring,0145-wgc-n100-d70-p20.asp,41857,7786,5.375931,28.900636,155.367829,0.186014,0.034601,0.006436,0.004802,0.823518,0.0,0.990396,7085,0.171656,0.823542,0.823542,EOCLINGO-INF-MR,8.045446,1.8293986436550564,1312.0,6400.0,9400.0,200.0,6200.0,0.6808510638297872,0.205,6.56,0.13957446808510637
GraphColouring,0145-wgc-n100-d70-p28.asp,41857,7786,5.375931,28.900636,155.367829,0.186014,0.034601,0.006436,0.004802,0.823518,0.0,0.990396,7085,0.171656,0.823542,0.823542,EOCLINGO-L,1.289109,1.5643285401001776,1818.0,6400.0,9400.0,200.0,6200.0,0.6808510638297872,0.2840625,9.09,0.19340425531914893
GraphColouring,0145-wgc-n100-d70-p59.asp,41857,7786,5.375931,28.900636,155.367829,0.186014,0.034601,0.006436,0.004802,0.823518,0.0,0.990396,7085,0.171656,0.823542,0.823542,CLINGO-AMO,0.756137,1.5663695864638287,3839.0,6400.0,9400.0,200.0,6200.0,0.6808510638297872,0.59984375,19.195,0.4084042553191489
GraphColouring,0145-wgc-n100-d70-p68.asp,41857,7786,5.375931,28.900636,155.367829,0.186014,0.034601,0.006436,0.004802,0.823518,0.0,0.990396,7085,0.171656,0.823542,0.823542,CLINGO-AMO,0.678923,1.730468698217618,4373.0,6400.0,9400.0,200.0,6200.0,0.6808510638297872,0.68328125,21.865,0.4652127659574468
GraphColouring,0146-wgc-n100-d70-p59.asp,42241,7850,5.381019,28.955367,155.809381,0.185838,0.034536,0.006418,0.004758,0.823607,0.0,0.990483,7149,0.171611,0.823631,0.823631,CLINGO-AMO,0.860907,1.3755132668220842,3782.0,6400.0,9400.0,200.0,6200.0,0.6808510638297872,0.5909375,18.91,0.4023404255319149
GraphColouring,0146-wgc-n100-d70-p70.asp,42241,7850,5.381019,28.955367,155.809381,0.185838,0.034536,0.006418,0.004758,0.823607,0.0,0.990483,7149,0.171611,0.823631,0.823631,CLINGO-AMO,0.730385,1.6317161497018695,4512.0,6400.0,9400.0,200.0,6200.0,0.6808510638297872,0.705,22.56,0.48
GraphColouring,0147-wgc-n100-d70-p20.asp,42517,7896,5.384625,28.994188,156.122832,0.185714,0.03449,0.006405,0.004728,0.823671,0.0,0.990545,7195,0.171578,0.823694,0.823694,EOCLINGO-INF-MR,10.230866,1.3234271663806367,1325.0,6400.0,9400.0,200.0,6200.0,0.6808510638297872,0.20703125,6.625,0.14095744680851063
GraphColouring,0147-wgc-n100-d70-p28.asp,42517,7896,5.384625,28.994188,156.122832,0.185714,0.03449,0.006405,0.004728,0.823671,0.0,0.990545,7195,0.171578,0.823694,0.823694,EOCLINGO-L,1.320642,1.4080795552466148,1799.0,6400.0,9400.0,200.0,6200.0,0.6808510638297872,0.28109375,8.995,0.19138297872340426
GraphColouring,0147-wgc-n100-d70-p60.asp,42517,7896,5.384625,28.994188,156.122832,0.185714,0.03449,0.006405,0.004728,0.823671,0.0,0.990545,7195,0.171578,0.823694,0.823694,CLINGO-AMO,0.739572,1.6090657839939857,3883.0,6400.0,9400.0,200.0,6200.0,0.6808510638297872,0.60671875,19.415,0.41308510638297874
GraphColouring,0148-wgc-n100-d70-p60.asp,42769,7938,5.387881,29.029263,156.406214,0.185602,0.034448,0.006394,0.0047,0.823727,0.0,0.990601,7237,0.171549,0.823751,0.823751,CLINGO-AMO,0.791094,1.5036822425653589,3901.0,6400.0,9400.0,200.0,6200.0,0.6808510638297872,0.60953125,19.505,0.415
GraphColouring,0148-wgc-n100-d70-p79.asp,42769,7938,5.387881,29.029263,156.406214,0.185602,0.034448,0.006394,0.0047,0.823727,0.0,0.990601,7237,0.171549,0.823751,0.823751,CLINGO-AMO,0.6585340000000001,1.8108313314118931,5112.0,6400.0,9400.0,200.0,6200.0,0.6808510638297872,0.79875,25.56,0.5438297872340425
GraphColouring,0149-wgc-n100-d70-p30.asp,41677,7756,5.373517,28.874688,155.158634,0.186098,0.034632,0.006445,0.004823,0.823476,0.0,0.990354,7055,0.171677,0.8235,0.8235,EOCLINGO-L,1.175866,1.2039407551540735,1968.0,6400.0,9400.0,200.0,6200.0,0.6808510638297872,0.3075,9.84,0.2093617021276596
GraphColouring,0149-wgc-n100-d70-p60.asp,41677,7756,5.373517,28.874688,155.158634,0.186098,0.034632,0.006445,0.004823,0.823476,0.0,0.990354,7055,0.171677,0.8235,0.8235,CLINGO-AMO,0.78047,1.5036144887055236,3873.0,6400.0,9400.0,200.0,6200.0,0.6808510638297872,0.60515625,19.365,0.41202127659574467
GraphColouring,0150-wgc-n100-d70-p60.asp,41977,7806,5.37753,28.91783,155.506502,0.185959,0.034581,0.006431,0.004788,0.823546,0.0,0.990423,7105,0.171642,0.82357,0.82357,CLINGO-AMO,0.96618,1.2206079612494567,3897.0,6400.0,9400.0,200.0,6200.0,0.6808510638297872,0.60890625,19.485,0.4145744680851064
GraphColouring,0150-wgc-n100-d70-p71.asp,41977,7806,5.37753,28.91783,155.506502,0.185959,0.034581,0.006431,0.004788,0.823546,0.0,0.990423,7105,0.171642,0.82357,0.82357,CLINGO-AMO,0.6653530000000001,1.771928585277289,4577.0,6400.0,9400.0,200.0,6200.0,0.6808510638297872,0.71515625,22.885,0.4869148936170213
GroupAssignment,00003-group_assignment-p50-pr5-sat.asp,9606,13946,0.6888,0.474445,0.326798,1.451801,2.107726,3.059999,0.407037,0.171768,0.0,0.248907,1786,0.357693,0.23527,0.23527,CLINGO-AMO,0.779788,1.5589493554658445,507308.0,10147500.0,32877900.0,3247200.0,6900300.0,0.30864197530864196,0.04999339738851934,0.15622936683912295,0.015430060922382513
GroupAssignment,00004-group_assignment-p50-pr5-sat.asp,12606,18746,0.672463,0.452207,0.304093,1.48707,2.211376,3.28847,0.405363,0.178486,0.0,0.237268,2386,0.367761,0.226876,0.226876,EOCLINGO-L,2.038364,1.3356824394465363,691779.0,13837500.0,44833500.0,4428000.0,9409500.0,0.30864197530864196,0.049993062330623304,0.15622831978319784,0.015429957509451638
GroupAssignment,00007-group_assignment-p50-pr5-middle.asp,12606,18746,0.672463,0.452207,0.304093,1.48707,2.211376,3.28847,0.405363,0.178486,0.0,0.237268,2386,0.367761,0.226876,0.226876,EOCLINGO-INF-MR,2.26846,2.999934757500683,2771441.0,13837500.0,44833500.0,4428000.0,9409500.0,0.30864197530864196,0.20028480578139116,0.6258900180668473,0.06181629808067628
GroupAssignment,00008-group_assignment-p50-pr5-middle.asp,11856,17546,0.67571,0.456583,0.308518,1.479926,2.19018,3.241304,0.405702,0.177126,0.0,0.239626,2236,0.365722,0.228576,0.228576,EOCLINGO-L,4.955829,1.239872683258442,2584070.0,12915000.0,41844600.0,4132800.0,8782200.0,0.30864197530864196,0.20008284939992257,0.6252589043747581,0.061753965864173636
GroupAssignment,00009-group_assignment-p50-pr5-middle.asp,8106,11546,0.702061,0.49289,0.346039,1.424377,2.02885,2.889847,0.40834,0.166543,0.0,0.257957,1486,0.349864,0.241796,0.241796,EOCLINGO-L,1.819947,1.6050797083651338,1660739.0,8302500.0,26900100.0,2656800.0,5645700.0,0.30864197530864196,0.20002878651008732,0.6250899578440229,0.06173727978706399
GroupAssignment,00011-group_assignment-p50-pr5-middle.asp,11106,16346,0.679432,0.461628,0.313645,1.471817,2.166245,3.188317,0.406087,0.175581,0.0,0.242301,2086,0.363407,0.230506,0.230506,EOCLINGO-INF-MR,3.017236,2.679803303420747,2402117.0,11992500.0,38855700.0,3837600.0,8154900.0,0.30864197530864196,0.20030160516989784,0.6259425161559308,0.061821483077128966
GroupAssignment,00012-group_assignment-p50-pr5-middle.asp,11106,16346,0.679432,0.461628,0.313645,1.471817,2.166245,3.188317,0.406087,0.175581,0.0,0.242301,2086,0.363407,0.230506,0.230506,EOCLINGO-L,7.179049,1.5962199171505864,2398592.0,11992500.0,38855700.0,3837600.0,8154900.0,0.30864197530864196,0.20000767146133,0.6250239733166563,0.06173076279670679
GroupAssignment,00013-group_assignment-p50-pr5-middle.asp,11106,16346,0.679432,0.461628,0.313645,1.471817,2.166245,3.188317,0.406087,0.175581,0.0,0.242301,2086,0.363407,0.230506,0.230506,AMOCLINGO-INF-MR,2.306176,1.346601473608259,2398099.0,11992500.0,38855700.0,3837600.0,8154900.0,0.30864197530864196,0.1999665624348551,0.6248955076089222,0.061718074825572566
GroupAssignment,00015-group_assignment-p50-pr5-middle.asp,11856,17546,0.67571,0.456583,0.308518,1.479926,2.19018,3.241304,0.405702,0.177126,0.0,0.239626,2236,0.365722,0.228576,0.228576,EOCLINGO-L,4.877082,2.2145440654883397,2583219.0,12915000.0,41844600.0,4132800.0,8782200.0,0.30864197530864196,0.20001695702671313,0.6250529907084785,0.06173362871194849
GroupAssignment,00031-group_assignment-p100-pr5-sat.asp,25156,37446,0.671794,0.451307,0.303186,1.488551,2.215785,3.298311,0.405867,0.178884,0.0,0.236166,4736,0.367149,0.226984,0.226984,EOCLINGO-INF-MR,3.841282,2.571973887884305,1395615.0,27900000.0,90396000.0,8928000.0,18972000.0,0.30864197530864196,0.050022043010752686,0.15631888440860214,0.015438902163812558
GroupAssignment,00032-group_assignment-p100-pr5-sat.asp,19156,27846,0.687926,0.473243,0.325556,1.453644,2.11308,3.071666,0.407705,0.17227,0.0,0.247494,3536,0.356859,0.235435,0.235435,EOCLINGO-INF-MR,2.871815,1.412215271526892,1022224.0,20460000.0,66290400.0,6547200.0,13912800.0,0.30864197530864196,0.049962072336265886,0.1561314760508309,0.01542039269637836
GroupAssignment,00033-group_assignment-p100-pr5-sat.asp,19156,27846,0.687926,0.473243,0.325556,1.453644,2.11308,3.071666,0.407705,0.17227,0.0,0.247494,3536,0.356859,0.235435,0.235435,EOCLINGO-L,3.068708,1.2194086240854458,1023390.0,20460000.0,66290400.0,6547200.0,13912800.0,0.30864197530864196,0.05001906158357771,0.15630956744868035,0.015437981970240034
GroupAssignment,00035-group_assignment-p100-pr5-sat.asp,20656,30246,0.682933,0.466398,0.318519,1.464272,2.144092,3.139534,0.407146,0.174284,0.0,0.244045,3836,0.359992,0.232862,0.232862,EOCLINGO-L,3.301954,1.8771515290643055,1115181.0,22320000.0,72316800.0,7142400.0,15177600.0,0.30864197530864196,0.049963306451612906,0.15613533266129032,0.015420773596176822
GroupAssignment,00036-group_assignment-p100-pr5-middle.asp,17656,25446,0.693862,0.481444,0.334055,1.44121,2.077086,2.993516,0.40836,0.169914,0.0,0.251529,3236,0.353194,0.238446,0.238446,EOCLINGO-INF-MR,9.683143,1.3119270261732168,3719521.0,18600000.0,60264000.0,5952000.0,12648000.0,0.30864197530864196,0.19997424731182795,0.6249195228494624,0.061720446701181465
GroupAssignment,00037-group_assignment-p100-pr5-middle.asp,17656,25446,0.693862,0.481444,0.334055,1.44121,2.077086,2.993516,0.40836,0.169914,0.0,0.251529,3236,0.353194,0.238446,0.238446,EOCLINGO-L,9.589846,1.419432178577216,3717031.0,18600000.0,60264000.0,5952000.0,12648000.0,0.30864197530864196,0.19984037634408602,0.6245011760752688,0.061679128501261116
GroupAssignment,00038-group_assignment-p100-pr5-middle.asp,22156,32646,0.678674,0.460599,0.312597,1.473461,2.171087,3.199012,0.406662,0.176025,0.0,0.241063,4136,0.362701,0.230637,0.230637,EOCLINGO-INF-MR,11.078961,1.5211290120075338,4837516.0,24180000.0,78343200.0,7737600.0,16442400.0,0.30864197530864196,0.2000626964433416,0.6251959263854425,0.061747745815846175
GroupAssignment,00039-group_assignment-p100-pr5-middle.asp,20656,30246,0.682933,0.466398,0.318519,1.464272,2.144092,3.139534,0.407146,0.174284,0.0,0.244045,3836,0.359992,0.232862,0.232862,EOCLINGO-L,13.284442,2.193247785642784,4457897.0,22320000.0,72316800.0,7142400.0,15177600.0,0.30864197530864196,0.1997265681003584,0.6241455253136201,0.06164400250011062
GroupAssignment,00040-group_assignment-p100-pr5-middle.asp,28156,42246,0.666477,0.444192,0.296044,1.500426,2.251279,3.377878,0.405242,0.181134,0.0,0.232313,5336,0.370649,0.224109,0.224109,AMOCLINGO-INF-MR,28.113427,1.2694468376267327,6328162.0,31620000.0,102448800.0,10118400.0,21501600.0,0.30864197530864196,0.20013162555344718,0.6254113298545224,0.06176902023254543
GroupAssignment,00041-group_assignment-p100-pr5-middle.asp,22156,32646,0.678674,0.460599,0.312597,1.473461,2.171087,3.199012,0.406662,0.176025,0.0,0.241063,4136,0.362701,0.230637,0.230637,AMOCLINGO-INF-MR,10.566355,2.063963684733288,4837701.0,24180000.0,78343200.0,7737600.0,16442400.0,0.30864197530864196,0.20007034739454094,0.6252198356079405,0.06175010722053733
GroupAssignment,00042-group_assignment-p100-pr5-middle.asp,20656,30246,0.682933,0.466398,0.318519,1.464272,2.144092,3.139534,0.407146,0.174284,0.0,0.244045,3836,0.359992,0.232862,0.232862,EOCLINGO-L,10.249256,1.8838043463837764,4464806.0,22320000.0,72316800.0,7142400.0,15177600.0,0.30864197530864196,0.2000361111111111,0.6251128472222223,0.061739540466392316
GroupAssignment,00043-group_assignment-p100-pr5-middle.asp,20656,30246,0.682933,0.466398,0.318519,1.464272,2.144092,3.139534,0.407146,0.174284,0.0,0.244045,3836,0.359992,0.232862,0.232862,AMOCLINGO-INF-MR,7.235959999999999,1.2420694697040893,4463577.0,22320000.0,72316800.0,7142400.0,15177600.0,0.30864197530864196,0.19998104838709677,0.6249407762096775,0.061722545798486655
GroupAssignment,00044-group_assignment-p100-pr5-middle.asp,17656,25446,0.693862,0.481444,0.334055,1.44121,2.077086,2.993516,0.40836,0.169914,0.0,0.251529,3236,0.353194,0.238446,0.238446,EOCLINGO-L,7.199291,2.321329141994677,3723290.0,18600000.0,60264000.0,5952000.0,12648000.0,0.30864197530864196,0.2001768817204301,0.6255527553763441,0.06178298818531793
GroupAssignment,00045-group_assignment-p100-pr5-middle.asp,19156,27846,0.687926,0.473243,0.325556,1.453644,2.11308,3.071666,0.407705,0.17227,0.0,0.247494,3536,0.356859,0.235435,0.235435,EOCLINGO-INF-MR,7.705756,1.9915194563648264,4091765.0,20460000.0,66290400.0,6547200.0,13912800.0,0.30864197530864196,0.19998851417399804,0.6249641067937439,0.0617248500537031
GroupAssignment,00061-group_assignment-p150-pr5-sat.asp,21356,30646,0.696861,0.485615,0.338406,1.435007,2.059244,2.955028,0.407848,0.168571,0.0,0.254776,3936,0.352875,0.239277,0.239277,AMOCLINGO-INF-MR,3.007117,1.3401234471422294,1118741.0,22380000.0,72511200.0,7161600.0,15218400.0,0.30864197530864196,0.04998842716711349,0.15621383489722968,0.01542852690343009
GroupAssignment,00062-group_assignment-p150-pr5-sat.asp,35456,52546,0.674761,0.455303,0.307221,1.482006,2.196341,3.254991,0.406419,0.177685,0.0,0.23807,6636,0.364847,0.228734,0.228734,EOCLINGO-INF-MR,3.495221,2.4089358011982647,1958297.0,39165000.0,126894600.0,12532800.0,26632200.0,0.30864197530864196,0.050001200051066,0.15625375015958126,0.015432469151563582
GroupAssignment,00065-group_assignment-p150-pr5-sat.asp,26456,38146,0.693546,0.481006,0.3336,1.441866,2.078977,2.997605,0.408603,0.170094,0.0,0.251021,4836,0.352888,0.238509,0.238509,EOCLINGO-INF-MR,2.695368,2.257292510707258,1398483.0,27975000.0,90639000.0,8952000.0,19023000.0,0.30864197530864196,0.04999045576407507,0.15622017426273457,0.015429153013603416
GroupAssignment,00066-group_assignment-p150-pr5-middle.asp,44456,66946,0.664058,0.440972,0.292831,1.505893,2.267715,3.414937,0.40512,0.182203,0.0,0.230363,8436,0.371963,0.222917,0.222917,EOCLINGO-INF-MR,64.10644,2.97583487711999,10076870.0,50355000.0,163150200.0,16113600.0,34241400.0,0.30864197530864196,0.20011657233641147,0.6253642885512859,0.06176437417790478
GroupAssignment,00067-group_assignment-p150-pr5-middle.asp,35456,52546,0.674761,0.455303,0.307221,1.482006,2.196341,3.254991,0.406419,0.177685,0.0,0.23807,6636,0.364847,0.228734,0.228734,EOCLINGO-L,14.515273,2.871208209449454,7837046.0,39165000.0,126894600.0,12532800.0,26632200.0,0.30864197530864196,0.20010330652368186,0.6253228328865058,0.06176027979125983
GroupAssignment,00070-group_assignment-p150-pr5-middle.asp,28706,41746,0.687635,0.472842,0.325142,1.45426,2.114873,3.075577,0.407929,0.172438,0.0,0.247022,5286,0.356581,0.235491,0.235491,EOCLINGO-INF-MR,20.236437,1.4910325864182514,6149171.0,30772500.0,99702900.0,9847200.0,20925300.0,0.30864197530864196,0.19982682589974815,0.624458830936713,0.061674946265354365
GroupAssignment,00071-group_assignment-p150-pr5-middle.asp,26456,38146,0.693546,0.481006,0.3336,1.441866,2.078977,2.997605,0.408603,0.170094,0.0,0.251021,4836,0.352888,0.238509,0.238509,AMOCLINGO-INF-MR,8.531452,1.357575709269653,5592635.0,27975000.0,90639000.0,8952000.0,19023000.0,0.30864197530864196,0.19991546023235032,0.6247358132260947,0.06170230254084886
GroupAssignment,00072-group_assignment-p150-pr5-middle.asp,30956,45346,0.682662,0.466028,0.318139,1.464853,2.145795,3.143275,0.407352,0.174441,0.0,0.243604,5736,0.359736,0.232911,0.232911,EOCLINGO-L,29.250718000000003,1.280475371578913,6713604.0,33570000.0,108766800.0,10742400.0,22827600.0,0.30864197530864196,0.19998820375335122,0.6249631367292225,0.061724754244861485
GroupAssignment,00073-group_assignment-p150-pr5-middle.asp,35456,52546,0.674761,0.455303,0.307221,1.482006,2.196341,3.254991,0.406419,0.177685,0.0,0.23807,6636,0.364847,0.228734,0.228734,EOCLINGO-L,37.085541,3.0788926606194043,7839019.0,39165000.0,126894600.0,12532800.0,26632200.0,0.30864197530864196,0.20015368313545256,0.6254802597982893,0.0617758281282261
GroupAssignment,00075-group_assignment-p150-pr5-middle.asp,42206,63346,0.666277,0.443925,0.295777,1.500877,2.252631,3.380921,0.405393,0.181254,0.0,0.231981,7986,0.370469,0.224139,0.224139,EOCLINGO-INF-MR,71.50215999999999,2.053965572508579,9509934.0,47557500.0,154086300.0,15218400.0,32339100.0,0.30864197530864196,0.199967071439836,0.6248970982494875,0.061718231925875305
GroupAssignment,00091-group_assignment-p200-pr5-sat.asp,35256,50846,0.693388,0.480787,0.333372,1.442194,2.079924,2.999655,0.408725,0.170184,0.0,0.250766,6436,0.352734,0.238541,0.238541,EOCLINGO-L,9.932246999999998,1.6985056855714524,1859448.0,37200000.0,120528000.0,11904000.0,25296000.0,0.30864197530864196,0.04998516129032258,0.15620362903225807,0.015427518916766228
GroupAssignment,00092-group_assignment-p200-pr5-sat.asp,50256,74846,0.671459,0.450857,0.302732,1.489295,2.217999,3.303254,0.406121,0.179083,0.0,0.235614,9436,0.366842,0.227038,0.227038,AMOCLINGO-INF-MR,29.79423,1.338419385229959,2788566.0,55800000.0,180792000.0,17856000.0,37944000.0,0.30864197530864196,0.04997430107526882,0.15616969086021507,0.015424166998539759
GroupAssignment,00094-group_assignment-p200-pr5-sat.asp,38256,55646,0.687489,0.472641,0.324935,1.454569,2.115772,3.077536,0.408041,0.172522,0.0,0.246785,7036,0.356441,0.235519,0.235519,EOCLINGO-INF-MR,12.946452,1.778011767239395,2045784.0,40920000.0,132580800.0,13094400.0,27825600.0,0.30864197530864196,0.049994721407624634,0.15623350439882697,0.015430469570254516
GroupAssignment,00095-group_assignment-p200-pr5-sat.asp,22456,31246,0.718684,0.516507,0.371205,1.391432,1.936083,2.693929,0.410135,0.160314,0.0,0.269015,4036,0.340043,0.249822,0.249822,AMOCLINGO-L,2.970535,1.2352044328715197,1115288.0,22320000.0,72316800.0,7142400.0,15177600.0,0.30864197530864196,0.04996810035842294,0.15615031362007167,0.015422253197044117
GroupAssignment,00096-group_assignment-p200-pr5-middle.asp,50256,74846,0.671459,0.450857,0.302732,1.489295,2.217999,3.303254,0.406121,0.179083,0.0,0.235614,9436,0.366842,0.227038,0.227038,EOCLINGO-INF-MR,23.925224,6.188276272773873,11156514.0,55800000.0,180792000.0,17856000.0,37944000.0,0.30864197530864196,0.19993752688172042,0.6248047715053764,0.0617091132350989
GroupAssignment,00097-group_assignment-p200-pr5-middle.asp,35256,50846,0.693388,0.480787,0.333372,1.442194,2.079924,2.999655,0.408725,0.170184,0.0,0.250766,6436,0.352734,0.238541,0.238541,EOCLINGO-INF-MR,29.0335,1.5245725110648043,7436506.0,37200000.0,120528000.0,11904000.0,25296000.0,0.30864197530864196,0.1999060752688172,0.6247064852150538,0.0616994059471658
GroupAssignment,00098-group_assignment-p200-pr5-middle.asp,44256,65246,0.678294,0.460083,0.312072,1.474286,2.173519,3.204389,0.40695,0.176247,0.0,0.240442,8236,0.362346,0.230703,0.230703,EOCLINGO-INF-MR,67.61286999999999,1.425337114073105,9664759.0,48360000.0,156686400.0,15475200.0,32884800.0,0.30864197530864196,0.1998502688172043,0.6245320900537634,0.06168218173370503
GroupAssignment,00099-group_assignment-p200-pr5-middle.asp,56256,84446,0.666177,0.443792,0.295644,1.501102,2.253308,3.382445,0.405468,0.181314,0.0,0.231815,10636,0.370378,0.224154,0.224154,AMOCLINGO-INF-MR,96.36181,1.971193276672574,12647905.0,63240000.0,204897600.0,20236800.0,43003200.0,0.30864197530864196,0.19999849778621126,0.6249953055819102,0.0617279314154973
GroupAssignment,00100-group_assignment-p200-pr5-middle.asp,35256,50846,0.693388,0.480787,0.333372,1.442194,2.079924,2.999655,0.408725,0.170184,0.0,0.250766,6436,0.352734,0.238541,0.238541,EOCLINGO-INF-MR,26.591469,2.4222179301188667,7439252.0,37200000.0,120528000.0,11904000.0,25296000.0,0.30864197530864196,0.1999798924731183,0.6249371639784946,0.06172218903491305
GroupAssignment,00101-group_assignment-p200-pr5-middle.asp,35256,50846,0.693388,0.480787,0.333372,1.442194,2.079924,2.999655,0.408725,0.170184,0.0,0.250766,6436,0.352734,0.238541,0.238541,AMOCLINGO-L,27.698942,1.429796704870533,7435939.0,37200000.0,120528000.0,11904000.0,25296000.0,0.30864197530864196,0.19989083333333332,0.6246588541666667,0.06169470164609053
GroupAssignment,00102-group_assignment-p200-pr5-middle.asp,44256,65246,0.678294,0.460083,0.312072,1.474286,2.173519,3.204389,0.40695,0.176247,0.0,0.240442,8236,0.362346,0.230703,0.230703,EOCLINGO-L,95.679632,2.369032199036886,9671138.0,48360000.0,156686400.0,15475200.0,32884800.0,0.30864197530864196,0.19998217535153018,0.6249442979735318,0.06172289362701549
GroupAssignment,00103-group_assignment-p200-pr5-middle.asp,47256,70046,0.674642,0.455142,0.307058,1.482267,2.197115,3.25671,0.406509,0.177755,0.0,0.237875,8836,0.364737,0.228754,0.228754,AMOCLINGO-L,84.44737400000001,1.5902541267890695,10415186.0,52080000.0,168739200.0,16665600.0,35414400.0,0.30864197530864196,0.19998437019969278,0.6249511568740399,0.0617235710492879
GroupAssignment,00104-group_assignment-p200-pr5-middle.asp,47256,70046,0.674642,0.455142,0.307058,1.482267,2.197115,3.25671,0.406509,0.177755,0.0,0.237875,8836,0.364737,0.228754,0.228754,EOCLINGO-INF-MR,58.47275,1.3223955090191588,10406074.0,52080000.0,168739200.0,16665600.0,35414400.0,0.30864197530864196,0.19980940860215055,0.6244044018817204,0.0616695705562193
GroupAssignment,00121-group_assignment-p250-pr5-sat.asp,59056,87546,0.674571,0.455046,0.306961,1.482423,2.197579,3.257743,0.406563,0.177797,0.0,0.237757,11036,0.364671,0.228766,0.228766,EOCLINGO-INF-MR,11.672562,2.555927995927544,3249519.0,64995000.0,210583800.0,20798400.0,44196600.0,0.30864197530864196,0.04999644588045234,0.15623889337641356,0.015431001814954427
GroupAssignment,00122-group_assignment-p250-pr5-sat.asp,44056,63546,0.693293,0.480655,0.333235,1.442392,2.080493,3.000886,0.408798,0.170238,0.0,0.250613,8036,0.352642,0.23856,0.23856,AMOCLINGO-INF-MR,11.275818,1.235138506137648,2321780.0,46425000.0,150417000.0,14856000.0,31569000.0,0.30864197530864196,0.050011416262789446,0.15628567582121702,0.015435622303330076
GroupAssignment,00125-group_assignment-p250-pr5-sat.asp,44056,63546,0.693293,0.480655,0.333235,1.442392,2.080493,3.000886,0.408798,0.170238,0.0,0.250613,8036,0.352642,0.23856,0.23856,EOCLINGO-L,6.997618999999999,3.032876611315935,2318874.0,46425000.0,150417000.0,14856000.0,31569000.0,0.30864197530864196,0.04994882067851373,0.1560900646203554,0.015416302678553621
GroupAssignment,00126-group_assignment-p250-pr5-middle.asp,51556,75546,0.682445,0.465731,0.317836,1.465319,2.147161,3.146276,0.407518,0.174567,0.0,0.24325,9536,0.359531,0.232951,0.232951,EOCLINGO-L,148.94457100000002,1.6183059535617443,11143198.0,55710000.0,180500400.0,17827200.0,37882800.0,0.30864197530864196,0.2000215042182732,0.6250672006821038,0.061735032166133706
GroupAssignment,00128-group_assignment-p250-pr5-middle.asp,47806,69546,0.687401,0.47252,0.324811,1.454755,2.116311,3.078713,0.408108,0.172572,0.0,0.246643,8786,0.356357,0.235535,0.235535,AMOCLINGO-L,57.929495,1.4804016675788387,10217064.0,51067500.0,165458700.0,16341600.0,34725900.0,0.30864197530864196,0.20006978998384492,0.6252180936995153,0.06174993518019905
GroupAssignment,00129-group_assignment-p250-pr5-middle.asp,62806,93546,0.671392,0.450767,0.302641,1.489444,2.218442,3.304245,0.406171,0.179123,0.0,0.235503,11786,0.36678,0.227048,0.227048,EOCLINGO-L,148.55066399999998,1.7491689569290652,13928592.0,69637500.0,225625500.0,22284000.0,47353500.0,0.30864197530864196,0.20001568120624663,0.6250490037695208,0.061733234940199576
GroupAssignment,00130-group_assignment-p250-pr5-middle.asp,59056,87546,0.674571,0.455046,0.306961,1.482423,2.197579,3.257743,0.406563,0.177797,0.0,0.237757,11036,0.364671,0.228766,0.228766,EOCLINGO-INF-MR,63.995546,1.212640157800982,13005070.0,64995000.0,210583800.0,20798400.0,44196600.0,0.30864197530864196,0.2000933917993692,0.6252918493730287,0.06175721969116333
GroupAssignment,00132-group_assignment-p250-pr5-middle.asp,32306,45296,0.71322,0.508682,0.362802,1.402092,1.965863,2.756322,0.41045,0.162509,0.0,0.264378,5786,0.341608,0.247942,0.247942,EOCLINGO-INF-MR,12.061339,1.4965481859020795,6494062.0,32497500.0,105291900.0,10399200.0,22098300.0,0.30864197530864196,0.19983266405108085,0.6244770751596277,0.061676748163913844
GroupAssignment,00133-group_assignment-p250-pr5-middle.asp,81556,123546,0.660127,0.435767,0.287661,1.514861,2.294804,3.476309,0.404753,0.183923,0.0,0.227341,15536,0.374418,0.22083,0.22083,EOCLINGO-INF-MR,42.65429,11.030193914844205,18556109.0,92850000.0,300834000.0,29712000.0,63138000.0,0.30864197530864196,0.1998503931071621,0.6245324784598816,0.06168222009480311
GroupAssignment,00135-group_assignment-p250-pr5-middle.asp,55306,81546,0.678218,0.45998,0.311967,1.474451,2.174006,3.205466,0.407008,0.176292,0.0,0.240318,10286,0.362275,0.230716,0.230716,EOCLINGO-INF-MR,57.83133,1.7004061639253325,12083690.0,60352500.0,195542100.0,19312800.0,41039700.0,0.30864197530864196,0.2002185493558676,0.6256829667370862,0.06179584856662581
GroupAssignment,00137-group_assignment-p250-pr5-punsat.asp,81556,123546,0.660127,0.435767,0.287661,1.514861,2.294804,3.476309,0.404753,0.183923,0.0,0.227341,15536,0.374418,0.22083,0.22083,AMOCLINGO-INF-MR,662.9722800000001,1.8176237986903463,83597463.0,92850000.0,300834000.0,29712000.0,63138000.0,0.30864197530864196,0.9003496284329564,2.813592588852989,0.2778856877879495
GroupAssignment,00139-group_assignment-p250-pr5-punsat.asp,47806,69546,0.687401,0.47252,0.324811,1.454755,2.116311,3.078713,0.408108,0.172572,0.0,0.246643,8786,0.356357,0.235535,0.235535,AMOCLINGO-INF-MR,570.7644,2.1111097118180457,45964053.0,51067500.0,165458700.0,16341600.0,34725900.0,0.30864197530864196,0.9000646791011896,2.8127021221912174,0.2777977404633301
GroupAssignment,00143-group_assignment-p250-pr5-punsat.asp,47806,69546,0.687401,0.47252,0.324811,1.454755,2.116311,3.078713,0.408108,0.172572,0.0,0.246643,8786,0.356357,0.235535,0.235535,AMOCLINGO-INF-MR,596.27874,2.0208348313743336,45978957.0,51067500.0,165458700.0,16341600.0,34725900.0,0.30864197530864196,0.900356528124541,2.8136141503891907,0.2778878173223892
GroupAssignment,00151-group_assignment-p300-pr5-sat.asp,43256,61546,0.702824,0.493961,0.347168,1.422832,2.02445,2.880451,0.409423,0.166451,0.0,0.25756,7836,0.347605,0.242972,0.242972,EOCLINGO-L,12.78306,1.9057686500728304,2232037.0,44640000.0,144633600.0,14284800.0,30355200.0,0.30864197530864196,0.050000828853046596,0.15625259016577062,0.01543235458427364
GroupAssignment,00152-group_assignment-p300-pr5-sat.asp,66356,97846,0.678168,0.459911,0.311897,1.474561,2.174331,3.206185,0.407047,0.176322,0.0,0.240234,12336,0.362228,0.230725,0.230725,EOCLINGO-L,21.409315,2.4943395900335905,3628661.0,72540000.0,235029600.0,23212800.0,49327200.0,0.30864197530864196,0.05002289771160739,0.1563215553487731,0.01543916596037265
GroupAssignment,00153-group_assignment-p300-pr5-sat.asp,70856,105046,0.674524,0.454982,0.306896,1.482528,2.197889,3.258432,0.406599,0.177825,0.0,0.237679,13236,0.364627,0.228774,0.228774,EOCLINGO-INF-MR,48.278145,1.4710611395694675,3906730.0,78120000.0,253108800.0,24998400.0,53121600.0,0.30864197530864196,0.05000934459805428,0.1562792018689196,0.015434982900634036
GroupAssignment,00154-group_assignment-p300-pr5-sat.asp,57356,83446,0.687343,0.47244,0.324728,1.454878,2.116671,3.079499,0.408153,0.172606,0.0,0.246548,10536,0.356301,0.235546,0.235546,EOCLINGO-L,14.584648,2.609968440787876,3069729.0,61380000.0,198871200.0,19641600.0,41738400.0,0.30864197530864196,0.050011876832844575,0.1562871151026393,0.015435764454581658
GroupAssignment,00155-group_assignment-p300-pr5-sat.asp,61856,90646,0.682391,0.465657,0.31776,1.465436,2.147502,3.147027,0.407559,0.174599,0.0,0.243162,11436,0.35948,0.23296,0.23296,EOCLINGO-L,25.493617,2.329859901794241,3346857.0,66960000.0,216950400.0,21427200.0,45532800.0,0.30864197530864196,0.049982930107526885,0.1561966565860215,0.01542683028010089
GroupAssignment,00157-group_assignment-p300-pr5-middle.asp,70856,105046,0.674524,0.454982,0.306896,1.482528,2.197889,3.258432,0.406599,0.177825,0.0,0.237679,13236,0.364627,0.228774,0.228774,EOCLINGO-INF-MR,213.36273000000003,1.3548240829126996,15624070.0,78120000.0,253108800.0,24998400.0,53121600.0,0.30864197530864196,0.20000089605734767,0.6250028001792115,0.06172867162263817
GroupAssignment,00158-group_assignment-p300-pr5-middle.asp,75356,112246,0.671347,0.450707,0.30258,1.489543,2.218738,3.304906,0.406205,0.17915,0.0,0.235429,14136,0.366739,0.227056,0.227056,EOCLINGO-INF-MR,20.057121,3.241332093474433,16738494.0,83700000.0,271188000.0,26784000.0,56916000.0,0.30864197530864196,0.1999820071684588,0.6249437724014337,0.06172284171866012
GroupAssignment,00160-group_assignment-p300-pr5-middle.asp,57356,83446,0.687343,0.47244,0.324728,1.454878,2.116671,3.079499,0.408153,0.172606,0.0,0.246548,10536,0.356301,0.235546,0.235546,EOCLINGO-L,111.542114,1.307266679561049,12269542.0,61380000.0,198871200.0,19641600.0,41738400.0,0.30864197530864196,0.19989478657543175,0.6246712080482242,0.06169592178254066
GroupAssignment,00162-group_assignment-p300-pr5-middle.asp,70856,105046,0.674524,0.454982,0.306896,1.482528,2.197889,3.258432,0.406599,0.177825,0.0,0.237679,13236,0.364627,0.228774,0.228774,AMOCLINGO-L,102.628548,1.434310071306865,15623729.0,78120000.0,253108800.0,24998400.0,53121600.0,0.30864197530864196,0.1999965309779826,0.6249891593061956,0.06172732437592055
GroupAssignment,00164-group_assignment-p300-pr5-middle.asp,47156,68446,0.688952,0.474655,0.327014,1.45148,2.106795,3.057971,0.407371,0.17177,0.0,0.248982,8736,0.357028,0.235601,0.235601,EOCLINGO-L,78.450928,1.7230262719135712,10040640.0,50220000.0,162712800.0,16070400.0,34149600.0,0.30864197530864196,0.1999330943847073,0.6247909199522103,0.061707745180465214
GroupAssignment,00165-group_assignment-p300-pr5-middle.asp,66356,97846,0.678168,0.459911,0.311897,1.474561,2.174331,3.206185,0.407047,0.176322,0.0,0.240234,12336,0.362228,0.230725,0.230725,EOCLINGO-INF-MR,251.05568,1.7033201559112303,14502699.0,72540000.0,235029600.0,23212800.0,49327200.0,0.30864197530864196,0.19992692307692309,0.6247716346153847,0.061705840455840454
GroupAssignment,00166-group_assignment-p300-pr5-punsat.asp,66356,97846,0.678168,0.459911,0.311897,1.474561,2.174331,3.206185,0.407047,0.176322,0.0,0.240234,12336,0.362228,0.230725,0.230725,AMOCLINGO-INF-MR,638.5223599999999,1.887009275603129,65210157.0,72540000.0,235029600.0,23212800.0,49327200.0,0.30864197530864196,0.8989544665012407,2.8092327078163772,0.2774550822534694
GroupAssignment,00169-group_assignment-p300-pr5-punsat.asp,79856,119446,0.668553,0.446963,0.298819,1.495767,2.23732,3.34651,0.405856,0.180325,0.0,0.233433,15036,0.368614,0.225531,0.225531,AMOCLINGO-INF-MR,669.1449200000001,1.8006120094283908,80393976.0,89280000.0,289267200.0,28569600.0,60710400.0,0.30864197530864196,0.9004701612903225,2.813969254032258,0.2779228892871366
GroupAssignment,00173-group_assignment-p300-pr5-punsat.asp,61856,90646,0.682391,0.465657,0.31776,1.465436,2.147502,3.147027,0.407559,0.174599,0.0,0.243162,11436,0.35948,0.23296,0.23296,AMOCLINGO-INF-MR,595.99101,2.021738621527194,60308973.0,66960000.0,216950400.0,21427200.0,45532800.0,0.30864197530864196,0.9006716397849462,2.814598874327957,0.27798507400769945
GroupAssignment,00174-group_assignment-p300-pr5-punsat.asp,75356,112246,0.671347,0.450707,0.30258,1.489543,2.218738,3.304906,0.406205,0.17915,0.0,0.235429,14136,0.366739,0.227056,0.227056,AMOCLINGO-INF-MR,598.87764,2.012007593070264,75290533.0,83700000.0,271188000.0,26784000.0,56916000.0,0.30864197530864196,0.8995284707287933,2.8110264710274793,0.2776322440520967
GroupAssignment,00184-group_assignment-p50-pr10-sat.asp,19391,29571,0.655744,0.43,0.28197,1.524986,2.325582,3.546479,0.40328,0.185653,0.0,0.224898,3751,0.379093,0.217627,0.217627,CLINGO-AMO,0.599856,2.897942172788136,553660.0,22140000.0,71733600.0,7084800.0,15055200.0,0.30864197530864196,0.025007226738934057,0.07814758355916893,0.007718279857695696
GroupAssignment,00186-group_assignment-p50-pr10-middle.asp,21641,33171,0.652407,0.425635,0.277687,1.532785,2.34943,3.601171,0.402939,0.187145,0.0,0.22231,4201,0.381267,0.215794,0.215794,EOCLINGO-L,5.785051,1.3909083947574532,2490811.0,24907500.0,80700300.0,7970400.0,16937100.0,0.30864197530864196,0.10000244906152765,0.3125076533172739,0.030864953414051745
GroupAssignment,00188-group_assignment-p50-pr10-middle.asp,23891,36771,0.649724,0.422141,0.274275,1.539115,2.368875,3.645972,0.402662,0.188355,0.0,0.220208,4651,0.383031,0.214307,0.214307,AMOCLINGO-INF-MR,2.586685,3.5788992474924477,2768062.0,27675000.0,89667000.0,8856000.0,18819000.0,0.30864197530864196,0.1000203071364047,0.31256345980126465,0.030870465165557005
GroupAssignment,00192-group_assignment-p50-pr10-middle.asp,15641,23571,0.66357,0.440325,0.292186,1.507001,2.271052,3.422477,0.404066,0.182213,0.0,0.230868,3001,0.374081,0.221853,0.221853,AMOCLINGO-INF-MR,1.564351,1.3879103858405175,1752206.0,17527500.0,56789100.0,5608800.0,11918700.0,0.30864197530864196,0.09996896305805163,0.31240300955641137,0.030854618227793715
GroupAssignment,00212-group_assignment-p100-pr10-sat.asp,47691,73471,0.649113,0.421348,0.273503,1.540563,2.373335,3.656273,0.403011,0.188715,0.0,0.21935,9251,0.382693,0.214296,0.214296,AMOCLINGO-L,6.844725,1.2001281278648883,1394865.0,55800000.0,180792000.0,17856000.0,37944000.0,0.30864197530864196,0.02499758064516129,0.07811743951612904,0.007715302668259657
GroupAssignment,00213-group_assignment-p100-pr10-sat.asp,29691,44671,0.664659,0.441772,0.293628,1.50453,2.26361,3.40567,0.404836,0.181873,0.0,0.23108,5651,0.3722,0.222963,0.222963,AMOCLINGO-INF-MR,2.247453,1.4949531758839896,837139.0,33480000.0,108475200.0,10713600.0,22766400.0,0.30864197530864196,0.02500415173237754,0.0781379741636798,0.007717330781598006
GroupAssignment,00216-group_assignment-p100-pr10-middle.asp,40191,61471,0.653821,0.427481,0.279496,1.529472,2.339284,3.577869,0.403573,0.186609,0.0,0.22296,7751,0.379463,0.216964,0.216964,AMOCLINGO-INF-MR,10.109107,2.7721924399454867,4650704.0,46500000.0,150660000.0,14880000.0,31620000.0,0.30864197530864196,0.10001513978494624,0.312547311827957,0.030868870303995752
GroupAssignment,00218-group_assignment-p100-pr10-middle.asp,40191,61471,0.653821,0.427481,0.279496,1.529472,2.339284,3.577869,0.403573,0.186609,0.0,0.22296,7751,0.379463,0.216964,0.216964,AMOCLINGO-INF-MR,14.959152,1.5431245033140917,4650530.0,46500000.0,150660000.0,14880000.0,31620000.0,0.30864197530864196,0.10001139784946236,0.3125356182795699,0.030867715385636534
GroupAssignment,00220-group_assignment-p100-pr10-middle.asp,44691,68671,0.650799,0.423539,0.275639,1.536573,2.361058,3.627938,0.403213,0.187957,0.0,0.220648,8651,0.381531,0.215256,0.215256,EOCLINGO-INF-MR,34.048238,1.4782507100661126,5206099.0,52080000.0,168739200.0,16665600.0,35414400.0,0.30864197530864196,0.09996349846390169,0.3123859326996928,0.030852931624661014
GroupAssignment,00221-group_assignment-p100-pr10-middle.asp,34191,51871,0.659154,0.434485,0.286392,1.517095,2.301578,3.491712,0.4042,0.184259,0.0,0.22699,6551,0.375859,0.219941,0.219941,AMOCLINGO-INF-MR,8.527351,2.292261453762136,3904804.0,39060000.0,126554400.0,12499200.0,26560800.0,0.30864197530864196,0.09996938044034819,0.3124043138760881,0.03085474704949018
GroupAssignment,00222-group_assignment-p100-pr10-middle.asp,43191,66271,0.651733,0.424756,0.276827,1.534371,2.354293,3.612358,0.403325,0.187539,0.0,0.221366,8351,0.38089,0.215786,0.215786,AMOCLINGO-INF-MR,13.761599,2.687917661312468,5022930.0,50220000.0,162712800.0,16070400.0,34149600.0,0.30864197530864196,0.10001851851851852,0.31255787037037036,0.030869913122999543
GroupAssignment,00223-group_assignment-p100-pr10-middle.asp,37191,56671,0.656262,0.430679,0.282638,1.523783,2.321914,3.538092,0.403861,0.185529,0.0,0.224812,7151,0.377806,0.218332,0.218332,EOCLINGO-INF-MR,13.63661,1.3285208713895902,4274459.0,42780000.0,138607200.0,13689600.0,29090400.0,0.30864197530864196,0.09991722767648434,0.31224133648901353,0.03083865051743344
GroupAssignment,00224-group_assignment-p100-pr10-middle.asp,38691,59071,0.654991,0.429014,0.281,1.526737,2.330927,3.558714,0.403711,0.18609,0.0,0.223851,7451,0.378667,0.217622,0.217622,AMOCLINGO-INF-MR,7.617898,4.05465890984626,4463581.0,44640000.0,144633600.0,14284800.0,30355200.0,0.30864197530864196,0.09999061379928316,0.31247066812275986,0.030861300555334308
GroupAssignment,00241-group_assignment-p150-pr10-sat.asp,60241,92171,0.653579,0.427165,0.279186,1.530038,2.341015,3.581842,0.403712,0.18675,0.0,0.222622,11601,0.379326,0.216962,0.216962,EOCLINGO-L,10.480448,1.3771090701466195,1748395.0,69937500.0,226597500.0,22380000.0,47557500.0,0.30864197530864196,0.024999392314566576,0.07812310098302055,0.0077158618254835115
GroupAssignment,00242-group_assignment-p150-pr10-sat.asp,64741,99371,0.651508,0.424463,0.276541,1.534901,2.35592,3.616103,0.403454,0.187671,0.0,0.22105,12501,0.380763,0.215783,0.215783,AMOCLINGO-L,11.465016,1.214670437442041,1888538.0,75532500.0,244725300.0,24170400.0,51362100.0,0.30864197530864196,0.025002985469830867,0.07813432959322146,0.0077169708240218725
GroupAssignment,00245-group_assignment-p150-pr10-sat.asp,57991,88571,0.65474,0.428685,0.280677,1.527323,2.332716,3.562812,0.403856,0.186236,0.0,0.2235,11151,0.378524,0.21762,0.21762,EOCLINGO-INF-MR,8.485057,1.2996028194035705,1678192.0,67140000.0,217533600.0,21484800.0,45655200.0,0.30864197530864196,0.02499541257074769,0.07811066428358654,0.0077146335094900285
GroupAssignment,00246-group_assignment-p150-pr10-middle.asp,64741,99371,0.651508,0.424463,0.276541,1.534901,2.35592,3.616103,0.403454,0.187671,0.0,0.22105,12501,0.380763,0.215783,0.215783,EOCLINGO-INF-MR,10.903543,3.628435546133949,7550292.0,75532500.0,244725300.0,24170400.0,51362100.0,0.30864197530864196,0.0999608380498461,0.31237761890576904,0.030852110509211758
GroupAssignment,00248-group_assignment-p150-pr10-middle.asp,60241,92171,0.653579,0.427165,0.279186,1.530038,2.341015,3.581842,0.403712,0.18675,0.0,0.222622,11601,0.379326,0.216962,0.216962,EOCLINGO-L,39.048494,1.813650995093434,6990803.0,69937500.0,226597500.0,22380000.0,47557500.0,0.30864197530864196,0.09995786237712243,0.3123683199285076,0.030851192091704453
GroupAssignment,00249-group_assignment-p150-pr10-middle.asp,71491,110171,0.648909,0.421083,0.273245,1.541047,2.374826,3.659719,0.403128,0.188835,0.0,0.219063,13851,0.38258,0.214293,0.214293,AMOCLINGO-INF-MR,20.138834000000003,2.558572656192508,8390859.0,83925000.0,271917000.0,26856000.0,57069000.0,0.30864197530864196,0.09998044682752458,0.3124388963360143,0.03085816260108783
GroupAssignment,00250-group_assignment-p150-pr10-middle.asp,48991,74171,0.660514,0.436279,0.288169,1.513972,2.292111,3.470192,0.404564,0.183707,0.0,0.227817,9351,0.374579,0.220857,0.220857,EOCLINGO-INF-MR,16.017611000000002,1.7764340137864505,5596030.0,55950000.0,181278000.0,17904000.0,38046000.0,0.30864197530864196,0.10001840929401251,0.3125575290437891,0.030869879411732255
GroupAssignment,00253-group_assignment-p150-pr10-middle.asp,71491,110171,0.648909,0.421083,0.273245,1.541047,2.374826,3.659719,0.403128,0.188835,0.0,0.219063,13851,0.38258,0.214293,0.214293,AMOCLINGO-L,93.281444,1.4112042476529414,8396673.0,83925000.0,271917000.0,26856000.0,57069000.0,0.30864197530864196,0.10004972296693476,0.3126553842716711,0.03087954412559715
GroupAssignment,00272-group_assignment-p200-pr10-sat.asp,74291,113271,0.65587,0.430165,0.282132,1.524693,2.32469,3.54444,0.404087,0.185756,0.0,0.224267,14251,0.377583,0.218331,0.218331,AMOCLINGO-INF-MR,12.525666,2.1711398819032857,2139331.0,85560000.0,277214400.0,27379200.0,58180800.0,0.30864197530864196,0.02500386863020103,0.07813708946937821,0.0077172434043830335
GroupAssignment,00274-group_assignment-p200-pr10-sat.asp,74291,113271,0.65587,0.430165,0.282132,1.524693,2.32469,3.54444,0.404087,0.185756,0.0,0.224267,14251,0.377583,0.218331,0.218331,EOCLINGO-INF-MR,9.118556,1.386932426581577,2138937.0,85560000.0,277214400.0,27379200.0,58180800.0,0.30864197530864196,0.024999263674614306,0.0781226989831697,0.007715822121794539
GroupAssignment,00276-group_assignment-p200-pr10-middle.asp,89291,137271,0.650472,0.423114,0.275224,1.537344,2.363427,3.633401,0.4034,0.188149,0.0,0.22019,17251,0.381349,0.215251,0.215251,EOCLINGO-INF-MR,82.41606,1.29209464757233,10409693.0,104160000.0,337478400.0,33331200.0,70828800.0,0.30864197530864196,0.09993944892473118,0.31231077788978495,0.03084550892738617
GroupAssignment,00278-group_assignment-p200-pr10-middle.asp,95291,146871,0.648807,0.420951,0.273116,1.541289,2.375573,3.661445,0.403186,0.188895,0.0,0.218919,18451,0.382523,0.214291,0.214291,AMOCLINGO-INF-MR,97.67636,1.9437609878173183,11155800.0,111600000.0,361584000.0,35712000.0,75888000.0,0.30864197530864196,0.09996236559139784,0.3123823924731183,0.030852581972653656
GroupAssignment,00279-group_assignment-p200-pr10-middle.asp,59291,89271,0.664169,0.44112,0.292978,1.505642,2.266957,3.413225,0.405121,0.182152,0.0,0.230406,11251,0.371911,0.222968,0.222968,AMOCLINGO-INF-MR,9.750867,3.137824564728449,6696751.0,66960000.0,216950400.0,21427200.0,45532800.0,0.30864197530864196,0.10001121565113501,0.3125350489097969,0.03086765915158488
GroupAssignment,00281-group_assignment-p200-pr10-middle.asp,65291,98871,0.660366,0.436083,0.287974,1.514313,2.293143,3.472536,0.40465,0.183793,0.0,0.227612,12451,0.374493,0.220857,0.220857,AMOCLINGO-INF-MR,26.5043,3.0401950249582144,7438307.0,74400000.0,241056000.0,23808000.0,50592000.0,0.30864197530864196,0.09997724462365591,0.3124288894489247,0.030857174266560466
GroupAssignment,00282-group_assignment-p200-pr10-middle.asp,65291,98871,0.660366,0.436083,0.287974,1.514313,2.293143,3.472536,0.40465,0.183793,0.0,0.227612,12451,0.374493,0.220857,0.220857,EOCLINGO-INF-MR,20.539869,2.216982007042012,7435585.0,74400000.0,241056000.0,23808000.0,50592000.0,0.30864197530864196,0.09994065860215054,0.31231455813172043,0.030845882284614365
GroupAssignment,00283-group_assignment-p200-pr10-middle.asp,89291,137271,0.650472,0.423114,0.275224,1.537344,2.363427,3.633401,0.4034,0.188149,0.0,0.22019,17251,0.381349,0.215251,0.215251,AMOCLINGO-INF-MR,40.99716,3.761393716052526,10416379.0,104160000.0,337478400.0,33331200.0,70828800.0,0.30864197530864196,0.10000363863287251,0.31251137072772656,0.03086532056570139
GroupAssignment,00284-group_assignment-p200-pr10-middle.asp,92291,142071,0.649612,0.421996,0.274133,1.539381,2.369693,3.647861,0.40329,0.188534,0.0,0.219534,17851,0.381955,0.214756,0.214756,EOCLINGO-INF-MR,54.56562,2.560935255569349,10786390.0,107880000.0,349531200.0,34521600.0,73358400.0,0.30864197530864196,0.09998507601038191,0.31245336253244343,0.030859591361228983
GroupAssignment,00285-group_assignment-p200-pr10-middle.asp,80291,122871,0.653458,0.427007,0.279031,1.530321,2.341882,3.583831,0.403781,0.18682,0.0,0.222453,15451,0.379258,0.216961,0.216961,AMOCLINGO-INF-MR,105.49784,1.398536842081317,9302418.0,93000000.0,301320000.0,29760000.0,63240000.0,0.30864197530864196,0.100026,0.31258125,0.03087222222222222
GroupAssignment,00302-group_assignment-p250-pr10-sat.asp,89091,135571,0.657154,0.431851,0.283793,1.521714,2.315613,3.5237,0.404306,0.185204,0.0,0.225174,17051,0.376592,0.219102,0.219102,EOCLINGO-INF-MR,14.109375,1.917363738648948,2553612.0,102135000.0,330917400.0,32683200.0,69451800.0,0.30864197530864196,0.025002320458217066,0.07813225143192833,0.007716765573523785
GroupAssignment,00303-group_assignment-p250-pr10-sat.asp,100341,153571,0.653385,0.426912,0.278938,1.530491,2.342403,3.585026,0.403823,0.186863,0.0,0.222352,19301,0.379217,0.21696,0.21696,EOCLINGO-L,28.582202,1.3714891525852348,2900860.0,116062500.0,376042500.0,37140000.0,78922500.0,0.30864197530864196,0.024993947226709747,0.07810608508346796,0.007714181242811651
GroupAssignment,00305-group_assignment-p250-pr10-sat.asp,89091,135571,0.657154,0.431851,0.283793,1.521714,2.315613,3.5237,0.404306,0.185204,0.0,0.225174,17051,0.376592,0.219102,0.219102,EOCLINGO-INF-MR,8.779836,2.573494083488576,2552574.0,102135000.0,330917400.0,32683200.0,69451800.0,0.30864197530864196,0.024992157438684093,0.0781004919958878,0.007713628839100029
GroupAssignment,00306-group_assignment-p250-pr10-middle.asp,104091,159571,0.652318,0.425518,0.277573,1.532995,2.350074,3.602652,0.403685,0.187336,0.0,0.221547,20051,0.379966,0.216349,0.216349,EOCLINGO-L,164.533743,1.4986879560626056,12063999.0,120705000.0,391084200.0,38625600.0,82079400.0,0.30864197530864196,0.09994614141916242,0.3123316919348826,0.030847574512087167
GroupAssignment,00307-group_assignment-p250-pr10-middle.asp,81591,123571,0.660276,0.435965,0.287857,1.514518,2.293763,3.473945,0.404701,0.183844,0.0,0.227488,15551,0.374441,0.220858,0.220858,EOCLINGO-L,71.82374399999999,1.735968679104225,9285675.0,92850000.0,300834000.0,29712000.0,63138000.0,0.30864197530864196,0.10000726978998384,0.3125227180936995,0.03086644129320489
GroupAssignment,00308-group_assignment-p250-pr10-middle.asp,119091,183571,0.648746,0.420872,0.273039,1.541435,2.376021,3.662481,0.403221,0.188931,0.0,0.218833,23051,0.382489,0.21429,0.21429,EOCLINGO-L,195.805403,1.8887364410470329,13926128.0,139275000.0,451251000.0,44568000.0,94707000.0,0.30864197530864196,0.09999014898581943,0.3124692155806857,0.03086115709438871
GroupAssignment,00309-group_assignment-p250-pr10-middle.asp,107841,165571,0.651328,0.424228,0.276311,1.535325,2.357223,3.619104,0.403557,0.187776,0.0,0.220797,20801,0.380662,0.215781,0.215781,EOCLINGO-L,156.222297,1.78789199342012,12531715.0,125347500.0,406125900.0,40111200.0,85236300.0,0.30864197530864196,0.09997578731127466,0.3124243353477333,0.030856724478788473
GroupAssignment,00310-group_assignment-p250-pr10-middle.asp,100341,153571,0.653385,0.426912,0.278938,1.530491,2.342403,3.585026,0.403823,0.186863,0.0,0.222352,19301,0.379217,0.21696,0.21696,EOCLINGO-INF-MR,104.37727,1.315917641839071,11611473.0,116062500.0,376042500.0,37140000.0,78922500.0,0.30864197530864196,0.10004500161550889,0.31264063004846526,0.03087808691836694
GroupAssignment,00311-group_assignment-p250-pr10-middle.asp,92841,141571,0.655791,0.430062,0.282031,1.524876,2.325246,3.545712,0.404132,0.185802,0.0,0.224157,17801,0.377538,0.21833,0.21833,EOCLINGO-L,101.043951,1.309784590667877,10679246.0,106777500.0,345959100.0,34168800.0,72608700.0,0.30864197530864196,0.10001401044227483,0.3125437826321088,0.030868521741442848
GroupAssignment,00312-group_assignment-p250-pr10-middle.asp,89091,135571,0.657154,0.431851,0.283793,1.521714,2.315613,3.5237,0.404306,0.185204,0.0,0.225174,17051,0.376592,0.219102,0.219102,EOCLINGO-L,80.474017,1.5397787337992586,10220906.0,102135000.0,330917400.0,32683200.0,69451800.0,0.30864197530864196,0.10007251187154256,0.3127265995985705,0.030886577738130423
GroupAssignment,00313-group_assignment-p250-pr10-middle.asp,74091,111571,0.66407,0.44099,0.292848,1.505864,2.267628,3.41474,0.405177,0.182208,0.0,0.230271,14051,0.371854,0.222969,0.222969,EOCLINGO-INF-MR,26.597671,1.5614749125966705,8360307.0,83565000.0,270750600.0,26740800.0,56824200.0,0.30864197530864196,0.10004555735056543,0.312642366720517,0.03087825844153254
GroupAssignment,00314-group_assignment-p250-pr10-middle.asp,96591,147571,0.654539,0.428422,0.280419,1.527792,2.33415,3.566096,0.403971,0.186353,0.0,0.22322,18551,0.37841,0.217619,0.217619,EOCLINGO-INF-MR,56.52013,1.4518413174208906,11140104.0,111420000.0,361000800.0,35654400.0,75765600.0,0.30864197530864196,0.09998298330640819,0.31244682283252556,0.030858945464940796
GroupAssignment,00315-group_assignment-p250-pr10-middle.asp,92841,141571,0.655791,0.430062,0.282031,1.524876,2.325246,3.545712,0.404132,0.185802,0.0,0.224157,17801,0.377538,0.21833,0.21833,EOCLINGO-INF-MR,67.16814,1.5004949816981683,10681051.0,106777500.0,345959100.0,34168800.0,72608700.0,0.30864197530864196,0.10003091475263984,0.3125966086019995,0.030873739121185136
GroupAssignment,00331-group_assignment-p300-pr10-sat.asp,106891,162671,0.657099,0.431779,0.283722,1.52184,2.315997,3.524577,0.404337,0.185235,0.0,0.225098,20451,0.376561,0.219102,0.219102,AMOCLINGO-L,22.509845,1.24838145264883,3067765.0,122760000.0,397742400.0,39283200.0,83476800.0,0.30864197530864196,0.02498993971977843,0.0780935616243076,0.0077129443579563054
GroupAssignment,00333-group_assignment-p300-pr10-sat.asp,88891,133871,0.664005,0.440903,0.292761,1.506013,2.268075,3.415751,0.405215,0.182246,0.0,0.230181,16851,0.371815,0.22297,0.22297,AMOCLINGO-INF-MR,16.249240999999998,1.3128341809934383,2511742.0,100440000.0,325425600.0,32140800.0,68299200.0,0.30864197530864196,0.025007387495021904,0.07814808592194344,0.007718329473772193
GroupAssignment,00334-group_assignment-p300-pr10-sat.asp,124891,191471,0.652271,0.425458,0.277514,1.533105,2.350411,3.603426,0.403712,0.187363,0.0,0.221481,24051,0.379939,0.216349,0.216349,EOCLINGO-INF-MR,26.176743,1.7786384654500371,3627322.0,145080000.0,470059200.0,46425600.0,98654400.0,0.30864197530864196,0.02500221946512269,0.07813193582850841,0.007716734402815646
GroupAssignment,00337-group_assignment-p300-pr10-middle.asp,129391,198671,0.651283,0.424169,0.276254,1.535431,2.357549,3.619855,0.403583,0.187803,0.0,0.220734,24951,0.380637,0.21578,0.21578,EOCLINGO-L,233.05506,1.886420354915272,15063043.0,150660000.0,488138400.0,48211200.0,102448800.0,0.30864197530864196,0.0999803730253551,0.3124386657042347,0.030858139822640466
GroupAssignment,00338-group_assignment-p300-pr10-middle.asp,102391,155471,0.658586,0.433735,0.285652,1.518405,2.305554,3.500764,0.404528,0.184587,0.0,0.226202,19551,0.375531,0.219941,0.219941,EOCLINGO-L,122.369192,3.516862969888696,11719859.0,117180000.0,379663200.0,37497600.0,79682400.0,0.30864197530864196,0.10001586448199351,0.3125495765062297,0.030869093975923925
GroupAssignment,00339-group_assignment-p300-pr10-middle.asp,111391,169871,0.655739,0.429993,0.281963,1.524998,2.325617,3.546561,0.404162,0.185832,0.0,0.224085,21351,0.377508,0.21833,0.21833,AMOCLINGO-INF-MR,79.80642999999999,1.4589187738381484,12838776.0,128340000.0,415821600.0,41068800.0,87271200.0,0.30864197530864196,0.1000372136512389,0.31261629266012153,0.03087568322569102
GroupAssignment,00340-group_assignment-p300-pr10-middle.asp,129391,198671,0.651283,0.424169,0.276254,1.535431,2.357549,3.619855,0.403583,0.187803,0.0,0.220734,24951,0.380637,0.21578,0.21578,EOCLINGO-INF-MR,151.42796,2.469897699209578,15061372.0,150660000.0,488138400.0,48211200.0,102448800.0,0.30864197530864196,0.0999692818266295,0.3124040057082172,0.03085471661315725
GroupAssignment,00341-group_assignment-p300-pr10-middle.asp,124891,191471,0.652271,0.425458,0.277514,1.533105,2.350411,3.603426,0.403712,0.187363,0.0,0.221481,24051,0.379939,0.216349,0.216349,AMOCLINGO-INF-MR,136.41915,1.612240436918131,14517532.0,145080000.0,470059200.0,46425600.0,98654400.0,0.30864197530864196,0.10006570168183071,0.31270531775572097,0.03088447582772553
GroupAssignment,00343-group_assignment-p300-pr10-middle.asp,115891,177071,0.654489,0.428356,0.280354,1.52791,2.334508,3.566919,0.404,0.186382,0.0,0.223149,22251,0.378381,0.217618,0.217618,EOCLINGO-L,342.141465,1.4374183789737385,13392166.0,133920000.0,433900800.0,42854400.0,91065600.0,0.30864197530864196,0.10000123954599761,0.31250387358124254,0.030864580106789385
GroupAssignment,00344-group_assignment-p300-pr10-middle.asp,115891,177071,0.654489,0.428356,0.280354,1.52791,2.334508,3.566919,0.404,0.186382,0.0,0.223149,22251,0.378381,0.217618,0.217618,EOCLINGO-L,191.143342,2.166403420946778,13395722.0,133920000.0,433900800.0,42854400.0,91065600.0,0.30864197530864196,0.10002779271206691,0.3125868522252091,0.030872775528415712
GroupAssignment,00346-group_assignment-p300-pr10-punsat.asp,151891,234671,0.647251,0.418934,0.271155,1.544996,2.387013,3.687926,0.403052,0.18961,0.0,0.217663,29451,0.383505,0.213443,0.213443,AMOCLINGO-INF-MR,907.91663,1.3272041156466097,160720233.0,178560000.0,578534400.0,57139200.0,121420800.0,0.30864197530864196,0.9000909106182796,2.8127840956821237,0.2778058366105801
GroupAssignment,00348-group_assignment-p300-pr10-punsat.asp,120391,184271,0.653337,0.426849,0.278876,1.530604,2.34275,3.585824,0.403851,0.186891,0.0,0.222284,23151,0.379189,0.21696,0.21696,AMOCLINGO-INF-MR,658.98718,1.8285836395178432,125543560.0,139500000.0,451980000.0,44640000.0,94860000.0,0.30864197530864196,0.899953835125448,2.812355734767025,0.27776352935970616
GroupAssignment,00349-group_assignment-p300-pr10-punsat.asp,124891,191471,0.652271,0.425458,0.277514,1.533105,2.350411,3.603426,0.403712,0.187363,0.0,0.221481,24051,0.379939,0.216349,0.216349,AMOCLINGO-INF-MR,710.0134300000001,1.6971506834736914,130603494.0,145080000.0,470059200.0,46425600.0,98654400.0,0.30864197530864196,0.9002170802315964,2.8131783757237385,0.27784477784925815
GroupAssignment,00350-group_assignment-p300-pr10-punsat.asp,133891,205871,0.650364,0.422973,0.275086,1.537601,2.364218,3.635226,0.403463,0.188213,0.0,0.220037,25851,0.381288,0.21525,0.21525,AMOCLINGO-INF-MR,643.1869899999999,1.8735268137186671,140583466.0,156240000.0,506217600.0,49996800.0,106243200.0,0.30864197530864196,0.8997917690732207,2.8118492783538147,0.2777135089732163
GroupAssignment,00361-group_assignment-p50-pr15-sat.asp,28426,43996,0.646104,0.417451,0.269717,1.547738,2.395493,3.707595,0.402097,0.189967,0.0,0.217442,5566,0.385774,0.21213,0.21213,CLINGO-AMO,1.01087,2.099728946353141,553612.0,33210000.0,107600400.0,10627200.0,22582800.0,0.30864197530864196,0.016670039144835894,0.052093872327612166,0.005145073810134535
GroupAssignment,00363-group_assignment-p50-pr15-sat.asp,27676,42796,0.646696,0.418216,0.270458,1.546322,2.391111,3.697427,0.402153,0.189695,0.0,0.217914,5416,0.385388,0.212458,0.212458,CLINGO-AMO,0.942282,2.2396543709844825,538153.0,32287500.0,104611500.0,10332000.0,21955500.0,0.30864197530864196,0.016667533875338755,0.052086043360433605,0.0051443005788082575
GroupAssignment,00364-group_assignment-p50-pr15-sat.asp,24676,37996,0.649437,0.421768,0.273912,1.539796,2.370971,3.650811,0.402415,0.188442,0.0,0.220092,4816,0.383612,0.213973,0.213973,WASP-AMO,0.618415,1.512280588278098,476605.0,28597500.0,92655900.0,9151200.0,19446300.0,0.30864197530864196,0.01666596730483434,0.05208114782760731,0.005143817069393314
GroupAssignment,00365-group_assignment-p50-pr15-sat.asp,32176,49996,0.643571,0.414184,0.266557,1.553829,2.414384,3.75154,0.401852,0.191136,0.0,0.215409,6316,0.387432,0.210716,0.210716,CLINGO-AMO,1.487995,1.7744602636433593,630576.0,37822500.0,122544900.0,12103200.0,25719300.0,0.30864197530864196,0.016671980963712075,0.05209994051160024,0.0051456731369481715
GroupAssignment,00366-group_assignment-p50-pr15-middle.asp,34426,53596,0.642324,0.41258,0.26501,1.556847,2.423771,3.77344,0.401731,0.191716,0.0,0.214402,6766,0.388253,0.210016,0.210016,EOCLINGO-INF-MR,5.251288,1.7933990670479318,2706430.0,40590000.0,131511600.0,12988800.0,27601200.0,0.30864197530864196,0.06667726040896772,0.20836643877802413,0.020579401360792508
GroupAssignment,00369-group_assignment-p50-pr15-middle.asp,29176,45196,0.645544,0.416727,0.269015,1.549081,2.399653,3.717258,0.402043,0.190225,0.0,0.216993,5716,0.386139,0.211818,0.211818,EOCLINGO-L,4.896632,1.4338710770995249,2275014.0,34132500.0,110589300.0,10922400.0,23210100.0,0.30864197530864196,0.06665242803779389,0.2082888376181059,0.02057173704870182
GroupAssignment,00370-group_assignment-p50-pr15-middle.asp,32176,49996,0.643571,0.414184,0.266557,1.553829,2.414384,3.75154,0.401852,0.191136,0.0,0.215409,6316,0.387432,0.210716,0.210716,AMOCLINGO-INF-MR,3.743763,2.2402224713476784,2522141.0,37822500.0,122544900.0,12103200.0,25719300.0,0.30864197530864196,0.06668361425077665,0.20838629453367705,0.020581362423079213
GroupAssignment,00371-group_assignment-p50-pr15-middle.asp,33676,52396,0.642721,0.41309,0.265502,1.555885,2.42078,3.766456,0.40177,0.191531,0.0,0.214723,6616,0.387991,0.210239,0.210239,AMOCLINGO-INF-MR,4.767853000000001,2.224244539418476,2644656.0,39667500.0,128522700.0,12693600.0,26973900.0,0.30864197530864196,0.06667059935715636,0.20834562299111364,0.020577345480603814
GroupAssignment,00372-group_assignment-p50-pr15-middle.asp,26176,40396,0.647985,0.419884,0.272079,1.543246,2.381607,3.675405,0.402277,0.189105,0.0,0.218941,5116,0.384551,0.213172,0.213172,AMOCLINGO-INF-MR,3.163784,1.5397666212358367,2029888.0,30442500.0,98633700.0,9741600.0,20700900.0,0.30864197530864196,0.06667941200624128,0.208373162519504,0.020580065434025085
GroupAssignment,00373-group_assignment-p50-pr15-middle.asp,35176,54796,0.641945,0.412093,0.264541,1.557767,2.426637,3.780134,0.401694,0.191892,0.0,0.214095,6916,0.388504,0.209802,0.209802,AMOCLINGO-INF-MR,7.109114,1.3576759354259895,2766912.0,41512500.0,134500500.0,13284000.0,28228500.0,0.30864197530864196,0.06665250225835592,0.20828906955736223,0.02057175995628269
GroupAssignment,00374-group_assignment-p50-pr15-middle.asp,38926,60796,0.640272,0.409949,0.262479,1.561835,2.439329,3.809831,0.401531,0.192673,0.0,0.212737,7666,0.389611,0.208858,0.208858,AMOCLINGO-INF-MR,8.405951,1.250850736579359,3074599.0,46125000.0,149445000.0,14760000.0,31365000.0,0.30864197530864196,0.066657972899729,0.2083061653116531,0.020573448425842283
GroupAssignment,00375-group_assignment-p50-pr15-middle.asp,29176,45196,0.645544,0.416727,0.269015,1.549081,2.399653,3.717258,0.402043,0.190225,0.0,0.216993,5716,0.386139,0.211818,0.211818,AMOCLINGO-INF-MR,4.57018,1.9154985142817131,2275358.0,34132500.0,110589300.0,10922400.0,23210100.0,0.30864197530864196,0.06666250640884787,0.2083203325276496,0.020574847657051813
GroupAssignment,00391-group_assignment-p100-pr15-sat.asp,58226,90296,0.644835,0.415812,0.26813,1.550785,2.404934,3.729535,0.402398,0.190636,0.0,0.216072,11366,0.385841,0.211761,0.211761,EOCLINGO-INF-MR,5.025338,1.5911323775634596,1147178.0,68820000.0,222976800.0,22022400.0,46797600.0,0.30864197530864196,0.016669253124091832,0.05209141601278698,0.005144831211139455
GroupAssignment,00392-group_assignment-p100-pr15-sat.asp,80726,126296,0.639181,0.408552,0.261139,1.564502,2.447667,3.82938,0.401729,0.193246,0.0,0.211592,15866,0.389788,0.208483,0.208483,AMOCLINGO-INF-MR,8.001018,1.2173324694432632,1612650.0,96720000.0,313372800.0,30950400.0,65769600.0,0.30864197530864196,0.016673387096774194,0.05210433467741935,0.00514610712863401
GroupAssignment,00393-group_assignment-p100-pr15-sat.asp,62726,97496,0.64337,0.413925,0.266307,1.554316,2.415897,3.755066,0.402226,0.191308,0.0,0.214919,12266,0.386857,0.210917,0.210917,AMOCLINGO-INF-MR,5.410845,1.370878300893853,1239401.0,74400000.0,241056000.0,23808000.0,50592000.0,0.30864197530864196,0.01665861559139785,0.05205817372311828,0.005141548022036374
GroupAssignment,00395-group_assignment-p100-pr15-sat.asp,67226,104696,0.642107,0.412301,0.264741,1.557374,2.425413,3.777274,0.402077,0.19189,0.0,0.21392,13166,0.387737,0.210187,0.210187,AMOCLINGO-INF-MR,5.008437,1.2024531805032188,1332847.0,79980000.0,259135200.0,25593600.0,54386400.0,0.30864197530864196,0.016664753688422105,0.05207735527631908,0.005143442496426576
GroupAssignment,00397-group_assignment-p100-pr15-middle.asp,53726,83096,0.646553,0.418031,0.27028,1.546663,2.392165,3.699873,0.402598,0.189852,0.0,0.217418,10466,0.384655,0.212746,0.212746,AMOCLINGO-INF-MR,8.340087,2.954314984963586,4214352.0,63240000.0,204897600.0,20236800.0,43003200.0,0.30864197530864196,0.06664060721062619,0.20825189753320683,0.020568088645254997
GroupAssignment,00398-group_assignment-p100-pr15-middle.asp,58226,90296,0.644835,0.415812,0.26813,1.550785,2.404934,3.729535,0.402398,0.190636,0.0,0.216072,11366,0.385841,0.211761,0.211761,AMOCLINGO-INF-MR,6.133708,4.499937558162208,4586348.0,68820000.0,222976800.0,22022400.0,46797600.0,0.30864197530864196,0.06664266201685556,0.20825831880267365,0.02056872284470851
GroupAssignment,00399-group_assignment-p100-pr15-middle.asp,46226,71096,0.650191,0.422749,0.274868,1.538009,2.365471,3.638116,0.40302,0.188206,0.0,0.220244,8966,0.382166,0.214814,0.214814,EOCLINGO-INF-MR,6.324436,1.3581995295707,3596316.0,53940000.0,174765600.0,17260800.0,36679200.0,0.30864197530864196,0.06667252502780868,0.20835164071190213,0.02057793982339774
GroupAssignment,00402-group_assignment-p100-pr15-middle.asp,65726,102296,0.642508,0.412817,0.265238,1.556401,2.422383,3.7702,0.402124,0.191705,0.0,0.214238,12866,0.387457,0.210419,0.210419,AMOCLINGO-INF-MR,7.617110999999999,2.8974529844714096,5210917.0,78120000.0,253108800.0,24998400.0,53121600.0,0.30864197530864196,0.06670400665642601,0.2084500208013313,0.020587656375440126
GroupAssignment,00403-group_assignment-p100-pr15-middle.asp,49226,75896,0.648598,0.420679,0.272852,1.541787,2.377107,3.664992,0.402836,0.188925,0.0,0.21901,9566,0.383253,0.213911,0.213911,AMOCLINGO-INF-MR,11.337513,1.3625949535846178,3844369.0,57660000.0,186818400.0,18451200.0,39208800.0,0.30864197530864196,0.06667306625043358,0.20835333203260492,0.020578106867417772
GroupAssignment,00404-group_assignment-p100-pr15-middle.asp,61226,95096,0.643834,0.414522,0.266883,1.553196,2.412419,3.74696,0.40228,0.191095,0.0,0.215284,11966,0.386535,0.211185,0.211185,EOCLINGO-INF-MR,17.536251,1.3054593025613055,4836659.0,72540000.0,235029600.0,23212800.0,49327200.0,0.30864197530864196,0.06667575130962228,0.20836172284256962,0.020578935589389592
GroupAssignment,00405-group_assignment-p100-pr15-middle.asp,53726,83096,0.646553,0.418031,0.27028,1.546663,2.392165,3.699873,0.402598,0.189852,0.0,0.217418,10466,0.384655,0.212746,0.212746,AMOCLINGO-INF-MR,7.451502,1.496560022395485,4215229.0,63240000.0,204897600.0,20236800.0,43003200.0,0.30864197530864196,0.06665447501581277,0.20829523442441492,0.020572368832040982
GroupAssignment,00421-group_assignment-p150-pr15-sat.asp,103026,160596,0.641523,0.411552,0.26402,1.558791,2.429829,3.787596,0.402132,0.192184,0.0,0.213354,20166,0.387921,0.209947,0.209947,EOCLINGO-INF-MR,10.472884,1.928425159679034,2051392.0,123090000.0,398811600.0,39388800.0,83701200.0,0.30864197530864196,0.016665789259891137,0.052080591437159804,0.0051437621172503506
GroupAssignment,00423-group_assignment-p150-pr15-sat.asp,116526,182196,0.639564,0.409042,0.261609,1.563565,2.444736,3.822504,0.401885,0.19309,0.0,0.211807,22866,0.389321,0.208795,0.208795,AMOCLINGO-INF-MR,12.319982,1.685774540904362,2331437.0,139875000.0,453195000.0,44760000.0,95115000.0,0.30864197530864196,0.016668003574620196,0.05208751117068811,0.0051444455477222826
GroupAssignment,00425-group_assignment-p150-pr15-sat.asp,87276,135396,0.644598,0.415507,0.267835,1.551354,2.4067,3.733645,0.402516,0.190774,0.0,0.215764,17016,0.385742,0.211742,0.211742,AMOCLINGO-INF-MR,9.123464,1.4758977511173386,1725548.0,103507500.0,335364300.0,33122400.0,70385100.0,0.30864197530864196,0.016670753327053596,0.05209610414704249,0.005145294236744937
GroupAssignment,00427-group_assignment-p150-pr15-middle.asp,91776,142596,0.643609,0.414232,0.266603,1.55374,2.414107,3.750893,0.402393,0.191226,0.0,0.214991,17916,0.386441,0.211166,0.211166,AMOCLINGO-INF-MR,28.443012,2.765985683935302,7271554.0,109102500.0,353492100.0,34912800.0,74189700.0,0.30864197530864196,0.0666488302284549,0.20827759446392155,0.020570626613720645
GroupAssignment,00428-group_assignment-p150-pr15-middle.asp,78276,120996,0.64693,0.418519,0.270753,1.545761,2.389378,3.693407,0.402805,0.189713,0.0,0.217576,15216,0.384102,0.213092,0.213092,EOCLINGO-INF-MR,19.947005,2.498816188194669,6154481.0,92317500.0,299108700.0,29541600.0,62775900.0,0.30864197530864196,0.0666664608552008,0.2083326901725025,0.020576068165185434
GroupAssignment,00429-group_assignment-p150-pr15-middle.asp,100776,156996,0.641902,0.412038,0.264488,1.557871,2.426962,3.780893,0.402179,0.19201,0.0,0.213652,19716,0.387652,0.210169,0.210169,EOCLINGO-INF-MR,67.96556,1.4473761416811692,8021625.0,120292500.0,389747700.0,38493600.0,81798900.0,0.30864197530864196,0.06668433194089407,0.20838853731529397,0.020581583932374713
GroupAssignment,00430-group_assignment-p150-pr15-middle.asp,112026,174996,0.640163,0.409809,0.262345,1.562102,2.440162,3.81178,0.40196,0.192812,0.0,0.212281,21966,0.388892,0.209148,0.209148,AMOCLINGO-INF-MR,58.13684,1.4808697892764724,8950828.0,134280000.0,435067200.0,42969600.0,91310400.0,0.30864197530864196,0.06665793863568663,0.2083060582365207,0.020573437850520564
GroupAssignment,00431-group_assignment-p150-pr15-middle.asp,71526,110196,0.64908,0.421305,0.27346,1.540643,2.37358,3.656838,0.40307,0.188743,0.0,0.219235,13866,0.382602,0.214328,0.214328,EOCLINGO-L,35.264346,1.6500007117670634,5596157.0,83925000.0,271917000.0,26856000.0,57069000.0,0.30864197530864196,0.0666804527852249,0.20837641495382783,0.020580386662106452
GroupAssignment,00432-group_assignment-p150-pr15-middle.asp,100776,156996,0.641902,0.412038,0.264488,1.557871,2.426962,3.780893,0.402179,0.19201,0.0,0.213652,19716,0.387652,0.210169,0.210169,EOCLINGO-INF-MR,39.65829,2.448805029162881,8019400.0,120292500.0,389747700.0,38493600.0,81798900.0,0.30864197530864196,0.0666658353596442,0.20833073549888811,0.020575875111001295
GroupAssignment,00434-group_assignment-p150-pr15-middle.asp,100776,156996,0.641902,0.412038,0.264488,1.557871,2.426962,3.780893,0.402179,0.19201,0.0,0.213652,19716,0.387652,0.210169,0.210169,AMOCLINGO-INF-MR,48.48626,2.008133644459276,8019563.0,120292500.0,389747700.0,38493600.0,81798900.0,0.30864197530864196,0.06666719039009082,0.2083349699690338,0.020576293330274945
GroupAssignment,00451-group_assignment-p200-pr15-sat.asp,116326,180496,0.64448,0.415354,0.267687,1.551639,2.407585,3.735703,0.402576,0.190843,0.0,0.21561,22666,0.385692,0.211733,0.211733,EOCLINGO-INF-MR,14.272363,1.4888412661589394,2294757.0,137640000.0,445953600.0,44044800.0,93595200.0,0.30864197530864196,0.01667216652136007,0.05210052037925022,0.005145730407827182
GroupAssignment,00452-group_assignment-p200-pr15-sat.asp,101326,156496,0.647467,0.419214,0.271427,1.54448,2.385419,3.684232,0.402957,0.189487,0.0,0.21792,19666,0.383574,0.213469,0.213469,AMOCLINGO-INF-MR,7.927769,1.7261025138345985,1984667.0,119040000.0,385689600.0,38092800.0,80947200.0,0.30864197530864196,0.01667226982526882,0.052100843203965054,0.005145762291749635
GroupAssignment,00454-group_assignment-p200-pr15-sat.asp,107326,166096,0.646168,0.417534,0.269797,1.547584,2.395016,3.706489,0.402791,0.190075,0.0,0.216919,20866,0.384492,0.212716,0.212716,AMOCLINGO-INF-MR,9.546467,1.576391664057499,2108335.0,126480000.0,409795200.0,40473600.0,86006400.0,0.30864197530864196,0.01666931530676787,0.05209161033364959,0.005144850403323416
GroupAssignment,00456-group_assignment-p200-pr15-middle.asp,107326,166096,0.646168,0.417534,0.269797,1.547584,2.395016,3.706489,0.402791,0.190075,0.0,0.216919,20866,0.384492,0.212716,0.212716,AMOCLINGO-INF-MR,35.89199,1.302140672612469,8429089.0,126480000.0,409795200.0,40473600.0,86006400.0,0.30864197530864196,0.06664365117014548,0.2082614099067046,0.020569028138933788
GroupAssignment,00457-group_assignment-p200-pr15-middle.asp,122326,190096,0.643496,0.414087,0.266463,1.554011,2.414951,3.752862,0.402449,0.191292,0.0,0.214844,23866,0.386394,0.211157,0.211157,AMOCLINGO-INF-MR,72.63264000000001,1.3931138947999135,9669916.0,145080000.0,470059200.0,46425600.0,98654400.0,0.30864197530864196,0.06665230217810864,0.20828844430658947,0.020571698203119947
GroupAssignment,00459-group_assignment-p200-pr15-middle.asp,143326,223696,0.640718,0.410519,0.263027,1.56075,2.435939,3.801891,0.40209,0.192568,0.0,0.212669,28066,0.388387,0.209522,0.209522,EOCLINGO-INF-MR,60.57155,1.3092128235120284,11409446.0,171120000.0,554428800.0,54758400.0,116361600.0,0.30864197530864196,0.06667511687704535,0.2083597402407667,0.020578739776865848
GroupAssignment,00460-group_assignment-p200-pr15-middle.asp,122326,190096,0.643496,0.414087,0.266463,1.554011,2.414951,3.752862,0.402449,0.191292,0.0,0.214844,23866,0.386394,0.211157,0.211157,EOCLINGO-INF-MR,38.42245,2.581217751600952,9671639.0,145080000.0,470059200.0,46425600.0,98654400.0,0.30864197530864196,0.06666417838433968,0.2083255574510615,0.02057536369887027
GroupAssignment,00461-group_assignment-p200-pr15-middle.asp,113326,175696,0.645012,0.41604,0.268351,1.550359,2.403613,3.726464,0.402644,0.190601,0.0,0.216023,22066,0.385313,0.212043,0.212043,EOCLINGO-L,125.67409,1.2297670904161708,8929943.0,133920000.0,433900800.0,42854400.0,91065600.0,0.30864197530864196,0.06668117532855436,0.20837867290173237,0.0205806096693069
GroupAssignment,00462-group_assignment-p200-pr15-middle.asp,116326,180496,0.64448,0.415354,0.267687,1.551639,2.407585,3.735703,0.402576,0.190843,0.0,0.21561,22666,0.385692,0.211733,0.211733,EOCLINGO-L,109.784713,1.3859490255259856,9173539.0,137640000.0,445953600.0,44044800.0,93595200.0,0.30864197530864196,0.06664878668991572,0.20827745840598663,0.020570613175899914
GroupAssignment,00463-group_assignment-p200-pr15-middle.asp,116326,180496,0.64448,0.415354,0.267687,1.551639,2.407585,3.735703,0.402576,0.190843,0.0,0.21561,22666,0.385692,0.211733,0.211733,AMOCLINGO-INF-MR,51.98021,1.9320826907009416,9179575.0,137640000.0,445953600.0,44044800.0,93595200.0,0.30864197530864196,0.06669264022086603,0.20841450069020634,0.020584148216316676
GroupAssignment,00464-group_assignment-p200-pr15-middle.asp,146326,228496,0.640388,0.410096,0.262621,1.561554,2.438452,3.807775,0.402047,0.19272,0.0,0.212409,28666,0.388625,0.209327,0.209327,AMOCLINGO-INF-MR,75.0214,2.51352747349423,11653149.0,174840000.0,566481600.0,55948800.0,118891200.0,0.30864197530864196,0.06665036032944406,0.2082823760295127,0.020571098867112364
GroupAssignment,00465-group_assignment-p200-pr15-middle.asp,128326,199696,0.642607,0.412943,0.26536,1.556162,2.421639,3.768462,0.402335,0.191699,0.0,0.21415,25066,0.38703,0.210635,0.210635,AMOCLINGO-INF-MR,79.54801,1.7183964752858052,10166703.0,152520000.0,494164800.0,48806400.0,103713600.0,0.30864197530864196,0.0666581628638867,0.20830675894964595,0.020573507056755154
GroupAssignment,00481-group_assignment-p250-pr15-sat.asp,141626,219596,0.644939,0.415946,0.26826,1.550535,2.404157,3.727729,0.40268,0.190643,0.0,0.215928,27566,0.385282,0.212037,0.212037,AMOCLINGO-INF-MR,32.12736,1.2567597524353074,2785146.0,167130000.0,541501200.0,53481600.0,113648400.0,0.30864197530864196,0.01666454855501705,0.05207671423442829,0.005143379183647238
GroupAssignment,00483-group_assignment-p250-pr15-sat.asp,149126,231596,0.643906,0.414615,0.266973,1.553022,2.411878,3.745701,0.402545,0.191114,0.0,0.215127,29066,0.386023,0.211432,0.211432,AMOCLINGO-INF-MR,14.079851,2.235711940417552,2940050.0,176415000.0,571584600.0,56452800.0,119962200.0,0.30864197530864196,0.016665532976220844,0.05207979055069013,0.005143683017352112
GroupAssignment,00489-group_assignment-p250-pr15-middle.asp,119126,183596,0.648849,0.421004,0.273168,1.541192,2.375272,3.660749,0.403187,0.188876,0.0,0.218936,23066,0.382503,0.214311,0.214311,EOCLINGO-INF-MR,91.70586,1.421307515135892,9281157.0,139275000.0,451251000.0,44568000.0,94707000.0,0.30864197530864196,0.06663907377490576,0.20824710554658052,0.020567615362625236
GroupAssignment,00490-group_assignment-p250-pr15-middle.asp,134126,207596,0.646091,0.417434,0.269701,1.547769,2.395587,3.707815,0.40283,0.19012,0.0,0.216819,26066,0.384459,0.21271,0.21271,EOCLINGO-L,151.441429,1.5965815404449202,10521203.0,157845000.0,511417800.0,50510400.0,107334600.0,0.30864197530864196,0.06665528208052203,0.20829775650163135,0.020572617926087045
GroupAssignment,00492-group_assignment-p250-pr15-middle.asp,137876,213596,0.645499,0.416669,0.268959,1.549189,2.399987,3.718034,0.402753,0.190388,0.0,0.216361,26816,0.384882,0.212365,0.212365,AMOCLINGO-INF-MR,38.333180000000006,3.4801623554320305,10834995.0,162487500.0,526459500.0,51996000.0,110491500.0,0.30864197530864196,0.06668202169397645,0.20838131779367644,0.02058087089320261
GroupAssignment,00494-group_assignment-p250-pr15-middle.asp,126626,195596,0.647385,0.419108,0.271324,1.544675,2.38602,3.685626,0.402998,0.189535,0.0,0.217815,24566,0.383539,0.213463,0.213463,AMOCLINGO-INF-MR,77.72865999999999,1.3984586894975422,9908428.0,148560000.0,481334400.0,47539200.0,101020800.0,0.30864197530864196,0.06669647280560043,0.20842647751750135,0.02058533111283964
GroupAssignment,00495-group_assignment-p250-pr15-middle.asp,145376,225596,0.644409,0.415262,0.267599,1.55181,2.408116,3.736939,0.402611,0.190884,0.0,0.215517,28316,0.385662,0.211727,0.211727,EOCLINGO-L,194.606956,1.3803658693474452,11446167.0,171772500.0,556542900.0,54967200.0,116805300.0,0.30864197530864196,0.06663561978780072,0.20823631183687727,0.020566549317222446
GroupAssignment,00498-group_assignment-p250-pr15-punsat.asp,156626,243596,0.642974,0.413416,0.265816,1.555272,2.41887,3.762001,0.402424,0.191539,0.0,0.214402,30566,0.386692,0.210885,0.210885,AMOCLINGO-INF-MR,591.31248,2.037845993035696,167105387.0,185700000.0,601668000.0,59424000.0,126276000.0,0.30864197530864196,0.8998674582660204,2.812085807081314,0.2777368698351915
GroupAssignment,00499-group_assignment-p250-pr15-punsat.asp,141626,219596,0.644939,0.415946,0.26826,1.550535,2.404157,3.727729,0.40268,0.190643,0.0,0.215928,27566,0.385282,0.212037,0.212037,AMOCLINGO-INF-MR,722.4471500000001,1.6677257291415708,150402362.0,167130000.0,541501200.0,53481600.0,113648400.0,0.30864197530864196,0.8999124154849518,2.8122262983904744,0.27775074552004686
GroupAssignment,00503-group_assignment-p250-pr15-punsat.asp,186626,291596,0.640016,0.40962,0.262163,1.562462,2.441287,3.814418,0.402034,0.192899,0.0,0.212087,36566,0.388831,0.209135,0.209135,AMOCLINGO-INF-MR,747.08034,1.612948567218353,200481649.0,222840000.0,722001600.0,71308800.0,151531200.0,0.30864197530864196,0.8996663480524143,2.8114573376637946,0.27767479878160933
GroupAssignment,00511-group_assignment-p300-pr15-sat.asp,160926,249096,0.64604,0.417368,0.269636,1.547892,2.395968,3.708699,0.402856,0.19015,0.0,0.216752,31266,0.384438,0.212706,0.212706,AMOCLINGO-INF-MR,26.212194,1.8744753682198445,3162759.0,189720000.0,614692800.0,60710400.0,129009600.0,0.30864197530864196,0.016670667299177735,0.05209583530993042,0.0051452676849314
GroupAssignment,00512-group_assignment-p300-pr15-sat.asp,142926,220296,0.648791,0.420929,0.273095,1.541329,2.375695,3.661728,0.403216,0.188909,0.0,0.218862,27666,0.382478,0.214307,0.214307,AMOCLINGO-INF-MR,18.109567,1.364626443028704,2789875.0,167400000.0,542376000.0,53568000.0,113832000.0,0.30864197530864196,0.016665919952210274,0.05208099985065711,0.005143802454385888
GroupAssignment,00513-group_assignment-p300-pr15-sat.asp,223926,349896,0.639979,0.409573,0.262118,1.562552,2.441568,3.815078,0.402052,0.192921,0.0,0.212039,43866,0.388816,0.209132,0.209132,AMOCLINGO-INF-MR,42.22176,1.7570172347149904,4467950.0,267840000.0,867801600.0,85708800.0,182131200.0,0.30864197530864196,0.016681414277180406,0.05212941961618877,0.005148584653450743
GroupAssignment,00514-group_assignment-p300-pr15-sat.asp,169926,263496,0.64489,0.415883,0.268199,1.550651,2.40452,3.728572,0.402705,0.190671,0.0,0.215865,33066,0.385262,0.212033,0.212033,AMOCLINGO-INF-MR,24.152413,1.4272135045057404,3348514.0,200880000.0,650851200.0,64281600.0,136598400.0,0.30864197530864196,0.016669225408203904,0.052091329400637196,0.005144822656853057
GroupAssignment,00515-group_assignment-p300-pr15-sat.asp,142926,220296,0.648791,0.420929,0.273095,1.541329,2.375695,3.661728,0.403216,0.188909,0.0,0.218862,27666,0.382478,0.214307,0.214307,EOCLINGO-INF-MR,23.85698,1.388335824567904,2790619.0,167400000.0,542376000.0,53568000.0,113832000.0,0.30864197530864196,0.01667036439665472,0.052094888739546,0.00514517419649837
GroupAssignment,00516-group_assignment-p300-pr15-middle.asp,174426,270696,0.644361,0.415201,0.26754,1.551925,2.40847,3.737764,0.402635,0.190912,0.0,0.215455,33966,0.385642,0.211723,0.211723,EOCLINGO-L,343.974154,1.390861942493505,13764189.0,206460000.0,668930400.0,66067200.0,140392800.0,0.30864197530864196,0.06666758209822726,0.2083361940569602,0.02057641422784792
GroupAssignment,00517-group_assignment-p300-pr15-middle.asp,165426,256296,0.645449,0.416604,0.268897,1.549309,2.400359,3.718897,0.402778,0.190417,0.0,0.216296,32166,0.384861,0.212361,0.212361,AMOCLINGO-INF-MR,131.47628,1.8152389921588896,13025066.0,195300000.0,632772000.0,62496000.0,132804000.0,0.30864197530864196,0.06669260624679979,0.20841439452124935,0.020584137730493765
GroupAssignment,00518-group_assignment-p300-pr15-middle.asp,174426,270696,0.644361,0.415201,0.26754,1.551925,2.40847,3.737764,0.402635,0.190912,0.0,0.215455,33966,0.385642,0.211723,0.211723,AMOCLINGO-INF-MR,178.67072000000002,1.2579412004384376,13762336.0,206460000.0,668930400.0,66067200.0,140392800.0,0.30864197530864196,0.06665860699409086,0.20830814685653395,0.020573644133978664
GroupAssignment,00519-group_assignment-p300-pr15-middle.asp,187926,292296,0.64293,0.41336,0.265761,1.555378,2.419201,3.762773,0.402446,0.191565,0.0,0.214345,36666,0.386673,0.210881,0.210881,AMOCLINGO-INF-MR,110.1212,2.610713150601337,14879131.0,223200000.0,723168000.0,71424000.0,151776000.0,0.30864197530864196,0.06666277329749104,0.2083211665546595,0.020574930030089828
GroupAssignment,00520-group_assignment-p300-pr15-middle.asp,214926,335496,0.640622,0.410396,0.262909,1.560984,2.43667,3.803603,0.402138,0.192624,0.0,0.212543,42066,0.388348,0.209514,0.209514,EOCLINGO-INF-MR,303.26444000000004,1.4225022557870617,17111763.0,256680000.0,831643200.0,82137600.0,174542400.0,0.30864197530864196,0.06666574333800841,0.2083304479312763,0.020575846709261856
GroupAssignment,00521-group_assignment-p300-pr15-middle.asp,174426,270696,0.644361,0.415201,0.26754,1.551925,2.40847,3.737764,0.402635,0.190912,0.0,0.215455,33966,0.385642,0.211723,0.211723,AMOCLINGO-INF-MR,141.23745,2.3011557557857354,13757815.0,206460000.0,668930400.0,66067200.0,140392800.0,0.30864197530864196,0.06663670928993509,0.20823971653104717,0.0205668855833133
GroupAssignment,00522-group_assignment-p300-pr15-middle.asp,187926,292296,0.64293,0.41336,0.265761,1.555378,2.419201,3.762773,0.402446,0.191565,0.0,0.214345,36666,0.386673,0.210881,0.210881,AMOCLINGO-INF-MR,116.70916,2.97974117884149,14876660.0,223200000.0,723168000.0,71424000.0,151776000.0,0.30864197530864196,0.06665170250896058,0.2082865703405018,0.02057151312004956
GroupAssignment,00524-group_assignment-p300-pr15-middle.asp,196926,306696,0.642089,0.412278,0.264719,1.557418,2.425549,3.777593,0.402334,0.19195,0.0,0.213689,38466,0.387283,0.210384,0.210384,AMOCLINGO-INF-MR,125.99562,2.853713962437742,15625009.0,234360000.0,759326400.0,74995200.0,159364800.0,0.30864197530864196,0.06667097200887523,0.2083467875277351,0.02057746049656643
GroupAssignment,00525-group_assignment-p300-pr15-middle.asp,115926,177096,0.654594,0.428493,0.280489,1.527664,2.333758,3.565198,0.403965,0.186326,0.0,0.223254,22266,0.378397,0.217639,0.217639,EOCLINGO-INF-MR,56.835730000000005,1.4004051676647769,8926306.0,133920000.0,433900800.0,42854400.0,91065600.0,0.30864197530864196,0.06665401732377539,0.2082938041367981,0.020572227569066476
GroupAssignment,00526-group_assignment-p300-pr15-punsat.asp,183426,285096,0.643383,0.413942,0.266323,1.554283,2.415797,3.754834,0.402506,0.191358,0.0,0.214697,35766,0.386347,0.211148,0.211148,AMOCLINGO-INF-MR,615.56226,1.9575819398024823,195949396.0,217620000.0,705088800.0,69638400.0,147981600.0,0.30864197530864196,0.9004199797812701,2.813812436816469,0.2779074011670587
GroupAssignment,00528-group_assignment-p300-pr15-punsat.asp,169926,263496,0.64489,0.415883,0.268199,1.550651,2.40452,3.728572,0.402705,0.190671,0.0,0.215865,33066,0.385262,0.212033,0.212033,AMOCLINGO-INF-MR,624.53427,1.9294343719520788,180770022.0,200880000.0,650851200.0,64281600.0,136598400.0,0.30864197530864196,0.8998905913978494,2.8121580981182794,0.2777440096906943
GroupAssignment,00531-group_assignment-p300-pr15-punsat.asp,196926,306696,0.642089,0.412278,0.264719,1.557418,2.425549,3.777593,0.402334,0.19195,0.0,0.213689,38466,0.387283,0.210384,0.210384,AMOCLINGO-INF-MR,655.3198600000001,1.838636457622389,210896291.0,234360000.0,759326400.0,74995200.0,159364800.0,0.30864197530864196,0.8998817673664448,2.81213052302014,0.27774128622421135
GroupAssignment,00534-group_assignment-p300-pr15-punsat.asp,156426,241896,0.646666,0.418177,0.270421,1.546393,2.39133,3.697935,0.402938,0.189866,0.0,0.217234,30366,0.38399,0.213072,0.213072,AMOCLINGO-INF-MR,746.12998,1.615006810207519,165725024.0,184140000.0,596613600.0,58924800.0,125215200.0,0.30864197530864196,0.8999946996850222,2.8124834365156945,0.2777761418780933
GroupAssignment,00535-group_assignment-p300-pr15-punsat.asp,210426,328296,0.640964,0.410835,0.263331,1.560149,2.434066,3.797507,0.402184,0.192467,0.0,0.212811,41166,0.388098,0.209717,0.209717,AMOCLINGO-INF-MR,571.29753,2.1092740870068174,226000544.0,251100000.0,813564000.0,80352000.0,170748000.0,0.30864197530864196,0.9000419912385503,2.8126312226204697,0.2777907380365896
GroupAssignment,00541-group_assignment-p50-pr20-sat.asp,44211,69221,0.638693,0.407929,0.260542,1.565696,2.451405,3.838156,0.401258,0.193391,0.0,0.211508,8731,0.390876,0.207867,0.207867,CLINGO-AMO,1.066055,2.908191416015121,657280.0,52582500.0,170367300.0,16826400.0,35756100.0,0.30864197530864196,0.012499976227832454,0.03906242571197642,0.003858017354269276
GroupAssignment,00542-group_assignment-p50-pr20-sat.asp,47961,75221,0.637601,0.406535,0.259207,1.568378,2.459811,3.857915,0.401159,0.193908,0.0,0.210609,9481,0.391589,0.207252,0.207252,CLINGO-AMO,0.800886,2.01672397819415,714894.0,57195000.0,185311800.0,18302400.0,38892600.0,0.30864197530864196,0.012499239444007344,0.03906012326252295,0.0038577899518541185
GroupAssignment,00543-group_assignment-p50-pr20-sat.asp,38211,59621,0.640898,0.410751,0.263249,1.56031,2.434567,3.798679,0.401455,0.192353,0.0,0.213316,7531,0.389443,0.209102,0.209102,CLINGO-AMO,0.7741520000000001,3.3679006189998857,565191.0,45202500.0,146456100.0,14464800.0,30737700.0,0.30864197530864196,0.012503534096565455,0.03907354405176705,0.0038591154619029185
GroupAssignment,00544-group_assignment-p50-pr20-sat.asp,44211,69221,0.638693,0.407929,0.260542,1.565696,2.451405,3.838156,0.401258,0.193391,0.0,0.211508,8731,0.390876,0.207867,0.207867,CLINGO-AMO,1.139964,2.02828334929875,657179.0,52582500.0,170367300.0,16826400.0,35756100.0,0.30864197530864196,0.012498055436694718,0.03905642323967099,0.0038574245174983696
GroupAssignment,00545-group_assignment-p50-pr20-sat.asp,36711,57221,0.641565,0.411606,0.264072,1.558688,2.429509,3.786846,0.401515,0.192041,0.0,0.21386,7231,0.389011,0.209474,0.209474,CLINGO-AMO,0.667134,1.9357325514814117,541843.0,43357500.0,140478300.0,13874400.0,29483100.0,0.30864197530864196,0.012497099694401199,0.03905343654500375,0.0038571295353090123
GroupAssignment,00546-group_assignment-p50-pr20-middle.asp,38211,59621,0.640898,0.410751,0.263249,1.56031,2.434567,3.798679,0.401455,0.192353,0.0,0.213316,7531,0.389443,0.209102,0.209102,AMOCLINGO-INF-MR,5.398792,1.3671174959139007,2259960.0,45202500.0,146456100.0,14464800.0,30737700.0,0.30864197530864196,0.04999634975941596,0.15623859299817489,0.015430972147967889
GroupAssignment,00548-group_assignment-p50-pr20-middle.asp,32211,50021,0.64395,0.414671,0.267027,1.552917,2.41155,3.744937,0.401726,0.190929,0.0,0.215796,6331,0.387476,0.210798,0.210798,AMOCLINGO-INF-MR,2.99361,2.2623488029502843,1891471.0,37822500.0,122544900.0,12103200.0,25719300.0,0.30864197530864196,0.050009147993918965,0.15627858748099677,0.015434922220345359
GroupAssignment,00549-group_assignment-p50-pr20-middle.asp,41211,64421,0.639714,0.409234,0.261792,1.563199,2.443592,3.81982,0.401349,0.19291,0.0,0.212346,8131,0.390211,0.208439,0.208439,AMOCLINGO-INF-MR,4.78887,1.2116338509919875,2443446.0,48892500.0,158411700.0,15645600.0,33246900.0,0.30864197530864196,0.04997588587206627,0.1561746433502071,0.015424656133353786
GroupAssignment,00571-group_assignment-p100-pr20-sat.asp,76261,119121,0.640198,0.409853,0.262387,1.562017,2.439898,3.811163,0.401778,0.192759,0.0,0.212441,14981,0.389203,0.209019,0.209019,AMOCLINGO-INF-MR,5.248393999999999,1.2586602682649208,1139873.0,91140000.0,295293600.0,29164800.0,61975200.0,0.30864197530864196,0.012506835637480798,0.0390838613671275,0.003860134456012592
GroupAssignment,00572-group_assignment-p100-pr20-sat.asp,70261,109521,0.64153,0.411561,0.264028,1.558774,2.429775,3.78747,0.40193,0.192141,0.0,0.213504,13781,0.388281,0.209789,0.209789,CLINGO-AMO,2.3267200000000003,2.7037103734011825,1045843.0,83700000.0,271188000.0,26784000.0,56916000.0,0.30864197530864196,0.012495137395459975,0.039047304360812427,0.003856523887487647
GroupAssignment,00576-group_assignment-p100-pr20-middle.asp,70261,109521,0.64153,0.411561,0.264028,1.558774,2.429775,3.78747,0.40193,0.192141,0.0,0.213504,13781,0.388281,0.209789,0.209789,AMOCLINGO-INF-MR,16.609904,1.4344884834975566,4184953.0,83700000.0,271188000.0,26784000.0,56916000.0,0.30864197530864196,0.049999438470728796,0.15624824522102748,0.01543192545392864
GroupAssignment,00577-group_assignment-p100-pr20-middle.asp,77761,121521,0.639898,0.409469,0.262018,1.56275,2.442187,3.816528,0.401744,0.192899,0.0,0.212201,15281,0.389411,0.208845,0.208845,AMOCLINGO-INF-MR,11.009129,1.872696105205053,4649181.0,93000000.0,301320000.0,29760000.0,63240000.0,0.30864197530864196,0.049991193548387096,0.15622247983870968,0.015429380724810832
GroupAssignment,00578-group_assignment-p100-pr20-middle.asp,83761,131121,0.638807,0.408074,0.260681,1.565418,2.450534,3.836111,0.401619,0.193407,0.0,0.211327,16481,0.39017,0.208211,0.208211,AMOCLINGO-INF-MR,15.184591,2.120027599031149,5021771.0,100440000.0,325425600.0,32140800.0,68299200.0,0.30864197530864196,0.049997720031859816,0.15624287509956192,0.015431395071561672
GroupAssignment,00579-group_assignment-p100-pr20-middle.asp,79261,123921,0.639609,0.4091,0.261664,1.563455,2.444391,3.821696,0.401711,0.193033,0.0,0.211971,15581,0.389612,0.208678,0.208678,AMOCLINGO-INF-MR,16.639898,1.2639590098448923,4744022.0,94860000.0,307346400.0,30355200.0,64504800.0,0.30864197530864196,0.050010773771874344,0.1562836680371073,0.01543542400366492
GroupAssignment,00580-group_assignment-p100-pr20-middle.asp,85261,133521,0.638559,0.407757,0.260377,1.566027,2.45244,3.840586,0.40159,0.193523,0.0,0.211128,16781,0.390343,0.208067,0.208067,AMOCLINGO-INF-MR,13.502066,3.3534999754852333,5115556.0,102300000.0,331452000.0,32736000.0,69564000.0,0.30864197530864196,0.05000543499511242,0.1562669843597263,0.015433776233059388
GroupAssignment,00581-group_assignment-p100-pr20-middle.asp,64261,99921,0.643118,0.413601,0.265994,1.554924,2.41779,3.759481,0.40211,0.191407,0.0,0.214765,12581,0.387187,0.210703,0.210703,AMOCLINGO-INF-MR,11.621292,1.4006206883021266,3812228.0,76260000.0,247082400.0,24403200.0,51856800.0,0.30864197530864196,0.049989876737477054,0.1562183648046158,0.015428974301690448
GroupAssignment,00582-group_assignment-p100-pr20-middle.asp,85261,133521,0.638559,0.407757,0.260377,1.566027,2.45244,3.840586,0.40159,0.193523,0.0,0.211128,16781,0.390343,0.208067,0.208067,AMOCLINGO-INF-MR,29.46963,1.5115861312137275,5112855.0,102300000.0,331452000.0,32736000.0,69564000.0,0.30864197530864196,0.049979032258064514,0.15618447580645162,0.01542562724014337
GroupAssignment,00583-group_assignment-p100-pr20-middle.asp,73261,114321,0.640836,0.410671,0.263172,1.560462,2.435041,3.799789,0.401851,0.192463,0.0,0.212951,14381,0.388761,0.209388,0.209388,EOCLINGO-L,20.760532,1.4450759257999746,4370212.0,87420000.0,283240800.0,27974400.0,59445600.0,0.30864197530864196,0.049990986044383436,0.15622183138869825,0.015429316680365257
GroupAssignment,00584-group_assignment-p100-pr20-middle.asp,77761,121521,0.639898,0.409469,0.262018,1.56275,2.442187,3.816528,0.401744,0.192899,0.0,0.212201,15281,0.389411,0.208845,0.208845,EOCLINGO-INF-MR,20.517138,1.7892615432035406,4648646.0,93000000.0,301320000.0,29760000.0,63240000.0,0.30864197530864196,0.04998544086021505,0.15620450268817204,0.015427605203770078
GroupAssignment,00585-group_assignment-p100-pr20-middle.asp,88261,138321,0.638088,0.407157,0.259802,1.567181,2.456058,3.849088,0.401536,0.193744,0.0,0.21075,17381,0.390671,0.207793,0.207793,AMOCLINGO-INF-MR,16.84936,2.343977931506004,5299234.0,106020000.0,343504800.0,33926400.0,72093600.0,0.30864197530864196,0.04998334276551594,0.1561979461422373,0.01542695764367776
GroupAssignment,00603-group_assignment-p150-pr20-sat.asp,121061,189421,0.639111,0.408463,0.261053,1.564674,2.448205,3.830642,0.401781,0.193291,0.0,0.211472,23781,0.389729,0.20849,0.20849,EOCLINGO-INF-MR,13.476298,1.218223060962291,1818095.0,145470000.0,471322800.0,46550400.0,98919600.0,0.30864197530864196,0.012498075204509521,0.03905648501409225,0.003857430618675778
GroupAssignment,00604-group_assignment-p150-pr20-sat.asp,114311,178621,0.639964,0.409554,0.2621,1.562588,2.441681,3.815342,0.401886,0.192895,0.0,0.212149,22431,0.389123,0.208991,0.208991,AMOCLINGO-INF-MR,8.322282,1.5054142601752742,1713828.0,137077500.0,444131100.0,43864800.0,93212700.0,0.30864197530864196,0.012502620780215572,0.03907068993817366,0.0038588335741406086
GroupAssignment,00605-group_assignment-p150-pr20-sat.asp,123311,193021,0.638848,0.408126,0.26073,1.565319,2.450222,3.835378,0.401748,0.193413,0.0,0.211263,24231,0.389917,0.208335,0.208335,AMOCLINGO-INF-MR,10.083408,1.5305442366311073,1853073.0,148267500.0,480386700.0,47445600.0,100821900.0,0.30864197530864196,0.012498173908644848,0.03905679346451515,0.0038574610829150767
GroupAssignment,00607-group_assignment-p150-pr20-middle.asp,114311,178621,0.639964,0.409554,0.2621,1.562588,2.441681,3.815342,0.401886,0.192895,0.0,0.212149,22431,0.389123,0.208991,0.208991,EOCLINGO-INF-MR,33.0616,1.6263208677136014,6858531.0,137077500.0,444131100.0,43864800.0,93212700.0,0.30864197530864196,0.050033966187010996,0.15635614433440936,0.015442582156484875
GroupAssignment,00609-group_assignment-p150-pr20-middle.asp,103061,160621,0.641641,0.411703,0.264165,1.558504,2.428935,3.785506,0.402092,0.192119,0.0,0.213476,20181,0.387935,0.209973,0.209973,EOCLINGO-INF-MR,55.17076,1.256931515897189,6153744.0,123090000.0,398811600.0,39388800.0,83701200.0,0.30864197530864196,0.04999385815257129,0.15623080672678527,0.015430203133509656
GroupAssignment,00610-group_assignment-p150-pr20-middle.asp,127811,200221,0.63835,0.40749,0.260121,1.56654,2.454046,3.844361,0.401687,0.193645,0.0,0.210866,25131,0.390272,0.208042,0.208042,AMOCLINGO-INF-MR,35.00458,3.491802215595788,7691140.0,153862500.0,498514500.0,49236000.0,104626500.0,0.30864197530864196,0.049987098870744984,0.15620968397107807,0.015428116935415119
GroupAssignment,00613-group_assignment-p150-pr20-middle.asp,141311,221821,0.63705,0.405832,0.258535,1.569736,2.464072,3.867943,0.401526,0.194252,0.0,0.209828,27831,0.391201,0.207273,0.207273,AMOCLINGO-INF-MR,35.0124,1.2925175080828506,8532530.0,170647500.0,552897900.0,54607200.0,116040300.0,0.30864197530864196,0.05000090830513192,0.15625283845353727,0.015432379106522199
GroupAssignment,00614-group_assignment-p150-pr20-middle.asp,139061,218221,0.637248,0.406086,0.258777,1.569247,2.462535,3.864324,0.40155,0.194159,0.0,0.209987,27381,0.391059,0.207391,0.207391,AMOCLINGO-INF-MR,53.68502,2.900966601111446,8391483.0,167850000.0,543834000.0,53712000.0,114138000.0,0.30864197530864196,0.04999394101876676,0.15623106568364611,0.015430228709495912
GroupAssignment,00615-group_assignment-p150-pr20-middle.asp,121061,189421,0.639111,0.408463,0.261053,1.564674,2.448205,3.830642,0.401781,0.193291,0.0,0.211472,23781,0.389729,0.20849,0.20849,AMOCLINGO-INF-MR,52.03639,1.7492862206621174,7276126.0,145470000.0,471322800.0,46550400.0,98919600.0,0.30864197530864196,0.05001805183199285,0.15630641197497766,0.015437670318516311
GroupAssignment,00631-group_assignment-p200-pr20-sat.asp,152361,238121,0.639847,0.409404,0.261956,1.562874,2.442574,3.817435,0.40194,0.192963,0.0,0.212003,29881,0.389083,0.208977,0.208977,EOCLINGO-INF-MR,15.464355,1.4019519081138527,2278006.0,182280000.0,590587200.0,58329600.0,123950400.0,0.30864197530864196,0.012497289883695414,0.039054030886548165,0.003857188235708461
GroupAssignment,00632-group_assignment-p200-pr20-sat.asp,191361,300521,0.636764,0.405469,0.258188,1.57044,2.466282,3.873149,0.401545,0.194397,0.0,0.209557,37681,0.391308,0.207148,0.207148,EOCLINGO-INF-MR,31.35593,1.2647087807633195,2883726.0,230640000.0,747273600.0,73804800.0,156835200.0,0.30864197530864196,0.012503147762747139,0.039072336758584805,0.0038589962230701044
GroupAssignment,00633-group_assignment-p200-pr20-sat.asp,167361,262121,0.638488,0.407666,0.26029,1.566201,2.452986,3.84187,0.401766,0.193593,0.0,0.210927,32881,0.390061,0.208173,0.208173,EOCLINGO-INF-MR,16.73102,1.2273071815107506,2510301.0,200880000.0,650851200.0,64281600.0,136598400.0,0.30864197530864196,0.012496520310633214,0.039051625970728795,0.003856950713158399
GroupAssignment,00635-group_assignment-p200-pr20-sat.asp,158361,247721,0.639272,0.408668,0.26125,1.56428,2.446973,3.827752,0.401867,0.193229,0.0,0.211548,31081,0.389496,0.208637,0.208637,AMOCLINGO-INF-MR,16.036514,1.6216254979105809,2370799.0,189720000.0,614692800.0,60710400.0,129009600.0,0.30864197530864196,0.012496305081172254,0.039050953378663295,0.003856884284312424
GroupAssignment,00636-group_assignment-p200-pr20-middle.asp,143361,223721,0.640803,0.410628,0.263131,1.560543,2.435294,3.800381,0.402062,0.192521,0.0,0.212757,28081,0.388397,0.209541,0.209541,AMOCLINGO-INF-MR,43.60538,1.8085061980884007,8558951.0,171120000.0,554428800.0,54758400.0,116361600.0,0.30864197530864196,0.05001724520804114,0.15630389127512856,0.015437421360506525
GroupAssignment,00637-group_assignment-p200-pr20-middle.asp,149361,233321,0.640152,0.409795,0.262331,1.562128,2.440244,3.811973,0.401979,0.192821,0.0,0.212244,29281,0.388863,0.209158,0.209158,AMOCLINGO-INF-MR,82.55906999999999,1.5913028090069332,8927364.0,178560000.0,578534400.0,57139200.0,121420800.0,0.30864197530864196,0.04999643817204301,0.15623886928763442,0.015430999435815744
GroupAssignment,00638-group_assignment-p200-pr20-middle.asp,155361,242921,0.639554,0.409029,0.261596,1.563591,2.444816,3.822691,0.401903,0.193099,0.0,0.211771,30481,0.389293,0.208804,0.208804,EOCLINGO-INF-MR,107.75672,1.2719255931323818,9302392.0,186000000.0,602640000.0,59520000.0,126480000.0,0.30864197530864196,0.050012860215053766,0.15629018817204302,0.015436067967609187
GroupAssignment,00639-group_assignment-p200-pr20-middle.asp,167361,262121,0.638488,0.407666,0.26029,1.566201,2.452986,3.84187,0.401766,0.193593,0.0,0.210927,32881,0.390061,0.208173,0.208173,EOCLINGO-INF-MR,118.9013,1.9855387199298915,10043631.0,200880000.0,650851200.0,64281600.0,136598400.0,0.30864197530864196,0.04999816308243728,0.15624425963261648,0.01543153181556706
GroupAssignment,00640-group_assignment-p200-pr20-middle.asp,203361,319721,0.636058,0.404569,0.257329,1.572184,2.471764,3.886069,0.401454,0.194728,0.0,0.208993,40081,0.39182,0.206726,0.206726,EOCLINGO-INF-MR,244.03088,1.3622964437943266,12274266.0,245520000.0,795484800.0,78566400.0,166953600.0,0.30864197530864196,0.049992937438905184,0.15622792949657868,0.015429918962625055
GroupAssignment,00641-group_assignment-p200-pr20-middle.asp,149361,233321,0.640152,0.409795,0.262331,1.562128,2.440244,3.811973,0.401979,0.192821,0.0,0.212244,29281,0.388863,0.209158,0.209158,AMOCLINGO-INF-MR,45.51104,3.834793601728285,8925162.0,178560000.0,578534400.0,57139200.0,121420800.0,0.30864197530864196,0.049984106182795696,0.15620033182123655,0.01542719326629497
GroupAssignment,00642-group_assignment-p200-pr20-middle.asp,185361,290921,0.637152,0.405963,0.25866,1.569483,2.463278,3.866074,0.401595,0.194216,0.0,0.209866,36481,0.391026,0.207379,0.207379,AMOCLINGO-INF-MR,136.35094,1.99490645242343,11157293.0,223200000.0,723168000.0,71424000.0,151776000.0,0.30864197530864196,0.049987871863799285,0.15621209957437276,0.015428355513518297
GroupAssignment,00643-group_assignment-p200-pr20-middle.asp,182361,286121,0.637356,0.406223,0.258909,1.568981,2.461702,3.862365,0.401621,0.19412,0.0,0.210028,35881,0.390879,0.207501,0.207501,AMOCLINGO-INF-MR,106.12354,1.7903968337279363,10976793.0,219480000.0,711115200.0,70233600.0,149246400.0,0.30864197530864196,0.05001272553307819,0.15628976729086932,0.015436026399098204
GroupAssignment,00644-group_assignment-p200-pr20-middle.asp,131361,204521,0.642286,0.412531,0.264963,1.556939,2.424058,3.774109,0.40225,0.191838,0.0,0.213922,25681,0.387337,0.210413,0.210413,AMOCLINGO-INF-MR,60.70456,1.6432039042865971,7812420.0,156240000.0,506217600.0,49996800.0,106243200.0,0.30864197530864196,0.05000268817204301,0.1562584005376344,0.015432928448161423
GroupAssignment,00645-group_assignment-p200-pr20-middle.asp,176361,276521,0.637785,0.40677,0.259432,1.567926,2.458392,3.854577,0.401676,0.19392,0.0,0.21037,34681,0.390568,0.207756,0.207756,AMOCLINGO-INF-MR,136.76487999999998,1.8794601947517524,10602258.0,212040000.0,687009600.0,67852800.0,144187200.0,0.30864197530864196,0.05000121675155631,0.15625380234861347,0.015432474306035898
GroupAssignment,00661-group_assignment-p250-pr20-sat.asp,224161,351621,0.637507,0.406416,0.259093,1.568609,2.460535,3.859617,0.401676,0.194057,0.0,0.210121,44081,0.390706,0.207619,0.207619,AMOCLINGO-INF-MR,51.2719,1.3082846549474467,3364252.0,269265000.0,872418600.0,86164800.0,183100200.0,0.30864197530864196,0.012494204593987335,0.03904438935621043,0.0038562359857985604
GroupAssignment,00662-group_assignment-p250-pr20-sat.asp,164161,255621,0.642205,0.412427,0.264862,1.557136,2.424672,3.775545,0.402288,0.191885,0.0,0.213821,32081,0.387309,0.210403,0.210403,EOCLINGO-INF-MR,21.769482,2.227662284293214,2437455.0,194985000.0,631751400.0,62395200.0,132589800.0,0.30864197530864196,0.01250073082544811,0.03906478382952535,0.0038582502547679356
GroupAssignment,00663-group_assignment-p250-pr20-sat.asp,194161,303621,0.639485,0.408941,0.261511,1.563759,2.445342,3.823925,0.401934,0.193139,0.0,0.211685,38081,0.38927,0.208796,0.208796,EOCLINGO-INF-MR,24.25231,1.352792785511978,2901098.0,232125000.0,752085000.0,74280000.0,157845000.0,0.30864197530864196,0.012497998922994077,0.03905624663435649,0.003857407074998172
GroupAssignment,00664-group_assignment-p250-pr20-sat.asp,201661,315621,0.638934,0.408237,0.260836,1.565107,2.449559,3.833822,0.401863,0.193394,0.0,0.211251,39581,0.389669,0.208469,0.208469,AMOCLINGO-INF-MR,19.470024,2.288696202942534,3016955.0,241410000.0,782168400.0,77251200.0,164158800.0,0.30864197530864196,0.012497224638581666,0.039053826995567704,0.003857168098327675
GroupAssignment,00666-group_assignment-p250-pr20-middle.asp,175411,273621,0.641073,0.410974,0.263465,1.559885,2.433241,3.795577,0.402141,0.192405,0.0,0.212934,34331,0.388123,0.209736,0.209736,AMOCLINGO-INF-MR,57.00571,2.459929891233702,10449160.0,208912500.0,676876500.0,66852000.0,142060500.0,0.30864197530864196,0.050016920959731946,0.15630287799916232,0.015437321283867884
GroupAssignment,00667-group_assignment-p250-pr20-middle.asp,227911,357621,0.637298,0.406148,0.258837,1.569126,2.462155,3.863431,0.401648,0.194155,0.0,0.209955,44831,0.390859,0.207493,0.207493,AMOCLINGO-INF-MR,229.81454,1.711106573152421,13698679.0,273907500.0,887460300.0,87650400.0,186257100.0,0.30864197530864196,0.050012062466343564,0.15628769520732363,0.01543582174887147
GroupAssignment,00668-group_assignment-p250-pr20-middle.asp,246661,387621,0.636346,0.404936,0.257679,1.571473,2.469526,3.880793,0.401523,0.194599,0.0,0.209198,48581,0.391554,0.206924,0.206924,AMOCLINGO-INF-MR,376.08755,1.3479702266134572,14857756.0,297120000.0,962668800.0,95078400.0,202041600.0,0.30864197530864196,0.050005910070005384,0.15626846896876684,0.015433922861112772
GroupAssignment,00670-group_assignment-p250-pr20-middle.asp,171661,267621,0.641433,0.411437,0.263909,1.559009,2.430508,3.789184,0.402188,0.192239,0.0,0.213217,33581,0.387863,0.209949,0.209949,AMOCLINGO-INF-MR,65.32141,2.587867898136308,10213387.0,204270000.0,661834800.0,65366400.0,138903600.0,0.30864197530864196,0.049999446810593824,0.1562482712831057,0.015431928027961056
GroupAssignment,00671-group_assignment-p250-pr20-middle.asp,179161,279621,0.640728,0.410532,0.26304,1.560725,2.435862,3.801709,0.402096,0.192564,0.0,0.212663,35081,0.388371,0.209532,0.209532,EOCLINGO-L,246.61359,1.5675522180265895,10674601.0,213555000.0,691918200.0,68337600.0,145217400.0,0.30864197530864196,0.0499852543841165,0.15620391995036406,0.015427547649418675
GroupAssignment,00672-group_assignment-p250-pr20-middle.asp,224161,351621,0.637507,0.406416,0.259093,1.568609,2.460535,3.859617,0.401676,0.194057,0.0,0.210121,44081,0.390706,0.207619,0.207619,AMOCLINGO-INF-MR,182.11237,2.160305475130547,13462146.0,269265000.0,872418600.0,86164800.0,183100200.0,0.30864197530864196,0.04999589994986352,0.15623718734332348,0.01543083331785911
GroupAssignment,00673-group_assignment-p250-pr20-middle.asp,179161,279621,0.640728,0.410532,0.26304,1.560725,2.435862,3.801709,0.402096,0.192564,0.0,0.212663,35081,0.388371,0.209532,0.209532,AMOCLINGO-INF-MR,134.44538,1.8715334807339603,10679340.0,213555000.0,691918200.0,68337600.0,145217400.0,0.30864197530864196,0.050007445388775724,0.15627326683992415,0.01543439672493078
GroupAssignment,00674-group_assignment-p250-pr20-middle.asp,201661,315621,0.638934,0.408237,0.260836,1.565107,2.449559,3.833822,0.401863,0.193394,0.0,0.211251,39581,0.389669,0.208469,0.208469,EOCLINGO-INF-MR,161.37792,1.9354302620829416,12072782.0,241410000.0,782168400.0,77251200.0,164158800.0,0.30864197530864196,0.050009452798144234,0.15627953999420074,0.01543501629572353
GroupAssignment,00675-group_assignment-p250-pr20-middle.asp,205411,321621,0.638674,0.407905,0.260518,1.565744,2.451554,3.838505,0.401829,0.193514,0.0,0.211045,40331,0.389857,0.208314,0.208314,AMOCLINGO-INF-MR,55.2743,2.3173726306800813,12301655.0,246052500.0,797210100.0,78736800.0,167315700.0,0.30864197530864196,0.049996057751902544,0.15623768047469544,0.015430882022192142
GroupAssignment,00677-group_assignment-p250-pr20-punsat.asp,220411,345621,0.637725,0.406693,0.259358,1.568075,2.45886,3.855676,0.401704,0.193956,0.0,0.210293,43331,0.390548,0.207748,0.207748,AMOCLINGO-INF-MR,566.62945,2.1266361146601187,238191492.0,264622500.0,857376900.0,84679200.0,179943300.0,0.30864197530864196,0.9001180625230281,2.8128689453844626,0.2778142168280951
GroupAssignment,00680-group_assignment-p250-pr20-punsat.asp,205411,321621,0.638674,0.407905,0.260518,1.565744,2.451554,3.838505,0.401829,0.193514,0.0,0.211045,40331,0.389857,0.208314,0.208314,AMOCLINGO-INF-MR,580.98703,2.0740890532444416,221521683.0,246052500.0,797210100.0,78736800.0,167315700.0,0.30864197530864196,0.9003025086109672,2.8134453394092724,0.27787114463301454
GroupAssignment,00682-group_assignment-p250-pr20-punsat.asp,235411,369621,0.636898,0.405639,0.258351,1.570109,2.465243,3.870701,0.401596,0.194341,0.0,0.209638,46331,0.39115,0.207255,0.207255,AMOCLINGO-INF-MR,692.88739,1.739045135458447,254856622.0,283192500.0,917543700.0,90621600.0,192570900.0,0.30864197530864196,0.8999412837557492,2.812316511736716,0.2777596554801695
GroupAssignment,00691-group_assignment-p300-pr20-sat.asp,205961,321121,0.641381,0.41137,0.263845,1.559135,2.430902,3.790104,0.402212,0.192269,0.0,0.213152,40281,0.387845,0.209943,0.209943,AMOCLINGO-INF-MR,25.818040000000003,1.5479579394872731,3067770.0,245520000.0,795484800.0,78566400.0,166953600.0,0.30864197530864196,0.012494990224828934,0.03904684445259042,0.003856478464453375
GroupAssignment,00694-group_assignment-p300-pr20-sat.asp,237461,371521,0.639159,0.408524,0.261112,1.564556,2.447835,3.829775,0.401919,0.193295,0.0,0.211407,46581,0.389458,0.208624,0.208624,AMOCLINGO-INF-MR,26.584000000000003,1.2976320343063497,3556758.0,284580000.0,922039200.0,91065600.0,193514400.0,0.30864197530864196,0.012498271136411554,0.039057097301286106,0.0038574910914850476
GroupAssignment,00696-group_assignment-p300-pr20-middle.asp,196961,306721,0.64215,0.412357,0.264795,1.557268,2.425083,3.776503,0.402313,0.191916,0.0,0.213753,38481,0.38729,0.210397,0.210397,EOCLINGO-INF-MR,120.31325,1.7782560939879857,11721337.0,234360000.0,759326400.0,74995200.0,159364800.0,0.30864197530864196,0.05001423877794846,0.15629449618108893,0.01543649344998409
GroupAssignment,00697-group_assignment-p300-pr20-middle.asp,223961,349921,0.640033,0.409642,0.262185,1.562419,2.441154,3.814107,0.402034,0.192891,0.0,0.212095,43881,0.388822,0.209144,0.209144,EOCLINGO-INF-MR,146.9946,1.3593232676574514,13392175.0,267840000.0,867801600.0,85708800.0,182131200.0,0.30864197530864196,0.05000065337514934,0.1562520417973417,0.01543230042442881
GroupAssignment,00699-group_assignment-p300-pr20-middle.asp,223961,349921,0.640033,0.409642,0.262185,1.562419,2.441154,3.814107,0.402034,0.192891,0.0,0.212095,43881,0.388822,0.209144,0.209144,EOCLINGO-L,352.31748,1.370340069416936,13393934.0,267840000.0,867801600.0,85708800.0,182131200.0,0.30864197530864196,0.05000722072879331,0.15627256477747908,0.015434327385430035
GroupAssignment,00701-group_assignment-p300-pr20-middle.asp,210461,328321,0.641022,0.410909,0.263402,1.560009,2.433627,3.79648,0.402165,0.192435,0.0,0.212871,41181,0.388105,0.20973,0.20973,AMOCLINGO-INF-MR,180.32307,1.546234378108137,12554416.0,251100000.0,813564000.0,80352000.0,170748000.0,0.30864197530864196,0.04999767423337316,0.15624273197929112,0.015431380936226284
GroupAssignment,00702-group_assignment-p300-pr20-middle.asp,264461,414721,0.637684,0.406641,0.259309,1.568175,2.459171,3.85641,0.401723,0.193979,0.0,0.210243,51981,0.390534,0.207743,0.207743,EOCLINGO-INF-MR,196.53605,2.310069068753544,15902408.0,318060000.0,1030514400.0,101779200.0,216280800.0,0.30864197530864196,0.04999813871596554,0.15624418348739233,0.015431524295051093
GroupAssignment,00703-group_assignment-p300-pr20-middle.asp,246461,385921,0.638631,0.407849,0.260465,1.56585,2.451887,3.839287,0.401849,0.19354,0.0,0.210991,48381,0.389843,0.208309,0.208309,AMOCLINGO-INF-MR,229.02846,1.5134507300970368,14790932.0,295740000.0,958197600.0,94636800.0,201103200.0,0.30864197530864196,0.05001329546223034,0.15629154831946981,0.01543620230315751
GroupAssignment,00704-group_assignment-p300-pr20-middle.asp,246461,385921,0.638631,0.407849,0.260465,1.56585,2.451887,3.839287,0.401849,0.19354,0.0,0.210991,48381,0.389843,0.208309,0.208309,AMOCLINGO-INF-MR,105.57193,3.23702730451172,14785532.0,295740000.0,958197600.0,94636800.0,201103200.0,0.30864197530864196,0.049995036180428755,0.15623448806383985,0.015430566722354554
GroupAssignment,00705-group_assignment-p300-pr20-middle.asp,232961,364321,0.639439,0.408882,0.261455,1.563871,2.445693,3.824749,0.401956,0.193165,0.0,0.211628,45681,0.389254,0.20879,0.20879,EOCLINGO-INF-MR,232.03426,1.2230072834933945,13947875.0,279000000.0,903960000.0,89280000.0,189720000.0,0.30864197530864196,0.0499923835125448,0.15622619847670252,0.015429747997699013
GroupAssignment,00706-group_assignment-p300-pr20-punsat.asp,228461,357121,0.63973,0.409254,0.261812,1.56316,2.443468,3.81953,0.401994,0.193031,0.0,0.211857,44781,0.389042,0.208963,0.208963,AMOCLINGO-INF-MR,634.51851,1.898941918967817,246059756.0,273420000.0,885880800.0,87494400.0,185925600.0,0.30864197530864196,0.8999332748153025,2.81229148379782,0.27775718358496987
GroupAssignment,00708-group_assignment-p300-pr20-punsat.asp,259961,407521,0.637908,0.406927,0.259582,1.567624,2.457444,3.852347,0.401753,0.193875,0.0,0.21042,51081,0.39037,0.207877,0.207877,AMOCLINGO-INF-MR,658.7323,1.8292819344064344,281273605.0,312480000.0,1012435200.0,99993600.0,212486400.0,0.30864197530864196,0.9001331445212494,2.812916076628904,0.2778188717658177
GroupAssignment,00711-group_assignment-p300-pr20-punsat.asp,268961,421921,0.637468,0.406365,0.259045,1.568707,2.460842,3.860339,0.401694,0.19408,0.0,0.210071,52881,0.390692,0.207614,0.207614,AMOCLINGO-INF-MR,993.8711,1.2124412964618854,291226453.0,323640000.0,1048593600.0,103564800.0,220075200.0,0.30864197530864196,0.899846907057224,2.8120215845538254,0.2777305268695136
GroupAssignment,00712-group_assignment-p300-pr20-punsat.asp,241961,378721,0.63889,0.40818,0.260782,1.565215,2.449898,3.834617,0.401883,0.19342,0.0,0.211195,47481,0.389654,0.208463,0.208463,AMOCLINGO-INF-MR,619.7286799999999,1.944397591862297,261066950.0,290160000.0,940118400.0,92851200.0,197308800.0,0.30864197530864196,0.8997344568513923,2.8116701776606012,0.27769582001586185
GroupAssignment,00715-group_assignment-p300-pr20-punsat.asp,268961,421921,0.637468,0.406365,0.259045,1.568707,2.460842,3.860339,0.401694,0.19408,0.0,0.210071,52881,0.390692,0.207614,0.207614,AMOCLINGO-INF-MR,588.98622,2.0459727003460286,291348498.0,323640000.0,1048593600.0,103564800.0,220075200.0,0.30864197530864196,0.9002240081572117,2.8132000254912866,0.27784691609790485
GroupAssignment,00721-group_assignment-p50-pr25-sat.asp,56246,88446,0.635936,0.404415,0.257182,1.572485,2.47271,3.888299,0.400917,0.194681,0.0,0.209277,11146,0.392846,0.206237,0.206237,CLINGO-AMO,0.931641,1.477097937939614,673582.0,67342500.0,218189700.0,21549600.0,45792900.0,0.30864197530864196,0.010002331365779412,0.03125728551806066,0.003087139310425744
GroupAssignment,00722-group_assignment-p50-pr25-sat.asp,46496,72846,0.638278,0.407399,0.260034,1.566715,2.454597,3.845655,0.40111,0.193565,0.0,0.211222,9196,0.391345,0.207545,0.207545,CLINGO-AMO,0.751481,1.3746428718756696,553508.0,55350000.0,179334000.0,17712000.0,37638000.0,0.30864197530864196,0.01000014453477868,0.03125045167118338,0.0030864643625860126
GroupAssignment,00723-group_assignment-p50-pr25-sat.asp,55496,87246,0.636086,0.404606,0.257364,1.572113,2.47154,3.885541,0.40093,0.194609,0.0,0.209402,10996,0.392749,0.206321,0.206321,CLINGO-AMO,0.933348,1.3448574379545466,664177.0,66420000.0,215200800.0,21254400.0,45165600.0,0.30864197530864196,0.00999965371875941,0.031248917871123157,0.0030863128761603117
GroupAssignment,00724-group_assignment-p50-pr25-sat.asp,43496,68046,0.639215,0.408595,0.26118,1.56442,2.447409,3.828775,0.401186,0.193121,0.0,0.211997,8596,0.390749,0.208065,0.208065,CLINGO-AMO,0.669952,4.562717926060374,516496.0,51660000.0,167378400.0,16531200.0,35128800.0,0.30864197530864196,0.009997986837011228,0.031243708865660084,0.0030857984064849467
GroupAssignment,00725-group_assignment-p50-pr25-sat.asp,50246,78846,0.637268,0.40611,0.258801,1.5692,2.462387,3.863977,0.401027,0.194045,0.0,0.210385,9946,0.391991,0.206982,0.206982,CLINGO-AMO,0.849367,1.985699938895672,599612.0,59962500.0,194278500.0,19188000.0,40774500.0,0.30864197530864196,0.009999783197831978,0.031249322493224933,0.0030863528388370303
GroupAssignment,00726-group_assignment-p50-pr25-middle.asp,47246,74046,0.638063,0.407124,0.259771,1.567244,2.456253,3.849547,0.401092,0.193667,0.0,0.211044,9346,0.391483,0.207425,0.207425,AMOCLINGO-INF-MR,5.146971,1.2885316431742089,2249994.0,56272500.0,182322900.0,18007200.0,38265300.0,0.30864197530864196,0.03998389977342397,0.12494968679194988,0.012340709806612334
GroupAssignment,00727-group_assignment-p50-pr25-middle.asp,52496,82446,0.636732,0.405428,0.258149,1.57052,2.466532,3.873737,0.400983,0.194301,0.0,0.20994,10396,0.392335,0.206682,0.206682,AMOCLINGO-INF-MR,6.14451,1.515621424653878,2510023.0,62730000.0,203245200.0,20073600.0,42656400.0,0.30864197530864196,0.040013119719432486,0.12504099912322653,0.012349728308466817
GroupAssignment,00728-group_assignment-p50-pr25-middle.asp,53996,84846,0.6364,0.405005,0.257745,1.571339,2.469105,3.8798,0.400956,0.194459,0.0,0.209664,10696,0.392548,0.206497,0.206497,AMOCLINGO-INF-MR,5.904197,1.4565257561697214,2582977.0,64575000.0,209223000.0,20664000.0,43911000.0,0.30864197530864196,0.03999964382500968,0.12499888695315525,0.012345569081793111
GroupAssignment,00729-group_assignment-p50-pr25-middle.asp,48746,76446,0.637653,0.406601,0.25927,1.568252,2.459414,3.85698,0.401059,0.193862,0.0,0.210704,9646,0.391745,0.207196,0.207196,AMOCLINGO-INF-MR,4.693709,2.262919367178493,2326035.0,58117500.0,188300700.0,18597600.0,39519900.0,0.30864197530864196,0.04002297070589753,0.12507178345592979,0.012352768736388128
GroupAssignment,00730-group_assignment-p50-pr25-middle.asp,51746,81246,0.636905,0.405648,0.258359,1.570092,2.46519,3.870576,0.400997,0.194218,0.0,0.210084,10246,0.392224,0.206779,0.206779,AMOCLINGO-INF-MR,5.432799,1.5218367180527017,2473128.0,61807500.0,200256300.0,19778400.0,42029100.0,0.30864197530864196,0.04001339643247179,0.12504186385147434,0.01234981371372586
GroupAssignment,00731-group_assignment-p50-pr25-middle.asp,50246,78846,0.637268,0.40611,0.258801,1.5692,2.462387,3.863977,0.401027,0.194045,0.0,0.210385,9946,0.391991,0.206982,0.206982,AMOCLINGO-INF-MR,4.133716,2.477726336303704,2398663.0,59962500.0,194278500.0,19188000.0,40774500.0,0.30864197530864196,0.040002718365645194,0.12500849489264124,0.012346518014088023
GroupAssignment,00732-group_assignment-p50-pr25-middle.asp,43496,68046,0.639215,0.408595,0.26118,1.56442,2.447409,3.828775,0.401186,0.193121,0.0,0.211997,8596,0.390749,0.208065,0.208065,AMOCLINGO-INF-MR,3.94206,1.221756137653917,2065855.0,51660000.0,167378400.0,16531200.0,35128800.0,0.30864197530864196,0.039989450251645374,0.1249670320363918,0.012342422917174498
GroupAssignment,00734-group_assignment-p50-pr25-middle.asp,52496,82446,0.636732,0.405428,0.258149,1.57052,2.466532,3.873737,0.400983,0.194301,0.0,0.20994,10396,0.392335,0.206682,0.206682,AMOCLINGO-INF-MR,4.352147,2.1180750558287667,2509114.0,62730000.0,203245200.0,20073600.0,42656400.0,0.30864197530864196,0.03999862904511398,0.12499571576598119,0.0123452558781216
GroupAssignment,00735-group_assignment-p50-pr25-middle.asp,50996,80046,0.637084,0.405876,0.258577,1.569653,2.463809,3.867324,0.401012,0.194133,0.0,0.210232,10096,0.392109,0.206879,0.206879,EOCLINGO-INF-MR,6.599551,1.6219964055130416,2435924.0,60885000.0,197267400.0,19483200.0,41401800.0,0.30864197530864196,0.040008606389094196,0.12502689496591934,0.012348335305275985
GroupAssignment,00752-group_assignment-p100-pr25-sat.asp,85296,133546,0.638701,0.407939,0.260551,1.565677,2.451345,3.838015,0.401543,0.193444,0.0,0.211276,16796,0.390358,0.208099,0.208099,CLINGO-AMO,4.38593,1.2878137589975216,1022858.0,102300000.0,331452000.0,32736000.0,69564000.0,0.30864197530864196,0.0099986119257087,0.03124566226783969,0.0030859913350952776
GroupAssignment,00753-group_assignment-p100-pr25-sat.asp,95796,150346,0.63717,0.405986,0.258682,1.569439,2.463139,3.865748,0.401374,0.194163,0.0,0.21004,18896,0.391415,0.207211,0.207211,AMOCLINGO-INF-MR,7.051321,1.28687206269577,1153327.0,115320000.0,373636800.0,36902400.0,78417600.0,0.30864197530864196,0.010001101283385362,0.03125344151057926,0.0030867596553658524
GroupAssignment,00754-group_assignment-p100-pr25-sat.asp,101796,159946,0.63644,0.405056,0.257794,1.571241,2.468797,3.879074,0.401293,0.194507,0.0,0.209448,20096,0.391921,0.206786,0.206786,CLINGO-AMO,7.013946,1.2028885024207483,1227731.0,122760000.0,397742400.0,39283200.0,83476800.0,0.30864197530864196,0.010001067122841316,0.03125333475887911,0.0030867491119880605
GroupAssignment,00755-group_assignment-p100-pr25-sat.asp,104796,164746,0.636106,0.404631,0.257389,1.572064,2.471385,3.885174,0.401256,0.194664,0.0,0.209178,20696,0.392152,0.206592,0.206592,CLINGO-AMO,8.806616,1.3509233285520794,1264694.0,126480000.0,409795200.0,40473600.0,86006400.0,0.30864197530864196,0.00999916192283365,0.031247381008855154,0.0030861610872943363
GroupAssignment,00757-group_assignment-p100-pr25-middle.asp,103296,162346,0.636271,0.40484,0.257588,1.571658,2.470109,3.882167,0.401274,0.194586,0.0,0.209311,20396,0.392038,0.206688,0.206688,AMOCLINGO-INF-MR,15.318508,1.8936976107594812,4985818.0,124620000.0,403768800.0,39878400.0,84741600.0,0.30864197530864196,0.04000816883325309,0.12502552760391591,0.012348200257176879
GroupAssignment,00758-group_assignment-p100-pr25-middle.asp,107796,169546,0.635792,0.404232,0.257007,1.572841,2.47383,3.890942,0.401221,0.194812,0.0,0.208922,21296,0.392371,0.206408,0.206408,AMOCLINGO-INF-MR,17.42024,3.0677253011439567,5207143.0,130200000.0,421848000.0,41664000.0,88536000.0,0.30864197530864196,0.0399934178187404,0.12497943068356375,0.012343647474919877
GroupAssignment,00759-group_assignment-p100-pr25-middle.asp,86796,135946,0.638459,0.40763,0.260255,1.56627,2.453203,3.842379,0.401516,0.193557,0.0,0.211081,17096,0.390525,0.207959,0.207959,EOCLINGO-INF-MR,24.697521,1.4453836885086566,4167686.0,104160000.0,337478400.0,33331200.0,70828800.0,0.30864197530864196,0.04001234639016897,0.12503858246927804,0.01234948962659536
GroupAssignment,00760-group_assignment-p100-pr25-middle.asp,112296,176746,0.635352,0.403673,0.256474,1.57393,2.477254,3.899024,0.401172,0.19502,0.0,0.208565,22196,0.392676,0.206152,0.206152,AMOCLINGO-INF-MR,25.504646,2.412857406450573,5430059.0,135780000.0,439927200.0,43449600.0,92330400.0,0.30864197530864196,0.039991596700545,0.12497373968920313,0.012343085401402778
GroupAssignment,00762-group_assignment-p100-pr25-middle.asp,86796,135946,0.638459,0.40763,0.260255,1.56627,2.453203,3.842379,0.401516,0.193557,0.0,0.211081,17096,0.390525,0.207959,0.207959,AMOCLINGO-INF-MR,16.870747,1.5644406854065205,4165645.0,104160000.0,337478400.0,33331200.0,70828800.0,0.30864197530864196,0.03999275153609831,0.12497734855030722,0.012343441832129109
GroupAssignment,00763-group_assignment-p100-pr25-middle.asp,104796,164746,0.636106,0.404631,0.257389,1.572064,2.471385,3.885174,0.401256,0.194664,0.0,0.209178,20696,0.392152,0.206592,0.206592,EOCLINGO-INF-MR,41.74393499999999,1.315039657856884,5060437.0,126480000.0,409795200.0,40473600.0,86006400.0,0.30864197530864196,0.04000978020240354,0.12503056313251107,0.012348697593334427
GroupAssignment,00764-group_assignment-p100-pr25-middle.asp,97296,152746,0.636979,0.405742,0.258449,1.56991,2.464619,3.86923,0.401353,0.194253,0.0,0.209885,19196,0.391547,0.2071,0.2071,AMOCLINGO-INF-MR,17.291915000000003,2.3377805176581075,4687093.0,117180000.0,379663200.0,37497600.0,79682400.0,0.30864197530864196,0.03999908687489333,0.12499714648404164,0.01234539718360905
GroupAssignment,00765-group_assignment-p100-pr25-middle.asp,91296,143146,0.637782,0.406766,0.259428,1.567933,2.458414,3.854627,0.401441,0.193875,0.0,0.210535,17996,0.390992,0.207567,0.207567,AMOCLINGO-INF-MR,12.561847,2.217022703747307,4389097.0,109740000.0,355557600.0,35116800.0,74623200.0,0.30864197530864196,0.03999541643885548,0.12498567637142337,0.012344264332980085
GroupAssignment,00781-group_assignment-p150-pr25-sat.asp,136846,214646,0.637543,0.406461,0.259136,1.568522,2.460262,3.858976,0.401546,0.194014,0.0,0.210244,26946,0.390921,0.207533,0.207533,AMOCLINGO-INF-MR,11.338295,1.7539737676608342,1650268.0,165052500.0,534770100.0,52816800.0,112235700.0,0.30864197530864196,0.009998442919677072,0.031245134123990853,0.003085939172739837
GroupAssignment,00783-group_assignment-p150-pr25-sat.asp,168346,265046,0.635158,0.403425,0.256239,1.574412,2.478774,3.902612,0.401257,0.195134,0.0,0.208327,33246,0.39262,0.206123,0.206123,AMOCLINGO-INF-MR,14.66899,1.6253300329470537,2042462.0,204217500.0,661664700.0,65349600.0,138867900.0,0.30864197530864196,0.010001405364378664,0.03125439176368333,0.003086853507524279
GroupAssignment,00784-group_assignment-p150-pr25-sat.asp,159346,250646,0.635741,0.404167,0.256946,1.572967,2.474225,3.891875,0.401328,0.194859,0.0,0.208797,31446,0.392203,0.206469,0.206469,AMOCLINGO-INF-MR,12.386499,1.3524911276382454,1929733.0,193027500.0,625409100.0,61768800.0,131258700.0,0.30864197530864196,0.009997192109932523,0.031241225343539132,0.003085553120349544
GroupAssignment,00785-group_assignment-p150-pr25-sat.asp,123346,193046,0.638946,0.408252,0.260851,1.565077,2.449466,3.833604,0.401715,0.193359,0.0,0.211365,24246,0.389928,0.208357,0.208357,AMOCLINGO-INF-MR,8.545119,1.4520226108027283,1482450.0,148267500.0,480386700.0,47445600.0,100821900.0,0.30864197530864196,0.009998482472558046,0.031245257726743893,0.0030859513804191497
GroupAssignment,00786-group_assignment-p150-pr25-middle.asp,168346,265046,0.635158,0.403425,0.256239,1.574412,2.478774,3.902612,0.401257,0.195134,0.0,0.208327,33246,0.39262,0.206123,0.206123,AMOCLINGO-INF-MR,79.24307,1.633006520317802,8166385.0,204217500.0,661664700.0,65349600.0,138867900.0,0.30864197530864196,0.03998866404691077,0.12496457514659616,0.012342180261392213
GroupAssignment,00787-group_assignment-p150-pr25-middle.asp,143596,225446,0.636942,0.405695,0.258404,1.570002,2.464906,3.869907,0.401474,0.194295,0.0,0.209762,28296,0.391348,0.207178,0.207178,AMOCLINGO-INF-MR,38.56597,2.6831089688655565,6935972.0,173445000.0,561961800.0,55502400.0,117942600.0,0.30864197530864196,0.03998946063593646,0.12496706448730145,0.012342426122202613
GroupAssignment,00788-group_assignment-p150-pr25-middle.asp,150346,236246,0.636396,0.405,0.25774,1.571349,2.469137,3.879875,0.401407,0.194551,0.0,0.209324,29646,0.391736,0.206856,0.206856,AMOCLINGO-INF-MR,38.03964,3.0386665068333985,7272474.0,181837500.0,589153500.0,58188000.0,123649500.0,0.30864197530864196,0.03999435759950505,0.12498236749845329,0.012343937530711436
GroupAssignment,00790-group_assignment-p150-pr25-middle.asp,154846,243446,0.636059,0.404571,0.257331,1.572181,2.471754,3.886046,0.401367,0.19471,0.0,0.209053,30546,0.391977,0.206657,0.206657,AMOCLINGO-INF-MR,38.10941,2.9534403707640715,7497314.0,187432500.0,607281300.0,59978400.0,127454100.0,0.30864197530864196,0.04000007469355635,0.12500023341736358,0.012345702065912453
GroupAssignment,00791-group_assignment-p150-pr25-middle.asp,139096,218246,0.637336,0.406197,0.258884,1.569031,2.46186,3.862735,0.401521,0.194111,0.0,0.210078,27396,0.391068,0.207411,0.207411,AMOCLINGO-INF-MR,45.8792,1.333293082704145,6713146.0,167850000.0,543834000.0,53712000.0,114138000.0,0.30864197530864196,0.039994912123920166,0.12498410038725052,0.012344108680222274
GroupAssignment,00792-group_assignment-p150-pr25-middle.asp,152596,239846,0.636225,0.404782,0.257532,1.571771,2.470465,3.883005,0.401387,0.194632,0.0,0.209186,30096,0.391858,0.206755,0.206755,AMOCLINGO-INF-MR,44.0392,1.342477383785355,7385600.0,184635000.0,598217400.0,59083200.0,125551800.0,0.30864197530864196,0.0400010832182414,0.12500338505700437,0.012346013338963393
GroupAssignment,00793-group_assignment-p150-pr25-middle.asp,181846,286646,0.634392,0.402454,0.255313,1.576312,2.484759,3.916755,0.401164,0.195495,0.0,0.207709,35946,0.393168,0.205669,0.205669,AMOCLINGO-INF-MR,119.00191,1.8592682251906716,8836041.0,221002500.0,716048100.0,70720800.0,150281700.0,0.30864197530864196,0.03998163369192656,0.12494260528727051,0.012340010398742766
GroupAssignment,00794-group_assignment-p150-pr25-middle.asp,127846,200246,0.638445,0.407612,0.260238,1.566306,2.453316,3.842644,0.401655,0.193592,0.0,0.210965,25146,0.390282,0.208063,0.208063,EOCLINGO-L,57.50976,1.3401375696925182,6154272.0,153862500.0,498514500.0,49236000.0,104626500.0,0.30864197530864196,0.03999851815744577,0.12499536924201804,0.012345221653532645
GroupAssignment,00795-group_assignment-p150-pr25-middle.asp,143596,225446,0.636942,0.405695,0.258404,1.570002,2.464906,3.869907,0.401474,0.194295,0.0,0.209762,28296,0.391348,0.207178,0.207178,AMOCLINGO-INF-MR,45.93974,1.3097150745737784,6937228.0,173445000.0,561961800.0,55502400.0,117942600.0,0.30864197530864196,0.03999670212459281,0.12498969413935253,0.012344661149565683
GroupAssignment,00811-group_assignment-p200-pr25-sat.asp,191396,300546,0.636828,0.405549,0.258265,1.570284,2.465791,3.871991,0.401524,0.194361,0.0,0.209623,37696,0.391314,0.207162,0.207162,EOCLINGO-INF-MR,24.44893,1.751359998167609,2306085.0,230640000.0,747273600.0,73804800.0,156835200.0,0.30864197530864196,0.009998634235171696,0.03124573198491155,0.003085998220732005
GroupAssignment,00813-group_assignment-p200-pr25-sat.asp,176396,276546,0.637854,0.406858,0.259516,1.567757,2.457861,3.853328,0.401653,0.193882,0.0,0.210441,34696,0.390576,0.207771,0.207771,AMOCLINGO-INF-MR,13.437144,1.408986909718315,2120498.0,212040000.0,687009600.0,67852800.0,144187200.0,0.30864197530864196,0.010000462176947746,0.03125144430296171,0.003086562400292514
GroupAssignment,00814-group_assignment-p200-pr25-sat.asp,218396,343746,0.635341,0.403658,0.256461,1.573957,2.477342,3.899231,0.401335,0.195059,0.0,0.208433,43096,0.392388,0.206277,0.206277,AMOCLINGO-INF-MR,23.03942,2.3168716920825263,2641592.0,264120000.0,855748800.0,84518400.0,179601600.0,0.30864197530864196,0.010001484173860367,0.031254638043313646,0.0030868778314383847
GroupAssignment,00815-group_assignment-p200-pr25-sat.asp,212396,334146,0.635638,0.404036,0.256821,1.573222,2.475027,3.893766,0.401373,0.194919,0.0,0.208672,41896,0.392173,0.206454,0.206454,AMOCLINGO-INF-MR,19.34168,1.230852749089014,2567495.0,256680000.0,831643200.0,82137600.0,174542400.0,0.30864197530864196,0.010002707651550568,0.03125846141109553,0.003087255448009435
GroupAssignment,00816-group_assignment-p200-pr25-middle.asp,167396,262146,0.63856,0.407759,0.260379,1.566023,2.452428,3.840559,0.401742,0.193553,0.0,0.211003,32896,0.390069,0.208189,0.208189,AMOCLINGO-INF-MR,80.81623,1.49171063782609,8035621.0,200880000.0,650851200.0,64281600.0,136598400.0,0.30864197530864196,0.040002095778574276,0.1250065493080446,0.012346325857584653
GroupAssignment,00818-group_assignment-p200-pr25-middle.asp,212396,334146,0.635638,0.404036,0.256821,1.573222,2.475027,3.893766,0.401373,0.194919,0.0,0.208672,41896,0.392173,0.206454,0.206454,AMOCLINGO-INF-MR,150.14243,1.351101883724674,10266665.0,256680000.0,831643200.0,82137600.0,174542400.0,0.30864197530864196,0.03999791569269129,0.12499348653966028,0.012345035707620768
GroupAssignment,00819-group_assignment-p200-pr25-middle.asp,197396,310146,0.636462,0.405083,0.25782,1.571187,2.468628,3.878676,0.401477,0.194533,0.0,0.20933,38896,0.391578,0.206944,0.206944,AMOCLINGO-INF-MR,89.74141,1.7889182931268854,9523186.0,238080000.0,771379200.0,76185600.0,161894400.0,0.30864197530864196,0.03999994119623656,0.12499981623823925,0.012345660863035976
GroupAssignment,00820-group_assignment-p200-pr25-middle.asp,209396,329346,0.635793,0.404233,0.257009,1.572838,2.47382,3.890918,0.401393,0.194846,0.0,0.208796,41296,0.392061,0.206546,0.206546,EOCLINGO-INF-MR,88.36116,1.2823767818349148,10117543.0,252960000.0,819590400.0,80947200.0,172012800.0,0.30864197530864196,0.03999661211258697,0.12498941285183428,0.012344633368082399
GroupAssignment,00822-group_assignment-p200-pr25-middle.asp,194396,305346,0.636642,0.405313,0.258039,1.570742,2.467231,3.875384,0.4015,0.194448,0.0,0.209474,38296,0.391448,0.207052,0.207052,AMOCLINGO-INF-MR,60.10215,1.4567182704778443,9372740.0,234360000.0,759326400.0,74995200.0,159364800.0,0.30864197530864196,0.039992916880013656,0.12497786525004267,0.012343492864201746
GroupAssignment,00824-group_assignment-p200-pr25-middle.asp,197396,310146,0.636462,0.405083,0.25782,1.571187,2.468628,3.878676,0.401477,0.194533,0.0,0.20933,38896,0.391578,0.206944,0.206944,AMOCLINGO-INF-MR,67.67835,2.378245037002232,9524102.0,238080000.0,771379200.0,76185600.0,161894400.0,0.30864197530864196,0.040003788642473115,0.12501183950772848,0.01234684834644232
GroupAssignment,00825-group_assignment-p200-pr25-middle.asp,191396,300546,0.636828,0.405549,0.258265,1.570284,2.465791,3.871991,0.401524,0.194361,0.0,0.209623,37696,0.391314,0.207162,0.207162,EOCLINGO-INF-MR,65.533,1.2012396807715195,9227543.0,230640000.0,747273600.0,73804800.0,156835200.0,0.30864197530864196,0.04000842438432189,0.1250263262010059,0.012348279130963546
GroupAssignment,00843-group_assignment-p250-pr25-sat.asp,295446,465646,0.634486,0.402573,0.255427,1.576078,2.484022,3.915014,0.401258,0.195467,0.0,0.207723,58346,0.392952,0.205791,0.205791,EOCLINGO-INF-MR,37.52005,2.9887934584308926,3576978.0,357472500.0,1158210900.0,114391200.0,243081300.0,0.30864197530864196,0.010006302582716153,0.03126969557098798,0.0030883649946654794
GroupAssignment,00845-group_assignment-p250-pr25-sat.asp,246696,387646,0.636395,0.404999,0.257739,1.571351,2.469144,3.879892,0.401506,0.194571,0.0,0.209249,48596,0.391559,0.206935,0.206935,AMOCLINGO-INF-MR,29.04885,1.902223323814884,2970982.0,297120000.0,962668800.0,95078400.0,202041600.0,0.30864197530864196,0.009999266289714594,0.031247707155358104,0.003086193299294628
GroupAssignment,00846-group_assignment-p250-pr25-middle.asp,265446,417646,0.635577,0.403958,0.256746,1.573375,2.475508,3.894901,0.4014,0.194955,0.0,0.208596,52346,0.392155,0.206445,0.206445,AMOCLINGO-INF-MR,119.07259,3.1431116934636254,12812573.0,320332500.0,1037877300.0,102506400.0,217826100.0,0.30864197530864196,0.03999773048316983,0.12499290775990572,0.01234497854418822
GroupAssignment,00848-group_assignment-p250-pr25-middle.asp,265446,417646,0.635577,0.403958,0.256746,1.573375,2.475508,3.894901,0.4014,0.194955,0.0,0.208596,52346,0.392155,0.206445,0.206445,EOCLINGO-INF-MR,133.45119,1.6927658719266574,12817550.0,320332500.0,1037877300.0,102506400.0,217826100.0,0.30864197530864196,0.0400132674642754,0.12504146082586062,0.012349773908726975
GroupAssignment,00849-group_assignment-p250-pr25-middle.asp,284196,447646,0.634868,0.403057,0.255888,1.575131,2.481038,3.907961,0.401308,0.195288,0.0,0.208029,56096,0.392673,0.20602,0.20602,AMOCLINGO-INF-MR,231.12315,2.1342012256236558,13742201.0,343545000.0,1113085800.0,109934400.0,233610600.0,0.30864197530864196,0.04000116724155496,0.12500364762985927,0.012346039272084865
GroupAssignment,00850-group_assignment-p250-pr25-middle.asp,265446,417646,0.635577,0.403958,0.256746,1.573375,2.475508,3.894901,0.4014,0.194955,0.0,0.208596,52346,0.392155,0.206445,0.206445,EOCLINGO-INF-MR,116.04836,1.8079550628720649,12808873.0,320332500.0,1037877300.0,102506400.0,217826100.0,0.30864197530864196,0.03998617998485948,0.12495681245268588,0.012341413575573914
GroupAssignment,00851-group_assignment-p250-pr25-middle.asp,239196,375646,0.636759,0.405462,0.258182,1.570453,2.466322,3.873241,0.401554,0.194401,0.0,0.209539,47096,0.391294,0.207152,0.207152,EOCLINGO-INF-MR,132.62303,1.517829218650788,11516463.0,287835000.0,932585400.0,92107200.0,195727800.0,0.30864197530864196,0.040010641513367036,0.125033254729272,0.012348963430051553
GroupAssignment,00852-group_assignment-p250-pr25-middle.asp,276696,435646,0.63514,0.403402,0.256217,1.574457,2.478915,3.902946,0.401343,0.19516,0.0,0.208247,54596,0.392474,0.206183,0.206183,AMOCLINGO-INF-MR,120.34256,1.255757231689271,13371348.0,334260000.0,1083002400.0,106963200.0,227296800.0,0.30864197530864196,0.040002836115598635,0.12500886286124574,0.012346554356666246
GroupAssignment,00853-group_assignment-p250-pr25-middle.asp,239196,375646,0.636759,0.405462,0.258182,1.570453,2.466322,3.873241,0.401554,0.194401,0.0,0.209539,47096,0.391294,0.207152,0.207152,AMOCLINGO-INF-MR,100.86329,2.982865619394331,11511144.0,287835000.0,932585400.0,92107200.0,195727800.0,0.30864197530864196,0.03999216217624681,0.12497550680077127,0.012343259930940372
GroupAssignment,00854-group_assignment-p250-pr25-middle.asp,246696,387646,0.636395,0.404999,0.257739,1.571351,2.469144,3.879892,0.401506,0.194571,0.0,0.209249,48596,0.391559,0.206935,0.206935,EOCLINGO-INF-MR,274.89966000000004,1.299389348098866,11885420.0,297120000.0,962668800.0,95078400.0,202041600.0,0.30864197530864196,0.04000208669897685,0.12500652093430265,0.012346323055239767
GroupAssignment,00855-group_assignment-p250-pr25-middle.asp,242946,381646,0.636574,0.405227,0.257957,1.570909,2.467754,3.876617,0.40153,0.194488,0.0,0.209392,47846,0.391429,0.207042,0.207042,AMOCLINGO-INF-MR,73.77205000000001,3.722997124249632,11698267.0,292477500.0,947627100.0,93592800.0,198884700.0,0.30864197530864196,0.03999715191766888,0.12499109974271524,0.012344799974589161
GroupAssignment,00857-group_assignment-p250-pr25-punsat.asp,220446,345646,0.63778,0.406763,0.259425,1.56794,2.458434,3.854677,0.401686,0.193925,0.0,0.210351,43346,0.390554,0.207761,0.207761,AMOCLINGO-INF-MR,509.01761,2.367286383274638,238272267.0,264622500.0,857376900.0,84679200.0,179943300.0,0.30864197530864196,0.9004233086755662,2.813822839611144,0.2779084286035698
GroupAssignment,00859-group_assignment-p250-pr25-punsat.asp,272946,429646,0.635281,0.403582,0.256388,1.574106,2.47781,3.900337,0.401361,0.195094,0.0,0.20836,53846,0.392371,0.206268,0.206268,AMOCLINGO-INF-MR,541.5170099999999,2.225282544679437,296669085.0,329617500.0,1067960700.0,105477600.0,224139900.0,0.30864197530864196,0.9000404559830713,2.812626424947098,0.27779026419230596
GroupAssignment,00862-group_assignment-p250-pr25-punsat.asp,239196,375646,0.636759,0.405462,0.258182,1.570453,2.466322,3.873241,0.401554,0.194401,0.0,0.209539,47096,0.391294,0.207152,0.207152,AMOCLINGO-INF-MR,525.50306,2.2930290149024057,258958377.0,287835000.0,932585400.0,92107200.0,195727800.0,0.30864197530864196,0.8996764708947834,2.8114889715461984,0.2776779231156739
GroupAssignment,00871-group_assignment-p300-pr25-sat.asp,313996,493946,0.635689,0.4041,0.256882,1.573096,2.474633,3.892836,0.401438,0.194907,0.0,0.208668,61896,0.39203,0.206531,0.206531,AMOCLINGO-INF-MR,63.47555,1.3983138389505885,3793895.0,379440000.0,1229385600.0,121420800.0,258019200.0,0.30864197530864196,0.00999866909129243,0.031245840910288848,0.0030860089787939603
GroupAssignment,00872-group_assignment-p300-pr25-sat.asp,304996,479546,0.63601,0.404509,0.257271,1.572303,2.472135,3.886945,0.401481,0.194757,0.0,0.208924,60096,0.391795,0.206724,0.206724,AMOCLINGO-INF-MR,41.57592,1.290013305778922,3682436.0,368280000.0,1193227200.0,117849600.0,250430400.0,0.30864197530864196,0.009999011621592268,0.031246911317475833,0.0030861146980223045
GroupAssignment,00873-group_assignment-p300-pr25-sat.asp,223996,349946,0.640087,0.409712,0.262251,1.562287,2.44074,3.813136,0.402016,0.192861,0.0,0.212151,43896,0.388828,0.209156,0.209156,AMOCLINGO-INF-MR,26.26831,1.6239209907298948,2678340.0,267840000.0,867801600.0,85708800.0,182131200.0,0.30864197530864196,0.009999775985663083,0.03124929995519713,0.003086350612858976
GroupAssignment,00875-group_assignment-p300-pr25-sat.asp,259996,407546,0.637955,0.406987,0.259639,1.567509,2.457084,3.8515,0.401737,0.193849,0.0,0.210469,51096,0.390375,0.207888,0.207888,EOCLINGO-INF-MR,36.99667,1.21571076532023,3124070.0,312480000.0,1012435200.0,99993600.0,212486400.0,0.30864197530864196,0.009997663850486432,0.031242699532770098,0.0030856987192859355
GroupAssignment,00876-group_assignment-p300-pr25-middle.asp,363496,573146,0.634212,0.402225,0.255096,1.57676,2.486173,3.920098,0.401242,0.195601,0.0,0.207488,71796,0.393116,0.205642,0.205642,AMOCLINGO-INF-MR,450.93051,1.7359908958034351,17631619.0,440820000.0,1428256800.0,141062400.0,299757600.0,0.30864197530864196,0.039997320901955444,0.12499162781861077,0.012344852130233163
GroupAssignment,00877-group_assignment-p300-pr25-middle.asp,309496,486746,0.635847,0.404301,0.257074,1.572705,2.473402,3.889932,0.401459,0.194833,0.0,0.208794,60996,0.391915,0.206626,0.206626,AMOCLINGO-INF-MR,365.17346,1.589224255234759,14962346.0,373860000.0,1211306400.0,119635200.0,254224800.0,0.30864197530864196,0.04002125394532713,0.12506641857914727,0.012352238872014545
GroupAssignment,00878-group_assignment-p300-pr25-middle.asp,273496,429146,0.637303,0.406155,0.258844,1.569113,2.462114,3.863334,0.401651,0.194153,0.0,0.209952,53796,0.39085,0.207498,0.207498,EOCLINGO-INF-MR,273.35075,1.4355046401006766,13165691.0,329220000.0,1066672800.0,105350400.0,223869600.0,0.30864197530864196,0.03999055646680032,0.12497048895875099,0.012342764341605035
GroupAssignment,00879-group_assignment-p300-pr25-middle.asp,268996,421946,0.637513,0.406423,0.2591,1.568596,2.460493,3.859519,0.401679,0.194055,0.0,0.210118,52896,0.390697,0.207624,0.207624,AMOCLINGO-INF-MR,170.074,1.6578002516551615,12946951.0,323640000.0,1048593600.0,103564800.0,220075200.0,0.30864197530864196,0.040004174391298976,0.1250130449728093,0.012346967404721906
GroupAssignment,00880-group_assignment-p300-pr25-middle.asp,282496,443546,0.636904,0.405646,0.258357,1.570097,2.465203,3.870607,0.401599,0.194339,0.0,0.209635,55596,0.391142,0.20726,0.20726,AMOCLINGO-INF-MR,140.19982000000002,2.291029760237923,13616107.0,340380000.0,1102831200.0,108921600.0,231458400.0,0.30864197530864196,0.040002664668899464,0.12500832709031082,0.012346501441018353
GroupAssignment,00881-group_assignment-p300-pr25-middle.asp,300496,472346,0.636178,0.404722,0.257475,1.571888,2.470831,3.88387,0.401503,0.194678,0.0,0.209058,59196,0.391672,0.206825,0.206825,AMOCLINGO-INF-MR,188.51072,2.8332163815405305,14503073.0,362700000.0,1175148000.0,116064000.0,246636000.0,0.30864197530864196,0.03998641577060932,0.12495754928315413,0.012341486348953493
GroupAssignment,00882-group_assignment-p300-pr25-middle.asp,286996,450746,0.636713,0.405404,0.258126,1.570565,2.466676,3.874076,0.401574,0.194428,0.0,0.209484,56496,0.391281,0.207146,0.207146,AMOCLINGO-INF-MR,209.77245,2.3286134094348427,13837304.0,345960000.0,1120910400.0,110707200.0,235252800.0,0.30864197530864196,0.03999683200369985,0.12499010001156204,0.01234470123570983
GroupAssignment,00883-group_assignment-p300-pr25-middle.asp,313996,493946,0.635689,0.4041,0.256882,1.573096,2.474633,3.892836,0.401438,0.194907,0.0,0.208668,61896,0.39203,0.206531,0.206531,AMOCLINGO-INF-MR,262.1636,2.2065778773254565,15176939.0,379440000.0,1229385600.0,121420800.0,258019200.0,0.30864197530864196,0.039998257959097616,0.12499455612218005,0.012345141345400499
GroupAssignment,00884-group_assignment-p300-pr25-middle.asp,340996,537146,0.634829,0.403008,0.255841,1.575227,2.481339,3.908672,0.401324,0.19531,0.0,0.207982,67296,0.392661,0.206014,0.206014,AMOCLINGO-INF-MR,248.04814,1.4406009656028864,16510572.0,412920000.0,1337860800.0,132134400.0,280785600.0,0.30864197530864196,0.039984917175239755,0.12495286617262424,0.012341023819518444
GroupAssignment,00885-group_assignment-p300-pr25-middle.asp,295996,465146,0.636351,0.404942,0.257685,1.57146,2.469488,3.880702,0.401526,0.194597,0.0,0.209195,58296,0.391546,0.206928,0.206928,AMOCLINGO-INF-MR,145.45570999999998,3.024266630715288,14282296.0,357120000.0,1157068800.0,114278400.0,242841600.0,0.30864197530864196,0.03999298835125448,0.12497808859767025,0.012343514923226691
GroupAssignment,00891-group_assignment-p300-pr25-punsat.asp,300496,472346,0.636178,0.404722,0.257475,1.571888,2.470831,3.88387,0.401503,0.194678,0.0,0.209058,59196,0.391672,0.206825,0.206825,AMOCLINGO-INF-MR,957.4111,1.2586342199291405,326535368.0,362700000.0,1175148000.0,116064000.0,246636000.0,0.30864197530864196,0.9002905100634133,2.8134078439481667,0.27786744137759667
GroupAssignment,00892-group_assignment-p300-pr25-punsat.asp,291496,457946,0.636529,0.405169,0.257902,1.57102,2.468103,3.877439,0.401549,0.194514,0.0,0.209337,57396,0.391415,0.207035,0.207035,AMOCLINGO-INF-MR,574.3696000000001,2.097887003420794,316348379.0,351540000.0,1138989600.0,112492800.0,239047200.0,0.30864197530864196,0.8998929823064231,2.8121655697075725,0.27774474762543927
GroupAssignment,00895-group_assignment-p300-pr25-punsat.asp,304996,479546,0.63601,0.404509,0.257271,1.572303,2.472135,3.886945,0.401481,0.194757,0.0,0.208924,60096,0.391795,0.206724,0.206724,AMOCLINGO-INF-MR,709.1249899999999,1.6993075452044075,331447914.0,368280000.0,1193227200.0,117849600.0,250430400.0,0.30864197530864196,0.8999889051808406,2.812465328690127,0.27777435345087675
GroupAssignment,00901-group_assignment-p50-pr30-sat.asp,56281,88471,0.636152,0.404689,0.257444,1.571951,2.471031,3.884341,0.400846,0.194559,0.0,0.209502,11161,0.392868,0.206286,0.206286,CLINGO-AMO,0.830037,1.9288935312522213,561190.0,67342500.0,218189700.0,21549600.0,45792900.0,0.30864197530864196,0.00833337045699224,0.026041782678100752,0.002572027918824766
GroupAssignment,00902-group_assignment-p50-pr30-sat.asp,63031,99271,0.634939,0.403147,0.255974,1.574955,2.480484,3.906651,0.400755,0.195142,0.0,0.208485,12511,0.393632,0.205613,0.205613,CLINGO-AMO,0.935364,1.308304574475819,630188.0,75645000.0,245089800.0,24206400.0,51438600.0,0.30864197530864196,0.00833086125983211,0.026033941436975346,0.0025712534752568243
GroupAssignment,00903-group_assignment-p50-pr30-sat.asp,60031,94471,0.635444,0.403789,0.256585,1.573704,2.476543,3.897345,0.400793,0.194899,0.0,0.208909,11911,0.393313,0.205894,0.205894,CLINGO-AMO,0.877782,1.289223292343657,599757.0,71955000.0,233134200.0,23025600.0,48929400.0,0.30864197530864196,0.008335167813216594,0.026047399416301856,0.0025725826584001832
GroupAssignment,00904-group_assignment-p50-pr30-sat.asp,55531,87271,0.636305,0.404884,0.25763,1.571573,2.469841,3.881534,0.400857,0.194486,0.0,0.209631,11011,0.392772,0.206371,0.206371,CLINGO-AMO,0.803702,1.361894085121102,553590.0,66420000.0,215200800.0,21254400.0,45165600.0,0.30864197530864196,0.00833468834688347,0.02604590108401084,0.0025724346749640336
GroupAssignment,00905-group_assignment-p50-pr30-sat.asp,60031,94471,0.635444,0.403789,0.256585,1.573704,2.476543,3.897345,0.400793,0.194899,0.0,0.208909,11911,0.393313,0.205894,0.205894,CLINGO-AMO,0.8981790000000001,4.65383848876449,599654.0,71955000.0,233134200.0,23025600.0,48929400.0,0.30864197530864196,0.008333736363004655,0.02604292613438955,0.0025721408527792145
GroupAssignment,00906-group_assignment-p50-pr30-middle.asp,61531,96871,0.635185,0.40346,0.256272,1.574345,2.478561,3.902109,0.400774,0.195024,0.0,0.208692,12211,0.393476,0.20575,0.20575,AMOCLINGO-INF-MR,6.293855,1.4176740646233508,2459616.0,73800000.0,239112000.0,23616000.0,50184000.0,0.30864197530864196,0.03332813008130081,0.10415040650406504,0.010286459901636054
GroupAssignment,00909-group_assignment-p50-pr30-middle.asp,54031,84871,0.636625,0.405291,0.258019,1.570783,2.467361,3.875689,0.400881,0.194333,0.0,0.209898,10711,0.392571,0.206548,0.206548,EOCLINGO-INF-MR,5.464165,1.2923665372476856,2152835.0,64575000.0,209223000.0,20664000.0,43911000.0,0.30864197530864196,0.03333852109949671,0.10418287843592722,0.010289667006017503
GroupAssignment,00910-group_assignment-p50-pr30-middle.asp,53281,83671,0.636792,0.405504,0.258221,1.570372,2.466069,3.872646,0.400893,0.194253,0.0,0.210037,10561,0.392466,0.20664,0.20664,AMOCLINGO-INF-MR,5.233828,1.3282326052747626,2121418.0,63652500.0,206234100.0,20368800.0,43283700.0,0.30864197530864196,0.03332811751305919,0.10415036722830996,0.010286456022549132
GroupAssignment,00911-group_assignment-p50-pr30-middle.asp,69031,108871,0.634062,0.402035,0.254915,1.577132,2.487345,3.922872,0.40069,0.195564,0.0,0.207747,13711,0.394185,0.205125,0.205125,AMOCLINGO-INF-MR,8.564581,1.2622158632161922,2768693.0,83025000.0,269001000.0,26568000.0,56457000.0,0.30864197530864196,0.03334770249924721,0.10421157031014755,0.010292500771372597
GroupAssignment,00912-group_assignment-p50-pr30-middle.asp,57781,90871,0.635857,0.404315,0.257086,1.57268,2.473321,3.889742,0.400824,0.194701,0.0,0.209256,11461,0.393053,0.206123,0.206123,AMOCLINGO-INF-MR,5.739654,1.4054162498296938,2306520.0,69187500.0,224167500.0,22140000.0,47047500.0,0.30864197530864196,0.033337235772357726,0.10417886178861789,0.010289270300110408
GroupAssignment,00913-group_assignment-p50-pr30-middle.asp,57031,89671,0.636003,0.404499,0.257263,1.57232,2.472191,3.887076,0.400835,0.194631,0.0,0.209377,11311,0.392962,0.206204,0.206204,AMOCLINGO-INF-MR,4.731375,1.5681397056880926,2275975.0,68265000.0,221178600.0,21844800.0,46420200.0,0.30864197530864196,0.03334029151102322,0.10418841097194756,0.010290213429328154
GroupAssignment,00914-group_assignment-p50-pr30-middle.asp,63781,100471,0.63482,0.402996,0.25583,1.57525,2.481412,3.908843,0.400746,0.195199,0.0,0.208385,12661,0.393707,0.205547,0.205547,AMOCLINGO-INF-MR,6.887128,1.6702304647162067,2552732.0,76567500.0,248078700.0,24501600.0,52065900.0,0.30864197530864196,0.0333396284324289,0.10418633885134032,0.010290008775441018
GroupAssignment,00915-group_assignment-p50-pr30-middle.asp,57781,90871,0.635857,0.404315,0.257086,1.57268,2.473321,3.889742,0.400824,0.194701,0.0,0.209256,11461,0.393053,0.206123,0.206123,AMOCLINGO-INF-MR,6.044806,1.7720739094025515,2305776.0,69187500.0,224167500.0,22140000.0,47047500.0,0.30864197530864196,0.03332648238482385,0.10414525745257452,0.010285951353340693
GroupAssignment,00931-group_assignment-p100-pr30-sat.asp,125831,198371,0.634322,0.402364,0.255228,1.576488,2.485313,3.918065,0.401014,0.1955,0.0,0.207747,24911,0.393472,0.205514,0.205514,CLINGO-AMO,8.338079,1.2301477354676058,1271102.0,152520000.0,494164800.0,48806400.0,103713600.0,0.30864197530864196,0.008334002098085496,0.026043756556517177,0.0025722228697794744
GroupAssignment,00932-group_assignment-p100-pr30-sat.asp,106331,167171,0.636061,0.404574,0.257334,1.572176,2.471736,3.886003,0.4012,0.194675,0.0,0.209168,21011,0.392275,0.206525,0.206525,CLINGO-AMO,3.582832,2.0257008980605287,1069481.0,128340000.0,415821600.0,41068800.0,87271200.0,0.30864197530864196,0.008333185289075892,0.02604120402836216,0.0025719707682333
GroupAssignment,00933-group_assignment-p100-pr30-sat.asp,100331,157571,0.636735,0.405432,0.258153,1.570512,2.466507,3.873677,0.401272,0.194357,0.0,0.209716,19811,0.391813,0.206915,0.206915,CLINGO-AMO,3.82029,1.9681385444560493,1007331.0,120900000.0,391716000.0,38688000.0,82212000.0,0.30864197530864196,0.008331935483870968,0.026037298387096775,0.0025715850258861014
GroupAssignment,00934-group_assignment-p100-pr30-sat.asp,124331,195971,0.634436,0.402509,0.255366,1.576204,2.484419,3.91595,0.401026,0.195446,0.0,0.20784,24611,0.393393,0.20558,0.20558,CLINGO-AMO,7.598638999999999,1.2084407484024444,1255843.0,150660000.0,488138400.0,48211200.0,102448800.0,0.30864197530864196,0.0083356099827426,0.02604878119607062,0.002572719130476111
GroupAssignment,00936-group_assignment-p100-pr30-middle.asp,100331,157571,0.636735,0.405432,0.258153,1.570512,2.466507,3.873677,0.401272,0.194357,0.0,0.209716,19811,0.391813,0.206915,0.206915,EOCLINGO-INF-MR,23.351168,1.2562005463709565,4029222.0,120900000.0,391716000.0,38688000.0,82212000.0,0.30864197530864196,0.033326898263027295,0.1041465570719603,0.010286079710810893
GroupAssignment,00937-group_assignment-p100-pr30-middle.asp,115331,181571,0.635184,0.403459,0.256271,1.574347,2.478568,3.902126,0.401106,0.195091,0.0,0.208452,22811,0.392878,0.206016,0.206016,AMOCLINGO-INF-MR,13.982703,1.6994270707172998,4649624.0,139500000.0,451980000.0,44640000.0,94860000.0,0.30864197530864196,0.03333063799283154,0.10415824372759856,0.010287233948404797
GroupAssignment,00938-group_assignment-p100-pr30-middle.asp,121331,191171,0.634673,0.402809,0.255652,1.575615,2.482564,3.911566,0.401052,0.195333,0.0,0.208034,24011,0.39323,0.205718,0.205718,EOCLINGO-INF-MR,21.103526,1.286780986267413,4897171.0,146940000.0,476085600.0,47020800.0,99919200.0,0.30864197530864196,0.033327691574792435,0.10414903617122635,0.01028632456012112
GroupAssignment,00939-group_assignment-p100-pr30-middle.asp,106331,167171,0.636061,0.404574,0.257334,1.572176,2.471736,3.886003,0.4012,0.194675,0.0,0.209168,21011,0.392275,0.206525,0.206525,AMOCLINGO-INF-MR,10.586239,2.293318996482131,4277854.0,128340000.0,415821600.0,41068800.0,87271200.0,0.30864197530864196,0.03333219573009194,0.10416311165653733,0.01028771473150986
GroupAssignment,00940-group_assignment-p100-pr30-middle.asp,131831,207971,0.633891,0.401818,0.254709,1.577558,2.488688,3.926049,0.400968,0.195705,0.0,0.207394,26111,0.393769,0.205263,0.205263,AMOCLINGO-INF-MR,22.596965,3.280484126961297,5330950.0,159960000.0,518270400.0,51187200.0,108772800.0,0.30864197530864196,0.03332676919229807,0.10414615372593149,0.010286039874166073
GroupAssignment,00941-group_assignment-p100-pr30-middle.asp,116831,183971,0.635051,0.40329,0.25611,1.574676,2.479605,3.904576,0.401092,0.195154,0.0,0.208344,23111,0.392969,0.205938,0.205938,AMOCLINGO-INF-MR,21.431793,2.490263413798369,4712294.0,141360000.0,458006400.0,45235200.0,96124800.0,0.30864197530864196,0.03333541312959819,0.10417316602999434,0.010288707756048824
GroupAssignment,00942-group_assignment-p100-pr30-middle.asp,107831,169571,0.635905,0.404375,0.257144,1.572563,2.472953,3.888874,0.401183,0.194749,0.0,0.20904,21311,0.392383,0.206434,0.206434,AMOCLINGO-INF-MR,14.066525,2.040760600077133,4340234.0,130200000.0,421848000.0,41664000.0,88536000.0,0.30864197530864196,0.03333513056835637,0.10417228302611367,0.010288620545789004
GroupAssignment,00943-group_assignment-p100-pr30-middle.asp,106331,167171,0.636061,0.404574,0.257334,1.572176,2.471736,3.886003,0.4012,0.194675,0.0,0.209168,21011,0.392275,0.206525,0.206525,AMOCLINGO-INF-MR,16.844639,2.4541113644525123,4277793.0,128340000.0,415821600.0,41068800.0,87271200.0,0.30864197530864196,0.03333172043010753,0.10416162634408602,0.010287568033983804
GroupAssignment,00944-group_assignment-p100-pr30-middle.asp,116831,183971,0.635051,0.40329,0.25611,1.574676,2.479605,3.904576,0.401092,0.195154,0.0,0.208344,23111,0.392969,0.205938,0.205938,AMOCLINGO-INF-MR,19.23864,1.2351036247884466,4712975.0,141360000.0,458006400.0,45235200.0,96124800.0,0.30864197530864196,0.033340230616864745,0.10418822067770232,0.010290194634834797
GroupAssignment,00945-group_assignment-p100-pr30-middle.asp,125831,198371,0.634322,0.402364,0.255228,1.576488,2.485313,3.918065,0.401014,0.1955,0.0,0.207747,24911,0.393472,0.205514,0.205514,EOCLINGO-INF-MR,29.547254,1.4134619751805024,5082226.0,152520000.0,494164800.0,48806400.0,103713600.0,0.30864197530864196,0.03332170207185943,0.10413031897456071,0.010284475948104763
GroupAssignment,00961-group_assignment-p150-pr30-sat.asp,152631,239871,0.636305,0.404883,0.257629,1.571575,2.469847,3.881548,0.40136,0.194587,0.0,0.209269,30111,0.391867,0.206773,0.206773,AMOCLINGO-INF-MR,11.446217,1.216713522030903,1539160.0,184635000.0,598217400.0,59083200.0,125551800.0,0.30864197530864196,0.008336230942129066,0.02605072169415333,0.0025729107846077363
GroupAssignment,00966-group_assignment-p150-pr30-middle.asp,175131,275871,0.634829,0.403008,0.255841,1.575227,2.481339,3.908671,0.401185,0.195282,0.0,0.208079,34611,0.392912,0.205903,0.205903,AMOCLINGO-INF-MR,62.37207,1.5934867962535155,7085979.0,212610000.0,688856400.0,68035200.0,144574800.0,0.30864197530864196,0.033328531113306054,0.10415165972908141,0.010286583676946313
GroupAssignment,00968-group_assignment-p150-pr30-middle.asp,150381,236271,0.636477,0.405103,0.257838,1.571149,2.46851,3.878398,0.40138,0.194506,0.0,0.209408,29661,0.391745,0.206875,0.206875,AMOCLINGO-INF-MR,20.085121,3.792122188360229,6060916.0,181837500.0,589153500.0,58188000.0,123649500.0,0.30864197530864196,0.03333149652849385,0.10416092665154328,0.010287498928547485
GroupAssignment,00969-group_assignment-p150-pr30-middle.asp,172881,272271,0.634959,0.403173,0.255999,1.574904,2.480323,3.906271,0.401201,0.195221,0.0,0.208184,34161,0.392819,0.20598,0.20598,AMOCLINGO-INF-MR,69.56153,1.2465750825204678,6992710.0,209812500.0,679792500.0,67140000.0,142672500.0,0.30864197530864196,0.03332837652666071,0.10415117664581472,0.010286535965018738
GroupAssignment,00970-group_assignment-p150-pr30-middle.asp,141381,221871,0.637222,0.406051,0.258745,1.569313,2.462742,3.864813,0.401468,0.194156,0.0,0.210007,27861,0.391219,0.207312,0.207312,AMOCLINGO-INF-MR,21.878404,1.516587773038655,5689170.0,170647500.0,552897900.0,54607200.0,116040300.0,0.30864197530864196,0.03333872456379378,0.10418351426185558,0.010289729803640056
GroupAssignment,00971-group_assignment-p150-pr30-middle.asp,179631,283071,0.634579,0.402691,0.255539,1.575847,2.483294,3.913292,0.401156,0.195401,0.0,0.207876,35511,0.393089,0.205755,0.205755,AMOCLINGO-INF-MR,69.06403999999999,2.028258265806634,7275078.0,218205000.0,706984200.0,69825600.0,148379400.0,0.30864197530864196,0.03334056506496185,0.10418926582800578,0.010290297859556126
GroupAssignment,00972-group_assignment-p150-pr30-middle.asp,168381,265071,0.63523,0.403517,0.256326,1.574233,2.478211,3.901282,0.401233,0.195093,0.0,0.208402,33261,0.392627,0.20614,0.20614,EOCLINGO-INF-MR,51.3551,2.091653798746376,6806928.0,204217500.0,661664700.0,65349600.0,138867900.0,0.30864197530864196,0.03333175658305483,0.10416173932204635,0.010287579192300875
GroupAssignment,00973-group_assignment-p150-pr30-middle.asp,163881,257871,0.635515,0.40388,0.256672,1.573526,2.475984,3.896025,0.401267,0.194959,0.0,0.208633,32361,0.392425,0.206308,0.206308,AMOCLINGO-INF-MR,56.47664,1.7177725870377558,6619166.0,198622500.0,643536900.0,63559200.0,135063300.0,0.30864197530864196,0.03332535840602147,0.10414174501881711,0.010285604446302924
GroupAssignment,00974-group_assignment-p150-pr30-middle.asp,175131,275871,0.634829,0.403008,0.255841,1.575227,2.481339,3.908671,0.401185,0.195282,0.0,0.208079,34611,0.392912,0.205903,0.205903,EOCLINGO-INF-MR,77.71825,1.4038595953974775,7088293.0,212610000.0,688856400.0,68035200.0,144574800.0,0.30864197530864196,0.033339414891115186,0.10418567153473496,0.010289942867628145
GroupAssignment,00975-group_assignment-p150-pr30-middle.asp,206631,326271,0.633311,0.401083,0.25401,1.579003,2.493251,3.936851,0.401005,0.196002,0.0,0.206847,40911,0.393992,0.205003,0.205003,AMOCLINGO-INF-MR,65.0619,1.8613626408082151,8391808.0,251775000.0,815751000.0,80568000.0,171207000.0,0.30864197530864196,0.03333058484758217,0.10415807764869427,0.01028721754555005
GroupAssignment,00992-group_assignment-p200-pr30-sat.asp,239431,377371,0.634471,0.402554,0.255409,1.576116,2.484141,3.915294,0.401201,0.195463,0.0,0.207747,47311,0.393061,0.205738,0.205738,EOCLINGO-INF-MR,23.78592,1.5286539263564325,2417991.0,290160000.0,940118400.0,92851200.0,197308800.0,0.30864197530864196,0.008333302315963607,0.02604156973738627,0.0025720068876430883
GroupAssignment,00994-group_assignment-p200-pr30-sat.asp,215431,338971,0.635544,0.403916,0.256707,1.573455,2.475761,3.895499,0.401335,0.194958,0.0,0.20861,42511,0.392288,0.206377,0.206377,EOCLINGO-INF-MR,22.5081,1.2358084422941076,2169954.0,260400000.0,843696000.0,83328000.0,177072000.0,0.30864197530864196,0.00833315668202765,0.026041114631336404,0.0025719619388974227
GroupAssignment,00996-group_assignment-p200-pr30-middle.asp,224431,353371,0.635114,0.40337,0.256186,1.57452,2.479112,3.90341,0.401281,0.19516,0.0,0.208264,44311,0.392597,0.206121,0.206121,AMOCLINGO-INF-MR,86.05837,2.195839753878676,9055564.0,271560000.0,879854400.0,86899200.0,184660800.0,0.30864197530864196,0.03334645750478715,0.10420767970245987,0.010292116513823196
GroupAssignment,00997-group_assignment-p200-pr30-middle.asp,260431,410971,0.633697,0.401572,0.254475,1.578042,2.490216,3.929665,0.401104,0.195829,0.0,0.207122,51511,0.393621,0.205275,0.205275,EOCLINGO-INF-MR,96.90461,1.946370043695548,10542543.0,316200000.0,1024488000.0,101184000.0,215016000.0,0.30864197530864196,0.03334137571157495,0.10419179909867173,0.010290548059128072
GroupAssignment,00998-group_assignment-p200-pr30-middle.asp,221431,348571,0.635254,0.403547,0.256355,1.574174,2.478025,3.900843,0.401299,0.195095,0.0,0.208376,43711,0.392497,0.206204,0.206204,AMOCLINGO-INF-MR,119.80215,1.7285501136665746,8927790.0,267840000.0,867801600.0,85708800.0,182131200.0,0.30864197530864196,0.03333254928315412,0.10416421650985663,0.010287823852825347
GroupAssignment,00999-group_assignment-p200-pr30-middle.asp,233431,367771,0.634718,0.402867,0.255707,1.575502,2.482206,3.910721,0.401232,0.195347,0.0,0.207946,46111,0.392883,0.205885,0.205885,EOCLINGO-INF-MR,91.87435,1.581221853542365,9420782.0,282720000.0,916012800.0,90470400.0,192249600.0,0.30864197530864196,0.03332195104697227,0.10413109702178834,0.010284552792275392
GroupAssignment,01000-group_assignment-p200-pr30-middle.asp,233431,367771,0.634718,0.402867,0.255707,1.575502,2.482206,3.910721,0.401232,0.195347,0.0,0.207946,46111,0.392883,0.205885,0.205885,AMOCLINGO-INF-MR,137.43568,1.218929756814242,9427133.0,282720000.0,916012800.0,90470400.0,192249600.0,0.30864197530864196,0.033344414968873796,0.10420129677773061,0.010291486101504259
GroupAssignment,01002-group_assignment-p200-pr30-middle.asp,251431,396571,0.634013,0.401972,0.254855,1.577256,2.487736,3.923796,0.401144,0.19568,0.0,0.207377,49711,0.393392,0.205464,0.205464,AMOCLINGO-INF-MR,125.26955,1.7166793526439588,10167830.0,305040000.0,988329600.0,97612800.0,207427200.0,0.30864197530864196,0.0333327760293732,0.10416492509179125,0.010287893836226296
GroupAssignment,01004-group_assignment-p200-pr30-middle.asp,266431,420571,0.633498,0.40132,0.254236,1.578536,2.491777,3.93336,0.401079,0.195923,0.0,0.206962,52711,0.393764,0.205156,0.205156,AMOCLINGO-INF-MR,91.98387,3.8721263847672422,10788983.0,323640000.0,1048593600.0,103564800.0,220075200.0,0.30864197530864196,0.033336370658756644,0.10417615830861451,0.010289003289739704
GroupAssignment,01005-group_assignment-p200-pr30-middle.asp,215431,338971,0.635544,0.403916,0.256707,1.573455,2.475761,3.895499,0.401335,0.194958,0.0,0.20861,42511,0.392288,0.206377,0.206377,AMOCLINGO-INF-MR,41.27785,1.7501524425327382,8679244.0,260400000.0,843696000.0,83328000.0,177072000.0,0.30864197530864196,0.033330430107526884,0.1041575940860215,0.010287169786273729
GroupAssignment,01021-group_assignment-p250-pr30-sat.asp,314231,495671,0.633951,0.401894,0.254781,1.57741,2.488221,3.924944,0.40117,0.195716,0.0,0.207303,62111,0.393376,0.205454,0.205454,AMOCLINGO-INF-MR,26.30242,1.4424224082803023,3172000.0,380685000.0,1233419400.0,121819200.0,258865800.0,0.30864197530864196,0.008332348266939859,0.026038588334187058,0.0025717124280678575
GroupAssignment,01023-group_assignment-p250-pr30-sat.asp,291731,459671,0.634652,0.402783,0.255627,1.575667,2.482727,3.911953,0.40126,0.195385,0.0,0.207866,57611,0.392865,0.205875,0.205875,AMOCLINGO-L,37.499840000000006,1.7019003281080665,2940548.0,352830000.0,1143169200.0,112905600.0,239924400.0,0.30864197530864196,0.008334177932715472,0.02604430603973585,0.0025722771397269978
GroupAssignment,01024-group_assignment-p250-pr30-sat.asp,310481,489671,0.63406,0.402033,0.254913,1.577137,2.48736,3.922907,0.401184,0.195664,0.0,0.207391,61361,0.393296,0.20552,0.20552,EOCLINGO-INF-MR,38.28535,1.3045308453494613,3132771.0,376042500.0,1218377700.0,120333600.0,255708900.0,0.30864197530864196,0.008330896108817487,0.026034050340054647,0.0025712642311165085
GroupAssignment,01026-group_assignment-p250-pr30-middle.asp,276731,435671,0.635183,0.403458,0.25627,1.574348,2.478573,3.902137,0.401328,0.195135,0.0,0.208293,54611,0.392479,0.206193,0.206193,AMOCLINGO-INF-MR,96.41743,2.02314488158417,11142487.0,334260000.0,1083002400.0,106963200.0,227296800.0,0.30864197530864196,0.03333479028301322,0.10417121963441632,0.010288515519448526
GroupAssignment,01027-group_assignment-p250-pr30-middle.asp,269231,423671,0.635472,0.403824,0.256619,1.573634,2.476323,3.896826,0.401365,0.195,0.0,0.208524,53111,0.392269,0.206366,0.206366,AMOCLINGO-INF-MR,120.92173,2.403045424507241,10829591.0,324975000.0,1052919000.0,103992000.0,220983000.0,0.30864197530864196,0.033324381875528886,0.10413869336102777,0.010285303048002743
GroupAssignment,01028-group_assignment-p250-pr30-middle.asp,261731,411671,0.635777,0.404213,0.256989,1.572878,2.473946,3.891216,0.401404,0.194857,0.0,0.208768,51611,0.392048,0.206548,0.206548,EOCLINGO-INF-MR,116.35313,2.183420162397007,10521173.0,315690000.0,1022835600.0,101020800.0,214669200.0,0.30864197530864196,0.033327546010326586,0.10414858128227059,0.010286279632816848
GroupAssignment,01029-group_assignment-p250-pr30-middle.asp,250481,393671,0.63627,0.404839,0.257587,1.57166,2.470116,3.882182,0.401468,0.194626,0.0,0.209162,49361,0.39169,0.206842,0.206842,AMOCLINGO-INF-MR,78.89402999999999,2.6329590464576347,10057962.0,301762500.0,977710500.0,96564000.0,205198500.0,0.30864197530864196,0.033330722008201814,0.10415850627563067,0.010287259879074634
GroupAssignment,01030-group_assignment-p250-pr30-middle.asp,261731,411671,0.635777,0.404213,0.256989,1.572878,2.473946,3.891216,0.401404,0.194857,0.0,0.208768,51611,0.392048,0.206548,0.206548,AMOCLINGO-INF-MR,55.90003,3.5065730733954883,10524657.0,315690000.0,1022835600.0,101020800.0,214669200.0,0.30864197530864196,0.033338582153378316,0.10418306922930723,0.010289685849808121
GroupAssignment,01031-group_assignment-p250-pr30-middle.asp,276731,435671,0.635183,0.403458,0.25627,1.574348,2.478573,3.902137,0.401328,0.195135,0.0,0.208293,54611,0.392479,0.206193,0.206193,AMOCLINGO-INF-MR,145.10000000000002,2.3325266023432114,11142739.0,334260000.0,1083002400.0,106963200.0,227296800.0,0.30864197530864196,0.0333355441871597,0.10417357558487406,0.010288748205913486
GroupAssignment,01032-group_assignment-p250-pr30-middle.asp,321731,507671,0.633739,0.401625,0.254526,1.577936,2.489883,3.928876,0.401143,0.195816,0.0,0.207133,63611,0.393531,0.205327,0.205327,AMOCLINGO-INF-MR,174.59156,1.3715783855760268,13000066.0,389970000.0,1263502800.0,124790400.0,265179600.0,0.30864197530864196,0.033336066876939255,0.10417520899043516,0.010288909529919522
GroupAssignment,01033-group_assignment-p250-pr30-middle.asp,302981,477671,0.634288,0.402321,0.255188,1.576571,2.485576,3.918686,0.401213,0.195557,0.0,0.207574,59861,0.39313,0.205656,0.205656,AMOCLINGO-INF-MR,131.69204,2.268545084425756,12221795.0,366757500.0,1188294300.0,117362400.0,249395100.0,0.30864197530864196,0.03332391293974902,0.10413722793671568,0.010285158314737352
GroupAssignment,01034-group_assignment-p250-pr30-middle.asp,344231,543671,0.63316,0.400892,0.253829,1.579378,2.494436,3.939658,0.401068,0.196089,0.0,0.206666,68111,0.393953,0.204979,0.204979,EOCLINGO-INF-MR,190.46943,1.7717573890991327,13929328.0,417825000.0,1353753000.0,133704000.0,284121000.0,0.30864197530864196,0.03333770837072937,0.10418033865852928,0.010289416163805363
GroupAssignment,01035-group_assignment-p250-pr30-middle.asp,284231,447671,0.63491,0.403111,0.25594,1.575025,2.480705,3.907172,0.401293,0.195264,0.0,0.208074,56111,0.392677,0.20603,0.20603,EOCLINGO-L,242.84648,1.3047700753167186,11450403.0,343545000.0,1113085800.0,109934400.0,233610600.0,0.30864197530864196,0.0333301401563114,0.10415668798847312,0.01028708029515784
GroupAssignment,01036-group_assignment-p250-pr30-punsat.asp,317981,501671,0.633844,0.401758,0.254652,1.577676,2.489062,3.926933,0.401156,0.195766,0.0,0.207217,62861,0.393454,0.20539,0.20539,AMOCLINGO-INF-MR,545.4000599999999,2.209469557080724,346863229.0,385327500.0,1248461100.0,123304800.0,262022700.0,0.30864197530864196,0.9001777163581629,2.813055363619259,0.2778326285056058
GroupAssignment,01039-group_assignment-p250-pr30-punsat.asp,302981,477671,0.634288,0.402321,0.255188,1.576571,2.485576,3.918686,0.401213,0.195557,0.0,0.207574,59861,0.39313,0.205656,0.205656,AMOCLINGO-INF-MR,625.44357,1.9266312786619584,330057573.0,366757500.0,1188294300.0,117362400.0,249395100.0,0.30864197530864196,0.899934079057688,2.812293997055275,0.2777574318079284
GroupAssignment,01040-group_assignment-p250-pr30-punsat.asp,287981,453671,0.634779,0.402945,0.255781,1.57535,2.481729,3.909593,0.401276,0.195325,0.0,0.207969,56861,0.392772,0.205951,0.205951,AMOCLINGO-INF-MR,501.01418,2.4048429527483632,313372080.0,348187500.0,1128127500.0,111420000.0,236767500.0,0.30864197530864196,0.900009563812601,2.812529886914378,0.2777807295717904
GroupAssignment,01044-group_assignment-p250-pr30-punsat.asp,269231,423671,0.635472,0.403824,0.256619,1.573634,2.476323,3.896826,0.401365,0.195,0.0,0.208524,53111,0.392269,0.206366,0.206366,AMOCLINGO-INF-MR,513.90823,2.344744953782896,292342237.0,324975000.0,1052919000.0,103992000.0,220983000.0,0.30864197530864196,0.8995837741364721,2.811199294176475,0.27764931300508394
GroupAssignment,01052-group_assignment-p300-pr30-sat.asp,372531,587571,0.634019,0.40198,0.254863,1.577241,2.487688,3.923682,0.401202,0.195688,0.0,0.207341,73611,0.393285,0.205513,0.205513,EOCLINGO-INF-MR,43.11473,2.027127619725324,3766868.0,451980000.0,1464415200.0,144633600.0,307346400.0,0.30864197530864196,0.008334147528651711,0.026044211027036593,0.0025722677557567008
GroupAssignment,01053-group_assignment-p300-pr30-sat.asp,350031,551571,0.634607,0.402726,0.255573,1.575778,2.483075,3.912774,0.401279,0.195411,0.0,0.207813,69111,0.392854,0.205867,0.205867,AMOCLINGO-INF-MR,49.1076,1.4657865584960372,3534341.0,424080000.0,1374019200.0,135705600.0,288374400.0,0.30864197530864196,0.008334137426900584,0.02604417945906433,0.0025722646379322794
GroupAssignment,01054-group_assignment-p300-pr30-sat.asp,408531,645171,0.633214,0.400959,0.253893,1.579246,2.494018,3.938669,0.401096,0.196068,0.0,0.206694,80811,0.393877,0.205027,0.205027,AMOCLINGO-INF-MR,61.93577,1.5691254020092105,4138067.0,496620000.0,1609048800.0,158918400.0,337701600.0,0.30864197530864196,0.00833246143932987,0.026038941997905844,0.002571747357817861
GroupAssignment,01055-group_assignment-p300-pr30-sat.asp,305031,479571,0.63605,0.404559,0.25732,1.572204,2.471826,3.886215,0.401467,0.194734,0.0,0.208966,60111,0.3918,0.206733,0.206733,AMOCLINGO-INF-MR,34.20898,1.5264787199150631,3068549.0,368280000.0,1193227200.0,117849600.0,250430400.0,0.30864197530864196,0.008332108721624851,0.026037839755077657,0.0025716384943286577
GroupAssignment,01056-group_assignment-p300-pr30-middle.asp,359031,565971,0.634363,0.402416,0.255278,1.576385,2.484989,3.917299,0.401247,0.195526,0.0,0.207617,70911,0.393033,0.20572,0.20572,AMOCLINGO-INF-MR,360.30357,2.0038855013287824,14510266.0,435240000.0,1410177600.0,139276800.0,295963200.0,0.30864197530864196,0.03333853965628159,0.10418293642587997,0.010289672733420244
GroupAssignment,01057-group_assignment-p300-pr30-middle.asp,368031,580371,0.634131,0.402122,0.254998,1.576962,2.48681,3.921606,0.401216,0.195636,0.0,0.207431,72711,0.393203,0.205581,0.205581,AMOCLINGO-INF-MR,221.21513,2.191384287322481,14879954.0,446400000.0,1446336000.0,142848000.0,303552000.0,0.30864197530864196,0.033333230286738354,0.10416634464605735,0.010288034039116776
GroupAssignment,01058-group_assignment-p300-pr30-middle.asp,341031,537171,0.634865,0.403053,0.255884,1.575138,2.481061,3.908014,0.401312,0.19529,0.0,0.208019,67311,0.392665,0.206022,0.206022,AMOCLINGO-INF-MR,162.30588,3.877802270626301,13764734.0,412920000.0,1337860800.0,132134400.0,280785600.0,0.30864197530864196,0.03333511091736898,0.10417222161677807,0.010288614480669438
GroupAssignment,01059-group_assignment-p300-pr30-middle.asp,318531,501171,0.635573,0.403954,0.256742,1.573382,2.475531,3.894957,0.401405,0.194957,0.0,0.208586,62811,0.392147,0.206448,0.206448,EOCLINGO-INF-MR,161.95406000000003,2.0952663983848256,12833142.0,385020000.0,1247464800.0,123206400.0,261813600.0,0.30864197530864196,0.033331104877668695,0.10415970274271466,0.010287378048663177
GroupAssignment,01061-group_assignment-p300-pr30-middle.asp,345531,544371,0.634734,0.402888,0.255727,1.575462,2.482081,3.910424,0.401295,0.195352,0.0,0.207915,68211,0.392761,0.205944,0.205944,AMOCLINGO-INF-MR,190.54481,2.842177595915628,13949993.0,418500000.0,1355940000.0,133920000.0,284580000.0,0.30864197530864196,0.03333331660692951,0.10416661439665471,0.010288060681151083
GroupAssignment,01062-group_assignment-p300-pr30-middle.asp,296031,465171,0.636392,0.404994,0.257735,1.571359,2.469169,3.879952,0.401512,0.194574,0.0,0.209238,58311,0.39155,0.206938,0.206938,EOCLINGO-INF-MR,149.83631,1.4571030212903668,11906612.0,357120000.0,1157068800.0,114278400.0,242841600.0,0.30864197530864196,0.03334064740143369,0.10418952312948028,0.010290323272047435
GroupAssignment,01064-group_assignment-p300-pr30-middle.asp,377031,594771,0.63391,0.401841,0.254731,1.577512,2.488545,3.92571,0.401187,0.19574,0.0,0.207254,74511,0.393366,0.205447,0.205447,EOCLINGO-INF-MR,191.43782,1.37461981127867,15251811.0,457560000.0,1482494400.0,146419200.0,311140800.0,0.30864197530864196,0.033332920272751115,0.10416537585234724,0.01028793835578738
GroupAssignment,01065-group_assignment-p300-pr30-middle.asp,287031,450771,0.636756,0.405458,0.258178,1.570461,2.466348,3.873303,0.401559,0.194404,0.0,0.209528,56511,0.391285,0.207155,0.207155,AMOCLINGO-INF-MR,87.98756,1.3417694501359057,11530816.0,345960000.0,1120910400.0,110707200.0,235252800.0,0.30864197530864196,0.03332991097236675,0.10415597178864609,0.010287009559372453
GroupAssignment,01067-group_assignment-p300-pr30-punsat.asp,363531,573171,0.634245,0.402267,0.255136,1.576677,2.485911,3.919478,0.401231,0.195582,0.0,0.207523,71811,0.393119,0.20565,0.20565,AMOCLINGO-INF-MR,571.97146,2.105550252454904,396565094.0,440820000.0,1428256800.0,141062400.0,299757600.0,0.30864197530864196,0.8996077628056803,2.811274258767751,0.27765671691533345
GroupAssignment,01069-group_assignment-p300-pr30-punsat.asp,327531,515571,0.635278,0.403578,0.256385,1.574114,2.477834,3.900392,0.401367,0.195096,0.0,0.20835,64611,0.392363,0.206271,0.206271,AMOCLINGO-INF-MR,595.14566,2.0244616805237223,356570381.0,396180000.0,1283623200.0,126777600.0,269402400.0,0.30864197530864196,0.9000211545257206,2.8125661078928768,0.27778430695238293
GroupAssignment,01070-group_assignment-p300-pr30-punsat.asp,363531,573171,0.634245,0.402267,0.255136,1.576677,2.485911,3.919478,0.401231,0.195582,0.0,0.207523,71811,0.393119,0.20565,0.20565,AMOCLINGO-INF-MR,643.46402,1.8726943225201624,396706362.0,440820000.0,1428256800.0,141062400.0,299757600.0,0.30864197530864196,0.899928229209201,2.8122757162787533,0.27775562629913614
GroupAssignment,01071-group_assignment-p300-pr30-punsat.asp,345531,544371,0.634734,0.402888,0.255727,1.575462,2.482081,3.910424,0.401295,0.195352,0.0,0.207915,68211,0.392761,0.205944,0.205944,AMOCLINGO-INF-MR,562.2076699999999,2.143363357173694,376617916.0,418500000.0,1355940000.0,133920000.0,284580000.0,0.30864197530864196,0.8999233357228196,2.8122604241338114,0.2777541159638332
GroupAssignment,01072-group_assignment-p300-pr30-punsat.asp,368031,580371,0.634131,0.402122,0.254998,1.576962,2.48681,3.921606,0.401216,0.195636,0.0,0.207431,72711,0.393203,0.205581,0.205581,AMOCLINGO-INF-MR,611.70146,1.96991821140986,401762135.0,446400000.0,1446336000.0,142848000.0,303552000.0,0.30864197530864196,0.9000047827060932,2.8125149459565413,0.2777792539216337
GroupAssignment,01074-group_assignment-p300-pr30-punsat.asp,327531,515571,0.635278,0.403578,0.256385,1.574114,2.477834,3.900392,0.401367,0.195096,0.0,0.20835,64611,0.392363,0.206271,0.206271,AMOCLINGO-INF-MR,702.56222,1.7151659037401696,356639258.0,396180000.0,1283623200.0,126777600.0,269402400.0,0.30864197530864196,0.9001950073199051,2.8131093978747033,0.27783796522219295
GroupAssignment,01075-group_assignment-p300-pr30-punsat.asp,345531,544371,0.634734,0.402888,0.255727,1.575462,2.482081,3.910424,0.401295,0.195352,0.0,0.207915,68211,0.392761,0.205944,0.205944,AMOCLINGO-INF-MR,608.8903799999999,1.9788787039138311,376833317.0,418500000.0,1355940000.0,133920000.0,284580000.0,0.30864197530864196,0.9004380334528076,2.813868854540024,0.2779129732879036
GroupAssignment,01081-group_assignment-p50-pr35-sat.asp,60816,95696,0.635512,0.403876,0.256668,1.573533,2.476007,3.896079,0.400717,0.19485,0.0,0.209007,12076,0.393416,0.205867,0.205867,CLINGO-AMO,0.826623,1.304616493855119,520639.0,72877500.0,236123100.0,23320800.0,49556700.0,0.30864197530864196,0.007144029364344277,0.022325091763575864,0.0022049473346741595
GroupAssignment,01082-group_assignment-p50-pr35-sat.asp,68316,107696,0.634341,0.402389,0.255252,1.576439,2.48516,3.917702,0.400638,0.195415,0.0,0.208019,13576,0.394139,0.205223,0.205223,CLINGO-AMO,0.956877,1.2734478935119145,586580.0,82102500.0,266012100.0,26272800.0,55829700.0,0.30864197530864196,0.007144484029109954,0.022326512590968607,0.0022050876633055412
GroupAssignment,01083-group_assignment-p50-pr35-sat.asp,66816,105296,0.634554,0.402659,0.255509,1.57591,2.483492,3.91376,0.400653,0.195312,0.0,0.208199,13276,0.394007,0.20534,0.20534,CLINGO-AMO,0.974056,1.2183714283367693,572982.0,80257500.0,260034300.0,25682400.0,54575100.0,0.30864197530864196,0.007139295392953929,0.02231029810298103,0.002203486232393188
GroupAssignment,01084-group_assignment-p50-pr35-sat.asp,58566,92096,0.635923,0.404399,0.257166,1.572516,2.472808,3.888531,0.400744,0.194652,0.0,0.209354,11626,0.393163,0.206092,0.206092,CLINGO-AMO,0.787034,1.2860422802572695,500815.0,70110000.0,227156400.0,22435200.0,47674800.0,0.30864197530864196,0.007143274853801169,0.022322733918128654,0.0022047144610497435
GroupAssignment,01085-group_assignment-p50-pr35-sat.asp,62316,98096,0.635255,0.403549,0.256357,1.57417,2.478012,3.900814,0.4007,0.194974,0.0,0.208791,12376,0.393575,0.205726,0.205726,CLINGO-AMO,0.8831340000000001,1.2235074179003411,533663.0,74722500.0,242100900.0,23911200.0,50811300.0,0.30864197530864196,0.007141931814379872,0.022318536919937102,0.002204299942709837
GroupAssignment,01087-group_assignment-p50-pr35-middle.asp,63816,100496,0.63501,0.403238,0.25606,1.574777,2.479924,3.905329,0.400683,0.195092,0.0,0.208584,12676,0.393726,0.205591,0.205591,AMOCLINGO-INF-MR,5.132819,2.5016377939685777,2187721.0,76567500.0,248078700.0,24501600.0,52065900.0,0.30864197530864196,0.028572449146178208,0.0892889035818069,0.008818657143882164
GroupAssignment,01090-group_assignment-p50-pr35-middle.asp,76566,120896,0.633321,0.401096,0.254022,1.578978,2.49317,3.93666,0.400569,0.195909,0.0,0.207155,15226,0.394771,0.20466,0.20466,AMOCLINGO-INF-MR,10.045356,1.4971709315229844,2635613.0,92250000.0,298890000.0,29520000.0,62730000.0,0.30864197530864196,0.028570330623306234,0.08928228319783198,0.00881800327879822
GroupAssignment,01092-group_assignment-p50-pr35-middle.asp,61566,96896,0.635382,0.403711,0.256511,1.573856,2.477022,3.898475,0.400708,0.194913,0.0,0.208898,12226,0.393496,0.205795,0.205795,AMOCLINGO-INF-MR,5.818819,1.490989666459809,2108878.0,73800000.0,239112000.0,23616000.0,50184000.0,0.30864197530864196,0.02857558265582656,0.089298695799458,0.008819624276489678
GroupAssignment,01093-group_assignment-p50-pr35-middle.asp,72066,113696,0.633848,0.401763,0.254657,1.577665,2.489027,3.92685,0.400605,0.195654,0.0,0.207601,14326,0.394444,0.204951,0.204951,AMOCLINGO-INF-MR,10.242956,1.3108597752445683,2478070.0,86715000.0,280956600.0,27748800.0,58966200.0,0.30864197530864196,0.028577178112206655,0.08930368160064579,0.00882011670129835
GroupAssignment,01094-group_assignment-p50-pr35-middle.asp,64566,101696,0.634892,0.403088,0.255918,1.57507,2.480847,3.907509,0.400675,0.195149,0.0,0.208484,12826,0.393799,0.205526,0.205526,AMOCLINGO-INF-MR,5.297405,1.4831324016192833,2213821.0,77490000.0,251067600.0,24796800.0,52693200.0,0.30864197530864196,0.028569118595947865,0.08927849561233707,0.008817629196280204
GroupAssignment,01095-group_assignment-p50-pr35-middle.asp,62316,98096,0.635255,0.403549,0.256357,1.57417,2.478012,3.900814,0.4007,0.194974,0.0,0.208791,12376,0.393575,0.205726,0.205726,AMOCLINGO-INF-MR,4.682479000000001,1.5482059823439676,2135194.0,74722500.0,242100900.0,23911200.0,50811300.0,0.30864197530864196,0.028574980762153302,0.08929681488172907,0.008819438506837439
GroupAssignment,01111-group_assignment-p100-pr35-sat.asp,139366,219996,0.633493,0.401314,0.25423,1.578549,2.491816,3.933452,0.400887,0.195887,0.0,0.207088,27626,0.394113,0.205,0.205,CLINGO-AMO,4.026221,2.54773967946618,1209206.0,169260000.0,548402400.0,54163200.0,115096800.0,0.30864197530864196,0.007144074205364528,0.02232523189176415,0.0022049611744952248
GroupAssignment,01112-group_assignment-p100-pr35-sat.asp,128866,203196,0.634196,0.402204,0.255076,1.576801,2.4863,3.9204,0.400959,0.195552,0.0,0.207665,25526,0.393634,0.205407,0.205407,CLINGO-AMO,4.406645,2.2890659447266573,1115940.0,156240000.0,506217600.0,49996800.0,106243200.0,0.30864197530864196,0.00714247311827957,0.022320228494623656,0.002204467011814682
GroupAssignment,01113-group_assignment-p100-pr35-sat.asp,139366,219996,0.633493,0.401314,0.25423,1.578549,2.491816,3.933452,0.400887,0.195887,0.0,0.207088,27626,0.394113,0.205,0.205,CLINGO-AMO,3.793056,2.7060937144086457,1208742.0,169260000.0,548402400.0,54163200.0,115096800.0,0.30864197530864196,0.007141332860687699,0.02231666518964906,0.0022041150804591667
GroupAssignment,01114-group_assignment-p100-pr35-sat.asp,122866,193596,0.634652,0.402783,0.255627,1.575668,2.482729,3.911956,0.401006,0.195335,0.0,0.20804,24326,0.393323,0.205671,0.205671,CLINGO-AMO,3.033807,2.8589432353475352,1063097.0,148800000.0,482112000.0,47616000.0,101184000.0,0.30864197530864196,0.0071444690860215055,0.022326465893817204,0.0022050830512412053
GroupAssignment,01115-group_assignment-p100-pr35-sat.asp,152866,241596,0.632734,0.400352,0.253317,1.580443,2.4978,3.947631,0.400809,0.19625,0.0,0.206462,30326,0.394633,0.204558,0.204558,CLINGO-AMO,5.475846000000001,2.189019194476981,1328927.0,186000000.0,602640000.0,59520000.0,126480000.0,0.30864197530864196,0.007144768817204301,0.02232740255376344,0.0022051755608655252
GroupAssignment,01116-group_assignment-p100-pr35-middle.asp,140866,222396,0.633402,0.401198,0.254119,1.578777,2.492537,3.93516,0.400877,0.195931,0.0,0.207012,27926,0.394176,0.204947,0.204947,AMOCLINGO-INF-MR,18.436286,1.9629083645155,4888642.0,171120000.0,554428800.0,54758400.0,116361600.0,0.30864197530864196,0.028568501636278634,0.08927656761337073,0.008817438776629207
GroupAssignment,01117-group_assignment-p100-pr35-middle.asp,157366,248796,0.63251,0.400069,0.253048,1.581002,2.499568,3.951823,0.400785,0.196358,0.0,0.206277,31226,0.394787,0.204428,0.204428,EOCLINGO-INF-MR,23.13619,1.5719476715915628,5473986.0,191580000.0,620719200.0,61305600.0,130274400.0,0.30864197530864196,0.02857284685248982,0.08929014641403069,0.008818779892743772
GroupAssignment,01118-group_assignment-p100-pr35-middle.asp,160366,253596,0.632368,0.399889,0.252877,1.581358,2.500692,3.954488,0.400771,0.196426,0.0,0.20616,31826,0.394884,0.204345,0.204345,AMOCLINGO-INF-MR,32.452220000000004,1.2615522143015176,5579676.0,195300000.0,632772000.0,62496000.0,132804000.0,0.30864197530864196,0.028569769585253455,0.08928052995391705,0.008817830118905388
GroupAssignment,01119-group_assignment-p100-pr35-middle.asp,131866,207996,0.633983,0.401935,0.25482,1.577329,2.487965,3.924338,0.400937,0.195653,0.0,0.207491,26126,0.393779,0.205284,0.205284,AMOCLINGO-INF-MR,18.155062,2.304200888986223,4571337.0,159960000.0,518270400.0,51187200.0,108772800.0,0.30864197530864196,0.028578000750187547,0.08930625234433609,0.008820370601909737
GroupAssignment,01120-group_assignment-p100-pr35-middle.asp,127366,200796,0.634305,0.402343,0.255209,1.576527,2.485439,3.918363,0.40097,0.1955,0.0,0.207756,25226,0.393559,0.205471,0.205471,AMOCLINGO-INF-MR,11.562618,2.675950204356833,4410013.0,154380000.0,500191200.0,49401600.0,104978400.0,0.30864197530864196,0.02856596061666019,0.0892686269270631,0.008816654511314873
GroupAssignment,01121-group_assignment-p100-pr35-middle.asp,125866,198396,0.634418,0.402486,0.255345,1.576248,2.484557,3.916277,0.400982,0.195446,0.0,0.207848,24926,0.393482,0.205536,0.205536,AMOCLINGO-INF-MR,12.982206,3.3921083982183,4357498.0,152520000.0,494164800.0,48806400.0,103713600.0,0.30864197530864196,0.028570010490427483,0.08928128278258589,0.008817904472354162
GroupAssignment,01122-group_assignment-p100-pr35-middle.asp,121366,191196,0.634773,0.402936,0.255773,1.575367,2.481781,3.909717,0.401018,0.195277,0.0,0.208139,24026,0.39324,0.205741,0.205741,AMOCLINGO-INF-MR,16.436477,2.265407605291572,4200688.0,146940000.0,476085600.0,47020800.0,99919200.0,0.30864197530864196,0.028587777324077857,0.0893368041377433,0.008823388062986992
GroupAssignment,01123-group_assignment-p100-pr35-middle.asp,146866,231996,0.633054,0.400757,0.253701,1.579644,2.495275,3.941647,0.400842,0.196097,0.0,0.206726,29126,0.394414,0.204744,0.204744,EOCLINGO-INF-MR,20.53821,1.3512443392096976,5100833.0,178560000.0,578534400.0,57139200.0,121420800.0,0.30864197530864196,0.028566493055555555,0.08927029079861111,0.00881681884430727
GroupAssignment,01141-group_assignment-p150-pr35-sat.asp,193166,304696,0.633963,0.401909,0.254796,1.577379,2.488125,3.924716,0.401054,0.195687,0.0,0.207392,38226,0.393579,0.205367,0.205367,AMOCLINGO-INF-MR,15.035511,1.3374450658843586,1678216.0,234990000.0,761367600.0,75196800.0,159793200.0,0.30864197530864196,0.007141648580790672,0.02231765181497085,0.0022042125249353926
GroupAssignment,01142-group_assignment-p150-pr35-sat.asp,204416,322696,0.633463,0.401275,0.254193,1.578624,2.492054,3.934016,0.400996,0.195924,0.0,0.206985,40476,0.393932,0.205072,0.205072,AMOCLINGO-INF-MR,16.26438,1.230139113818049,1779432.0,248977500.0,806687100.0,79672800.0,169304700.0,0.30864197530864196,0.007146959062565895,0.02233424707051842,0.002205851562520338
GroupAssignment,01143-group_assignment-p150-pr35-sat.asp,211166,333496,0.633189,0.400928,0.253863,1.579307,2.494211,3.939126,0.400964,0.196054,0.0,0.206762,41826,0.394126,0.20491,0.20491,AMOCLINGO-INF-MR,15.97188,1.22707596100146,1838496.0,257370000.0,833878800.0,82358400.0,175011600.0,0.30864197530864196,0.007143396666278121,0.02232311458211913,0.002204752057493247
GroupAssignment,01146-group_assignment-p150-pr35-middle.asp,211166,333496,0.633189,0.400928,0.253863,1.579307,2.494211,3.939126,0.400964,0.196054,0.0,0.206762,41826,0.394126,0.20491,0.20491,AMOCLINGO-INF-MR,34.99513,1.7527321658756518,7353380.0,257370000.0,833878800.0,82358400.0,175011600.0,0.30864197530864196,0.028571239849244277,0.08928512452888837,0.00881828390408774
GroupAssignment,01148-group_assignment-p150-pr35-middle.asp,220166,347896,0.63285,0.400499,0.253456,1.580153,2.496884,3.945459,0.400925,0.196216,0.0,0.206485,43626,0.394366,0.204709,0.204709,AMOCLINGO-INF-MR,70.17352,1.359666580784319,7673818.0,268560000.0,870134400.0,85939200.0,182620800.0,0.30864197530864196,0.028573942508191837,0.0892935703380995,0.008819118058083901
GroupAssignment,01149-group_assignment-p150-pr35-middle.asp,188666,297496,0.63418,0.402184,0.255057,1.576839,2.486423,3.92069,0.401079,0.195584,0.0,0.207568,37326,0.393425,0.205495,0.205495,AMOCLINGO-INF-MR,24.68451,1.4870353918307475,6553227.0,229395000.0,743239800.0,73406400.0,155988600.0,0.30864197530864196,0.02856743608186752,0.08927323775583601,0.008817109901810963
GroupAssignment,01150-group_assignment-p150-pr35-middle.asp,175166,275896,0.634899,0.403096,0.255925,1.575055,2.480797,3.90739,0.401162,0.195243,0.0,0.208151,34626,0.392919,0.205919,0.205919,AMOCLINGO-INF-MR,26.10991,2.5519743269892543,6075858.0,212610000.0,688856400.0,68035200.0,144574800.0,0.30864197530864196,0.028577479892761395,0.08930462466487936,0.008820209843444875
GroupAssignment,01151-group_assignment-p150-pr35-middle.asp,197666,311896,0.633756,0.401647,0.254546,1.577894,2.48975,3.928561,0.40103,0.195785,0.0,0.207223,39126,0.393725,0.205245,0.205245,AMOCLINGO-INF-MR,31.605880000000003,2.8848046629298087,6874139.0,240585000.0,779495400.0,76987200.0,163597800.0,0.30864197530864196,0.02857260012053952,0.08928937537668599,0.008818703740907258
GroupAssignment,01152-group_assignment-p150-pr35-middle.asp,224666,355096,0.632691,0.400298,0.253265,1.580551,2.49814,3.948438,0.400906,0.196291,0.0,0.206355,44526,0.394479,0.204615,0.204615,EOCLINGO-INF-MR,59.157410000000006,1.4467386249668466,7832542.0,274155000.0,888262200.0,87729600.0,186425400.0,0.30864197530864196,0.028569757983622403,0.08928049369882,0.008817826538155063
GroupAssignment,01153-group_assignment-p150-pr35-middle.asp,197666,311896,0.633756,0.401647,0.254546,1.577894,2.48975,3.928561,0.40103,0.195785,0.0,0.207223,39126,0.393725,0.205245,0.205245,AMOCLINGO-INF-MR,33.18106,2.255879709689805,6871708.0,240585000.0,779495400.0,76987200.0,163597800.0,0.30864197530864196,0.028562495583681444,0.0892577986990045,0.008815585056691803
GroupAssignment,01154-group_assignment-p150-pr35-middle.asp,224666,355096,0.632691,0.400298,0.253265,1.580551,2.49814,3.948438,0.400906,0.196291,0.0,0.206355,44526,0.394479,0.204615,0.204615,EOCLINGO-INF-MR,45.522400000000005,2.562062193557457,7834141.0,274155000.0,888262200.0,87729600.0,186425400.0,0.30864197530864196,0.028575590450657475,0.0892987201583046,0.00881962668230169
GroupAssignment,01155-group_assignment-p150-pr35-middle.asp,211166,333496,0.633189,0.400928,0.253863,1.579307,2.494211,3.939126,0.400964,0.196054,0.0,0.206762,41826,0.394126,0.20491,0.20491,AMOCLINGO-INF-MR,73.9056,1.284994506505596,7355295.0,257370000.0,833878800.0,82358400.0,175011600.0,0.30864197530864196,0.028578680498892645,0.08930837655903952,0.008820580400892791
GroupAssignment,01171-group_assignment-p200-pr35-sat.asp,284466,449396,0.632996,0.400684,0.253632,1.579788,2.49573,3.942725,0.400997,0.196157,0.0,0.206566,56326,0.394163,0.20484,0.20484,AMOCLINGO-INF-MR,22.690810000000003,1.8919126289453745,2470778.0,345960000.0,1120910400.0,110707200.0,235252800.0,0.30864197530864196,0.007141802520522603,0.022318132876633135,0.0022042600371983347
GroupAssignment,01173-group_assignment-p200-pr35-sat.asp,284466,449396,0.632996,0.400684,0.253632,1.579788,2.49573,3.942725,0.400997,0.196157,0.0,0.206566,56326,0.394163,0.20484,0.20484,AMOCLINGO-INF-MR,22.90244,1.6829748271363227,2471007.0,345960000.0,1120910400.0,110707200.0,235252800.0,0.30864197530864196,0.0071424644467568505,0.02232020139611516,0.002204464335418781
GroupAssignment,01174-group_assignment-p200-pr35-sat.asp,260466,410996,0.633743,0.401631,0.254531,1.577926,2.48985,3.928798,0.401089,0.195803,0.0,0.207171,51526,0.393625,0.205286,0.205286,AMOCLINGO-INF-MR,21.303,1.4748096512228324,2257615.0,316200000.0,1024488000.0,101184000.0,215016000.0,0.30864197530864196,0.00713983238456673,0.02231197620177103,0.002203651970545287
GroupAssignment,01175-group_assignment-p200-pr35-sat.asp,257466,406196,0.633847,0.401762,0.254655,1.577669,2.489038,3.926877,0.401102,0.195754,0.0,0.207255,50926,0.393551,0.205348,0.205348,AMOCLINGO-INF-MR,20.28614,1.5235471114761114,2231882.0,312480000.0,1012435200.0,99993600.0,212486400.0,0.30864197530864196,0.007142479518689196,0.02232024849590374,0.002204468987249752
GroupAssignment,01176-group_assignment-p200-pr35-middle.asp,215466,338996,0.6356,0.403988,0.256775,1.573316,2.475322,3.894462,0.401316,0.194926,0.0,0.208669,42526,0.392294,0.20639,0.20639,AMOCLINGO-INF-MR,42.53661,1.280897090764873,7441481.0,260400000.0,843696000.0,83328000.0,177072000.0,0.30864197530864196,0.028577115975422427,0.08930348742319509,0.008820097523278527
GroupAssignment,01178-group_assignment-p200-pr35-middle.asp,251466,396596,0.634061,0.402033,0.254913,1.577136,2.487357,3.922899,0.401128,0.195653,0.0,0.207428,49726,0.393397,0.205475,0.205475,AMOCLINGO-INF-MR,129.91968,1.5855324612868504,8715211.0,305040000.0,988329600.0,97612800.0,207427200.0,0.30864197530864196,0.028570715316024127,0.0892834853625754,0.008818122011118559
GroupAssignment,01180-group_assignment-p200-pr35-middle.asp,296466,468596,0.632669,0.40027,0.253238,1.580606,2.498316,3.948854,0.400957,0.196313,0.0,0.2063,58726,0.394399,0.204644,0.204644,EOCLINGO-INF-MR,99.23911,1.263400588739661,10309456.0,360840000.0,1169121600.0,115468800.0,245371200.0,0.30864197530864196,0.028570712781288105,0.08928347744152533,0.008818121228792625
GroupAssignment,01182-group_assignment-p200-pr35-middle.asp,248466,391796,0.634172,0.402174,0.255047,1.57686,2.486486,3.92084,0.401141,0.1956,0.0,0.207517,49126,0.393317,0.205541,0.205541,AMOCLINGO-INF-MR,73.81213,2.228876202326094,8609232.0,301320000.0,976276800.0,96422400.0,204897600.0,0.30864197530864196,0.028571724412584626,0.08928663878932697,0.008818433460674268
GroupAssignment,01183-group_assignment-p200-pr35-middle.asp,263466,415796,0.633642,0.401503,0.254409,1.578177,2.490643,3.930675,0.401076,0.195851,0.0,0.207089,52126,0.393698,0.205226,0.205226,AMOCLINGO-INF-MR,53.04265,3.1797555363466947,9138974.0,319920000.0,1036540800.0,102374400.0,217545600.0,0.30864197530864196,0.02856643535883971,0.0892701104963741,0.008816801036678923
GroupAssignment,01184-group_assignment-p200-pr35-middle.asp,269466,425396,0.633447,0.401256,0.254174,1.578663,2.492177,3.934307,0.401052,0.195943,0.0,0.206931,53326,0.393838,0.205109,0.205109,AMOCLINGO-INF-MR,103.42652,1.4907220121106268,9353170.0,327360000.0,1060646400.0,104755200.0,222604800.0,0.30864197530864196,0.028571511485826002,0.08928597339320625,0.00881836774253889
GroupAssignment,01185-group_assignment-p200-pr35-middle.asp,308466,487796,0.632367,0.399888,0.252876,1.581361,2.500702,3.954511,0.400919,0.196456,0.0,0.206055,61126,0.394617,0.204463,0.204463,AMOCLINGO-INF-MR,114.43177,1.6488470815403795,10732404.0,375720000.0,1217332800.0,120230400.0,255489600.0,0.30864197530864196,0.028564899393165123,0.08926531060364101,0.008816326973199113
GroupAssignment,01202-group_assignment-p250-pr35-sat.asp,329266,519696,0.633574,0.401416,0.254327,1.578347,2.491179,3.931945,0.401104,0.19589,0.0,0.207009,65126,0.393682,0.205214,0.205214,AMOCLINGO-INF-MR,25.94798,2.96282909112771,2851764.0,399255000.0,1293586200.0,127761600.0,271493400.0,0.30864197530864196,0.00714271330352782,0.022320979073524438,0.002204541143064142
GroupAssignment,01204-group_assignment-p250-pr35-sat.asp,344266,543696,0.633196,0.400937,0.253872,1.57929,2.494158,3.939,0.401056,0.196069,0.0,0.206704,68126,0.393957,0.204987,0.204987,AMOCLINGO-INF-MR,28.64131,2.460860205067436,2985234.0,417825000.0,1353753000.0,133704000.0,284121000.0,0.30864197530864196,0.007144699335846347,0.022327185424519835,0.002205154116001959
GroupAssignment,01205-group_assignment-p250-pr35-sat.asp,363016,573696,0.632767,0.400394,0.253356,1.58036,2.497538,3.947009,0.401002,0.196272,0.0,0.206357,71876,0.394269,0.204729,0.204729,AMOCLINGO-INF-MR,32.02607,1.2356211673802002,3150677.0,441037500.0,1428961500.0,141132000.0,299905500.0,0.30864197530864196,0.007143784825553383,0.022324327579854322,0.0022048718597386984
GroupAssignment,01206-group_assignment-p250-pr35-middle.asp,355516,561696,0.632933,0.400604,0.253556,1.579946,2.496229,3.943906,0.401023,0.196194,0.0,0.206491,70376,0.394148,0.204829,0.204829,EOCLINGO-INF-MR,194.42947,2.742514907848075,12331974.0,431752500.0,1398878100.0,138160800.0,293591700.0,0.30864197530864196,0.028562600100752168,0.08925812531485053,0.008815617315046965
GroupAssignment,01207-group_assignment-p250-pr35-middle.asp,333016,525696,0.633476,0.401292,0.254209,1.578591,2.491949,3.933768,0.401092,0.195937,0.0,0.20693,65876,0.393753,0.205155,0.205155,AMOCLINGO-INF-MR,96.31334,1.426759782185936,11539569.0,403897500.0,1308627900.0,129247200.0,274650300.0,0.30864197530864196,0.02857053831727109,0.08928293224147216,0.008818067381873794
GroupAssignment,01208-group_assignment-p250-pr35-middle.asp,333016,525696,0.633476,0.401292,0.254209,1.578591,2.491949,3.933768,0.401092,0.195937,0.0,0.20693,65876,0.393753,0.205155,0.205155,AMOCLINGO-INF-MR,50.83161,2.852980458419476,11535538.0,403897500.0,1308627900.0,129247200.0,274650300.0,0.30864197530864196,0.028560558062379688,0.08925174394493653,0.008814987056290026
GroupAssignment,01209-group_assignment-p250-pr35-middle.asp,303016,477696,0.634328,0.402372,0.255236,1.576471,2.485261,3.917943,0.4012,0.195534,0.0,0.207616,59876,0.393134,0.205666,0.205666,EOCLINGO-INF-MR,173.58547,2.127174469153438,10480294.0,366757500.0,1188294300.0,117362400.0,249395100.0,0.30864197530864196,0.02857554105914671,0.08929856580983347,0.008819611438008244
GroupAssignment,01210-group_assignment-p250-pr35-middle.asp,303016,477696,0.634328,0.402372,0.255236,1.576471,2.485261,3.917943,0.4012,0.195534,0.0,0.207616,59876,0.393134,0.205666,0.205666,AMOCLINGO-INF-MR,106.28771,1.9693041650817389,10479783.0,366757500.0,1188294300.0,117362400.0,249395100.0,0.30864197530864196,0.028574147767939307,0.08929421177481033,0.00881918140985781
GroupAssignment,01211-group_assignment-p250-pr35-middle.asp,325516,513696,0.633674,0.401543,0.254448,1.578098,2.490392,3.930081,0.401117,0.195843,0.0,0.20709,64376,0.393609,0.205274,0.205274,EOCLINGO-INF-MR,92.02694,1.238922537248332,11274542.0,394612500.0,1278544500.0,126276000.0,268336500.0,0.30864197530864196,0.028571172986157307,0.08928491558174158,0.008818263267332501
GroupAssignment,01212-group_assignment-p250-pr35-middle.asp,318016,501696,0.633882,0.401806,0.254698,1.577581,2.488762,3.926223,0.401143,0.195745,0.0,0.207257,62876,0.393458,0.205398,0.205398,AMOCLINGO-INF-MR,136.41671000000002,2.357587791114446,11012273.0,385327500.0,1248461100.0,123304800.0,262022700.0,0.30864197530864196,0.028578995789296117,0.08930936184155037,0.008820677712745716
GroupAssignment,01213-group_assignment-p250-pr35-middle.asp,310516,489696,0.6341,0.402082,0.25496,1.57704,2.487054,3.922182,0.401171,0.195642,0.0,0.207432,61376,0.3933,0.205529,0.205529,AMOCLINGO-INF-MR,79.97943,3.08281304330376,10743830.0,376042500.0,1218377700.0,120333600.0,255708900.0,0.30864197530864196,0.028570786546733413,0.08928370795854192,0.008818143995905374
GroupAssignment,01214-group_assignment-p250-pr35-middle.asp,314266,495696,0.633989,0.401943,0.254827,1.577313,2.487918,3.924226,0.401157,0.195694,0.0,0.207343,62126,0.39338,0.205463,0.205463,AMOCLINGO-INF-MR,105.25558,2.3132612066742686,10876443.0,380685000.0,1233419400.0,121819200.0,258865800.0,0.30864197530864196,0.028570715946254776,0.08928348733204618,0.008818122205634191
GroupAssignment,01215-group_assignment-p250-pr35-middle.asp,385516,609696,0.632309,0.399814,0.252806,1.581506,2.501162,3.955604,0.400943,0.19649,0.0,0.205986,76376,0.394604,0.204453,0.204453,AMOCLINGO-INF-MR,193.96292,1.3161607899076793,13400567.0,468892500.0,1519211700.0,150045600.0,318846900.0,0.30864197530864196,0.028579188193455857,0.08930996310454956,0.008820737096745634
GroupAssignment,01218-group_assignment-p250-pr35-punsat.asp,374266,591696,0.632531,0.400095,0.253073,1.58095,2.499404,3.951434,0.400972,0.196384,0.0,0.206166,74126,0.394441,0.204587,0.204587,AMOCLINGO-INF-MR,547.52464,2.2008326346737563,409481777.0,454965000.0,1474086600.0,145588800.0,309376200.0,0.30864197530864196,0.9000291824645852,2.8125911952018288,0.2777867847112917
GroupAssignment,01219-group_assignment-p250-pr35-punsat.asp,363016,573696,0.632767,0.400394,0.253356,1.58036,2.497538,3.947009,0.401002,0.196272,0.0,0.206357,71876,0.394269,0.204729,0.204729,AMOCLINGO-INF-MR,525.68227,2.292017191296941,396977611.0,441037500.0,1428961500.0,141132000.0,299905500.0,0.30864197530864196,0.9000994495932886,2.8128107799790265,0.277808472096694
GroupAssignment,01220-group_assignment-p250-pr35-punsat.asp,340516,537696,0.633287,0.401053,0.253982,1.579062,2.493438,3.937294,0.401068,0.196026,0.0,0.206777,67376,0.39389,0.205042,0.205042,AMOCLINGO-INF-MR,562.97383,2.1404315330252563,371808460.0,413182500.0,1338711300.0,132218400.0,280964100.0,0.30864197530864196,0.8998649749202834,2.8120780466258855,0.27773610337045784
GroupAssignment,01222-group_assignment-p250-pr35-punsat.asp,336766,531696,0.633381,0.401171,0.254094,1.578829,2.492702,3.93555,0.40108,0.195982,0.0,0.206853,66626,0.393822,0.205098,0.205098,AMOCLINGO-INF-MR,495.35365,2.4321730161875257,367745490.0,408540000.0,1323669600.0,130732800.0,277807200.0,0.30864197530864196,0.900145616096343,2.8129550503010723,0.27782272101738986
GroupAssignment,01224-group_assignment-p250-pr35-punsat.asp,333016,525696,0.633476,0.401292,0.254209,1.578591,2.491949,3.933768,0.401092,0.195937,0.0,0.20693,65876,0.393753,0.205155,0.205155,AMOCLINGO-INF-MR,601.46939,2.0034059422375594,363625394.0,403897500.0,1308627900.0,129247200.0,274650300.0,0.30864197530864196,0.900291271919237,2.8134102247476154,0.277867676518283
GroupAssignment,01231-group_assignment-p300-pr35-sat.asp,386066,609196,0.63373,0.401614,0.254515,1.577958,2.489952,3.92904,0.401149,0.195821,0.0,0.207117,76326,0.393523,0.205328,0.205328,AMOCLINGO-INF-MR,32.17357,1.4740614734392237,3347314.0,468720000.0,1518652800.0,149990400.0,318729600.0,0.30864197530864196,0.007141393582522615,0.02231685494538317,0.0022041338217662393
GroupAssignment,01232-group_assignment-p300-pr35-sat.asp,476066,753196,0.632061,0.399501,0.252509,1.582125,2.50312,3.960249,0.400932,0.196611,0.0,0.205772,94326,0.394748,0.20432,0.20432,AMOCLINGO-INF-MR,53.71785,1.8279689153605363,4145659.0,580320000.0,1880236800.0,185702400.0,394617600.0,0.30864197530864196,0.007143746553625586,0.022324207980079957,0.002204860047415304
GroupAssignment,01233-group_assignment-p300-pr35-sat.asp,404066,637996,0.633336,0.401115,0.254041,1.57894,2.493052,3.936379,0.401098,0.196008,0.0,0.2068,79926,0.393812,0.20509,0.20509,AMOCLINGO-INF-MR,44.61664,1.3318318008707066,3506429.0,491040000.0,1590969600.0,157132800.0,333907200.0,0.30864197530864196,0.007140821521668296,0.022315067255213424,0.0022039572597741656
GroupAssignment,01235-group_assignment-p300-pr35-sat.asp,336566,529996,0.635035,0.403269,0.25609,1.574716,2.479732,3.904874,0.401318,0.195207,0.0,0.208164,66426,0.392571,0.206111,0.206111,AMOCLINGO-INF-MR,30.97274,1.3765194813245454,2909476.0,407340000.0,1319781600.0,130348800.0,276991200.0,0.30864197530864196,0.007142622870329455,0.022320696469779546,0.002204513231583165
GroupAssignment,01236-group_assignment-p300-pr35-middle.asp,377066,594796,0.633942,0.401882,0.25477,1.577432,2.488292,3.925111,0.401176,0.195722,0.0,0.207287,74526,0.393369,0.205455,0.205455,EOCLINGO-INF-MR,164.30046,2.83466741359093,13066726.0,457560000.0,1482494400.0,146419200.0,311140800.0,0.30864197530864196,0.028557404493399774,0.08924188904187429,0.008814013732530794
GroupAssignment,01237-group_assignment-p300-pr35-middle.asp,363566,573196,0.634279,0.402309,0.255176,1.576594,2.485649,3.918859,0.40122,0.195563,0.0,0.207558,71826,0.393123,0.205657,0.205657,AMOCLINGO-INF-MR,119.4341,1.3884234904436838,12596813.0,440820000.0,1428256800.0,141062400.0,299757600.0,0.30864197530864196,0.028575865432602876,0.089299579476884,0.008819711553272493
GroupAssignment,01238-group_assignment-p300-pr35-middle.asp,449066,709996,0.632491,0.400045,0.253025,1.58105,2.499721,3.952184,0.400988,0.196408,0.0,0.206119,88926,0.394432,0.20458,0.20458,EOCLINGO-INF-MR,348.80644,1.5588466485882544,15622318.0,546840000.0,1771761600.0,174988800.0,371851200.0,0.30864197530864196,0.028568352717431057,0.08927610224197206,0.008817392814021932
GroupAssignment,01240-group_assignment-p300-pr35-middle.asp,363566,573196,0.634279,0.402309,0.255176,1.576594,2.485649,3.918859,0.40122,0.195563,0.0,0.207558,71826,0.393123,0.205657,0.205657,AMOCLINGO-INF-MR,152.83271,2.571082656324029,12594040.0,440820000.0,1428256800.0,141062400.0,299757600.0,0.30864197530864196,0.02856957488317227,0.08927992150991335,0.008817770025670454
GroupAssignment,01241-group_assignment-p300-pr35-middle.asp,426566,673996,0.632891,0.400551,0.253505,1.580051,2.496561,3.944693,0.40104,0.196218,0.0,0.206442,84426,0.394138,0.204822,0.204822,EOCLINGO-INF-MR,434.1081,1.3497855257711158,14826736.0,518940000.0,1681365600.0,166060800.0,352879200.0,0.30864197530864196,0.02857119512853124,0.08928498477666011,0.00881827010139853
GroupAssignment,01243-group_assignment-p300-pr35-middle.asp,386066,609196,0.63373,0.401614,0.254515,1.577958,2.489952,3.92904,0.401149,0.195821,0.0,0.207117,76326,0.393523,0.205328,0.205328,AMOCLINGO-INF-MR,89.15042,4.206957297565172,13389963.0,468720000.0,1518652800.0,149990400.0,318729600.0,0.30864197530864196,0.028567082693292372,0.08927213341653865,0.008817000831263078
GroupAssignment,01245-group_assignment-p300-pr35-middle.asp,431066,681196,0.632808,0.400445,0.253405,1.580259,2.497219,3.946253,0.401029,0.196258,0.0,0.206374,85326,0.394199,0.204771,0.204771,AMOCLINGO-INF-MR,206.04592,2.0925426720412617,14984085.0,524520000.0,1699444800.0,167846400.0,356673600.0,0.30864197530864196,0.028567232898650194,0.08927260280828186,0.008817047190941419
GroupAssignment,01246-group_assignment-p300-pr35-punsat.asp,372566,587596,0.634051,0.402021,0.254902,1.577159,2.487432,3.923077,0.401191,0.19567,0.0,0.207375,73626,0.393289,0.205521,0.205521,AMOCLINGO-INF-MR,548.44311,2.1971044161718067,406830952.0,451980000.0,1464415200.0,144633600.0,307346400.0,0.30864197530864196,0.9001083056772423,2.8128384552413825,0.277811205455939
GroupAssignment,01248-group_assignment-p300-pr35-punsat.asp,390566,616396,0.633628,0.401485,0.254392,1.578212,2.490754,3.930937,0.401136,0.19587,0.0,0.207035,77226,0.393598,0.205266,0.205266,AMOCLINGO-INF-MR,610.5513199999999,1.9736088229241733,426931349.0,474300000.0,1536732000.0,151776000.0,322524000.0,0.30864197530864196,0.9001293464052288,2.8129042075163397,0.2778176995077867
GroupAssignment,01250-group_assignment-p300-pr35-punsat.asp,440066,695596,0.632646,0.400241,0.253211,1.580663,2.498495,3.949279,0.401008,0.196334,0.0,0.206244,87126,0.394318,0.204674,0.204674,AMOCLINGO-INF-MR,571.66633,2.1078221993588464,481999964.0,535680000.0,1735603200.0,171417600.0,364262400.0,0.30864197530864196,0.8997908527479092,2.811846414837216,0.2777132261567621
GroupAssignment,01251-group_assignment-p300-pr35-punsat.asp,381566,601996,0.633835,0.401747,0.254641,1.577698,2.489132,3.927099,0.401163,0.195772,0.0,0.207201,75426,0.393447,0.20539,0.20539,AMOCLINGO-INF-MR,709.62518,1.698115491054024,416759285.0,463140000.0,1500573600.0,148204800.0,314935200.0,0.30864197530864196,0.8998559506844582,2.8120498458889323,0.27773331811248714
GroupAssignment,01253-group_assignment-p300-pr35-punsat.asp,408566,645196,0.633243,0.400997,0.253929,1.579172,2.493784,3.938114,0.401086,0.196052,0.0,0.206725,80826,0.39388,0.205034,0.205034,AMOCLINGO-INF-MR,563.9200400000001,2.1367878502774964,446814001.0,496620000.0,1609048800.0,158918400.0,337701600.0,0.30864197530864196,0.89971004188313,2.811593880884781,0.27768828453183025
GroupAssignment,01254-group_assignment-p300-pr35-punsat.asp,467066,738796,0.632199,0.399675,0.252674,1.581781,2.50203,3.957663,0.40095,0.196546,0.0,0.205883,92526,0.394647,0.204404,0.204404,AMOCLINGO-INF-MR,518.7313,2.322992238949144,512259501.0,569160000.0,1844078400.0,182131200.0,387028800.0,0.30864197530864196,0.9000272348724436,2.8125851089763865,0.27778618360260604
GroupAssignment,01255-group_assignment-p300-pr35-punsat.asp,449066,709996,0.632491,0.400045,0.253025,1.58105,2.499721,3.952184,0.400988,0.196408,0.0,0.206119,88926,0.394432,0.20458,0.20458,AMOCLINGO-INF-MR,778.38291,1.5480158293814543,492082467.0,546840000.0,1771761600.0,174988800.0,371851200.0,0.30864197530864196,0.8998655310511301,2.812079784534782,0.2777362750157809
GroupAssignment,01262-group_assignment-p50-pr40-sat.asp,86351,136521,0.632511,0.40007,0.253048,1.581001,2.499564,3.951812,0.400459,0.196292,0.0,0.206494,17191,0.395375,0.204167,0.204167,CLINGO-AMO,1.31398,1.2361603677377129,651613.0,104242500.0,337745700.0,33357600.0,70884900.0,0.30864197530864196,0.006250934119960669,0.01953416912487709,0.0019293006543088483
GroupAssignment,01266-group_assignment-p50-pr40-middle.asp,89351,141321,0.632256,0.399747,0.252742,1.581639,2.501581,3.956597,0.400443,0.196416,0.0,0.206276,17791,0.39553,0.204027,0.204027,AMOCLINGO-INF-MR,9.496932,1.757924032729728,2697794.0,107932500.0,349701300.0,34538400.0,73394100.0,0.30864197530864196,0.024995196071618837,0.07810998772380887,0.007714566688771246
GroupAssignment,01267-group_assignment-p50-pr40-middle.asp,74351,117321,0.63374,0.401626,0.254527,1.577934,2.489877,3.928862,0.400533,0.195693,0.0,0.207543,14791,0.394628,0.204839,0.204839,AMOCLINGO-INF-MR,6.551762,1.200341831708783,2237150.0,89482500.0,289923300.0,28634400.0,60848100.0,0.30864197530864196,0.025000977844829995,0.07812805576509374,0.0077163511866759245
GroupAssignment,01268-group_assignment-p50-pr40-middle.asp,70601,111321,0.634211,0.402224,0.255095,1.576762,2.48618,3.920114,0.400561,0.195465,0.0,0.207943,14041,0.394343,0.205096,0.205096,EOCLINGO-INF-MR,7.201122,1.290865645659107,2121994.0,84870000.0,274978800.0,27158400.0,57711600.0,0.30864197530864196,0.02500287498527159,0.07813398432897373,0.007716936723849256
GroupAssignment,01270-group_assignment-p50-pr40-middle.asp,81851,129321,0.632929,0.400599,0.253551,1.579956,2.496262,3.943984,0.400484,0.196088,0.0,0.206851,16291,0.39512,0.204396,0.204396,AMOCLINGO-INF-MR,7.441522,1.7082923358958018,2467966.0,98707500.0,319812300.0,31586400.0,67121100.0,0.30864197530864196,0.02500282146746701,0.0781338170858344,0.007716920206008337
GroupAssignment,01273-group_assignment-p50-pr40-middle.asp,83351,131721,0.632784,0.400416,0.253377,1.580317,2.497402,3.946686,0.400475,0.196158,0.0,0.206728,16591,0.395208,0.204317,0.204317,AMOCLINGO-INF-MR,8.114629,1.237760469394226,2513046.0,100552500.0,325790100.0,32176800.0,68375700.0,0.30864197530864196,0.024992377116431715,0.07810117848884911,0.007713696640873986
GroupAssignment,01274-group_assignment-p50-pr40-middle.asp,78101,123321,0.633315,0.401087,0.254015,1.578994,2.493222,3.936782,0.400507,0.1959,0.0,0.20718,15541,0.394886,0.204607,0.204607,AMOCLINGO-INF-MR,7.381814,1.3018010207247162,2352382.0,94095000.0,304867800.0,30110400.0,63984600.0,0.30864197530864196,0.025000074392900792,0.07812523247781497,0.007716072343487899
GroupAssignment,01291-group_assignment-p100-pr40-sat.asp,146901,232021,0.633137,0.400862,0.2538,1.579438,2.494624,3.940103,0.400814,0.19605,0.0,0.206813,29141,0.394422,0.204764,0.204764,CLINGO-AMO,3.439128,1.3654789818814534,1115984.0,178560000.0,578534400.0,57139200.0,121420800.0,0.30864197530864196,0.006249910394265233,0.019530969982078854,0.0019289846895880348
GroupAssignment,01292-group_assignment-p100-pr40-sat.asp,149901,236821,0.632972,0.400653,0.253602,1.579849,2.495924,3.943184,0.400798,0.196129,0.0,0.206676,29741,0.394534,0.204668,0.204668,CLINGO-AMO,3.471026,1.283163825335794,1139154.0,182280000.0,590587200.0,58329600.0,123950400.0,0.30864197530864196,0.0062494733377221855,0.01952960418038183,0.001928849795593267
GroupAssignment,01293-group_assignment-p100-pr40-sat.asp,145401,229621,0.633222,0.40097,0.253903,1.579226,2.493954,3.938516,0.400823,0.19601,0.0,0.206883,28841,0.394365,0.204813,0.204813,CLINGO-AMO,4.2138860000000005,1.4930159477498914,1104412.0,176700000.0,572508000.0,56544000.0,120156000.0,0.30864197530864196,0.006250209394453876,0.019531904357668363,0.0019290769735968755
GroupAssignment,01294-group_assignment-p100-pr40-sat.asp,176901,280021,0.631742,0.399098,0.252127,1.582925,2.505651,3.966258,0.400676,0.19672,0.0,0.205657,35141,0.395368,0.203956,0.203956,CLINGO-AMO,4.351896,2.1247447089728246,1348336.0,215760000.0,699062400.0,69043200.0,146716800.0,0.30864197530864196,0.006249239896180942,0.019528874675565442,0.0019287777457348586
GroupAssignment,01295-group_assignment-p100-pr40-sat.asp,131901,208021,0.634075,0.402052,0.254931,1.577099,2.487243,3.922629,0.400907,0.195601,0.0,0.207588,26141,0.393788,0.205305,0.205305,CLINGO-AMO,2.7075850000000004,1.703939488510979,999634.0,159960000.0,518270400.0,51187200.0,108772800.0,0.30864197530864196,0.006249274818704676,0.019528983808452114,0.0019287885242915666
GroupAssignment,01296-group_assignment-p100-pr40-middle.asp,136401,215221,0.633772,0.401667,0.254565,1.577855,2.489626,3.928269,0.400877,0.195746,0.0,0.207337,27041,0.393993,0.20513,0.20513,AMOCLINGO-INF-MR,14.515252,1.5706861995919876,4138899.0,165540000.0,536349600.0,52972800.0,112567200.0,0.30864197530864196,0.02500241029358463,0.07813253216745197,0.007716793300489084
GroupAssignment,01297-group_assignment-p100-pr40-middle.asp,155901,246421,0.632661,0.40026,0.253229,1.580625,2.498375,3.948994,0.400767,0.196278,0.0,0.206419,30941,0.394744,0.204489,0.204489,EOCLINGO-INF-MR,28.99505,1.5121308292277476,4743884.0,189720000.0,614692800.0,60710400.0,129009600.0,0.30864197530864196,0.025004659498207887,0.07813956093189964,0.007717487499446878
GroupAssignment,01299-group_assignment-p100-pr40-middle.asp,169401,268021,0.632044,0.399479,0.252488,1.582169,2.503259,3.960578,0.400706,0.196575,0.0,0.205908,33641,0.395163,0.204131,0.204131,AMOCLINGO-INF-MR,28.24725,1.2445186699590227,5161174.0,206460000.0,668930400.0,66067200.0,140392800.0,0.30864197530864196,0.024998421001646808,0.07812006563014627,0.007715562037545311
GroupAssignment,01301-group_assignment-p100-pr40-middle.asp,152901,241621,0.632813,0.400453,0.253412,1.580245,2.497173,3.946145,0.400782,0.196205,0.0,0.206545,30341,0.394641,0.204577,0.204577,EOCLINGO-INF-MR,21.84773,2.900883066570303,4649167.0,186000000.0,602640000.0,59520000.0,126480000.0,0.30864197530864196,0.024995521505376345,0.07811100470430107,0.007714667131288995
GroupAssignment,01302-group_assignment-p100-pr40-middle.asp,151401,239221,0.632892,0.400552,0.253506,1.580049,2.496555,3.944679,0.40079,0.196168,0.0,0.20661,30041,0.394588,0.204622,0.204622,EOCLINGO-INF-MR,31.56433,1.208971962972127,4602712.0,184140000.0,596613600.0,58924800.0,125215200.0,0.30864197530864196,0.02499572064733355,0.07811162702291735,0.007714728594856034
GroupAssignment,01304-group_assignment-p100-pr40-middle.asp,157401,248821,0.632587,0.400167,0.25314,1.58081,2.498959,3.950378,0.40076,0.196314,0.0,0.206358,31241,0.394794,0.204446,0.204446,AMOCLINGO-INF-MR,24.85965,1.801935666833604,4789576.0,191580000.0,620719200.0,61305600.0,130274400.0,0.30864197530864196,0.025000396701117027,0.07812623969099071,0.007716171821332416
GroupAssignment,01305-group_assignment-p100-pr40-middle.asp,136401,215221,0.633772,0.401667,0.254565,1.577855,2.489626,3.928269,0.400877,0.195746,0.0,0.207337,27041,0.393993,0.20513,0.20513,AMOCLINGO-INF-MR,17.266081,1.5678537590551094,4138268.0,165540000.0,536349600.0,52972800.0,112567200.0,0.30864197530864196,0.024998598526036003,0.07812062039386251,0.007715616829023458
GroupAssignment,01322-group_assignment-p150-pr40-sat.asp,231451,365921,0.632516,0.400077,0.253055,1.580987,2.49952,3.951708,0.400862,0.19637,0.0,0.206225,45891,0.394645,0.204493,0.204493,CLINGO-AMO,14.460244,1.423686211657286,1765605.0,282547500.0,915453900.0,90415200.0,192132300.0,0.30864197530864196,0.006248878507153665,0.0195277453348552,0.0019286662059116249
GroupAssignment,01325-group_assignment-p150-pr40-sat.asp,208951,329921,0.633336,0.401115,0.254041,1.57894,2.49305,3.936375,0.400955,0.195979,0.0,0.206895,41391,0.394068,0.204976,0.204976,CLINGO-AMO,13.28702,1.2567355208316089,1590993.0,254572500.0,824814900.0,81463200.0,173109300.0,0.30864197530864196,0.006249665615885455,0.019530205049642046,0.0019289091407053874
GroupAssignment,01326-group_assignment-p150-pr40-middle.asp,233701,369521,0.632443,0.399984,0.252967,1.58117,2.500098,3.953081,0.400854,0.196405,0.0,0.206165,46341,0.394697,0.204449,0.204449,AMOCLINGO-INF-MR,63.00995,2.249563918079605,7133703.0,285345000.0,924517800.0,91310400.0,194034600.0,0.30864197530864196,0.025000273353309153,0.0781258542290911,0.007716133751021343
GroupAssignment,01327-group_assignment-p150-pr40-middle.asp,235951,373121,0.632371,0.399893,0.252881,1.58135,2.500666,3.954427,0.400846,0.196439,0.0,0.206106,46791,0.394747,0.204407,0.204407,AMOCLINGO-INF-MR,33.17359,2.0154840039923325,7203534.0,288142500.0,933581700.0,92205600.0,195936900.0,0.30864197530864196,0.02499990109060621,0.0781246909081444,0.007716018855125374
GroupAssignment,01328-group_assignment-p150-pr40-middle.asp,208951,329921,0.633336,0.401115,0.254041,1.57894,2.49305,3.936375,0.400955,0.195979,0.0,0.206895,41391,0.394068,0.204976,0.204976,AMOCLINGO-INF-MR,42.74376,1.3382273810259089,6364538.0,254572500.0,824814900.0,81463200.0,173109300.0,0.30864197530864196,0.025000885798741025,0.07812776812106571,0.007716322777389205
GroupAssignment,01329-group_assignment-p150-pr40-middle.asp,238201,376721,0.632301,0.399804,0.252797,1.581526,2.501223,3.955749,0.400838,0.196473,0.0,0.206049,47241,0.394797,0.204365,0.204365,EOCLINGO-INF-MR,43.66643,1.2079052489521127,7271910.0,290940000.0,942645600.0,93100800.0,197839200.0,0.30864197530864196,0.024994534955660962,0.0781079217364405,0.0077143626406360995
GroupAssignment,01330-group_assignment-p150-pr40-middle.asp,231451,365921,0.632516,0.400077,0.253055,1.580987,2.49952,3.951708,0.400862,0.19637,0.0,0.206225,45891,0.394645,0.204493,0.204493,AMOCLINGO-INF-MR,71.95976999999999,1.2188101768529835,7060961.0,282547500.0,915453900.0,90415200.0,192132300.0,0.30864197530864196,0.024990350295083126,0.07809484467213477,0.00771307107872936
GroupAssignment,01331-group_assignment-p150-pr40-middle.asp,211201,333521,0.633246,0.401001,0.253933,1.579164,2.493759,3.938054,0.400945,0.196022,0.0,0.206822,41841,0.394132,0.204923,0.204923,AMOCLINGO-INF-MR,46.34554,1.8645979742603065,6434269.0,257370000.0,833878800.0,82358400.0,175011600.0,0.30864197530864196,0.025000073823677974,0.07812523069899367,0.007716072167801844
GroupAssignment,01332-group_assignment-p150-pr40-middle.asp,222451,351521,0.632824,0.400466,0.253425,1.580218,2.497088,3.945942,0.400897,0.196223,0.0,0.206477,44091,0.394428,0.204674,0.204674,AMOCLINGO-INF-MR,33.95235,1.3418175766920404,6784612.0,271357500.0,879198300.0,86834400.0,184523100.0,0.30864197530864196,0.02500248565084805,0.07813276765890016,0.00771681655890372
GroupAssignment,01333-group_assignment-p150-pr40-middle.asp,240451,380321,0.632232,0.399717,0.252714,1.581699,2.50177,3.957047,0.40083,0.196506,0.0,0.205992,47691,0.394846,0.204324,0.204324,EOCLINGO-INF-MR,61.28796,1.8810779474467745,7346447.0,293737500.0,951709500.0,93996000.0,199741500.0,0.30864197530864196,0.025010245542363505,0.07815701731988595,0.0077192115871492295
GroupAssignment,01335-group_assignment-p150-pr40-middle.asp,233701,369521,0.632443,0.399984,0.252967,1.58117,2.500098,3.953081,0.400854,0.196405,0.0,0.206165,46341,0.394697,0.204449,0.204449,AMOCLINGO-INF-MR,35.12838,2.0779102252936226,7134813.0,285345000.0,924517800.0,91310400.0,194034600.0,0.30864197530864196,0.02500416338117016,0.07813801056615675,0.007717334376904371
GroupAssignment,01353-group_assignment-p200-pr40-sat.asp,302501,478221,0.632555,0.400126,0.253101,1.580891,2.499215,3.950986,0.400924,0.196363,0.0,0.206218,59941,0.394514,0.204561,0.204561,AMOCLINGO-INF-MR,28.95906,1.2718285745462734,2301979.0,368280000.0,1193227200.0,117849600.0,250430400.0,0.30864197530864196,0.006250621809492777,0.019533193154664927,0.0019292042621891288
GroupAssignment,01354-group_assignment-p200-pr40-sat.asp,323501,511821,0.632059,0.399498,0.252507,1.582131,2.503139,3.960294,0.400864,0.196599,0.0,0.205814,64141,0.39487,0.204265,0.204265,AMOCLINGO-INF-MR,26.31767,1.2806604840018132,2463986.0,394320000.0,1277596800.0,126182400.0,268137600.0,0.30864197530864196,0.006248696490160276,0.019527176531750862,0.0019286100278272456
GroupAssignment,01355-group_assignment-p200-pr40-sat.asp,281501,444621,0.633126,0.400848,0.253787,1.579465,2.49471,3.940307,0.400993,0.196092,0.0,0.206681,55741,0.394105,0.204902,0.204902,EOCLINGO-INF-MR,29.24222,1.4189613510875714,2139045.0,342240000.0,1108857600.0,109516800.0,232723200.0,0.30864197530864196,0.006250131486676017,0.019531660895862554,0.001929052927986425
GroupAssignment,01356-group_assignment-p200-pr40-middle.asp,338501,535821,0.631743,0.399099,0.252128,1.582923,2.505645,3.966243,0.400826,0.19675,0.0,0.205556,67141,0.395098,0.204076,0.204076,AMOCLINGO-INF-MR,77.50073,4.381407633192616,10322497.0,412920000.0,1337860800.0,132134400.0,280785600.0,0.30864197530864196,0.02499878184636249,0.07812119326988279,0.00771567340937114
GroupAssignment,01357-group_assignment-p200-pr40-middle.asp,299501,473421,0.632631,0.400223,0.253193,1.580699,2.49861,3.949551,0.400934,0.196327,0.0,0.20628,59341,0.394459,0.204607,0.204607,AMOCLINGO-INF-MR,76.17412,1.8284540733782024,9115650.0,364560000.0,1181174400.0,116659200.0,247900800.0,0.30864197530864196,0.025004526003949968,0.07813914376234364,0.007717446297515422
GroupAssignment,01360-group_assignment-p200-pr40-middle.asp,272501,430221,0.633398,0.401193,0.254115,1.578787,2.492568,3.935234,0.401026,0.195963,0.0,0.206902,53941,0.39391,0.205063,0.205063,AMOCLINGO-INF-MR,50.2316,1.881722262480192,8276848.0,331080000.0,1072699200.0,105945600.0,225134400.0,0.30864197530864196,0.02499954089646007,0.07812356530143771,0.007715907684092614
GroupAssignment,01362-group_assignment-p200-pr40-middle.asp,314501,497421,0.632263,0.399757,0.252752,1.58162,2.501521,3.956455,0.400889,0.196502,0.0,0.20598,62341,0.394724,0.204387,0.204387,AMOCLINGO-INF-MR,65.87129999999999,1.6129988325720006,9580054.0,383160000.0,1241438400.0,122611200.0,260548800.0,0.30864197530864196,0.02500275080906149,0.07813359627831715,0.007716898397858484
GroupAssignment,01363-group_assignment-p200-pr40-middle.asp,332501,526221,0.631866,0.399254,0.252275,1.582615,2.50467,3.963927,0.400841,0.196691,0.0,0.205657,65941,0.395009,0.20415,0.20415,EOCLINGO-INF-MR,77.13745,3.2118745175009025,10136588.0,405480000.0,1313755200.0,129753600.0,275726400.0,0.30864197530864196,0.024998983920292,0.0781218247509125,0.007715735777867901
GroupAssignment,01364-group_assignment-p200-pr40-middle.asp,254501,401421,0.634,0.401956,0.25484,1.577287,2.487833,3.924025,0.401099,0.195677,0.0,0.20739,50341,0.39348,0.205422,0.205422,AMOCLINGO-INF-MR,40.88697,2.450340291784889,7717055.0,308760000.0,1000382400.0,98803200.0,209956800.0,0.30864197530864196,0.02499370060888716,0.07810531440277238,0.007714105126199741
GroupAssignment,01365-group_assignment-p200-pr40-middle.asp,347501,550221,0.631566,0.398876,0.251917,1.583365,2.507045,3.969569,0.400805,0.196834,0.0,0.205412,68941,0.395225,0.203971,0.203971,EOCLINGO-INF-MR,66.20195,1.844882816895877,10600851.0,424080000.0,1374019200.0,135705600.0,288374400.0,0.30864197530864196,0.024997290605546122,0.07811653314233163,0.007715213149859915
GroupAssignment,01373-group_assignment-p200-pr40-punsat.asp,281501,444621,0.633126,0.400848,0.253787,1.579465,2.49471,3.940307,0.400993,0.196092,0.0,0.206681,55741,0.394105,0.204902,0.204902,AMOCLINGO-INF-MR,415.01231,2.903396805265848,308001001.0,342240000.0,1108857600.0,109516800.0,232723200.0,0.30864197530864196,0.8999561740299206,2.8123630438435017,0.2777642512438026
GroupAssignment,01381-group_assignment-p250-pr40-sat.asp,434301,687721,0.631508,0.398802,0.251846,1.583512,2.507511,3.970675,0.400828,0.196868,0.0,0.205344,86141,0.395212,0.20396,0.20396,AMOCLINGO-INF-MR,38.79955,1.4321913527347612,3307753.0,529245000.0,1714753800.0,169358400.0,359886600.0,0.30864197530864196,0.006249946622074842,0.019531083193983882,0.001928995871010754
GroupAssignment,01382-group_assignment-p250-pr40-sat.asp,344301,543721,0.633231,0.400982,0.253914,1.579203,2.493881,3.938342,0.401044,0.196049,0.0,0.206741,68141,0.393961,0.204995,0.204995,AMOCLINGO-INF-MR,29.49717,1.4223998437816237,2611019.0,417825000.0,1353753000.0,133704000.0,284121000.0,0.30864197530864196,0.006249073176569138,0.019528353676778555,0.0019287262890645487
GroupAssignment,01383-group_assignment-p250-pr40-sat.asp,389301,615721,0.632269,0.399763,0.252758,1.581607,2.501479,3.956356,0.400924,0.196506,0.0,0.205961,77141,0.394659,0.204418,0.204418,EOCLINGO-INF-MR,42.6782,1.4839573833948012,2959953.0,473535000.0,1534253400.0,151531200.0,322003800.0,0.30864197530864196,0.006250758655643195,0.01953362079888498,0.0019292464986553068
GroupAssignment,01385-group_assignment-p250-pr40-sat.asp,351801,555721,0.633053,0.400756,0.2537,1.579646,2.495281,3.941661,0.401022,0.196134,0.0,0.206597,69641,0.394089,0.204889,0.204889,AMOCLINGO-INF-MR,31.9273,2.119583553886486,2669419.0,427110000.0,1383836400.0,136675200.0,290434800.0,0.30864197530864196,0.0062499566856313365,0.019531114642597925,0.0019289989770467086
GroupAssignment,01388-group_assignment-p250-pr40-middle.asp,370551,585721,0.632641,0.400234,0.253205,1.580676,2.498536,3.949375,0.40097,0.196329,0.0,0.206263,73391,0.394388,0.204641,0.204641,AMOCLINGO-INF-MR,88.65205999999999,1.5127716152337578,11254560.0,450322500.0,1459044900.0,144103200.0,306219300.0,0.30864197530864196,0.024992222240727478,0.07810069450227337,0.007713648839730703
GroupAssignment,01389-group_assignment-p250-pr40-middle.asp,374301,591721,0.632563,0.400136,0.253112,1.580869,2.499148,3.950827,0.400961,0.196366,0.0,0.2062,74141,0.394445,0.204595,0.204595,AMOCLINGO-INF-MR,194.89628,1.7219100333777535,11374722.0,454965000.0,1474086600.0,145588800.0,309376200.0,0.30864197530864196,0.02500131218884969,0.07812910059015529,0.007716454379274596
GroupAssignment,01390-group_assignment-p250-pr40-middle.asp,381801,603721,0.632413,0.399946,0.252931,1.581245,2.500336,3.953645,0.400942,0.196437,0.0,0.206079,75641,0.394554,0.204504,0.204504,AMOCLINGO-INF-MR,149.00531999999998,2.1096215222382666,11607491.0,464250000.0,1504170000.0,148560000.0,315690000.0,0.30864197530864196,0.025002673128702208,0.0781333535271944,0.007716874422438953
GroupAssignment,01391-group_assignment-p250-pr40-middle.asp,351801,555721,0.633053,0.400756,0.2537,1.579646,2.495281,3.941661,0.401022,0.196134,0.0,0.206597,69641,0.394089,0.204889,0.204889,AMOCLINGO-INF-MR,70.70145,3.403157643867276,10678038.0,427110000.0,1383836400.0,136675200.0,290434800.0,0.30864197530864196,0.02500067429936082,0.07812710718550256,0.0077162574998027224
GroupAssignment,01393-group_assignment-p250-pr40-middle.asp,385551,609721,0.63234,0.399854,0.252844,1.581428,2.500913,3.955013,0.400933,0.196472,0.0,0.206019,76391,0.394607,0.204461,0.204461,AMOCLINGO-INF-MR,67.85714,3.1368346794456707,11720658.0,468892500.0,1519211700.0,150045600.0,318846900.0,0.30864197530864196,0.024996471472672307,0.07811397335210096,0.0077149603310717
GroupAssignment,01394-group_assignment-p250-pr40-middle.asp,419301,663721,0.631743,0.399099,0.252128,1.582923,2.505644,3.96624,0.400858,0.196756,0.0,0.205535,83141,0.395041,0.204102,0.204102,AMOCLINGO-INF-MR,86.51929,5.309837840786719,12766821.0,510675000.0,1654587000.0,163416000.0,347259000.0,0.30864197530864196,0.024999894257600234,0.07812466955500073,0.007716016746172912
GroupAssignment,01395-group_assignment-p250-pr40-middle.asp,385551,609721,0.63234,0.399854,0.252844,1.581428,2.500913,3.955013,0.400933,0.196472,0.0,0.206019,76391,0.394607,0.204461,0.204461,AMOCLINGO-INF-MR,78.63262999999999,2.9532554106355087,11727179.0,468892500.0,1519211700.0,150045600.0,318846900.0,0.30864197530864196,0.02501037871153836,0.07815743347355737,0.007719252688746407
GroupAssignment,01396-group_assignment-p250-pr40-punsat.asp,378051,597721,0.632487,0.40004,0.25302,1.581059,2.499748,3.95225,0.400951,0.196402,0.0,0.206139,74891,0.3945,0.204549,0.204549,AMOCLINGO-INF-MR,604.13422,1.9946269804084265,413692973.0,459607500.0,1489128300.0,147074400.0,312533100.0,0.30864197530864196,0.9001005705955625,2.8128142831111327,0.27780881808505015
GroupAssignment,01399-group_assignment-p250-pr40-punsat.asp,378051,597721,0.632487,0.40004,0.25302,1.581059,2.499748,3.95225,0.400951,0.196402,0.0,0.206139,74891,0.3945,0.204549,0.204549,AMOCLINGO-INF-MR,452.15654,2.665101942349435,413724740.0,459607500.0,1489128300.0,147074400.0,312533100.0,0.30864197530864196,0.9001696882666188,2.8130302758331838,0.27783015069957373
GroupAssignment,01401-group_assignment-p250-pr40-punsat.asp,374301,591721,0.632563,0.400136,0.253112,1.580869,2.499148,3.950827,0.400961,0.196366,0.0,0.2062,74141,0.394445,0.204595,0.204595,AMOCLINGO-INF-MR,632.54075,1.9050033298249955,409458027.0,454965000.0,1474086600.0,145588800.0,309376200.0,0.30864197530864196,0.8999769806468629,2.8124280645214466,0.2777706730391552
GroupAssignment,01402-group_assignment-p250-pr40-punsat.asp,378051,597721,0.632487,0.40004,0.25302,1.581059,2.499748,3.95225,0.400951,0.196402,0.0,0.206139,74891,0.3945,0.204549,0.204549,AMOCLINGO-INF-MR,528.24713,2.2811167170941378,413611313.0,459607500.0,1489128300.0,147074400.0,312533100.0,0.30864197530864196,0.8999228972547227,2.8122590539210086,0.2777539806341737
GroupAssignment,01404-group_assignment-p250-pr40-punsat.asp,396801,627721,0.63213,0.399588,0.252591,1.581954,2.502579,3.958965,0.400906,0.196572,0.0,0.205849,78641,0.39476,0.204334,0.204334,AMOCLINGO-INF-MR,559.10716,2.1552360570735667,434436923.0,482820000.0,1564336800.0,154502400.0,328317600.0,0.30864197530864196,0.8997906528312829,2.811845790097759,0.27771316445409966
GroupAssignment,01412-group_assignment-p300-pr40-sat.asp,521101,825221,0.631468,0.398752,0.2518,1.58361,2.507822,3.971413,0.400844,0.196891,0.0,0.205298,103341,0.395204,0.203953,0.203953,AMOCLINGO-INF-MR,62.7821,1.2569182935900518,3974821.0,636120000.0,2061028800.0,203558400.0,432561600.0,0.30864197530864196,0.006248539583726341,0.019526686199144817,0.0019285615999155372
GroupAssignment,01413-group_assignment-p300-pr40-sat.asp,471601,746021,0.632155,0.39962,0.252622,1.58189,2.502377,3.958485,0.400932,0.196564,0.0,0.205854,93441,0.3947,0.204368,0.204368,EOCLINGO-INF-MR,49.04653,1.2682069455270333,3591879.0,574740000.0,1862157600.0,183916800.0,390823200.0,0.30864197530864196,0.006249571980373734,0.019529912438667918,0.0019288802408560907
GroupAssignment,01416-group_assignment-p300-pr40-middle.asp,516601,818021,0.631525,0.398824,0.251868,1.583468,2.50737,3.970339,0.400851,0.196864,0.0,0.205344,102441,0.395162,0.203987,0.203987,AMOCLINGO-INF-MR,156.8581,5.022113617339493,15760388.0,630540000.0,2042949600.0,201772800.0,428767200.0,0.30864197530864196,0.024995064547847876,0.07810957671202462,0.007714526095014777
GroupAssignment,01417-group_assignment-p300-pr40-middle.asp,458101,724421,0.632368,0.39989,0.252878,1.581357,2.500688,3.95448,0.40096,0.196463,0.0,0.206027,90741,0.394544,0.204496,0.204496,AMOCLINGO-INF-MR,131.52168,2.02363336599715,13947088.0,558000000.0,1807920000.0,178560000.0,379440000.0,0.30864197530864196,0.024994781362007168,0.0781086917562724,0.007714438691977521
GroupAssignment,01418-group_assignment-p300-pr40-middle.asp,431101,681221,0.632836,0.400481,0.253439,1.580189,2.496997,3.945727,0.40102,0.196242,0.0,0.206404,85341,0.394202,0.204778,0.204778,AMOCLINGO-INF-MR,111.43654,3.243747248433952,13112078.0,524520000.0,1699444800.0,167846400.0,356673600.0,0.30864197530864196,0.02499824220239457,0.07811950688248304,0.007715506852590917
GroupAssignment,01419-group_assignment-p300-pr40-middle.asp,449101,710021,0.632518,0.400079,0.253057,1.580983,2.499507,3.951678,0.400979,0.196392,0.0,0.206147,88941,0.394435,0.204586,0.204586,EOCLINGO-INF-MR,164.71558000000002,1.350873791052431,13671850.0,546840000.0,1771761600.0,174988800.0,371851200.0,0.30864197530864196,0.025001554385194937,0.07812985745373419,0.007716529131233006
GroupAssignment,01421-group_assignment-p300-pr40-middle.asp,444601,702821,0.632595,0.400176,0.25315,1.58079,2.498898,3.950235,0.400989,0.196356,0.0,0.20621,88041,0.394378,0.204633,0.204633,AMOCLINGO-INF-MR,153.6905,1.7988690908026197,13532839.0,541260000.0,1753682400.0,173203200.0,368056800.0,0.30864197530864196,0.02500247385729594,0.07813273080404981,0.007716812918918499
GroupAssignment,01422-group_assignment-p300-pr40-middle.asp,462601,731621,0.632296,0.399798,0.252791,1.581538,2.501262,3.955841,0.40095,0.196498,0.0,0.205968,91641,0.394597,0.204453,0.204453,AMOCLINGO-INF-MR,324.60630000000003,1.6632720929938818,14090421.0,563580000.0,1825999200.0,180345600.0,383234400.0,0.30864197530864196,0.025001634195677632,0.0781301068614926,0.007716553764098035
GroupAssignment,01424-group_assignment-p300-pr40-middle.asp,444601,702821,0.632595,0.400176,0.25315,1.58079,2.498898,3.950235,0.400989,0.196356,0.0,0.20621,88041,0.394378,0.204633,0.204633,AMOCLINGO-INF-MR,268.0825,2.6501687353706416,13534013.0,541260000.0,1753682400.0,173203200.0,368056800.0,0.30864197530864196,0.02500464287033958,0.07813950896981119,0.007717482367388759
GroupAssignment,01425-group_assignment-p300-pr40-middle.asp,494101,782021,0.631826,0.399204,0.252227,1.582715,2.504986,3.964679,0.40089,0.196721,0.0,0.205588,97941,0.394942,0.204169,0.204169,EOCLINGO-INF-MR,295.61324,1.3321136766404642,15065287.0,602640000.0,1952553600.0,192844800.0,409795200.0,0.30864197530864196,0.024998816872427984,0.07812130272633745,0.00771568421988518
GroupAssignment,01426-group_assignment-p300-pr40-punsat.asp,521101,825221,0.631468,0.398752,0.2518,1.58361,2.507822,3.971413,0.400844,0.196891,0.0,0.205298,103341,0.395204,0.203953,0.203953,AMOCLINGO-INF-MR,1009.81934,1.192868515471292,572658575.0,636120000.0,2061028800.0,203558400.0,432561600.0,0.30864197530864196,0.9002367084826762,2.8132397140083634,0.2778508359514433
GroupAssignment,01427-group_assignment-p300-pr40-punsat.asp,480601,760421,0.63202,0.399449,0.252459,1.582229,2.50345,3.961031,0.400915,0.196629,0.0,0.205744,95241,0.394799,0.204286,0.204286,AMOCLINGO-INF-MR,1048.81714,1.14885731939888,527402419.0,585900000.0,1898316000.0,187488000.0,398412000.0,0.30864197530864196,0.900157738521932,2.8129929328810377,0.2778264625067692
GroupAssignment,01428-group_assignment-p300-pr40-punsat.asp,449101,710021,0.632518,0.400079,0.253057,1.580983,2.499507,3.951678,0.400979,0.196392,0.0,0.206147,88941,0.394435,0.204586,0.204586,AMOCLINGO-INF-MR,579.2339000000001,2.0802923413149674,492280971.0,546840000.0,1771761600.0,174988800.0,371851200.0,0.30864197530864196,0.9002285330261137,2.813214165706605,0.27784831266238075
GroupAssignment,01432-group_assignment-p300-pr40-punsat.asp,471601,746021,0.632155,0.39962,0.252622,1.58189,2.502377,3.958485,0.400932,0.196564,0.0,0.205854,93441,0.3947,0.204368,0.204368,AMOCLINGO-INF-MR,468.79535,2.570469850010244,517375222.0,574740000.0,1862157600.0,183916800.0,390823200.0,0.30864197530864196,0.9001900372342276,2.8130938663569616,0.27783643124513197
GroupAssignment,01433-group_assignment-p300-pr40-punsat.asp,458101,724421,0.632368,0.39989,0.252878,1.581357,2.500688,3.95448,0.40096,0.196463,0.0,0.206027,90741,0.394544,0.204496,0.204496,AMOCLINGO-INF-MR,558.01067,2.1594770705728616,502275509.0,558000000.0,1807920000.0,178560000.0,379440000.0,0.30864197530864196,0.9001353207885304,2.8129228774641577,0.27781954345325016
GroupAssignment,01434-group_assignment-p300-pr40-punsat.asp,525601,832421,0.631412,0.398682,0.251733,1.583751,2.508267,3.972469,0.400836,0.196917,0.0,0.205253,104241,0.395245,0.203919,0.203919,AMOCLINGO-INF-MR,964.77176,1.2490046319349148,577390394.0,641700000.0,2079108000.0,205344000.0,436356000.0,0.30864197530864196,0.899782443509428,2.8118201359669626,0.27771063071278645
GroupAssignment,01435-group_assignment-p300-pr40-punsat.asp,449101,710021,0.632518,0.400079,0.253057,1.580983,2.499507,3.951678,0.400979,0.196392,0.0,0.206147,88941,0.394435,0.204586,0.204586,AMOCLINGO-INF-MR,527.60799,2.2838749314618982,492097038.0,546840000.0,1771761600.0,174988800.0,371851200.0,0.30864197530864196,0.8998921768707483,2.8121630527210884,0.2777444990341816
Knapsack,00097-knapsack-n10-w8576-v51997-type4.asp,67,245,0.273469,0.074786,0.020452,3.656716,13.371575,48.896058,0.328358,0.149254,0.0,0.358209,23,0.492537,0.179104,0.179104,AMOCLINGO-L,2.096148,1.3543537956289349,51997.0,56120.0,589260.0,2806.0,53314.0,0.09523809523809523,0.9265324305060585,18.53064861012117,0.08824118385771985
Knapsack,00123-knapsack-n10-w18573-v283702-type3.asp,67,245,0.273469,0.074786,0.020452,3.656716,13.371575,48.896058,0.328358,0.149254,0.0,0.358209,23,0.492537,0.179104,0.179104,EOCLINGO-INF-MR,1.827327,1.3277174802320548,283702.0,306640.0,3219720.0,15332.0,291308.0,0.09523809523809523,0.9251956691886251,18.503913383772502,0.08811387325605953
Knapsack,00129-knapsack-n10-w18723-v233107-type3.asp,67,245,0.273469,0.074786,0.020452,3.656716,13.371575,48.896058,0.328358,0.149254,0.0,0.358209,23,0.492537,0.179104,0.179104,AMOCLINGO-L,34.39942,1.502374545849901,233107.0,306640.0,3219720.0,15332.0,291308.0,0.09523809523809523,0.7601976258805113,15.203952517610228,0.07239977389338204
Knapsack,00136-knapsack-n10-w20164-v246007-type3.asp,67,245,0.273469,0.074786,0.020452,3.656716,13.371575,48.896058,0.328358,0.149254,0.0,0.358209,23,0.492537,0.179104,0.179104,AMOCLINGO-INF-MR,0.560263,17.16953823472191,246007.0,306640.0,3219720.0,15332.0,291308.0,0.09523809523809523,0.8022665014349074,16.045330028698146,0.07640633346999118
Knapsack,00159-knapsack-n10-w96320-v501152-type3.asp,67,245,0.273469,0.074786,0.020452,3.656716,13.371575,48.896058,0.328358,0.149254,0.0,0.358209,23,0.492537,0.179104,0.179104,EOCLINGO-INF-MR,149.520197,1.2665553938509055,501152.0,588420.0,6178410.0,29421.0,558999.0,0.09523809523809523,0.8516909690357228,17.033819380714455,0.08111342562244979
Knapsack,00177-knapsack-n10-w96845-v496936-type3.asp,67,245,0.273469,0.074786,0.020452,3.656716,13.371575,48.896058,0.328358,0.149254,0.0,0.358209,23,0.492537,0.179104,0.179104,EOCLINGO-L,1.072342,1.2104655044752517,496936.0,588420.0,6178410.0,29421.0,558999.0,0.09523809523809523,0.8445260188300874,16.890520376601746,0.08043104941238927
Knapsack,00193-knapsack-n15-w13519-v72426-type3.asp,97,365,0.265753,0.070625,0.018769,3.762887,14.159316,53.279899,0.329897,0.154639,0.0,0.350515,33,0.494845,0.175258,0.175258,AMOCLINGO-L,0.580385,1.2248472996373096,72426.0,92520.0,971460.0,4626.0,87894.0,0.09523809523809523,0.7828145265888456,15.656290531776913,0.07455376443703292
Knapsack,00194-knapsack-n15-w14489-v89438-type3.asp,97,365,0.265753,0.070625,0.018769,3.762887,14.159316,53.279899,0.329897,0.154639,0.0,0.350515,33,0.494845,0.175258,0.175258,EOCLINGO-INF-MR,5.099842,1.4386616291249807,89438.0,92520.0,971460.0,4626.0,87894.0,0.09523809523809523,0.9666882836143537,19.333765672287072,0.09206555082041464
Knapsack,00197-knapsack-n15-w14280-v87791-type4.asp,97,365,0.265753,0.070625,0.018769,3.762887,14.159316,53.279899,0.329897,0.154639,0.0,0.350515,33,0.494845,0.175258,0.175258,EOCLINGO-L,461.268789,1.2845941046316922,87791.0,92520.0,971460.0,4626.0,87894.0,0.09523809523809523,0.9488867271941201,18.977734543882402,0.0903701644946781
Knapsack,00238-knapsack-n15-w29121-v338654-type3.asp,97,365,0.265753,0.070625,0.018769,3.762887,14.159316,53.279899,0.329897,0.154639,0.0,0.350515,33,0.494845,0.175258,0.175258,EOCLINGO-L,595.163435,2.024343168864196,338654.0,464180.0,4873890.0,23209.0,440971.0,0.09523809523809523,0.7295747339394201,14.5914946787884,0.06948330799423048
Knapsack,00254-knapsack-n15-w141993-v657977-type3.asp,97,365,0.265753,0.070625,0.018769,3.762887,14.159316,53.279899,0.329897,0.154639,0.0,0.350515,33,0.494845,0.175258,0.175258,EOCLINGO-INF-MR,1.018825,3.7654258582190265,657977.0,734560.0,7712880.0,36728.0,697832.0,0.09523809523809523,0.8957430298409933,17.914860596819864,0.0853088599848565
Knapsack,00287-knapsack-n20-w17257-v104100-type4.asp,127,485,0.261856,0.068568,0.017955,3.818898,14.583979,55.694724,0.330709,0.15748,0.0,0.346457,43,0.496063,0.173228,0.173228,AMOCLINGO-L,750.335015,1.6057656885438032,104100.0,107740.0,1131270.0,5387.0,102353.0,0.09523809523809523,0.9662149619454242,19.324299238908484,0.09202047256623087
Knapsack,00313-knapsack-n20-w40573-v484049-type1.asp,127,485,0.261856,0.068568,0.017955,3.818898,14.583979,55.694724,0.330709,0.15748,0.0,0.346457,43,0.496063,0.173228,0.173228,AMOCLINGO-L,0.5242910000000001,117.98364076438466,484049.0,646540.0,6788670.0,32327.0,614213.0,0.09523809523809523,0.7486760293253317,14.973520586506636,0.07130247898336493
Knapsack,00322-knapsack-n20-w42135-v484520-type3.asp,127,485,0.261856,0.068568,0.017955,3.818898,14.583979,55.694724,0.330709,0.15748,0.0,0.346457,43,0.496063,0.173228,0.173228,AMOCLINGO-L,0.525221,3.318008990501141,484520.0,646540.0,6788670.0,32327.0,614213.0,0.09523809523809523,0.749404522535342,14.988090450706839,0.07137185928908019
Knapsack,00340-knapsack-n20-w160497-v1147735-type1.asp,127,485,0.261856,0.068568,0.017955,3.818898,14.583979,55.694724,0.330709,0.15748,0.0,0.346457,43,0.496063,0.173228,0.173228,AMOCLINGO-L,1.1533030000000002,1044.7876186917051,1147735.0,1359740.0,14277270.0,67987.0,1291753.0,0.09523809523809523,0.8440841631488373,16.881683262976747,0.08038896791893688
Knapsack,00363-knapsack-n25-w18256-v161804-type4.asp,157,605,0.259504,0.067342,0.017476,3.853503,14.849487,57.222545,0.33121,0.159236,0.0,0.343949,53,0.496815,0.171975,0.171975,EOCLINGO-L,114.145672,1.6749458271181756,161804.0,164620.0,1728510.0,8231.0,156389.0,0.09523809523809523,0.9828939375531527,19.657878751063055,0.09360894643363359
Knapsack,00389-knapsack-n25-w16392-v118033-type3.asp,157,605,0.259504,0.067342,0.017476,3.853503,14.849487,57.222545,0.33121,0.159236,0.0,0.343949,53,0.496815,0.171975,0.171975,EOCLINGO-L,0.525523,3.9888130490958535,118033.0,164620.0,1728510.0,8231.0,156389.0,0.09523809523809523,0.7170027943141781,14.340055886283562,0.06828598041087411
Knapsack,00399-knapsack-n25-w52157-v663908-type4.asp,157,605,0.259504,0.067342,0.017476,3.853503,14.849487,57.222545,0.33121,0.159236,0.0,0.343949,53,0.496815,0.171975,0.171975,EOCLINGO-L,195.679244,1.28503820262102,663908.0,674720.0,7084560.0,33736.0,640984.0,0.09523809523809523,0.9839755750533554,19.679511501067108,0.093711959528891
Knapsack,00409-knapsack-n25-w55826-v510262-type3.asp,157,605,0.259504,0.067342,0.017476,3.853503,14.849487,57.222545,0.33121,0.159236,0.0,0.343949,53,0.496815,0.171975,0.171975,EOCLINGO-L,0.5163960000000001,39.1083180349964,510262.0,674720.0,7084560.0,33736.0,640984.0,0.09523809523809523,0.7562574104813848,15.125148209627698,0.07202451528394141
Knapsack,00469-knapsack-n30-w25748-v139211-type3.asp,187,725,0.257931,0.066528,0.01716,3.877005,15.03117,58.275928,0.331551,0.160428,0.0,0.342246,63,0.497326,0.171123,0.171123,AMOCLINGO-L,0.617001,187.48180148816613,139211.0,172520.0,1811460.0,8626.0,163894.0,0.09523809523809523,0.8069267331323905,16.13853466264781,0.07685016506022767
Knapsack,00474-knapsack-n30-w26885-v134733-type3.asp,187,725,0.257931,0.066528,0.01716,3.877005,15.03117,58.275928,0.331551,0.160428,0.0,0.342246,63,0.497326,0.171123,0.171123,AMOCLINGO-L,2.440686,2.0869456374150546,134733.0,172520.0,1811460.0,8626.0,163894.0,0.09523809523809523,0.7809703222814746,15.619406445629492,0.074378125931569
Knapsack,00476-knapsack-n30-w27698-v135401-type1.asp,187,725,0.257931,0.066528,0.01716,3.877005,15.03117,58.275928,0.331551,0.160428,0.0,0.342246,63,0.497326,0.171123,0.171123,EOCLINGO-L,0.519809,3.1076645460159407,135401.0,172520.0,1811460.0,8626.0,163894.0,0.09523809523809523,0.7848423371203339,15.696846742406677,0.07474688924955561
Knapsack,00478-knapsack-n30-w26464-v145573-type1.asp,187,725,0.257931,0.066528,0.01716,3.877005,15.03117,58.275928,0.331551,0.160428,0.0,0.342246,63,0.497326,0.171123,0.171123,AMOCLINGO-L,1109.184812,1.0862618780611286,145573.0,172520.0,1811460.0,8626.0,163894.0,0.09523809523809523,0.8438036169719453,16.876072339438906,0.08036224923542336
Knapsack,00483-knapsack-n30-w65260-v675932-type3.asp,187,725,0.257931,0.066528,0.01716,3.877005,15.03117,58.275928,0.331551,0.160428,0.0,0.342246,63,0.497326,0.171123,0.171123,CLINGO-AMO,34.720073000000006,34.70628362446127,675932.0,917640.0,9635220.0,45882.0,871758.0,0.09523809523809523,0.7365982302427967,14.731964604855936,0.07015221240407588
Knapsack,00500-knapsack-n30-w64396-v907678-type3.asp,187,725,0.257931,0.066528,0.01716,3.877005,15.03117,58.275928,0.331551,0.160428,0.0,0.342246,63,0.497326,0.171123,0.171123,AMOCLINGO-L,112.219664,1.8377673898578064,907678.0,917640.0,9635220.0,45882.0,871758.0,0.09523809523809523,0.9891438908504424,19.78287781700885,0.09420418008099452
Knapsack,00517-knapsack-n30-w250904-v1299097-type3.asp,187,725,0.257931,0.066528,0.01716,3.877005,15.03117,58.275928,0.331551,0.160428,0.0,0.342246,63,0.497326,0.171123,0.171123,EOCLINGO-L,0.519633,1.5398598626338205,1299097.0,1697320.0,17821860.0,84866.0,1612454.0,0.09523809523809523,0.7653813070016261,15.307626140032522,0.07289345780967868
Knapsack,00556-knapsack-n35-w29167-v165065-type3.asp,217,845,0.256805,0.065949,0.016936,3.894009,15.163308,59.04606,0.331797,0.16129,0.0,0.341014,73,0.497696,0.170507,0.170507,EOCLINGO-INF-MR,6.0543960000000006,1.6915779873004673,165065.0,228940.0,2403870.0,11447.0,217493.0,0.09523809523809523,0.7209967677120643,14.419935354241286,0.06866635882972041
Knapsack,00562-knapsack-n35-w28561-v151538-type3.asp,217,845,0.256805,0.065949,0.016936,3.894009,15.163308,59.04606,0.331797,0.16129,0.0,0.341014,73,0.497696,0.170507,0.170507,EOCLINGO-L,0.519539,2.7592808239612427,151538.0,228940.0,2403870.0,11447.0,217493.0,0.09523809523809523,0.6619114178387351,13.238228356774702,0.0630391826513081
Knapsack,00567-knapsack-n35-w28897-v173891-type3.asp,217,845,0.256805,0.065949,0.016936,3.894009,15.163308,59.04606,0.331797,0.16129,0.0,0.341014,73,0.497696,0.170507,0.170507,CLINGO-AMO,31.243368,6.287681500918851,173891.0,228940.0,2403870.0,11447.0,217493.0,0.09523809523809523,0.7595483532803354,15.19096706560671,0.072337938407651
Knapsack,00576-knapsack-n35-w73792-v774793-type3.asp,217,845,0.256805,0.065949,0.016936,3.894009,15.163308,59.04606,0.331797,0.16129,0.0,0.341014,73,0.497696,0.170507,0.170507,CLINGO-AMO,3.79682,118.3590533657113,774793.0,1061640.0,11147220.0,53082.0,1008558.0,0.09523809523809523,0.7298076560792736,14.596153121585472,0.06950549105516891
Knapsack,00583-knapsack-n35-w70515-v762899-type1.asp,217,845,0.256805,0.065949,0.016936,3.894009,15.163308,59.04606,0.331797,0.16129,0.0,0.341014,73,0.497696,0.170507,0.170507,CLINGO-AMO,11.387949,43.02504445708353,762899.0,1061640.0,11147220.0,53082.0,1008558.0,0.09523809523809523,0.718604234957236,14.37208469914472,0.0684384985673558
Knapsack,00584-knapsack-n35-w71002-v770312-type1.asp,217,845,0.256805,0.065949,0.016936,3.894009,15.163308,59.04606,0.331797,0.16129,0.0,0.341014,73,0.497696,0.170507,0.170507,CLINGO-AMO,7.889798,152.73064684292297,770312.0,1061640.0,11147220.0,53082.0,1008558.0,0.09523809523809523,0.7255868279266041,14.511736558532082,0.06910350742158135
Knapsack,00589-knapsack-n35-w71034-v802257-type3.asp,217,845,0.256805,0.065949,0.016936,3.894009,15.163308,59.04606,0.331797,0.16129,0.0,0.341014,73,0.497696,0.170507,0.170507,CLINGO-AMO,439.783911,2.737245496914052,802257.0,1061640.0,11147220.0,53082.0,1008558.0,0.09523809523809523,0.7556770656719792,15.113541313439583,0.0719692443497123
Knapsack,00599-knapsack-n35-w71466-v749362-type3.asp,217,845,0.256805,0.065949,0.016936,3.894009,15.163308,59.04606,0.331797,0.16129,0.0,0.341014,73,0.497696,0.170507,0.170507,CLINGO-AMO,2.371271,68.28898341859703,749362.0,1061640.0,11147220.0,53082.0,1008558.0,0.09523809523809523,0.7058532082438491,14.117064164876982,0.06722411507084278
Knapsack,00608-knapsack-n35-w308127-v1479933-type3.asp,217,845,0.256805,0.065949,0.016936,3.894009,15.163308,59.04606,0.331797,0.16129,0.0,0.341014,73,0.497696,0.170507,0.170507,CLINGO-AMO,4.544525,5.553526936258464,1479933.0,2000040.0,21000420.0,100002.0,1900038.0,0.09523809523809523,0.7399517009659807,14.799034019319613,0.07047159056818864
Knapsack,00618-knapsack-n35-w306144-v1489986-type3.asp,217,845,0.256805,0.065949,0.016936,3.894009,15.163308,59.04606,0.331797,0.16129,0.0,0.341014,73,0.497696,0.170507,0.170507,AMOCLINGO-L,3.086358,1.7766921400563382,1489986.0,2000040.0,21000420.0,100002.0,1900038.0,0.09523809523809523,0.7449781004379913,14.899562008759824,0.07095029527980869
Knapsack,00637-knapsack-n40-w28454-v189112-type3.asp,247,965,0.255959,0.065515,0.016769,3.906883,15.263732,59.633607,0.331984,0.161943,0.0,0.340081,83,0.497976,0.17004,0.17004,CLINGO-AMO,72.560756,16.6064569393406,189112.0,249540.0,2620170.0,12477.0,237063.0,0.09523809523809523,0.7578424300713312,15.156848601426624,0.07217546953060297
Knapsack,00639-knapsack-n40-w30845-v186167-type3.asp,247,965,0.255959,0.065515,0.016769,3.906883,15.263732,59.633607,0.331984,0.161943,0.0,0.340081,83,0.497976,0.17004,0.17004,EOCLINGO-L,0.556997,1.370420307470238,186167.0,249540.0,2620170.0,12477.0,237063.0,0.09523809523809523,0.7460407149154444,14.920814298308889,0.07105149665861375
Knapsack,00647-knapsack-n40-w30813-v195930-type3.asp,247,965,0.255959,0.065515,0.016769,3.906883,15.263732,59.633607,0.331984,0.161943,0.0,0.340081,83,0.497976,0.17004,0.17004,AMOCLINGO-L,0.540793,171.03535733635607,195930.0,249540.0,2620170.0,12477.0,237063.0,0.09523809523809523,0.7851647030536186,15.703294061072373,0.0747775907670113
Knapsack,00669-knapsack-n40-w82992-v1166336-type4.asp,247,965,0.255959,0.065515,0.016769,3.906883,15.263732,59.633607,0.331984,0.161943,0.0,0.340081,83,0.497976,0.17004,0.17004,EOCLINGO-L,502.940569,2.39582539622092,1166336.0,1175560.0,12343380.0,58778.0,1116782.0,0.09523809523809523,0.9921535268297662,19.843070536595324,0.09449081207902535
Knapsack,00682-knapsack-n40-w81970-v843983-type3.asp,247,965,0.255959,0.065515,0.016769,3.906883,15.263732,59.633607,0.331984,0.161943,0.0,0.340081,83,0.497976,0.17004,0.17004,CLINGO-AMO,815.106525,1.478314687764277,843983.0,1175560.0,12343380.0,58778.0,1116782.0,0.09523809523809523,0.7179412365170642,14.358824730341285,0.06837535585876801
Knapsack,00689-knapsack-n40-w85005-v1167375-type4.asp,247,965,0.255959,0.065515,0.016769,3.906883,15.263732,59.633607,0.331984,0.161943,0.0,0.340081,83,0.497976,0.17004,0.17004,AMOCLINGO-L,89.984593,1.2135976766600478,1167375.0,1175560.0,12343380.0,58778.0,1116782.0,0.09523809523809523,0.9930373609173501,19.860747218347,0.09457498675403334
Knapsack,00697-knapsack-n40-w409210-v1967006-type3.asp,247,965,0.255959,0.065515,0.016769,3.906883,15.263732,59.633607,0.331984,0.161943,0.0,0.340081,83,0.497976,0.17004,0.17004,AMOCLINGO-L,50.986634,8.254115107892785,1967006.0,2329300.0,24457650.0,116465.0,2212835.0,0.09523809523809523,0.8444622848065942,16.889245696131884,0.08042497950538993
Knapsack,00727-knapsack-n45-w32036-v215169-type3.asp,277,1085,0.2553,0.065178,0.01664,3.916968,15.342634,60.096601,0.33213,0.162455,0.0,0.33935,93,0.498195,0.169675,0.169675,EOCLINGO-L,0.764807,17.890363189667458,215169.0,288160.0,3025680.0,14408.0,273752.0,0.09523809523809523,0.7466997501388117,14.933995002776236,0.07111426191798208
Knapsack,00752-knapsack-n45-w94598-v958796-type3.asp,277,1085,0.2553,0.065178,0.01664,3.916968,15.342634,60.096601,0.33213,0.162455,0.0,0.33935,93,0.498195,0.169675,0.169675,CLINGO-AMO,12.977225,92.84846791205362,958796.0,1327360.0,13937280.0,66368.0,1260992.0,0.09523809523809523,0.7223330520732884,14.446661041465767,0.06879362400697984
Knapsack,00772-knapsack-n45-w91224-v921231-type3.asp,277,1085,0.2553,0.065178,0.01664,3.916968,15.342634,60.096601,0.33213,0.162455,0.0,0.33935,93,0.498195,0.169675,0.169675,CLINGO-AMO,12.463854,6.292428810542871,921231.0,1327360.0,13937280.0,66368.0,1260992.0,0.09523809523809523,0.6940325156702025,13.88065031340405,0.06609833482573357
Knapsack,00791-knapsack-n45-w351591-v1945995-type3.asp,277,1085,0.2553,0.065178,0.01664,3.916968,15.342634,60.096601,0.33213,0.162455,0.0,0.33935,93,0.498195,0.169675,0.169675,CLINGO-AMO,62.5787,19.25460890047253,1945995.0,2360900.0,24789450.0,118045.0,2242855.0,0.09523809523809523,0.8242598161717989,16.48519632343598,0.07850093487350465
Knapsack,00793-knapsack-n45-w352515-v1752054-type3.asp,277,1085,0.2553,0.065178,0.01664,3.916968,15.342634,60.096601,0.33213,0.162455,0.0,0.33935,93,0.498195,0.169675,0.169675,CLINGO-AMO,5.246453000000001,1.3238860616877726,1752054.0,2360900.0,24789450.0,118045.0,2242855.0,0.09523809523809523,0.7421127536109111,14.842255072218222,0.07067740510580106
Knapsack,00819-knapsack-n50-w39462-v220501-type1.asp,307,1205,0.254772,0.064909,0.016537,3.925081,15.406264,60.470842,0.332248,0.162866,0.0,0.338762,103,0.498371,0.169381,0.169381,CLINGO-AMO,35.480974,33.962300133023405,220501.0,289340.0,3038070.0,14467.0,274873.0,0.09523809523809523,0.7620826709062003,15.241653418124006,0.0725793019910667
Knapsack,00835-knapsack-n50-w38214-v212443-type1.asp,307,1205,0.254772,0.064909,0.016537,3.925081,15.406264,60.470842,0.332248,0.162866,0.0,0.338762,103,0.498371,0.169381,0.169381,CLINGO-AMO,13.503732,89.23153325317772,212443.0,289340.0,3038070.0,14467.0,274873.0,0.09523809523809523,0.7342330821870464,14.684661643740927,0.06992696020829013
Knapsack,00866-knapsack-n50-w102691-v1489127-type4.asp,307,1205,0.254772,0.064909,0.016537,3.925081,15.406264,60.470842,0.332248,0.162866,0.0,0.338762,103,0.498371,0.169381,0.169381,AMOCLINGO-L,20.077462,1.2578578407968095,1489127.0,1495920.0,15707160.0,74796.0,1421124.0,0.09523809523809523,0.9954589817637307,19.909179635274615,0.0948056173108315
Knapsack,00878-knapsack-n50-w454966-v1973180-type1.asp,307,1205,0.254772,0.064909,0.016537,3.925081,15.406264,60.470842,0.332248,0.162866,0.0,0.338762,103,0.498371,0.169381,0.169381,CLINGO-AMO,13.866074,86.9034548640084,1973180.0,2600160.0,27301680.0,130008.0,2470152.0,0.09523809523809523,0.7588686850039997,15.177373700079995,0.07227320809561902
Knapsack,00883-knapsack-n50-w453243-v2587107-type4.asp,307,1205,0.254772,0.064909,0.016537,3.925081,15.406264,60.470842,0.332248,0.162866,0.0,0.338762,103,0.498371,0.169381,0.169381,EOCLINGO-L,115.361187,1.2579559362543655,2587107.0,2600160.0,27301680.0,130008.0,2470152.0,0.09523809523809523,0.99497992431235,19.899598486247,0.09475999279165238
Knapsack,00886-knapsack-n50-w454984-v2592207-type4.asp,307,1205,0.254772,0.064909,0.016537,3.925081,15.406264,60.470842,0.332248,0.162866,0.0,0.338762,103,0.498371,0.169381,0.169381,EOCLINGO-INF-MR,0.91701,1.2080206322722762,2592207.0,2600160.0,27301680.0,130008.0,2470152.0,0.09523809523809523,0.9969413420712572,19.938826841425143,0.09494679448297687
Knapsack,00890-knapsack-n50-w453382-v2049171-type3.asp,307,1205,0.254772,0.064909,0.016537,3.925081,15.406264,60.470842,0.332248,0.162866,0.0,0.338762,103,0.498371,0.169381,0.169381,CLINGO-AMO,16.344483,73.72225741248592,2049171.0,2600160.0,27301680.0,130008.0,2470152.0,0.09523809523809523,0.7880941942034336,15.761883884068673,0.07505658992413654
Knapsack,00897-knapsack-n50-w453459-v1890719-type3.asp,307,1205,0.254772,0.064909,0.016537,3.925081,15.406264,60.470842,0.332248,0.162866,0.0,0.338762,103,0.498371,0.169381,0.169381,EOCLINGO-L,0.533254,13.666744178196506,1890719.0,2600160.0,27301680.0,130008.0,2470152.0,0.09523809523809523,0.7271548673927758,14.543097347855516,0.0692528445135977
Knapsack,00914-knapsack-n55-w35564-v247573-type3.asp,337,1325,0.25434,0.064689,0.016453,3.931751,15.458664,60.779613,0.332344,0.163205,0.0,0.338279,113,0.498516,0.169139,0.169139,CLINGO-AMO,34.812623,2.618415021470804,247573.0,310280.0,3257940.0,15514.0,294766.0,0.09523809523809523,0.7979018950625242,15.958037901250483,0.07599065667262135
Knapsack,00942-knapsack-n55-w116652-v1256410-type1.asp,337,1325,0.25434,0.064689,0.016453,3.931751,15.458664,60.779613,0.332344,0.163205,0.0,0.338279,113,0.498516,0.169139,0.169139,CLINGO-AMO,455.992067,2.642442726969634,1256410.0,1686020.0,17703210.0,84301.0,1601719.0,0.09523809523809523,0.7451928209629779,14.903856419259558,0.07097074485361694
Knapsack,00952-knapsack-n55-w116808-v1200299-type3.asp,337,1325,0.25434,0.064689,0.016453,3.931751,15.458664,60.779613,0.332344,0.163205,0.0,0.338279,113,0.498516,0.169139,0.169139,CLINGO-AMO,18.052205,5.092514681724476,1200299.0,1686020.0,17703210.0,84301.0,1601719.0,0.09523809523809523,0.7119126700750881,14.238253401501762,0.06780120667381791
Knapsack,00964-knapsack-n55-w414689-v2142948-type1.asp,337,1325,0.25434,0.064689,0.016453,3.931751,15.458664,60.779613,0.332344,0.163205,0.0,0.338279,113,0.498516,0.169139,0.169139,AMOCLINGO-L,2.810851,4.887043461215127,2142948.0,2831780.0,29733690.0,141589.0,2690191.0,0.09523809523809523,0.7567494650008122,15.134989300016244,0.07207137761912497
Knapsack,00972-knapsack-n55-w416401-v2297437-type1.asp,337,1325,0.25434,0.064689,0.016453,3.931751,15.458664,60.779613,0.332344,0.163205,0.0,0.338279,113,0.498516,0.169139,0.169139,CLINGO-AMO,54.848602,21.969897500760368,2297437.0,2831780.0,29733690.0,141589.0,2690191.0,0.09523809523809523,0.8113049036295192,16.226098072590386,0.07726713367900183
Knapsack,00977-knapsack-n55-w414739-v2402453-type1.asp,337,1325,0.25434,0.064689,0.016453,3.931751,15.458664,60.779613,0.332344,0.163205,0.0,0.338279,113,0.498516,0.169139,0.169139,EOCLINGO-L,0.556885,2163.666575684388,2402453.0,2831780.0,29733690.0,141589.0,2690191.0,0.09523809523809523,0.8483897054149687,16.967794108299373,0.08079901956333035
Knapsack,00986-knapsack-n55-w415731-v2089265-type3.asp,337,1325,0.25434,0.064689,0.016453,3.931751,15.458664,60.779613,0.332344,0.163205,0.0,0.338279,113,0.498516,0.169139,0.169139,CLINGO-AMO,8.464673,142.34689006887805,2089265.0,2831780.0,29733690.0,141589.0,2690191.0,0.09523809523809523,0.73779213074462,14.7558426148924,0.07026591721377333
Knapsack,00992-knapsack-n60-w46022-v247996-type3.asp,367,1445,0.253979,0.064505,0.016383,3.93733,15.502565,61.03871,0.332425,0.163488,0.0,0.337875,123,0.498638,0.168937,0.168937,CLINGO-AMO,14.977326,9.769757031395324,247996.0,346580.0,3639090.0,17329.0,329251.0,0.09523809523809523,0.7155519649143055,14.31103929828611,0.06814780618231481
Knapsack,01005-knapsack-n60-w47145-v345064-type4.asp,367,1445,0.253979,0.064505,0.016383,3.93733,15.502565,61.03871,0.332425,0.163488,0.0,0.337875,123,0.498638,0.168937,0.168937,EOCLINGO-L,156.24754,2.0436580633525496,345064.0,346580.0,3639090.0,17329.0,329251.0,0.09523809523809523,0.9956258295343067,19.912516590686135,0.09482150757469587
Knapsack,01051-knapsack-n60-w454034-v2611563-type3.asp,367,1445,0.253979,0.064505,0.016383,3.93733,15.502565,61.03871,0.332425,0.163488,0.0,0.337875,123,0.498638,0.168937,0.168937,EOCLINGO-INF-MR,1.0614590000000002,11.971750204200069,2611563.0,3603920.0,37841160.0,180196.0,3423724.0,0.09523809523809523,0.7246451086594597,14.492902173189194,0.06901381987232949
Knapsack,01056-knapsack-n60-w454217-v2476090-type3.asp,367,1445,0.253979,0.064505,0.016383,3.93733,15.502565,61.03871,0.332425,0.163488,0.0,0.337875,123,0.498638,0.168937,0.168937,EOCLINGO-L,1.297453,3.700725960786248,2476090.0,3603920.0,37841160.0,180196.0,3423724.0,0.09523809523809523,0.6870546516015894,13.741093032031788,0.06543377634300851
Knapsack,01060-knapsack-n60-w454515-v2719365-type3.asp,367,1445,0.253979,0.064505,0.016383,3.93733,15.502565,61.03871,0.332425,0.163488,0.0,0.337875,123,0.498638,0.168937,0.168937,EOCLINGO-L,3.266878,14.163241480092,2719365.0,3603920.0,37841160.0,180196.0,3423724.0,0.09523809523809523,0.7545575373482208,15.091150746964416,0.07186262260459246
Knapsack,01061-knapsack-n60-w455979-v3589667-type3.asp,367,1445,0.253979,0.064505,0.016383,3.93733,15.502565,61.03871,0.332425,0.163488,0.0,0.337875,123,0.498638,0.168937,0.168937,AMOCLINGO-L,38.364169,1.3693855847626988,3589667.0,3603920.0,37841160.0,180196.0,3423724.0,0.09523809523809523,0.9960451397367311,19.920902794734623,0.09486144187968867
Knapsack,01067-knapsack-n60-w456096-v2701256-type3.asp,367,1445,0.253979,0.064505,0.016383,3.93733,15.502565,61.03871,0.332425,0.163488,0.0,0.337875,123,0.498638,0.168937,0.168937,CLINGO-AMO,32.978842,1.3368858130312762,2701256.0,3603920.0,37841160.0,180196.0,3423724.0,0.09523809523809523,0.7495327310262159,14.990654620524317,0.07138406962154437
Knapsack,01069-knapsack-n60-w453943-v2704007-type3.asp,367,1445,0.253979,0.064505,0.016383,3.93733,15.502565,61.03871,0.332425,0.163488,0.0,0.337875,123,0.498638,0.168937,0.168937,CLINGO-AMO,27.305313,44.13161548450296,2704007.0,3603920.0,37841160.0,180196.0,3423724.0,0.09523809523809523,0.7502960665053608,15.005921330107217,0.07145676823860579
Knapsack,01081-knapsack-n65-w50068-v338770-type3.asp,397,1565,0.253674,0.064351,0.016324,3.942065,15.53988,61.259226,0.332494,0.163728,0.0,0.337531,133,0.498741,0.168766,0.168766,CLINGO-AMO,139.50847000000002,8.63737576650364,338770.0,434940.0,4566870.0,21747.0,413193.0,0.09523809523809523,0.7788890421667356,15.577780843334713,0.07417990877778435
Knapsack,01102-knapsack-n65-w49251-v307341-type3.asp,397,1565,0.253674,0.064351,0.016324,3.942065,15.53988,61.259226,0.332494,0.163728,0.0,0.337531,133,0.498741,0.168766,0.168766,EOCLINGO-L,3.513205,1.2787135962746268,307341.0,434940.0,4566870.0,21747.0,413193.0,0.09523809523809523,0.7066285004828252,14.132570009656504,0.06729795242693573
Knapsack,01103-knapsack-n65-w49466-v433255-type4.asp,397,1565,0.253674,0.064351,0.016324,3.942065,15.53988,61.259226,0.332494,0.163728,0.0,0.337531,133,0.498741,0.168766,0.168766,AMOCLINGO-L,118.386513,1.201112917313478,433255.0,434940.0,4566870.0,21747.0,413193.0,0.09523809523809523,0.9961259024233228,19.922518048466454,0.09486913356412598
Knapsack,01109-knapsack-n65-w48931-v433021-type4.asp,397,1565,0.253674,0.064351,0.016324,3.942065,15.53988,61.259226,0.332494,0.163728,0.0,0.337531,133,0.498741,0.168766,0.168766,EOCLINGO-L,1087.7112149999998,1.1078077814983271,433021.0,434940.0,4566870.0,21747.0,413193.0,0.09523809523809523,0.9955878971812204,19.91175794362441,0.09481789496964003
Knapsack,01122-knapsack-n65-w135455-v1308995-type3.asp,397,1565,0.253674,0.064351,0.016324,3.942065,15.53988,61.259226,0.332494,0.163728,0.0,0.337531,133,0.498741,0.168766,0.168766,EOCLINGO-INF-MR,0.557167,28.453359585187208,1308995.0,1886960.0,19813080.0,94348.0,1792612.0,0.09523809523809523,0.6937057489294951,13.874114978589901,0.06606721418376144
Knapsack,01126-knapsack-n65-w135392-v1390605-type3.asp,397,1565,0.253674,0.064351,0.016324,3.942065,15.53988,61.259226,0.332494,0.163728,0.0,0.337531,133,0.498741,0.168766,0.168766,CLINGO-AMO,75.1621,16.031756417130442,1390605.0,1886960.0,19813080.0,94348.0,1792612.0,0.09523809523809523,0.7369552083774961,14.739104167549922,0.07018621032166629
Knapsack,01127-knapsack-n65-w133302-v1391670-type3.asp,397,1565,0.253674,0.064351,0.016324,3.942065,15.53988,61.259226,0.332494,0.163728,0.0,0.337531,133,0.498741,0.168766,0.168766,CLINGO-AMO,155.928771,7.727982637662167,1391670.0,1886960.0,19813080.0,94348.0,1792612.0,0.09523809523809523,0.7375196082587866,14.750392165175732,0.07023996269131301
Knapsack,01135-knapsack-n65-w132935-v1318736-type3.asp,397,1565,0.253674,0.064351,0.016324,3.942065,15.53988,61.259226,0.332494,0.163728,0.0,0.337531,133,0.498741,0.168766,0.168766,CLINGO-AMO,34.473795,2.473143615317084,1318736.0,1886960.0,19813080.0,94348.0,1792612.0,0.09523809523809523,0.6988680205197778,13.977360410395557,0.0665588590971217
Knapsack,01149-knapsack-n65-w577004-v3216841-type4.asp,397,1565,0.253674,0.064351,0.016324,3.942065,15.53988,61.259226,0.332494,0.163728,0.0,0.337531,133,0.498741,0.168766,0.168766,AMOCLINGO-L,61.795199,1.215820552661381,3216841.0,3227740.0,33891270.0,161387.0,3066353.0,0.09523809523809523,0.9966233339736162,19.932466679472324,0.09491650799748726
Knapsack,01154-knapsack-n65-w578020-v2517282-type2.asp,397,1565,0.253674,0.064351,0.016324,3.942065,15.53988,61.259226,0.332494,0.163728,0.0,0.337531,133,0.498741,0.168766,0.168766,CLINGO-AMO,41.787535,28.832805763728345,2517282.0,3227740.0,33891270.0,161387.0,3066353.0,0.09523809523809523,0.7798899539615954,15.597799079231908,0.07427523371062814
Knapsack,01167-knapsack-n65-w577794-v2590486-type3.asp,397,1565,0.253674,0.064351,0.016324,3.942065,15.53988,61.259226,0.332494,0.163728,0.0,0.337531,133,0.498741,0.168766,0.168766,CLINGO-AMO,104.180651,11.566436016991297,2590486.0,3227740.0,33891270.0,161387.0,3066353.0,0.09523809523809523,0.8025695997818907,16.051391995637815,0.0764351999792277
Knapsack,01168-knapsack-n65-w577716-v2618940-type3.asp,397,1565,0.253674,0.064351,0.016324,3.942065,15.53988,61.259226,0.332494,0.163728,0.0,0.337531,133,0.498741,0.168766,0.168766,CLINGO-AMO,245.524707,4.907933966091648,2618940.0,3227740.0,33891270.0,161387.0,3066353.0,0.09523809523809523,0.8113850557975549,16.2277011159511,0.07727476721881475
Knapsack,01169-knapsack-n65-w577269-v2673807-type3.asp,397,1565,0.253674,0.064351,0.016324,3.942065,15.53988,61.259226,0.332494,0.163728,0.0,0.337531,133,0.498741,0.168766,0.168766,CLINGO-AMO,762.787302,1.5796525726643522,2673807.0,3227740.0,33891270.0,161387.0,3066353.0,0.09523809523809523,0.8283836368480733,16.567672736961466,0.0788936796998165
Knapsack,01195-knapsack-n70-w51576-v304986-type3.asp,427,1685,0.253412,0.064218,0.016274,3.946136,15.571988,61.44918,0.332553,0.163934,0.0,0.337237,143,0.498829,0.168618,0.168618,EOCLINGO-L,0.556338,24.74347968321416,304986.0,430240.0,4517520.0,21512.0,408728.0,0.09523809523809523,0.7088741167720343,14.177482335440684,0.06751182064495564
Knapsack,01229-knapsack-n70-w152026-v1546874-type3.asp,427,1685,0.253412,0.064218,0.016274,3.946136,15.571988,61.44918,0.332553,0.163934,0.0,0.337237,143,0.498829,0.168618,0.168618,CLINGO-AMO,277.238258,4.3464798426197016,1546874.0,2127700.0,22340850.0,106385.0,2021315.0,0.09523809523809523,0.7270169666776332,14.540339333552662,0.06923971111215553
Knapsack,01230-knapsack-n70-w565603-v2639242-type3.asp,427,1685,0.253412,0.064218,0.016274,3.946136,15.571988,61.44918,0.332553,0.163934,0.0,0.337237,143,0.498829,0.168618,0.168618,CLINGO-AMO,20.933832,4.310391905313848,2639242.0,3657080.0,38399340.0,182854.0,3474226.0,0.09523809523809523,0.7216801382523762,14.433602765047524,0.06873144173832155
Knapsack,01233-knapsack-n70-w564629-v2957830-type3.asp,427,1685,0.253412,0.064218,0.016274,3.946136,15.571988,61.44918,0.332553,0.163934,0.0,0.337237,143,0.498829,0.168618,0.168618,CLINGO-AMO,100.675941,11.96890486476804,2957830.0,3657080.0,38399340.0,182854.0,3474226.0,0.09523809523809523,0.8087955417983747,16.175910835967493,0.07702814683794044
Knapsack,01248-knapsack-n70-w564602-v2589747-type3.asp,427,1685,0.253412,0.064218,0.016274,3.946136,15.571988,61.44918,0.332553,0.163934,0.0,0.337237,143,0.498829,0.168618,0.168618,CLINGO-AMO,12.387319,10.512941016534734,2589747.0,3657080.0,38399340.0,182854.0,3474226.0,0.09523809523809523,0.7081461165738786,14.162922331477573,0.06744248729275035
Knapsack,01252-knapsack-n70-w564862-v2826145-type3.asp,427,1685,0.253412,0.064218,0.016274,3.946136,15.571988,61.44918,0.332553,0.163934,0.0,0.337237,143,0.498829,0.168618,0.168618,CLINGO-AMO,44.424478,2.393294458068816,2826145.0,3657080.0,38399340.0,182854.0,3474226.0,0.09523809523809523,0.7727873057193171,15.455746114386342,0.07359879102088734
Knapsack,01260-knapsack-n75-w58938-v307691-type1.asp,457,1805,0.253186,0.064103,0.01623,3.949672,15.599907,61.614513,0.332604,0.164114,0.0,0.33698,153,0.498906,0.16849,0.16849,EOCLINGO-INF-MR,0.8814799999999999,11.511211825566097,307691.0,462160.0,4852680.0,23108.0,439052.0,0.09523809523809523,0.6657672667474468,13.315345334948935,0.06340640635689969
Knapsack,01261-knapsack-n75-w59179-v320261-type3.asp,457,1805,0.253186,0.064103,0.01623,3.949672,15.599907,61.614513,0.332604,0.164114,0.0,0.33698,153,0.498906,0.16849,0.16849,CLINGO-AMO,11.15787,6.010722655847397,320261.0,462160.0,4852680.0,23108.0,439052.0,0.09523809523809523,0.6929656396053315,13.85931279210663,0.06599672758146014
Knapsack,01269-knapsack-n75-w58562-v460824-type4.asp,457,1805,0.253186,0.064103,0.01623,3.949672,15.599907,61.614513,0.332604,0.164114,0.0,0.33698,153,0.498906,0.16849,0.16849,AMOCLINGO-L,103.913463,2.3360833716031584,460824.0,462160.0,4852680.0,23108.0,439052.0,0.09523809523809523,0.9971092262419942,19.94218452483988,0.09496278345161849
Knapsack,01271-knapsack-n75-w58209-v343006-type3.asp,457,1805,0.253186,0.064103,0.01623,3.949672,15.599907,61.614513,0.332604,0.164114,0.0,0.33698,153,0.498906,0.16849,0.16849,CLINGO-AMO,66.086514,6.827794396902219,343006.0,462160.0,4852680.0,23108.0,439052.0,0.09523809523809523,0.7421801973342566,14.84360394668513,0.07068382831754824
Knapsack,01287-knapsack-n75-w57993-v355289-type3.asp,457,1805,0.253186,0.064103,0.01623,3.949672,15.599907,61.614513,0.332604,0.164114,0.0,0.33698,153,0.498906,0.16849,0.16849,CLINGO-AMO,70.199775,17.165477083081818,355289.0,462160.0,4852680.0,23108.0,439052.0,0.09523809523809523,0.768757573134845,15.375151462696902,0.07321500696522334
Knapsack,01293-knapsack-n75-w153367-v1585266-type3.asp,457,1805,0.253186,0.064103,0.01623,3.949672,15.599907,61.614513,0.332604,0.164114,0.0,0.33698,153,0.498906,0.16849,0.16849,CLINGO-AMO,59.188088,3.048884430934819,1585266.0,2284160.0,23983680.0,114208.0,2169952.0,0.09523809523809523,0.6940258125525357,13.880516251050715,0.06609769643357483
Knapsack,01304-knapsack-n75-w153873-v1596621-type3.asp,457,1805,0.253186,0.064103,0.01623,3.949672,15.599907,61.614513,0.332604,0.164114,0.0,0.33698,153,0.498906,0.16849,0.16849,EOCLINGO-L,1.240283,30.33352630004604,1596621.0,2284160.0,23983680.0,114208.0,2169952.0,0.09523809523809523,0.6989970054637153,13.979940109274306,0.0665711433774967
Knapsack,01338-knapsack-n75-w618566-v2923266-type3.asp,457,1805,0.253186,0.064103,0.01623,3.949672,15.599907,61.614513,0.332604,0.164114,0.0,0.33698,153,0.498906,0.16849,0.16849,EOCLINGO-INF-MR,6.768775,2.175088402258902,2923266.0,4158920.0,43668660.0,207946.0,3950974.0,0.09523809523809523,0.7028906543044829,14.057813086089658,0.06694196707661741
Knapsack,01339-knapsack-n75-w619236-v3418197-type3.asp,457,1805,0.253186,0.064103,0.01623,3.949672,15.599907,61.614513,0.332604,0.164114,0.0,0.33698,153,0.498906,0.16849,0.16849,CLINGO-AMO,246.260463,4.893131574271426,3418197.0,4158920.0,43668660.0,207946.0,3950974.0,0.09523809523809523,0.8218953478306869,16.437906956613737,0.07827574741244636
Knapsack,01369-knapsack-n80-w67235-v375197-type3.asp,487,1925,0.252987,0.064002,0.016192,3.952772,15.624407,61.75972,0.332649,0.164271,0.0,0.336756,163,0.498973,0.168378,0.168378,CLINGO-AMO,767.2626389999999,1.570513797687991,375197.0,475660.0,4994430.0,23783.0,451877.0,0.09523809523809523,0.7887924147500316,15.77584829500063,0.07512308711905062
Knapsack,01416-knapsack-n80-w715256-v3551952-type1.asp,487,1925,0.252987,0.064002,0.016192,3.952772,15.624407,61.75972,0.332649,0.164271,0.0,0.336756,163,0.498973,0.168378,0.168378,CLINGO-AMO,305.97186800000003,3.9383000988836,3551952.0,4414680.0,46354140.0,220734.0,4193946.0,0.09523809523809523,0.8045774552175922,16.091549104351845,0.07662642430643736
Knapsack,01423-knapsack-n80-w715030-v3427156-type3.asp,487,1925,0.252987,0.064002,0.016192,3.952772,15.624407,61.75972,0.332649,0.164271,0.0,0.336756,163,0.498973,0.168378,0.168378,CLINGO-AMO,50.844984,23.698593768856338,3427156.0,4414680.0,46354140.0,220734.0,4193946.0,0.09523809523809523,0.776309041651943,15.526180833038861,0.0739341944430422
Knapsack,01425-knapsack-n80-w714189-v3603757-type3.asp,487,1925,0.252987,0.064002,0.016192,3.952772,15.624407,61.75972,0.332649,0.164271,0.0,0.336756,163,0.498973,0.168378,0.168378,CLINGO-AMO,400.613726,3.007925514763815,3603757.0,4414680.0,46354140.0,220734.0,4193946.0,0.09523809523809523,0.8163121675863256,16.32624335172651,0.07774401596060244
Knapsack,01445-knapsack-n85-w60731-v350249-type3.asp,517,2045,0.252812,0.063914,0.016158,3.955513,15.64608,61.888265,0.332689,0.16441,0.0,0.336557,173,0.499033,0.168279,0.168279,CLINGO-AMO,58.71121,4.523896100932002,350249.0,493000.0,5176500.0,24650.0,468350.0,0.09523809523809523,0.7104442190669371,14.208884381338743,0.06766135419685115
Knapsack,01459-knapsack-n85-w62456-v359846-type1.asp,517,2045,0.252812,0.063914,0.016158,3.955513,15.64608,61.888265,0.332689,0.16441,0.0,0.336557,173,0.499033,0.168279,0.168279,CLINGO-AMO,41.424732,3.0677901307846724,359846.0,493000.0,5176500.0,24650.0,468350.0,0.09523809523809523,0.7299107505070994,14.598215010141988,0.06951530957210471
Knapsack,01465-knapsack-n85-w64102-v378135-type3.asp,517,2045,0.252812,0.063914,0.016158,3.955513,15.64608,61.888265,0.332689,0.16441,0.0,0.336557,173,0.499033,0.168279,0.168279,CLINGO-AMO,115.43655,10.438789213641607,378135.0,493000.0,5176500.0,24650.0,468350.0,0.09523809523809523,0.7670081135902637,15.340162271805275,0.0730483917705013
Knapsack,01488-knapsack-n85-w173742-v2518272-type4.asp,517,2045,0.252812,0.063914,0.016158,3.955513,15.64608,61.888265,0.332689,0.16441,0.0,0.336557,173,0.499033,0.168279,0.168279,EOCLINGO-L,330.296653,1.2874663401448394,2518272.0,2524880.0,26511240.0,126244.0,2398636.0,0.09523809523809523,0.9973828459174298,19.947656918348596,0.09498884246832665
Knapsack,01518-knapsack-n85-w743494-v3429381-type3.asp,517,2045,0.252812,0.063914,0.016158,3.955513,15.64608,61.888265,0.332689,0.16441,0.0,0.336557,173,0.499033,0.168279,0.168279,CLINGO-AMO,54.244512,1.6323350277351558,3429381.0,4389900.0,46093950.0,219495.0,4170405.0,0.09523809523809523,0.7811979771748787,15.623959543497573,0.07439980734998845
Knapsack,01535-knapsack-n90-w69265-v411861-type3.asp,547,2165,0.252656,0.063835,0.016128,3.957952,15.665388,62.00286,0.332724,0.164534,0.0,0.33638,183,0.499086,0.16819,0.16819,CLINGO-AMO,794.9776310000001,1.5156331084239023,411861.0,516320.0,5421360.0,25816.0,490504.0,0.09523809523809523,0.797685543848776,15.953710876975519,0.07597005179512152
Knapsack,01549-knapsack-n90-w68339-v389008-type3.asp,547,2165,0.252656,0.063835,0.016128,3.957952,15.665388,62.00286,0.332724,0.164534,0.0,0.33638,183,0.499086,0.16819,0.16819,CLINGO-AMO,75.860748,15.883605049610107,389008.0,516320.0,5421360.0,25816.0,490504.0,0.09523809523809523,0.7534242330337775,15.06848466067555,0.07175468886035977
Knapsack,01551-knapsack-n90-w69942-v384206-type3.asp,547,2165,0.252656,0.063835,0.016128,3.957952,15.665388,62.00286,0.332724,0.164534,0.0,0.33638,183,0.499086,0.16819,0.16819,CLINGO-AMO,91.835859,2.061244529764784,384206.0,516320.0,5421360.0,25816.0,490504.0,0.09523809523809523,0.7441237991942982,14.882475983885962,0.07086893325659982
Knapsack,01552-knapsack-n90-w67848-v398220-type3.asp,547,2165,0.252656,0.063835,0.016128,3.957952,15.665388,62.00286,0.332724,0.164534,0.0,0.33638,183,0.499086,0.16819,0.16819,CLINGO-AMO,76.939543,15.661501264700782,398220.0,516320.0,5421360.0,25816.0,490504.0,0.09523809523809523,0.7712658816237992,15.425317632475984,0.07345389348798087
Knapsack,01579-knapsack-n90-w195944-v1902438-type3.asp,547,2165,0.252656,0.063835,0.016128,3.957952,15.665388,62.00286,0.332724,0.164534,0.0,0.33638,183,0.499086,0.16819,0.16819,EOCLINGO-INF-MR,0.5697949999999999,5.110048350722629,1902438.0,2714440.0,28501620.0,135722.0,2578718.0,0.09523809523809523,0.7008583722609452,14.017167445218904,0.0667484164058043
Knapsack,01592-knapsack-n90-w770898-v3630284-type1.asp,547,2165,0.252656,0.063835,0.016128,3.957952,15.665388,62.00286,0.332724,0.164534,0.0,0.33638,183,0.499086,0.16819,0.16819,CLINGO-AMO,167.02917200000002,7.214448222254252,3630284.0,4672780.0,49064190.0,233639.0,4439141.0,0.09523809523809523,0.7769002606585373,15.538005213170747,0.0739905010150988
Knapsack,01597-knapsack-n90-w771583-v3698576-type1.asp,547,2165,0.252656,0.063835,0.016128,3.957952,15.665388,62.00286,0.332724,0.164534,0.0,0.33638,183,0.499086,0.16819,0.16819,CLINGO-AMO,194.436798,1.8940931386866389,3698576.0,4672780.0,49064190.0,233639.0,4439141.0,0.09523809523809523,0.7915151151990892,15.830302303981783,0.07538239192372279
Knapsack,01620-knapsack-n95-w80318-v417199-type1.asp,577,2285,0.252516,0.063765,0.016102,3.960139,15.682698,62.105659,0.332756,0.164645,0.0,0.336222,193,0.499133,0.168111,0.168111,CLINGO-AMO,53.628641,6.154487580619468,417199.0,555620.0,5834010.0,27781.0,527839.0,0.09523809523809523,0.7508710989525215,15.01742197905043,0.07151153323357348
Knapsack,01630-knapsack-n95-w79712-v554529-type4.asp,577,2285,0.252516,0.063765,0.016102,3.960139,15.682698,62.105659,0.332756,0.164645,0.0,0.336222,193,0.499133,0.168111,0.168111,AMOCLINGO-L,46.594767,1.7575262475290412,554529.0,555620.0,5834010.0,27781.0,527839.0,0.09523809523809523,0.9980364277743782,19.960728555487563,0.09505108835946459
Knapsack,01642-knapsack-n95-w80002-v414348-type3.asp,577,2285,0.252516,0.063765,0.016102,3.960139,15.682698,62.105659,0.332756,0.164645,0.0,0.336222,193,0.499133,0.168111,0.168111,CLINGO-AMO,75.210938,3.851319511531688,414348.0,555620.0,5834010.0,27781.0,527839.0,0.09523809523809523,0.745739894172276,14.91479788344552,0.07102284706402628
Knapsack,01675-knapsack-n95-w203252-v2758915-type4.asp,577,2285,0.252516,0.063765,0.016102,3.960139,15.682698,62.105659,0.332756,0.164645,0.0,0.336222,193,0.499133,0.168111,0.168111,AMOCLINGO-L,4.385452,1.223395672783558,2758915.0,2763340.0,29015070.0,138167.0,2625173.0,0.09523809523809523,0.9983986769633849,19.967973539267696,0.09508558828222713
Knapsack,01703-knapsack-n95-w833197-v4264948-type3.asp,577,2285,0.252516,0.063765,0.016102,3.960139,15.682698,62.105659,0.332756,0.164645,0.0,0.336222,193,0.499133,0.168111,0.168111,CLINGO-AMO,954.16357,1.2629091865244866,4264948.0,5284540.0,55487670.0,264227.0,5020313.0,0.09523809523809523,0.8070613525491339,16.14122705098268,0.07686298595706037
Knapsack,01704-knapsack-n95-w833698-v4108259-type1.asp,577,2285,0.252516,0.063765,0.016102,3.960139,15.682698,62.105659,0.332756,0.164645,0.0,0.336222,193,0.499133,0.168111,0.168111,CLINGO-AMO,224.077978,5.376888767712819,4108259.0,5284540.0,55487670.0,264227.0,5020313.0,0.09523809523809523,0.7774109004757274,15.548218009514546,0.0740391333786407
Knapsack,01706-knapsack-n95-w832021-v3868724-type3.asp,577,2285,0.252516,0.063765,0.016102,3.960139,15.682698,62.105659,0.332756,0.164645,0.0,0.336222,193,0.499133,0.168111,0.168111,CLINGO-AMO,55.305556,2.3712594445303106,3868724.0,5284540.0,55487670.0,264227.0,5020313.0,0.09523809523809523,0.7320833979873367,14.641667959746734,0.06972222837974634
Knapsack,01763-knapsack-n100-w213523-v2173048-type3.asp,607,2405,0.252391,0.063701,0.016078,3.962109,15.698306,62.198394,0.332784,0.164745,0.0,0.336079,203,0.499176,0.16804,0.16804,CLINGO-AMO,319.14732,3.7755296362820783,2173048.0,2977440.0,31263120.0,148872.0,2828568.0,0.09523809523809523,0.7298377129346015,14.59675425869203,0.0695083536128192
Knapsack,01770-knapsack-n100-w813442-v4118945-type3.asp,607,2405,0.252391,0.063701,0.016078,3.962109,15.698306,62.198394,0.332784,0.164745,0.0,0.336079,203,0.499176,0.16804,0.16804,EOCLINGO-L,0.570959,8.345925013880157,4118945.0,5837200.0,61290600.0,291860.0,5545340.0,0.09523809523809523,0.7056371205372439,14.112742410744877,0.06720353528926132
Knapsack,01773-knapsack-n100-w815109-v4081904-type3.asp,607,2405,0.252391,0.063701,0.016078,3.962109,15.698306,62.198394,0.332784,0.164745,0.0,0.336079,203,0.499176,0.16804,0.16804,EOCLINGO-INF-MR,1.161388,3.7840273879185937,4081904.0,5837200.0,61290600.0,291860.0,5545340.0,0.09523809523809523,0.6992914411018982,13.985828822037963,0.06659918486684745
Knapsack,01785-knapsack-n100-w813788-v4468467-type3.asp,607,2405,0.252391,0.063701,0.016078,3.962109,15.698306,62.198394,0.332784,0.164745,0.0,0.336079,203,0.499176,0.16804,0.16804,CLINGO-AMO,120.935056,2.9616676077778474,4468467.0,5837200.0,61290600.0,291860.0,5545340.0,0.09523809523809523,0.7655154868772699,15.3103097375454,0.07290623684545428
Knapsack,01797-knapsack-n100-w813312-v4610339-type3.asp,607,2405,0.252391,0.063701,0.016078,3.962109,15.698306,62.198394,0.332784,0.164745,0.0,0.336079,203,0.499176,0.16804,0.16804,CLINGO-AMO,144.29792899999998,3.057092108369761,4610339.0,5837200.0,61290600.0,291860.0,5545340.0,0.09523809523809523,0.7898202905502638,15.796405811005277,0.07522098005240607
