domain,instance_name,r,a,r_a,r_a_2,r_a_3,a_r,a_r_2,a_r_3,f1,f2,f3,f_horn,n_facts,f_normal,f_constr,c_r,best_config,min_time,performance_ratio,bound,C2_sum,tightness,C3_minps,minps_ratio,span
GraphColouring,0031-wgc-n40-d30-p41.asp,2953,822,3.592457,12.90575,46.363359,0.278361,0.077485,0.021569,0.02743,0.775483,0.0,0.945141,541,0.196749,0.775821,0.775821,EOCLINGO-L,0.546339,1.7766917609762436,1068.0,3760.0,0.28404255319148936,80.0,13.35,2480.0
GraphColouring,0035-wgc-n40-d30-p39.asp,2989,828,3.609903,13.031402,47.042104,0.277016,0.076738,0.021258,0.027099,0.776179,0.0,0.945801,547,0.196387,0.776514,0.776514,EOCLINGO-L,0.664399,1.758917457732477,1001.0,3760.0,0.26622340425531915,80.0,12.5125,2480.0
GraphColouring,0036-wgc-n40-d30-p39.asp,2881,810,3.55679,12.650756,44.996084,0.281152,0.079047,0.022224,0.028115,0.774037,0.0,0.94377,529,0.197501,0.774384,0.774384,EOCLINGO-L,0.68503,1.6927156474898906,1001.0,3760.0,0.26622340425531915,80.0,12.5125,2480.0
GraphColouring,0039-wgc-n40-d30-p41.asp,2929,818,3.580685,12.821302,45.909039,0.279276,0.077995,0.021782,0.027654,0.775009,0.0,0.944691,537,0.196996,0.77535,0.77535,EOCLINGO-L,0.633278,1.2520251769365114,1051.0,3760.0,0.27952127659574466,80.0,13.1375,2480.0
GraphColouring,0040-wgc-n40-d30-p39.asp,2881,810,3.55679,12.650756,44.996084,0.281152,0.079047,0.022224,0.028115,0.774037,0.0,0.94377,529,0.197501,0.774384,0.774384,EOCLINGO-L,1.088185,4.2361041550839245,1011.0,3760.0,0.2688829787234043,80.0,12.6375,2480.0
GraphColouring,0061-wgc-n60-d30-p48.asp,6709,1608,4.172264,17.407784,72.629866,0.239678,0.057446,0.013768,0.018035,0.795946,0.0,0.963929,1187,0.18587,0.796095,0.796095,EOCLINGO-L,0.603459,1.2572188002830351,1849.0,5640.0,0.32783687943262413,120.0,15.408333333333333,3720.0
GraphColouring,0065-wgc-n60-d30-p49.asp,6745,1614,4.179058,17.464528,72.985279,0.239288,0.057259,0.013701,0.017939,0.796145,0.0,0.964122,1193,0.185767,0.796294,0.796294,EOCLINGO-L,0.602323,1.2856125367950415,1892.0,5640.0,0.3354609929078014,120.0,15.766666666666667,3720.0
GraphColouring,0069-wgc-n60-d30-p41.asp,6625,1594,4.156211,17.274088,71.794752,0.240604,0.05789,0.013929,0.018264,0.795472,0.0,0.963472,1173,0.186113,0.795623,0.795623,EOCLINGO-L,0.6059070000000001,1.5050758614770912,1588.0,5640.0,0.2815602836879433,120.0,13.233333333333333,3720.0
GraphColouring,0074-wgc-n60-d50-p29.asp,11365,2384,4.767198,22.726177,108.340184,0.209767,0.044002,0.00923,0.010647,0.811263,0.0,0.978707,1963,0.178003,0.811351,0.811351,EOCLINGO-L,1.055746,4.657259416564211,1149.0,5640.0,0.20372340425531915,120.0,9.575,3720.0
GraphColouring,0079-wgc-n60-d50-p39.asp,11509,2408,4.779485,22.843477,109.180058,0.209228,0.043776,0.009159,0.010514,0.811539,0.0,0.978973,1987,0.177861,0.811626,0.811626,EOCLINGO-L,0.674035,1.2199218141491168,1516.0,5640.0,0.26879432624113475,120.0,12.633333333333333,3720.0
GraphColouring,0083-wgc-n60-d70-p31.asp,15025,2994,5.01837,25.184038,126.382824,0.199268,0.039708,0.007912,0.008053,0.816639,0.0,0.983894,2573,0.175241,0.816705,0.816705,EOCLINGO-L,0.733155,1.3888140979738255,1191.0,5640.0,0.21117021276595746,120.0,9.925,3720.0
GraphColouring,0086-wgc-n60-d70-p31.asp,15157,3016,5.025531,25.255957,126.924582,0.198984,0.039595,0.007879,0.007983,0.816784,0.0,0.984034,2595,0.175167,0.81685,0.81685,EOCLINGO-L,0.724742,1.2994086171354773,1191.0,5640.0,0.21117021276595746,120.0,9.925,3720.0
GraphColouring,0087-wgc-n60-d70-p59.asp,14989,2988,5.016399,25.164258,126.233958,0.199346,0.039739,0.007922,0.008073,0.816599,0.0,0.983855,2567,0.175262,0.816666,0.816666,CLINGO-AMO,0.5845779999999999,1.238147860507922,2267.0,5640.0,0.40195035460992906,120.0,18.891666666666666,3720.0
GraphColouring,0089-wgc-n60-d70-p28.asp,15589,3088,5.048251,25.484841,128.653882,0.198088,0.039239,0.007773,0.007762,0.817243,0.0,0.984476,2667,0.174931,0.817307,0.817307,EOCLINGO-L,0.733973,1.3109010821923968,1098.0,5640.0,0.1946808510638298,120.0,9.15,3720.0
GraphColouring,0090-wgc-n60-d70-p49.asp,15073,3002,5.020986,25.210301,126.580566,0.199164,0.039666,0.0079,0.008028,0.816692,0.0,0.983945,2581,0.175214,0.816758,0.816758,CLINGO-AMO,0.533946,1.372820472482236,1885.0,5640.0,0.3342198581560284,120.0,15.708333333333334,3720.0
GraphColouring,0090-wgc-n60-d70-p59.asp,15073,3002,5.020986,25.210301,126.580566,0.199164,0.039666,0.0079,0.008028,0.816692,0.0,0.983945,2581,0.175214,0.816758,0.816758,CLINGO-AMO,0.549411,1.3227893143748488,2274.0,5640.0,0.4031914893617021,120.0,18.95,3720.0
GraphColouring,0093-wgc-n80-d30-p49.asp,11521,2570,4.482879,20.096208,90.088874,0.223071,0.049761,0.0111,0.013974,0.804618,0.0,0.972051,2009,0.181321,0.804704,0.804704,EOCLINGO-L,0.677885,1.609129867160359,2544.0,7520.0,0.3382978723404255,160.0,15.9,4960.0
GraphColouring,0094-wgc-n80-d30-p89.asp,11545,2574,4.485237,20.117351,90.231086,0.222954,0.049708,0.011083,0.013945,0.804677,0.0,0.972109,2013,0.181291,0.804764,0.804764,CLINGO-AMO,0.55636,1.217314328851823,4560.0,7520.0,0.6063829787234043,160.0,28.5,4960.0
GraphColouring,0097-wgc-n80-d30-p48.asp,11917,2636,4.520865,20.43822,92.398432,0.221197,0.048928,0.010823,0.01351,0.805572,0.0,0.97298,2075,0.180834,0.805656,0.805656,EOCLINGO-L,0.696549,1.573437044630026,2505.0,7520.0,0.33311170212765956,160.0,15.65625,4960.0
GraphColouring,0098-wgc-n80-d30-p61.asp,11629,2588,4.493431,20.190924,90.726529,0.222547,0.049527,0.011022,0.013845,0.804884,0.0,0.972311,2027,0.181185,0.80497,0.80497,EOCLINGO-L,0.679085,1.2335230493973508,3151.0,7520.0,0.41901595744680853,160.0,19.69375,4960.0
GraphColouring,0099-wgc-n80-d30-p51.asp,11377,2546,4.468578,19.968191,89.229421,0.223785,0.05008,0.011207,0.014151,0.804254,0.0,0.971697,1985,0.181507,0.804342,0.804342,EOCLINGO-L,0.6821,1.353445242633045,2660.0,7520.0,0.3537234042553192,160.0,16.625,4960.0
GraphColouring,0100-wgc-n80-d30-p59.asp,11665,2594,4.496916,20.222253,90.937773,0.222375,0.04945,0.010997,0.013802,0.804972,0.0,0.972396,2033,0.18114,0.805058,0.805058,EOCLINGO-L,0.683021,1.577731870615984,3046.0,7520.0,0.4050531914893617,160.0,19.0375,4960.0
GraphColouring,0103-wgc-n80-d50-p58.asp,19741,3940,5.010406,25.104169,125.782082,0.199585,0.039834,0.00795,0.008156,0.816575,0.0,0.983689,3379,0.175219,0.816625,0.816625,CLINGO-AMO,0.540516,1.4966291469632722,3018.0,7520.0,0.40132978723404256,160.0,18.8625,4960.0
GraphColouring,0109-wgc-n80-d50-p88.asp,19429,3888,4.997171,24.971716,124.787929,0.200113,0.040045,0.008014,0.008287,0.816306,0.0,0.983427,3327,0.175356,0.816357,0.816357,CLINGO-AMO,0.539613,1.4816840958242297,4541.0,7520.0,0.6038563829787233,160.0,28.38125,4960.0
GraphColouring,0110-wgc-n80-d50-p60.asp,19429,3888,4.997171,24.971716,124.787929,0.200113,0.040045,0.008014,0.008287,0.816306,0.0,0.983427,3327,0.175356,0.816357,0.816357,CLINGO-AMO,0.6327320000000001,1.2678827686919578,3074.0,7520.0,0.40877659574468084,160.0,19.2125,4960.0
GraphColouring,0115-wgc-n80-d70-p49.asp,27577,5246,5.256767,27.6336,145.263398,0.190231,0.036188,0.006884,0.005838,0.821337,0.0,0.988324,4685,0.172789,0.821373,0.821373,CLINGO-AMO,0.659452,1.4134175042307855,2519.0,7520.0,0.33497340425531913,160.0,15.74375,4960.0
GraphColouring,0118-wgc-n80-d70-p51.asp,27205,5184,5.247878,27.540224,144.52774,0.190553,0.036311,0.006919,0.005918,0.821173,0.0,0.988164,4623,0.172873,0.821209,0.821209,CLINGO-AMO,0.625792,1.4817575168746164,2653.0,7520.0,0.3527925531914894,160.0,16.58125,4960.0
GraphColouring,0122-wgc-n100-d30-p79.asp,18361,3870,4.744444,22.509753,106.796273,0.210773,0.044425,0.009364,0.010947,0.810958,0.0,0.978106,3169,0.17804,0.811012,0.811012,CLINGO-AMO,0.501551,1.594685286242077,5061.0,9400.0,0.5384042553191489,200.0,25.305,6200.0
GraphColouring,0123-wgc-n100-d30-p48.asp,18709,3928,4.762984,22.686014,108.053114,0.209952,0.04408,0.009255,0.010743,0.811374,0.0,0.978513,3227,0.177829,0.811428,0.811428,EOCLINGO-L,0.987596,1.7521051118068522,3116.0,9400.0,0.33148936170212767,200.0,15.58,6200.0
GraphColouring,0123-wgc-n100-d30-p78.asp,18709,3928,4.762984,22.686014,108.053114,0.209952,0.04408,0.009255,0.010743,0.811374,0.0,0.978513,3227,0.177829,0.811428,0.811428,CLINGO-AMO,0.592754,1.341279856399113,4992.0,9400.0,0.531063829787234,200.0,24.96,6200.0
GraphColouring,0124-wgc-n100-d30-p39.asp,18517,3896,4.752823,22.58933,107.363098,0.210401,0.044269,0.009314,0.010855,0.811147,0.0,0.97829,3195,0.177945,0.811201,0.811201,EOCLINGO-L,0.79864,281.8545464790143,2501.0,9400.0,0.26606382978723403,200.0,12.505,6200.0
GraphColouring,0124-wgc-n100-d30-p50.asp,18517,3896,4.752823,22.58933,107.363098,0.210401,0.044269,0.009314,0.010855,0.811147,0.0,0.97829,3195,0.177945,0.811201,0.811201,EOCLINGO-L,0.944346,1.535432987485519,3208.0,9400.0,0.34127659574468083,200.0,16.04,6200.0
GraphColouring,0124-wgc-n100-d30-p79.asp,18517,3896,4.752823,22.58933,107.363098,0.210401,0.044269,0.009314,0.010855,0.811147,0.0,0.97829,3195,0.177945,0.811201,0.811201,CLINGO-AMO,0.554518,1.4401732675945598,5079.0,9400.0,0.5403191489361702,200.0,25.395,6200.0
GraphColouring,0126-wgc-n100-d30-p11.asp,18445,3884,4.74897,22.552717,107.102181,0.210572,0.044341,0.009337,0.010897,0.81106,0.0,0.978205,3183,0.177989,0.811114,0.811114,WASP-AMO,0.539198,1.4652687880889763,761.0,9400.0,0.08095744680851064,200.0,3.805,6200.0
GraphColouring,0126-wgc-n100-d30-p60.asp,18445,3884,4.74897,22.552717,107.102181,0.210572,0.044341,0.009337,0.010897,0.81106,0.0,0.978205,3183,0.177989,0.811114,0.811114,EOCLINGO-L,0.798372,1.6898726408240772,3885.0,9400.0,0.41329787234042553,200.0,19.425,6200.0
GraphColouring,0127-wgc-n100-d30-p39.asp,18625,3914,4.758559,22.643884,107.752258,0.210148,0.044162,0.009281,0.010792,0.811275,0.0,0.978416,3213,0.177879,0.811329,0.811329,EOCLINGO-L,4.54554,2.0668508032049,2517.0,9400.0,0.26776595744680853,200.0,12.585,6200.0
GraphColouring,0127-wgc-n100-d30-p50.asp,18625,3914,4.758559,22.643884,107.752258,0.210148,0.044162,0.009281,0.010792,0.811275,0.0,0.978416,3213,0.177879,0.811329,0.811329,EOCLINGO-L,0.911763,1.6647725340905477,3210.0,9400.0,0.3414893617021277,200.0,16.05,6200.0
GraphColouring,0128-wgc-n100-d30-p58.asp,18397,3876,4.746388,22.528199,106.927576,0.210687,0.044389,0.009352,0.010926,0.811002,0.0,0.978149,3175,0.178018,0.811056,0.811056,EOCLINGO-L,0.814269,1.8180183698507493,3747.0,9400.0,0.39861702127659576,200.0,18.735,6200.0
GraphColouring,0128-wgc-n100-d30-p79.asp,18397,3876,4.746388,22.528199,106.927576,0.210687,0.044389,0.009352,0.010926,0.811002,0.0,0.978149,3175,0.178018,0.811056,0.811056,CLINGO-AMO,0.5705020000000001,1.3936813543160234,5116.0,9400.0,0.5442553191489362,200.0,25.58,6200.0
GraphColouring,0129-wgc-n100-d30-p38.asp,18409,3878,4.747035,22.534337,106.971277,0.210658,0.044377,0.009348,0.010919,0.811016,0.0,0.978163,3177,0.178011,0.811071,0.811071,EOCLINGO-L,0.792297,178.38227457632678,2451.0,9400.0,0.26074468085106384,200.0,12.255,6200.0
GraphColouring,0129-wgc-n100-d30-p51.asp,18409,3878,4.747035,22.534337,106.971277,0.210658,0.044377,0.009348,0.010919,0.811016,0.0,0.978163,3177,0.178011,0.811071,0.811071,EOCLINGO-L,0.871474,1.5744462829642651,3298.0,9400.0,0.35085106382978726,200.0,16.49,6200.0
GraphColouring,0131-wgc-n100-d50-p39.asp,29749,5768,5.157594,26.600772,137.195972,0.193889,0.037593,0.007289,0.006757,0.819523,0.0,0.986487,5067,0.173687,0.819557,0.819557,EOCLINGO-L,1.041229,6.085747707756892,2552.0,9400.0,0.2714893617021277,200.0,12.76,6200.0
GraphColouring,0131-wgc-n100-d50-p48.asp,29749,5768,5.157594,26.600772,137.195972,0.193889,0.037593,0.007289,0.006757,0.819523,0.0,0.986487,5067,0.173687,0.819557,0.819557,EOCLINGO-L,0.985897,1.2782166899787706,3130.0,9400.0,0.33297872340425533,200.0,15.65,6200.0
GraphColouring,0131-wgc-n100-d50-p58.asp,29749,5768,5.157594,26.600772,137.195972,0.193889,0.037593,0.007289,0.006757,0.819523,0.0,0.986487,5067,0.173687,0.819557,0.819557,CLINGO-AMO,0.7126279999999999,1.367491875143834,3767.0,9400.0,0.40074468085106385,200.0,18.835,6200.0
GraphColouring,0133-wgc-n100-d50-p60.asp,30301,5860,5.170819,26.73737,138.254105,0.193393,0.037401,0.007233,0.006633,0.819775,0.0,0.986733,5159,0.173559,0.819808,0.819808,CLINGO-AMO,0.755329,1.3094095420670993,3841.0,9400.0,0.40861702127659577,200.0,19.205,6200.0
GraphColouring,0134-wgc-n100-d50-p9.asp,30577,5906,5.177277,26.804201,138.772781,0.193152,0.037308,0.007206,0.006574,0.819897,0.0,0.986853,5205,0.173496,0.81993,0.81993,WASP-AMO,0.6338959999999999,1.5564035740878632,598.0,9400.0,0.06361702127659574,200.0,2.99,6200.0
GraphColouring,0135-wgc-n100-d50-p29.asp,30925,5964,5.185278,26.887111,139.417156,0.192854,0.037193,0.007173,0.0065,0.820049,0.0,0.987001,5263,0.17342,0.820081,0.820081,EOCLINGO-L,12.320112,2.3177948382287434,1856.0,9400.0,0.1974468085106383,200.0,9.28,6200.0
GraphColouring,0137-wgc-n100-d50-p49.asp,30685,5924,5.179777,26.830092,138.973896,0.193058,0.037272,0.007196,0.00655,0.819945,0.0,0.986899,5223,0.173472,0.819977,0.819977,EOCLINGO-L,0.998592,1.3316319377683778,3172.0,9400.0,0.3374468085106383,200.0,15.86,6200.0
GraphColouring,0138-wgc-n100-d50-p68.asp,30805,5944,5.182537,26.85869,139.196154,0.192956,0.037232,0.007184,0.006525,0.819997,0.0,0.98695,5243,0.173446,0.820029,0.820029,CLINGO-AMO,0.724558,1.3685667676017654,4415.0,9400.0,0.4696808510638298,200.0,22.075,6200.0
GraphColouring,0139-wgc-n100-d50-p69.asp,30793,5942,5.182262,26.855838,139.173985,0.192966,0.037236,0.007185,0.006527,0.819992,0.0,0.986945,5241,0.173449,0.820024,0.820024,CLINGO-AMO,0.7438,1.3306426458725462,4437.0,9400.0,0.47202127659574467,200.0,22.185,6200.0
GraphColouring,0140-wgc-n100-d50-p21.asp,30877,5956,5.184184,26.875764,139.328906,0.192894,0.037208,0.007177,0.00651,0.820028,0.0,0.986981,5255,0.17343,0.82006,0.82006,EOCLINGO-L,0.997689,3.2366398747505483,1378.0,9400.0,0.14659574468085107,200.0,6.89,6200.0
GraphColouring,0140-wgc-n100-d50-p31.asp,30877,5956,5.184184,26.875764,139.328906,0.192894,0.037208,0.007177,0.00651,0.820028,0.0,0.986981,5255,0.17343,0.82006,0.82006,EOCLINGO-L,1.462456,1.2145541472700718,1999.0,9400.0,0.21265957446808512,200.0,9.995,6200.0
GraphColouring,0140-wgc-n100-d50-p9.asp,30877,5956,5.184184,26.875764,139.328906,0.192894,0.037208,0.007177,0.00651,0.820028,0.0,0.986981,5255,0.17343,0.82006,0.82006,WASP-AMO,0.769688,1.2868292087183375,578.0,9400.0,0.06148936170212766,200.0,2.89,6200.0
GraphColouring,0141-wgc-n100-d70-p21.asp,42157,7836,5.379913,28.943466,155.713337,0.185877,0.03455,0.006422,0.004768,0.823588,0.0,0.990464,7135,0.17162,0.823612,0.823612,EOCLINGO-L,1.186192,1.883908338616345,1394.0,9400.0,0.14829787234042552,200.0,6.97,6200.0
GraphColouring,0141-wgc-n100-d70-p50.asp,42157,7836,5.379913,28.943466,155.713337,0.185877,0.03455,0.006422,0.004768,0.823588,0.0,0.990464,7135,0.17162,0.823612,0.823612,CLINGO-AMO,0.951165,1.2393401775717146,3200.0,9400.0,0.3404255319148936,200.0,16.0,6200.0
GraphColouring,0141-wgc-n100-d70-p59.asp,42157,7836,5.379913,28.943466,155.713337,0.185877,0.03455,0.006422,0.004768,0.823588,0.0,0.990464,7135,0.17162,0.823612,0.823612,CLINGO-AMO,0.925786,1.2801705793779556,3804.0,9400.0,0.4046808510638298,200.0,19.02,6200.0
GraphColouring,0141-wgc-n100-d70-p68.asp,42157,7836,5.379913,28.943466,155.713337,0.185877,0.03455,0.006422,0.004768,0.823588,0.0,0.990464,7135,0.17162,0.823612,0.823612,CLINGO-AMO,0.709515,1.6655053099652577,4373.0,9400.0,0.4652127659574468,200.0,21.865,6200.0
GraphColouring,0141-wgc-n100-d70-p78.asp,42157,7836,5.379913,28.943466,155.713337,0.185877,0.03455,0.006422,0.004768,0.823588,0.0,0.990464,7135,0.17162,0.823612,0.823612,CLINGO-AMO,0.712705,1.654367515311384,5047.0,9400.0,0.5369148936170213,200.0,25.235,6200.0
GraphColouring,0142-wgc-n100-d70-p38.asp,42097,7826,5.379121,28.934941,155.644548,0.185904,0.03456,0.006425,0.004775,0.823574,0.0,0.990451,7125,0.171627,0.823598,0.823598,EOCLINGO-L,1.188069,1.3219897160855136,2493.0,9400.0,0.2652127659574468,200.0,12.465,6200.0
GraphColouring,0142-wgc-n100-d70-p50.asp,42097,7826,5.379121,28.934941,155.644548,0.185904,0.03456,0.006425,0.004775,0.823574,0.0,0.990451,7125,0.171627,0.823598,0.823598,CLINGO-AMO,0.904965,1.3089003442122071,3210.0,9400.0,0.3414893617021277,200.0,16.05,6200.0
GraphColouring,0143-wgc-n100-d70-p31.asp,42709,7928,5.387109,29.020943,156.338984,0.185628,0.034458,0.006396,0.004706,0.823714,0.0,0.990587,7227,0.171556,0.823737,0.823737,EOCLINGO-L,1.221896,1.2313576605537622,2028.0,9400.0,0.21574468085106382,200.0,10.14,6200.0
GraphColouring,0143-wgc-n100-d70-p59.asp,42709,7928,5.387109,29.020943,156.338984,0.185628,0.034458,0.006396,0.004706,0.823714,0.0,0.990587,7227,0.171556,0.823737,0.823737,CLINGO-AMO,0.994026,1.201561126167726,3814.0,9400.0,0.40574468085106385,200.0,19.07,6200.0
GraphColouring,0143-wgc-n100-d70-p71.asp,42709,7928,5.387109,29.020943,156.338984,0.185628,0.034458,0.006396,0.004706,0.823714,0.0,0.990587,7227,0.171556,0.823737,0.823737,CLINGO-AMO,0.7065,1.696621372965322,4565.0,9400.0,0.4856382978723404,200.0,22.825,6200.0
GraphColouring,0144-wgc-n100-d70-p61.asp,42505,7894,5.384469,28.992509,156.109271,0.185719,0.034492,0.006406,0.004729,0.823668,0.0,0.990542,7193,0.17158,0.823691,0.823691,CLINGO-AMO,0.754814,1.5810888510282006,3938.0,9400.0,0.41893617021276597,200.0,19.69,6200.0
GraphColouring,0144-wgc-n100-d70-p71.asp,42505,7894,5.384469,28.992509,156.109271,0.185719,0.034492,0.006406,0.004729,0.823668,0.0,0.990542,7193,0.17158,0.823691,0.823691,CLINGO-AMO,0.691496,1.7225349098187115,4600.0,9400.0,0.48936170212765956,200.0,23.0,6200.0
GraphColouring,0145-wgc-n100-d70-p20.asp,41857,7786,5.375931,28.900636,155.367829,0.186014,0.034601,0.006436,0.004802,0.823518,0.0,0.990396,7085,0.171656,0.823542,0.823542,EOCLINGO-INF-MR,8.045446,1.8293986436550564,1312.0,9400.0,0.13957446808510637,200.0,6.56,6200.0
GraphColouring,0145-wgc-n100-d70-p28.asp,41857,7786,5.375931,28.900636,155.367829,0.186014,0.034601,0.006436,0.004802,0.823518,0.0,0.990396,7085,0.171656,0.823542,0.823542,EOCLINGO-L,1.289109,1.5643285401001776,1818.0,9400.0,0.19340425531914893,200.0,9.09,6200.0
GraphColouring,0145-wgc-n100-d70-p59.asp,41857,7786,5.375931,28.900636,155.367829,0.186014,0.034601,0.006436,0.004802,0.823518,0.0,0.990396,7085,0.171656,0.823542,0.823542,CLINGO-AMO,0.756137,1.5663695864638287,3839.0,9400.0,0.4084042553191489,200.0,19.195,6200.0
GraphColouring,0145-wgc-n100-d70-p68.asp,41857,7786,5.375931,28.900636,155.367829,0.186014,0.034601,0.006436,0.004802,0.823518,0.0,0.990396,7085,0.171656,0.823542,0.823542,CLINGO-AMO,0.678923,1.7369024175053722,4373.0,9400.0,0.4652127659574468,200.0,21.865,6200.0
GraphColouring,0146-wgc-n100-d70-p30.asp,42241,7850,5.381019,28.955367,155.809381,0.185838,0.034536,0.006418,0.004758,0.823607,0.0,0.990483,7149,0.171611,0.823631,0.823631,EOCLINGO-L,1.221534,1.5049495142992335,1923.0,9400.0,0.20457446808510638,200.0,9.615,6200.0
GraphColouring,0146-wgc-n100-d70-p59.asp,42241,7850,5.381019,28.955367,155.809381,0.185838,0.034536,0.006418,0.004758,0.823607,0.0,0.990483,7149,0.171611,0.823631,0.823631,CLINGO-AMO,0.860907,1.3755132668220842,3782.0,9400.0,0.4023404255319149,200.0,18.91,6200.0
GraphColouring,0146-wgc-n100-d70-p70.asp,42241,7850,5.381019,28.955367,155.809381,0.185838,0.034536,0.006418,0.004758,0.823607,0.0,0.990483,7149,0.171611,0.823631,0.823631,CLINGO-AMO,0.730385,1.6328826577763784,4512.0,9400.0,0.48,200.0,22.56,6200.0
GraphColouring,0147-wgc-n100-d70-p20.asp,42517,7896,5.384625,28.994188,156.122832,0.185714,0.03449,0.006405,0.004728,0.823671,0.0,0.990545,7195,0.171578,0.823694,0.823694,EOCLINGO-INF-MR,10.230866,1.3234271663806367,1325.0,9400.0,0.14095744680851063,200.0,6.625,6200.0
GraphColouring,0147-wgc-n100-d70-p28.asp,42517,7896,5.384625,28.994188,156.122832,0.185714,0.03449,0.006405,0.004728,0.823671,0.0,0.990545,7195,0.171578,0.823694,0.823694,EOCLINGO-L,1.320642,2.572643456743008,1799.0,9400.0,0.19138297872340426,200.0,8.995,6200.0
GraphColouring,0147-wgc-n100-d70-p60.asp,42517,7896,5.384625,28.994188,156.122832,0.185714,0.03449,0.006405,0.004728,0.823671,0.0,0.990545,7195,0.171578,0.823694,0.823694,CLINGO-AMO,0.739572,1.6090657839939857,3883.0,9400.0,0.41308510638297874,200.0,19.415,6200.0
GraphColouring,0148-wgc-n100-d70-p60.asp,42769,7938,5.387881,29.029263,156.406214,0.185602,0.034448,0.006394,0.0047,0.823727,0.0,0.990601,7237,0.171549,0.823751,0.823751,CLINGO-AMO,0.791094,1.5036822425653589,3901.0,9400.0,0.415,200.0,19.505,6200.0
GraphColouring,0148-wgc-n100-d70-p79.asp,42769,7938,5.387881,29.029263,156.406214,0.185602,0.034448,0.006394,0.0047,0.823727,0.0,0.990601,7237,0.171549,0.823751,0.823751,CLINGO-AMO,0.6585340000000001,1.814463641968372,5112.0,9400.0,0.5438297872340425,200.0,25.56,6200.0
GraphColouring,0149-wgc-n100-d70-p30.asp,41677,7756,5.373517,28.874688,155.158634,0.186098,0.034632,0.006445,0.004823,0.823476,0.0,0.990354,7055,0.171677,0.8235,0.8235,EOCLINGO-L,1.175866,3.0769602998981176,1968.0,9400.0,0.2093617021276596,200.0,9.84,6200.0
GraphColouring,0149-wgc-n100-d70-p60.asp,41677,7756,5.373517,28.874688,155.158634,0.186098,0.034632,0.006445,0.004823,0.823476,0.0,0.990354,7055,0.171677,0.8235,0.8235,CLINGO-AMO,0.78047,1.5036144887055236,3873.0,9400.0,0.41202127659574467,200.0,19.365,6200.0
GraphColouring,0150-wgc-n100-d70-p60.asp,41977,7806,5.37753,28.91783,155.506502,0.185959,0.034581,0.006431,0.004788,0.823546,0.0,0.990423,7105,0.171642,0.82357,0.82357,CLINGO-AMO,0.96618,1.2206079612494567,3897.0,9400.0,0.4145744680851064,200.0,19.485,6200.0
GraphColouring,0150-wgc-n100-d70-p71.asp,41977,7806,5.37753,28.91783,155.506502,0.185959,0.034581,0.006431,0.004788,0.823546,0.0,0.990423,7105,0.171642,0.82357,0.82357,CLINGO-AMO,0.6653530000000001,1.773003202811139,4577.0,9400.0,0.4869148936170213,200.0,22.885,6200.0
GroupAssignment,00003-group_assignment-p50-pr5-sat.asp,9606,13946,0.6888,0.474445,0.326798,1.451801,2.107726,3.059999,0.407037,0.171768,0.0,0.248907,1786,0.357693,0.23527,0.23527,CLINGO-AMO,0.779788,1.5589493554658445,507308.0,32877900.0,0.015430060922382513,3247200.0,0.15622936683912295,6900300.0
GroupAssignment,00004-group_assignment-p50-pr5-sat.asp,12606,18746,0.672463,0.452207,0.304093,1.48707,2.211376,3.28847,0.405363,0.178486,0.0,0.237268,2386,0.367761,0.226876,0.226876,EOCLINGO-L,2.038364,2.1113235908797443,691779.0,44833500.0,0.015429957509451638,4428000.0,0.15622831978319784,9409500.0
GroupAssignment,00007-group_assignment-p50-pr5-middle.asp,12606,18746,0.672463,0.452207,0.304093,1.48707,2.211376,3.28847,0.405363,0.178486,0.0,0.237268,2386,0.367761,0.226876,0.226876,EOCLINGO-INF-MR,2.26846,2.999934757500683,2771441.0,44833500.0,0.06181629808067628,4428000.0,0.6258900180668473,9409500.0
GroupAssignment,00008-group_assignment-p50-pr5-middle.asp,11856,17546,0.67571,0.456583,0.308518,1.479926,2.19018,3.241304,0.405702,0.177126,0.0,0.239626,2236,0.365722,0.228576,0.228576,EOCLINGO-L,4.955829,1.239872683258442,2584070.0,41844600.0,0.061753965864173636,4132800.0,0.6252589043747581,8782200.0
GroupAssignment,00009-group_assignment-p50-pr5-middle.asp,8106,11546,0.702061,0.49289,0.346039,1.424377,2.02885,2.889847,0.40834,0.166543,0.0,0.257957,1486,0.349864,0.241796,0.241796,EOCLINGO-L,1.819947,1.6050797083651338,1660739.0,26900100.0,0.06173727978706399,2656800.0,0.6250899578440229,5645700.0
GroupAssignment,00011-group_assignment-p50-pr5-middle.asp,11106,16346,0.679432,0.461628,0.313645,1.471817,2.166245,3.188317,0.406087,0.175581,0.0,0.242301,2086,0.363407,0.230506,0.230506,EOCLINGO-INF-MR,3.017236,2.679803303420747,2402117.0,38855700.0,0.061821483077128966,3837600.0,0.6259425161559308,8154900.0
GroupAssignment,00012-group_assignment-p50-pr5-middle.asp,11106,16346,0.679432,0.461628,0.313645,1.471817,2.166245,3.188317,0.406087,0.175581,0.0,0.242301,2086,0.363407,0.230506,0.230506,EOCLINGO-L,7.179049,2.239390064060017,2398592.0,38855700.0,0.06173076279670679,3837600.0,0.6250239733166563,8154900.0
GroupAssignment,00013-group_assignment-p50-pr5-middle.asp,11106,16346,0.679432,0.461628,0.313645,1.471817,2.166245,3.188317,0.406087,0.175581,0.0,0.242301,2086,0.363407,0.230506,0.230506,EOCLINGO-INF-MR,3.1055,3.02786604411528,2398099.0,38855700.0,0.061718074825572566,3837600.0,0.6248955076089222,8154900.0
GroupAssignment,00014-group_assignment-p50-pr5-middle.asp,14106,21146,0.667077,0.444991,0.296843,1.499078,2.247236,3.368783,0.404792,0.180774,0.0,0.233305,2686,0.37119,0.224018,0.224018,EOCLINGO-L,12.310229,1.3274424870569022,3136764.0,50811300.0,0.06173359075638687,5018400.0,0.625052606408417,10664100.0
GroupAssignment,00015-group_assignment-p50-pr5-middle.asp,11856,17546,0.67571,0.456583,0.308518,1.479926,2.19018,3.241304,0.405702,0.177126,0.0,0.239626,2236,0.365722,0.228576,0.228576,EOCLINGO-L,4.877082,3.920503899667876,2583219.0,41844600.0,0.06173362871194849,4132800.0,0.6250529907084785,8782200.0
GroupAssignment,00031-group_assignment-p100-pr5-sat.asp,25156,37446,0.671794,0.451307,0.303186,1.488551,2.215785,3.298311,0.405867,0.178884,0.0,0.236166,4736,0.367149,0.226984,0.226984,EOCLINGO-INF-MR,3.841282,2.571973887884305,1395615.0,90396000.0,0.015438902163812558,8928000.0,0.15631888440860214,18972000.0
GroupAssignment,00032-group_assignment-p100-pr5-sat.asp,19156,27846,0.687926,0.473243,0.325556,1.453644,2.11308,3.071666,0.407705,0.17227,0.0,0.247494,3536,0.356859,0.235435,0.235435,EOCLINGO-INF-MR,2.871815,1.412215271526892,1022224.0,66290400.0,0.01542039269637836,6547200.0,0.1561314760508309,13912800.0
GroupAssignment,00033-group_assignment-p100-pr5-sat.asp,19156,27846,0.687926,0.473243,0.325556,1.453644,2.11308,3.071666,0.407705,0.17227,0.0,0.247494,3536,0.356859,0.235435,0.235435,EOCLINGO-L,3.068708,1.5750716588218887,1023390.0,66290400.0,0.015437981970240034,6547200.0,0.15630956744868035,13912800.0
GroupAssignment,00034-group_assignment-p100-pr5-sat.asp,17656,25446,0.693862,0.481444,0.334055,1.44121,2.077086,2.993516,0.40836,0.169914,0.0,0.251529,3236,0.353194,0.238446,0.238446,EOCLINGO-L,2.566974,1.6572824656580083,930649.0,60264000.0,0.015442868047258728,5952000.0,0.15635903897849462,12648000.0
GroupAssignment,00035-group_assignment-p100-pr5-sat.asp,20656,30246,0.682933,0.466398,0.318519,1.464272,2.144092,3.139534,0.407146,0.174284,0.0,0.244045,3836,0.359992,0.232862,0.232862,EOCLINGO-L,3.301954,2.671024490347231,1115181.0,72316800.0,0.015420773596176822,7142400.0,0.15613533266129032,15177600.0
GroupAssignment,00036-group_assignment-p100-pr5-middle.asp,17656,25446,0.693862,0.481444,0.334055,1.44121,2.077086,2.993516,0.40836,0.169914,0.0,0.251529,3236,0.353194,0.238446,0.238446,EOCLINGO-INF-MR,9.683143,1.3119270261732168,3719521.0,60264000.0,0.061720446701181465,5952000.0,0.6249195228494624,12648000.0
GroupAssignment,00037-group_assignment-p100-pr5-middle.asp,17656,25446,0.693862,0.481444,0.334055,1.44121,2.077086,2.993516,0.40836,0.169914,0.0,0.251529,3236,0.353194,0.238446,0.238446,EOCLINGO-L,9.589846,2.3315313926834698,3717031.0,60264000.0,0.061679128501261116,5952000.0,0.6245011760752688,12648000.0
GroupAssignment,00038-group_assignment-p100-pr5-middle.asp,22156,32646,0.678674,0.460599,0.312597,1.473461,2.171087,3.199012,0.406662,0.176025,0.0,0.241063,4136,0.362701,0.230637,0.230637,EOCLINGO-INF-MR,11.078961,1.5211290120075338,4837516.0,78343200.0,0.061747745815846175,7737600.0,0.6251959263854425,16442400.0
GroupAssignment,00039-group_assignment-p100-pr5-middle.asp,20656,30246,0.682933,0.466398,0.318519,1.464272,2.144092,3.139534,0.407146,0.174284,0.0,0.244045,3836,0.359992,0.232862,0.232862,EOCLINGO-L,13.284442,2.193247785642784,4457897.0,72316800.0,0.06164400250011062,7142400.0,0.6241455253136201,15177600.0
GroupAssignment,00040-group_assignment-p100-pr5-middle.asp,28156,42246,0.666477,0.444192,0.296044,1.500426,2.251279,3.377878,0.405242,0.181134,0.0,0.232313,5336,0.370649,0.224109,0.224109,EOCLINGO-INF-MR,35.688501,1.2424526320116385,6328162.0,102448800.0,0.06176902023254543,10118400.0,0.6254113298545224,21501600.0
GroupAssignment,00041-group_assignment-p100-pr5-middle.asp,22156,32646,0.678674,0.460599,0.312597,1.473461,2.171087,3.199012,0.406662,0.176025,0.0,0.241063,4136,0.362701,0.230637,0.230637,EOCLINGO-L,21.808573000000003,3.3995378789799764,4837701.0,78343200.0,0.06175010722053733,7737600.0,0.6252198356079405,16442400.0
GroupAssignment,00042-group_assignment-p100-pr5-middle.asp,20656,30246,0.682933,0.466398,0.318519,1.464272,2.144092,3.139534,0.407146,0.174284,0.0,0.244045,3836,0.359992,0.232862,0.232862,EOCLINGO-L,10.249256,1.8838043463837764,4464806.0,72316800.0,0.061739540466392316,7142400.0,0.6251128472222223,15177600.0
GroupAssignment,00043-group_assignment-p100-pr5-middle.asp,20656,30246,0.682933,0.466398,0.318519,1.464272,2.144092,3.139534,0.407146,0.174284,0.0,0.244045,3836,0.359992,0.232862,0.232862,EOCLINGO-INF-MR,8.987565,1.6980284426315693,4463577.0,72316800.0,0.061722545798486655,7142400.0,0.6249407762096775,15177600.0
GroupAssignment,00044-group_assignment-p100-pr5-middle.asp,17656,25446,0.693862,0.481444,0.334055,1.44121,2.077086,2.993516,0.40836,0.169914,0.0,0.251529,3236,0.353194,0.238446,0.238446,EOCLINGO-L,7.199291,2.321329141994677,3723290.0,60264000.0,0.06178298818531793,5952000.0,0.6255527553763441,12648000.0
GroupAssignment,00045-group_assignment-p100-pr5-middle.asp,19156,27846,0.687926,0.473243,0.325556,1.453644,2.11308,3.071666,0.407705,0.17227,0.0,0.247494,3536,0.356859,0.235435,0.235435,EOCLINGO-INF-MR,7.705756,1.9915194563648264,4091765.0,66290400.0,0.0617248500537031,6547200.0,0.6249641067937439,13912800.0
GroupAssignment,00061-group_assignment-p150-pr5-sat.asp,21356,30646,0.696861,0.485615,0.338406,1.435007,2.059244,2.955028,0.407848,0.168571,0.0,0.254776,3936,0.352875,0.239277,0.239277,EOCLINGO-L,4.029908,1.7890356305900783,1118741.0,72511200.0,0.01542852690343009,7161600.0,0.15621383489722968,15218400.0
GroupAssignment,00062-group_assignment-p150-pr5-sat.asp,35456,52546,0.674761,0.455303,0.307221,1.482006,2.196341,3.254991,0.406419,0.177685,0.0,0.23807,6636,0.364847,0.228734,0.228734,EOCLINGO-INF-MR,3.495221,2.4089358011982647,1958297.0,126894600.0,0.015432469151563582,12532800.0,0.15625375015958126,26632200.0
GroupAssignment,00065-group_assignment-p150-pr5-sat.asp,26456,38146,0.693546,0.481006,0.3336,1.441866,2.078977,2.997605,0.408603,0.170094,0.0,0.251021,4836,0.352888,0.238509,0.238509,EOCLINGO-INF-MR,2.695368,2.3226049281582326,1398483.0,90639000.0,0.015429153013603416,8952000.0,0.15622017426273457,19023000.0
GroupAssignment,00066-group_assignment-p150-pr5-middle.asp,44456,66946,0.664058,0.440972,0.292831,1.505893,2.267715,3.414937,0.40512,0.182203,0.0,0.230363,8436,0.371963,0.222917,0.222917,EOCLINGO-INF-MR,64.10644,8.78756001737111,10076870.0,163150200.0,0.06176437417790478,16113600.0,0.6253642885512859,34241400.0
GroupAssignment,00067-group_assignment-p150-pr5-middle.asp,35456,52546,0.674761,0.455303,0.307221,1.482006,2.196341,3.254991,0.406419,0.177685,0.0,0.23807,6636,0.364847,0.228734,0.228734,EOCLINGO-L,14.515273,5.573283327154783,7837046.0,126894600.0,0.06176027979125983,12532800.0,0.6253228328865058,26632200.0
GroupAssignment,00068-group_assignment-p150-pr5-middle.asp,28706,41746,0.687635,0.472842,0.325142,1.45426,2.114873,3.075577,0.407929,0.172438,0.0,0.247022,5286,0.356581,0.235491,0.235491,EOCLINGO-INF-MR,14.669091,1.6325708252815392,6152452.0,99702900.0,0.06170785403433601,9847200.0,0.6247920220976522,20925300.0
GroupAssignment,00070-group_assignment-p150-pr5-middle.asp,28706,41746,0.687635,0.472842,0.325142,1.45426,2.114873,3.075577,0.407929,0.172438,0.0,0.247022,5286,0.356581,0.235491,0.235491,EOCLINGO-INF-MR,20.236437,1.4910325864182514,6149171.0,99702900.0,0.061674946265354365,9847200.0,0.624458830936713,20925300.0
GroupAssignment,00071-group_assignment-p150-pr5-middle.asp,26456,38146,0.693546,0.481006,0.3336,1.441866,2.078977,2.997605,0.408603,0.170094,0.0,0.251021,4836,0.352888,0.238509,0.238509,EOCLINGO-L,11.582092,5.333090861305539,5592635.0,90639000.0,0.06170230254084886,8952000.0,0.6247358132260947,19023000.0
GroupAssignment,00072-group_assignment-p150-pr5-middle.asp,30956,45346,0.682662,0.466028,0.318139,1.464853,2.145795,3.143275,0.407352,0.174441,0.0,0.243604,5736,0.359736,0.232911,0.232911,EOCLINGO-L,29.250718000000003,2.8882145388704643,6713604.0,108766800.0,0.061724754244861485,10742400.0,0.6249631367292225,22827600.0
GroupAssignment,00073-group_assignment-p150-pr5-middle.asp,35456,52546,0.674761,0.455303,0.307221,1.482006,2.196341,3.254991,0.406419,0.177685,0.0,0.23807,6636,0.364847,0.228734,0.228734,EOCLINGO-L,37.085541,3.0788926606194043,7839019.0,126894600.0,0.0617758281282261,12532800.0,0.6254802597982893,26632200.0
GroupAssignment,00074-group_assignment-p150-pr5-middle.asp,30956,45346,0.682662,0.466028,0.318139,1.464853,2.145795,3.143275,0.407352,0.174441,0.0,0.243604,5736,0.359736,0.232911,0.232911,EOCLINGO-INF-MR,35.76173300000001,23.582415007684325,6712505.0,108766800.0,0.0617146500586576,10742400.0,0.6248608318439083,22827600.0
GroupAssignment,00075-group_assignment-p150-pr5-middle.asp,42206,63346,0.666277,0.443925,0.295777,1.500877,2.252631,3.380921,0.405393,0.181254,0.0,0.231981,7986,0.370469,0.224139,0.224139,EOCLINGO-INF-MR,71.50215999999999,2.053965572508579,9509934.0,154086300.0,0.061718231925875305,15218400.0,0.6248970982494875,32339100.0
GroupAssignment,00091-group_assignment-p200-pr5-sat.asp,35256,50846,0.693388,0.480787,0.333372,1.442194,2.079924,2.999655,0.408725,0.170184,0.0,0.250766,6436,0.352734,0.238541,0.238541,EOCLINGO-L,9.932246999999998,1.6985056855714524,1859448.0,120528000.0,0.015427518916766228,11904000.0,0.15620362903225807,25296000.0
GroupAssignment,00092-group_assignment-p200-pr5-sat.asp,50256,74846,0.671459,0.450857,0.302732,1.489295,2.217999,3.303254,0.406121,0.179083,0.0,0.235614,9436,0.366842,0.227038,0.227038,EOCLINGO-L,39.877175,4.696302684430379,2788566.0,180792000.0,0.015424166998539759,17856000.0,0.15616969086021507,37944000.0
GroupAssignment,00093-group_assignment-p200-pr5-sat.asp,47256,70046,0.674642,0.455142,0.307058,1.482267,2.197115,3.25671,0.406509,0.177755,0.0,0.237875,8836,0.364737,0.228754,0.228754,EOCLINGO-L,23.759558,2.3461499157518,2602777.0,168739200.0,0.01542485089416093,16665600.0,0.15617661530337942,35414400.0
GroupAssignment,00094-group_assignment-p200-pr5-sat.asp,38256,55646,0.687489,0.472641,0.324935,1.454569,2.115772,3.077536,0.408041,0.172522,0.0,0.246785,7036,0.356441,0.235519,0.235519,EOCLINGO-INF-MR,12.946452,1.778011767239395,2045784.0,132580800.0,0.015430469570254516,13094400.0,0.15623350439882697,27825600.0
GroupAssignment,00095-group_assignment-p200-pr5-sat.asp,22456,31246,0.718684,0.516507,0.371205,1.391432,1.936083,2.693929,0.410135,0.160314,0.0,0.269015,4036,0.340043,0.249822,0.249822,EOCLINGO-L,3.669218,4.080165037890907,1115288.0,72316800.0,0.015422253197044117,7142400.0,0.15615031362007167,15177600.0
GroupAssignment,00096-group_assignment-p200-pr5-middle.asp,50256,74846,0.671459,0.450857,0.302732,1.489295,2.217999,3.303254,0.406121,0.179083,0.0,0.235614,9436,0.366842,0.227038,0.227038,EOCLINGO-INF-MR,23.925224,6.188276272773873,11156514.0,180792000.0,0.0617091132350989,17856000.0,0.6248047715053764,37944000.0
GroupAssignment,00097-group_assignment-p200-pr5-middle.asp,35256,50846,0.693388,0.480787,0.333372,1.442194,2.079924,2.999655,0.408725,0.170184,0.0,0.250766,6436,0.352734,0.238541,0.238541,EOCLINGO-INF-MR,29.0335,1.5245725110648043,7436506.0,120528000.0,0.0616994059471658,11904000.0,0.6247064852150538,25296000.0
GroupAssignment,00098-group_assignment-p200-pr5-middle.asp,44256,65246,0.678294,0.460083,0.312072,1.474286,2.173519,3.204389,0.40695,0.176247,0.0,0.240442,8236,0.362346,0.230703,0.230703,EOCLINGO-INF-MR,67.61286999999999,1.425337114073105,9664759.0,156686400.0,0.06168218173370503,15475200.0,0.6245320900537634,32884800.0
GroupAssignment,00099-group_assignment-p200-pr5-middle.asp,56256,84446,0.666177,0.443792,0.295644,1.501102,2.253308,3.382445,0.405468,0.181314,0.0,0.231815,10636,0.370378,0.224154,0.224154,EOCLINGO-L,189.947752,6.343143771451425,12647905.0,204897600.0,0.0617279314154973,20236800.0,0.6249953055819102,43003200.0
GroupAssignment,00100-group_assignment-p200-pr5-middle.asp,35256,50846,0.693388,0.480787,0.333372,1.442194,2.079924,2.999655,0.408725,0.170184,0.0,0.250766,6436,0.352734,0.238541,0.238541,EOCLINGO-INF-MR,26.591469,2.4222179301188667,7439252.0,120528000.0,0.06172218903491305,11904000.0,0.6249371639784946,25296000.0
GroupAssignment,00101-group_assignment-p200-pr5-middle.asp,35256,50846,0.693388,0.480787,0.333372,1.442194,2.079924,2.999655,0.408725,0.170184,0.0,0.250766,6436,0.352734,0.238541,0.238541,EOCLINGO-L,39.603856,3.097581962726054,7435939.0,120528000.0,0.06169470164609053,11904000.0,0.6246588541666667,25296000.0
GroupAssignment,00102-group_assignment-p200-pr5-middle.asp,44256,65246,0.678294,0.460083,0.312072,1.474286,2.173519,3.204389,0.40695,0.176247,0.0,0.240442,8236,0.362346,0.230703,0.230703,EOCLINGO-L,95.679632,2.7147730877560234,9671138.0,156686400.0,0.06172289362701549,15475200.0,0.6249442979735318,32884800.0
GroupAssignment,00103-group_assignment-p200-pr5-middle.asp,47256,70046,0.674642,0.455142,0.307058,1.482267,2.197115,3.25671,0.406509,0.177755,0.0,0.237875,8836,0.364737,0.228754,0.228754,EOCLINGO-L,134.29278499999998,1.4440187535019102,10415186.0,168739200.0,0.0617235710492879,16665600.0,0.6249511568740399,35414400.0
GroupAssignment,00104-group_assignment-p200-pr5-middle.asp,47256,70046,0.674642,0.455142,0.307058,1.482267,2.197115,3.25671,0.406509,0.177755,0.0,0.237875,8836,0.364737,0.228754,0.228754,EOCLINGO-INF-MR,58.47275,1.3223955090191588,10406074.0,168739200.0,0.0616695705562193,16665600.0,0.6244044018817204,35414400.0
GroupAssignment,00105-group_assignment-p200-pr5-middle.asp,34856,50646,0.688228,0.473658,0.325985,1.453007,2.111228,3.067629,0.407677,0.172137,0.0,0.247906,6436,0.356782,0.235541,0.235541,EOCLINGO-INF-MR,36.665808,1.62234291959419,7439333.0,120528000.0,0.0617228610779238,11904000.0,0.6249439684139785,25296000.0
GroupAssignment,00121-group_assignment-p250-pr5-sat.asp,59056,87546,0.674571,0.455046,0.306961,1.482423,2.197579,3.257743,0.406563,0.177797,0.0,0.237757,11036,0.364671,0.228766,0.228766,EOCLINGO-INF-MR,11.672562,2.555927995927544,3249519.0,210583800.0,0.015431001814954427,20798400.0,0.15623889337641356,44196600.0
GroupAssignment,00122-group_assignment-p250-pr5-sat.asp,44056,63546,0.693293,0.480655,0.333235,1.442392,2.080493,3.000886,0.408798,0.170238,0.0,0.250613,8036,0.352642,0.23856,0.23856,EOCLINGO-L,13.927197,1.681014061910663,2321780.0,150417000.0,0.015435622303330076,14856000.0,0.15628567582121702,31569000.0
GroupAssignment,00124-group_assignment-p250-pr5-sat.asp,55306,81546,0.678218,0.45998,0.311967,1.474451,2.174006,3.205466,0.407008,0.176292,0.0,0.240318,10286,0.362275,0.230716,0.230716,EOCLINGO-INF-MR,34.029915,1.5660249518695537,3019085.0,195542100.0,0.015439565188263806,19312800.0,0.15632559753117103,41039700.0
GroupAssignment,00125-group_assignment-p250-pr5-sat.asp,44056,63546,0.693293,0.480655,0.333235,1.442392,2.080493,3.000886,0.408798,0.170238,0.0,0.250613,8036,0.352642,0.23856,0.23856,EOCLINGO-L,6.997618999999999,3.032876611315935,2318874.0,150417000.0,0.015416302678553621,14856000.0,0.1560900646203554,31569000.0
GroupAssignment,00126-group_assignment-p250-pr5-middle.asp,51556,75546,0.682445,0.465731,0.317836,1.465319,2.147161,3.146276,0.407518,0.174567,0.0,0.24325,9536,0.359531,0.232951,0.232951,EOCLINGO-L,148.94457100000002,2.2223506891029947,11143198.0,180500400.0,0.061735032166133706,17827200.0,0.6250672006821038,37882800.0
GroupAssignment,00127-group_assignment-p250-pr5-middle.asp,66556,99546,0.668595,0.44702,0.298875,1.495673,2.237037,3.345876,0.405824,0.180299,0.0,0.233503,12536,0.368652,0.225524,0.225524,EOCLINGO-L,348.293084,1.892810452704826,14863414.0,240667200.0,0.06175920108764302,23769600.0,0.6253119110123856,50510400.0
GroupAssignment,00128-group_assignment-p250-pr5-middle.asp,47806,69546,0.687401,0.47252,0.324811,1.454755,2.116311,3.078713,0.408108,0.172572,0.0,0.246643,8786,0.356357,0.235535,0.235535,EOCLINGO-L,85.758921,2.322512196719453,10217064.0,165458700.0,0.06174993518019905,16341600.0,0.6252180936995153,34725900.0
GroupAssignment,00129-group_assignment-p250-pr5-middle.asp,62806,93546,0.671392,0.450767,0.302641,1.489444,2.218442,3.304245,0.406171,0.179123,0.0,0.235503,11786,0.36678,0.227048,0.227048,EOCLINGO-L,148.55066399999998,1.7491689569290652,13928592.0,225625500.0,0.061733234940199576,22284000.0,0.6250490037695208,47353500.0
GroupAssignment,00130-group_assignment-p250-pr5-middle.asp,59056,87546,0.674571,0.455046,0.306961,1.482423,2.197579,3.257743,0.406563,0.177797,0.0,0.237757,11036,0.364671,0.228766,0.228766,EOCLINGO-INF-MR,63.995546,1.212640157800982,13005070.0,210583800.0,0.06175721969116333,20798400.0,0.6252918493730287,44196600.0
GroupAssignment,00131-group_assignment-p250-pr5-middle.asp,40306,57546,0.700414,0.490579,0.343608,1.427728,2.038407,2.91029,0.409616,0.167469,0.0,0.255322,7286,0.348236,0.242148,0.242148,EOCLINGO-L,37.503789,14.976679556297633,8361781.0,135375300.0,0.06176740513225086,13370400.0,0.62539497696404,28412100.0
GroupAssignment,00132-group_assignment-p250-pr5-middle.asp,32306,45296,0.71322,0.508682,0.362802,1.402092,1.965863,2.756322,0.41045,0.162509,0.0,0.264378,5786,0.341608,0.247942,0.247942,EOCLINGO-INF-MR,12.061339,2.0526911647206,6494062.0,105291900.0,0.061676748163913844,10399200.0,0.6244770751596277,22098300.0
GroupAssignment,00133-group_assignment-p250-pr5-middle.asp,81556,123546,0.660127,0.435767,0.287661,1.514861,2.294804,3.476309,0.404753,0.183923,0.0,0.227341,15536,0.374418,0.22083,0.22083,EOCLINGO-INF-MR,42.65429,28.241456463113085,18556109.0,300834000.0,0.06168222009480311,29712000.0,0.6245324784598816,63138000.0
GroupAssignment,00135-group_assignment-p250-pr5-middle.asp,55306,81546,0.678218,0.45998,0.311967,1.474451,2.174006,3.205466,0.407008,0.176292,0.0,0.240318,10286,0.362275,0.230716,0.230716,EOCLINGO-INF-MR,57.83133,1.949539600766574,12083690.0,195542100.0,0.06179584856662581,19312800.0,0.6256829667370862,41039700.0
GroupAssignment,00151-group_assignment-p300-pr5-sat.asp,43256,61546,0.702824,0.493961,0.347168,1.422832,2.02445,2.880451,0.409423,0.166451,0.0,0.25756,7836,0.347605,0.242972,0.242972,EOCLINGO-L,12.78306,1.9057686500728304,2232037.0,144633600.0,0.01543235458427364,14284800.0,0.15625259016577062,30355200.0
GroupAssignment,00152-group_assignment-p300-pr5-sat.asp,66356,97846,0.678168,0.459911,0.311897,1.474561,2.174331,3.206185,0.407047,0.176322,0.0,0.240234,12336,0.362228,0.230725,0.230725,EOCLINGO-L,21.409315,6.448834537676706,3628661.0,235029600.0,0.01543916596037265,23212800.0,0.1563215553487731,49327200.0
GroupAssignment,00153-group_assignment-p300-pr5-sat.asp,70856,105046,0.674524,0.454982,0.306896,1.482528,2.197889,3.258432,0.406599,0.177825,0.0,0.237679,13236,0.364627,0.228774,0.228774,EOCLINGO-INF-MR,48.278145,1.4710611395694675,3906730.0,253108800.0,0.015434982900634036,24998400.0,0.1562792018689196,53121600.0
GroupAssignment,00154-group_assignment-p300-pr5-sat.asp,57356,83446,0.687343,0.47244,0.324728,1.454878,2.116671,3.079499,0.408153,0.172606,0.0,0.246548,10536,0.356301,0.235546,0.235546,EOCLINGO-L,14.584648,2.8854245916665247,3069729.0,198871200.0,0.015435764454581658,19641600.0,0.1562871151026393,41738400.0
GroupAssignment,00155-group_assignment-p300-pr5-sat.asp,61856,90646,0.682391,0.465657,0.31776,1.465436,2.147502,3.147027,0.407559,0.174599,0.0,0.243162,11436,0.35948,0.23296,0.23296,EOCLINGO-L,25.493617,6.570063792830967,3346857.0,216950400.0,0.01542683028010089,21427200.0,0.1561966565860215,45532800.0
GroupAssignment,00156-group_assignment-p300-pr5-middle.asp,88856,133846,0.663867,0.44072,0.29258,1.506325,2.269015,3.417873,0.405262,0.182317,0.0,0.230046,16836,0.371793,0.222945,0.222945,EOCLINGO-L,566.3506189999999,1.64680722278861,20096399.0,325425600.0,0.061754204340408375,32140800.0,0.6252613189466348,68299200.0
GroupAssignment,00157-group_assignment-p300-pr5-middle.asp,70856,105046,0.674524,0.454982,0.306896,1.482528,2.197889,3.258432,0.406599,0.177825,0.0,0.237679,13236,0.364627,0.228774,0.228774,EOCLINGO-INF-MR,213.36273000000003,1.3548240829126996,15624070.0,253108800.0,0.06172867162263817,24998400.0,0.6250028001792115,53121600.0
GroupAssignment,00158-group_assignment-p300-pr5-middle.asp,75356,112246,0.671347,0.450707,0.30258,1.489543,2.218738,3.304906,0.406205,0.17915,0.0,0.235429,14136,0.366739,0.227056,0.227056,EOCLINGO-INF-MR,20.057121,4.813280480284284,16738494.0,271188000.0,0.06172284171866012,26784000.0,0.6249437724014337,56916000.0
GroupAssignment,00160-group_assignment-p300-pr5-middle.asp,57356,83446,0.687343,0.47244,0.324728,1.454878,2.116671,3.079499,0.408153,0.172606,0.0,0.246548,10536,0.356301,0.235546,0.235546,EOCLINGO-L,111.542114,8.362573798807507,12269542.0,198871200.0,0.06169592178254066,19641600.0,0.6246712080482242,41738400.0
GroupAssignment,00161-group_assignment-p300-pr5-middle.asp,70856,105046,0.674524,0.454982,0.306896,1.482528,2.197889,3.258432,0.406599,0.177825,0.0,0.237679,13236,0.364627,0.228774,0.228774,EOCLINGO-INF-MR,189.7103,1.3181004088866024,15620911.0,253108800.0,0.06171619082386705,24998400.0,0.6248764320916539,53121600.0
GroupAssignment,00162-group_assignment-p300-pr5-middle.asp,70856,105046,0.674524,0.454982,0.306896,1.482528,2.197889,3.258432,0.406599,0.177825,0.0,0.237679,13236,0.364627,0.228774,0.228774,EOCLINGO-INF-MR,147.20116000000002,1.3687849878356937,15623729.0,253108800.0,0.06172732437592055,24998400.0,0.6249891593061956,53121600.0
GroupAssignment,00163-group_assignment-p300-pr5-middle.asp,75356,112246,0.671347,0.450707,0.30258,1.489543,2.218738,3.304906,0.406205,0.17915,0.0,0.235429,14136,0.366739,0.227056,0.227056,EOCLINGO-L,238.531169,2.919534553574422,16733307.0,271188000.0,0.061703714766140096,26784000.0,0.6247501120071685,56916000.0
GroupAssignment,00164-group_assignment-p300-pr5-middle.asp,47156,68446,0.688952,0.474655,0.327014,1.45148,2.106795,3.057971,0.407371,0.17177,0.0,0.248982,8736,0.357028,0.235601,0.235601,EOCLINGO-L,78.450928,3.6954516331534015,10040640.0,162712800.0,0.061707745180465214,16070400.0,0.6247909199522103,34149600.0
GroupAssignment,00165-group_assignment-p300-pr5-middle.asp,66356,97846,0.678168,0.459911,0.311897,1.474561,2.174331,3.206185,0.407047,0.176322,0.0,0.240234,12336,0.362228,0.230725,0.230725,EOCLINGO-INF-MR,251.05568,4.202129185047716,14502699.0,235029600.0,0.061705840455840454,23212800.0,0.6247716346153847,49327200.0
GroupAssignment,00182-group_assignment-p50-pr10-sat.asp,23891,36771,0.649724,0.422141,0.274275,1.539115,2.368875,3.645972,0.402662,0.188355,0.0,0.220208,4651,0.383031,0.214307,0.214307,EOCLINGO-L,2.352958,1.499834251185104,692025.0,89667000.0,0.007717722238950784,8856000.0,0.07814193766937669,18819000.0
GroupAssignment,00184-group_assignment-p50-pr10-sat.asp,19391,29571,0.655744,0.43,0.28197,1.524986,2.325582,3.546479,0.40328,0.185653,0.0,0.224898,3751,0.379093,0.217627,0.217627,CLINGO-AMO,0.599856,2.897942172788136,553660.0,71733600.0,0.007718279857695696,7084800.0,0.07814758355916893,15055200.0
GroupAssignment,00186-group_assignment-p50-pr10-middle.asp,21641,33171,0.652407,0.425635,0.277687,1.532785,2.34943,3.601171,0.402939,0.187145,0.0,0.22231,4201,0.381267,0.215794,0.215794,EOCLINGO-L,5.785051,1.4864691771948078,2490811.0,80700300.0,0.030864953414051745,7970400.0,0.3125076533172739,16937100.0
GroupAssignment,00188-group_assignment-p50-pr10-middle.asp,23891,36771,0.649724,0.422141,0.274275,1.539115,2.368875,3.645972,0.402662,0.188355,0.0,0.220208,4651,0.383031,0.214307,0.214307,EOCLINGO-L,10.778586,2.203958385636112,2768062.0,89667000.0,0.030870465165557005,8856000.0,0.31256345980126465,18819000.0
GroupAssignment,00189-group_assignment-p50-pr10-middle.asp,19391,29571,0.655744,0.43,0.28197,1.524986,2.325582,3.546479,0.40328,0.185653,0.0,0.224898,3751,0.379093,0.217627,0.217627,EOCLINGO-INF-MR,3.660011,1.3934007302163849,2214687.0,71733600.0,0.030873774632808056,7084800.0,0.3125969681571816,15055200.0
GroupAssignment,00190-group_assignment-p50-pr10-middle.asp,19391,29571,0.655744,0.43,0.28197,1.524986,2.325582,3.546479,0.40328,0.185653,0.0,0.224898,3751,0.379093,0.217627,0.217627,EOCLINGO-L,5.783404,1.9276962148935124,2215389.0,71733600.0,0.030883560841781257,7084800.0,0.31269605352303526,15055200.0
GroupAssignment,00192-group_assignment-p50-pr10-middle.asp,15641,23571,0.66357,0.440325,0.292186,1.507001,2.271052,3.422477,0.404066,0.182213,0.0,0.230868,3001,0.374081,0.221853,0.221853,EOCLINGO-INF-MR,2.171179,1.7689085054709903,1752206.0,56789100.0,0.030854618227793715,5608800.0,0.31240300955641137,11918700.0
GroupAssignment,00195-group_assignment-p50-pr10-middle.asp,22391,34371,0.65145,0.424388,0.276467,1.535036,2.356337,3.617063,0.40284,0.187575,0.0,0.221562,4351,0.381895,0.215265,0.215265,EOCLINGO-L,8.459733,1.4621551294822188,2584300.0,83689200.0,0.030879731195901025,8265600.0,0.3126572783584979,17564400.0
GroupAssignment,00212-group_assignment-p100-pr10-sat.asp,47691,73471,0.649113,0.421348,0.273503,1.540563,2.373335,3.656273,0.403011,0.188715,0.0,0.21935,9251,0.382693,0.214296,0.214296,EOCLINGO-L,8.214547,1.335839699985891,1394865.0,180792000.0,0.007715302668259657,17856000.0,0.07811743951612904,37944000.0
GroupAssignment,00213-group_assignment-p100-pr10-sat.asp,29691,44671,0.664659,0.441772,0.293628,1.50453,2.26361,3.40567,0.404836,0.181873,0.0,0.23108,5651,0.3722,0.222963,0.222963,EOCLINGO-L,3.359837,1.9145193650763412,837139.0,108475200.0,0.007717330781598006,10713600.0,0.0781379741636798,22766400.0
GroupAssignment,00214-group_assignment-p100-pr10-sat.asp,41691,63871,0.652738,0.426066,0.278109,1.532009,2.347053,3.595706,0.403444,0.187091,0.0,0.222134,8051,0.380202,0.216354,0.216354,EOCLINGO-INF-MR,3.835119,1.5106245725360803,1208936.0,156686400.0,0.007715640923526228,15475200.0,0.07812086435070306,32884800.0
GroupAssignment,00216-group_assignment-p100-pr10-middle.asp,40191,61471,0.653821,0.427481,0.279496,1.529472,2.339284,3.577869,0.403573,0.186609,0.0,0.22296,7751,0.379463,0.216964,0.216964,EOCLINGO-L,28.02439,2.8928907997640625,4650704.0,150660000.0,0.030868870303995752,14880000.0,0.312547311827957,31620000.0
GroupAssignment,00217-group_assignment-p100-pr10-middle.asp,44691,68671,0.650799,0.423539,0.275639,1.536573,2.361058,3.627938,0.403213,0.187957,0.0,0.220648,8651,0.381531,0.215256,0.215256,EOCLINGO-L,26.024151,1.7246797023272729,5210576.0,168739200.0,0.030879463693083763,16665600.0,0.31265456989247314,35414400.0
GroupAssignment,00218-group_assignment-p100-pr10-middle.asp,40191,61471,0.653821,0.427481,0.279496,1.529472,2.339284,3.577869,0.403573,0.186609,0.0,0.22296,7751,0.379463,0.216964,0.216964,EOCLINGO-INF-MR,23.083834,1.3416344962452946,4650530.0,150660000.0,0.030867715385636534,14880000.0,0.3125356182795699,31620000.0
GroupAssignment,00220-group_assignment-p100-pr10-middle.asp,44691,68671,0.650799,0.423539,0.275639,1.536573,2.361058,3.627938,0.403213,0.187957,0.0,0.220648,8651,0.381531,0.215256,0.215256,EOCLINGO-INF-MR,34.048238,1.4782507100661126,5206099.0,168739200.0,0.030852931624661014,16665600.0,0.3123859326996928,35414400.0
GroupAssignment,00222-group_assignment-p100-pr10-middle.asp,43191,66271,0.651733,0.424756,0.276827,1.534371,2.354293,3.612358,0.403325,0.187539,0.0,0.221366,8351,0.38089,0.215786,0.215786,EOCLINGO-L,36.990045,3.063514521271872,5022930.0,162712800.0,0.030869913122999543,16070400.0,0.31255787037037036,34149600.0
GroupAssignment,00223-group_assignment-p100-pr10-middle.asp,37191,56671,0.656262,0.430679,0.282638,1.523783,2.321914,3.538092,0.403861,0.185529,0.0,0.224812,7151,0.377806,0.218332,0.218332,EOCLINGO-INF-MR,13.63661,2.3650626512014354,4274459.0,138607200.0,0.03083865051743344,13689600.0,0.31224133648901353,29090400.0
GroupAssignment,00225-group_assignment-p100-pr10-middle.asp,38691,59071,0.654991,0.429014,0.281,1.526737,2.330927,3.558714,0.403711,0.18609,0.0,0.223851,7451,0.378667,0.217622,0.217622,EOCLINGO-INF-MR,8.79063,1.8215450997255032,4464276.0,144633600.0,0.030866105801141644,14284800.0,0.3125193212365591,30355200.0
GroupAssignment,00241-group_assignment-p150-pr10-sat.asp,60241,92171,0.653579,0.427165,0.279186,1.530038,2.341015,3.581842,0.403712,0.18675,0.0,0.222622,11601,0.379326,0.216962,0.216962,EOCLINGO-L,10.480448,1.3771090701466195,1748395.0,226597500.0,0.0077158618254835115,22380000.0,0.07812310098302055,47557500.0
GroupAssignment,00243-group_assignment-p150-pr10-sat.asp,55741,84971,0.656,0.430336,0.282301,1.52439,2.323764,3.542321,0.404011,0.18568,0.0,0.224449,10701,0.377657,0.218331,0.218331,EOCLINGO-INF-MR,9.381983,1.3830695493692535,1609299.0,208469700.0,0.007719582270229198,20589600.0,0.07816077048607063,43752900.0
GroupAssignment,00245-group_assignment-p150-pr10-sat.asp,57991,88571,0.65474,0.428685,0.280677,1.527323,2.332716,3.562812,0.403856,0.186236,0.0,0.2235,11151,0.378524,0.21762,0.21762,EOCLINGO-INF-MR,8.485057,1.2996028194035705,1678192.0,217533600.0,0.0077146335094900285,21484800.0,0.07811066428358654,45655200.0
GroupAssignment,00246-group_assignment-p150-pr10-middle.asp,64741,99371,0.651508,0.424463,0.276541,1.534901,2.35592,3.616103,0.403454,0.187671,0.0,0.22105,12501,0.380763,0.215783,0.215783,EOCLINGO-INF-MR,10.903543,5.141377256915481,7550292.0,244725300.0,0.030852110509211758,24170400.0,0.31237761890576904,51362100.0
GroupAssignment,00248-group_assignment-p150-pr10-middle.asp,60241,92171,0.653579,0.427165,0.279186,1.530038,2.341015,3.581842,0.403712,0.18675,0.0,0.222622,11601,0.379326,0.216962,0.216962,EOCLINGO-L,39.048494,4.108295956304999,6990803.0,226597500.0,0.030851192091704453,22380000.0,0.3123683199285076,47557500.0
GroupAssignment,00249-group_assignment-p150-pr10-middle.asp,71491,110171,0.648909,0.421083,0.273245,1.541047,2.374826,3.659719,0.403128,0.188835,0.0,0.219063,13851,0.38258,0.214293,0.214293,EOCLINGO-INF-MR,51.52667,1.3767949685085412,8390859.0,271917000.0,0.03085816260108783,26856000.0,0.3124388963360143,57069000.0
GroupAssignment,00250-group_assignment-p150-pr10-middle.asp,48991,74171,0.660514,0.436279,0.288169,1.513972,2.292111,3.470192,0.404564,0.183707,0.0,0.227817,9351,0.374579,0.220857,0.220857,EOCLINGO-INF-MR,16.017611000000002,1.7764340137864505,5596030.0,181278000.0,0.030869879411732255,17904000.0,0.3125575290437891,38046000.0
GroupAssignment,00253-group_assignment-p150-pr10-middle.asp,71491,110171,0.648909,0.421083,0.273245,1.541047,2.374826,3.659719,0.403128,0.188835,0.0,0.219063,13851,0.38258,0.214293,0.214293,EOCLINGO-INF-MR,131.63916999999998,1.410360814338164,8396673.0,271917000.0,0.03087954412559715,26856000.0,0.3126553842716711,57069000.0
GroupAssignment,00255-group_assignment-p150-pr10-middle.asp,55741,84971,0.656,0.430336,0.282301,1.52439,2.323764,3.542321,0.404011,0.18568,0.0,0.224449,10701,0.377657,0.218331,0.218331,EOCLINGO-L,36.497006000000006,1.3555936615732258,6436371.0,208469700.0,0.030874371671278846,20589600.0,0.3126030131716983,43752900.0
GroupAssignment,00272-group_assignment-p200-pr10-sat.asp,74291,113271,0.65587,0.430165,0.282132,1.524693,2.32469,3.54444,0.404087,0.185756,0.0,0.224267,14251,0.377583,0.218331,0.218331,EOCLINGO-L,27.194973,2.0408852768487766,2139331.0,277214400.0,0.0077172434043830335,27379200.0,0.07813708946937821,58180800.0
GroupAssignment,00274-group_assignment-p200-pr10-sat.asp,74291,113271,0.65587,0.430165,0.282132,1.524693,2.32469,3.54444,0.404087,0.185756,0.0,0.224267,14251,0.377583,0.218331,0.218331,EOCLINGO-INF-MR,9.118556,1.386932426581577,2138937.0,277214400.0,0.007715822121794539,27379200.0,0.0781226989831697,58180800.0
GroupAssignment,00275-group_assignment-p200-pr10-sat.asp,74291,113271,0.65587,0.430165,0.282132,1.524693,2.32469,3.54444,0.404087,0.185756,0.0,0.224267,14251,0.377583,0.218331,0.218331,EOCLINGO-L,14.705633,1.9455426366209465,2138781.0,277214400.0,0.007715259380465084,27379200.0,0.07811700122720898,58180800.0
GroupAssignment,00276-group_assignment-p200-pr10-middle.asp,89291,137271,0.650472,0.423114,0.275224,1.537344,2.363427,3.633401,0.4034,0.188149,0.0,0.22019,17251,0.381349,0.215251,0.215251,EOCLINGO-INF-MR,82.41606,2.371287295218917,10409693.0,337478400.0,0.03084550892738617,33331200.0,0.31231077788978495,70828800.0
GroupAssignment,00278-group_assignment-p200-pr10-middle.asp,95291,146871,0.648807,0.420951,0.273116,1.541289,2.375573,3.661445,0.403186,0.188895,0.0,0.218919,18451,0.382523,0.214291,0.214291,EOCLINGO-L,189.859498,2.6054655427351863,11155800.0,361584000.0,0.030852581972653656,35712000.0,0.3123823924731183,75888000.0
GroupAssignment,00279-group_assignment-p200-pr10-middle.asp,59291,89271,0.664169,0.44112,0.292978,1.505642,2.266957,3.413225,0.405121,0.182152,0.0,0.230406,11251,0.371911,0.222968,0.222968,EOCLINGO-INF-MR,30.59651,2.152498373180471,6696751.0,216950400.0,0.03086765915158488,21427200.0,0.3125350489097969,45532800.0
GroupAssignment,00280-group_assignment-p200-pr10-middle.asp,89291,137271,0.650472,0.423114,0.275224,1.537344,2.363427,3.633401,0.4034,0.188149,0.0,0.22019,17251,0.381349,0.215251,0.215251,EOCLINGO-L,222.835666,1.343408105953739,10414043.0,337478400.0,0.03085839864121674,33331200.0,0.3124412862423195,70828800.0
GroupAssignment,00282-group_assignment-p200-pr10-middle.asp,65291,98871,0.660366,0.436083,0.287974,1.514313,2.293143,3.472536,0.40465,0.183793,0.0,0.227612,12451,0.374493,0.220857,0.220857,EOCLINGO-INF-MR,20.539869,3.966528559651476,7435585.0,241056000.0,0.030845882284614365,23808000.0,0.31231455813172043,50592000.0
GroupAssignment,00283-group_assignment-p200-pr10-middle.asp,89291,137271,0.650472,0.423114,0.275224,1.537344,2.363427,3.633401,0.4034,0.188149,0.0,0.22019,17251,0.381349,0.215251,0.215251,EOCLINGO-INF-MR,154.20646,1.2414393080549284,10416379.0,337478400.0,0.03086532056570139,33331200.0,0.31251137072772656,70828800.0
GroupAssignment,00284-group_assignment-p200-pr10-middle.asp,92291,142071,0.649612,0.421996,0.274133,1.539381,2.369693,3.647861,0.40329,0.188534,0.0,0.219534,17851,0.381955,0.214756,0.214756,EOCLINGO-INF-MR,54.56562,4.3331236591832,10786390.0,349531200.0,0.030859591361228983,34521600.0,0.31245336253244343,73358400.0
GroupAssignment,00301-group_assignment-p250-pr10-sat.asp,126591,195571,0.647289,0.418983,0.271203,1.544904,2.38673,3.687269,0.40303,0.189587,0.0,0.217717,24551,0.383526,0.213443,0.213443,EOCLINGO-L,46.016982,1.2792929358122618,3712904.0,481334400.0,0.007713772379451791,47539200.0,0.07810194534194938,101020800.0
GroupAssignment,00302-group_assignment-p250-pr10-sat.asp,89091,135571,0.657154,0.431851,0.283793,1.521714,2.315613,3.5237,0.404306,0.185204,0.0,0.225174,17051,0.376592,0.219102,0.219102,EOCLINGO-INF-MR,14.109375,1.917363738648948,2553612.0,330917400.0,0.007716765573523785,32683200.0,0.07813225143192833,69451800.0
GroupAssignment,00303-group_assignment-p250-pr10-sat.asp,100341,153571,0.653385,0.426912,0.278938,1.530491,2.342403,3.585026,0.403823,0.186863,0.0,0.222352,19301,0.379217,0.21696,0.21696,EOCLINGO-L,28.582202,1.3886757220454884,2900860.0,376042500.0,0.007714181242811651,37140000.0,0.07810608508346796,78922500.0
GroupAssignment,00304-group_assignment-p250-pr10-sat.asp,111591,171571,0.650407,0.423029,0.275141,1.537499,2.363902,3.634496,0.403438,0.188187,0.0,0.220098,21551,0.381312,0.21525,0.21525,EOCLINGO-INF-MR,39.38535,1.229317043012186,3248723.0,421167600.0,0.007713610923537328,41596800.0,0.07810031060081545,88393200.0
GroupAssignment,00305-group_assignment-p250-pr10-sat.asp,89091,135571,0.657154,0.431851,0.283793,1.521714,2.315613,3.5237,0.404306,0.185204,0.0,0.225174,17051,0.376592,0.219102,0.219102,EOCLINGO-INF-MR,8.779836,2.845827302468976,2552574.0,330917400.0,0.007713628839100029,32683200.0,0.0781004919958878,69451800.0
GroupAssignment,00306-group_assignment-p250-pr10-middle.asp,104091,159571,0.652318,0.425518,0.277573,1.532995,2.350074,3.602652,0.403685,0.187336,0.0,0.221547,20051,0.379966,0.216349,0.216349,EOCLINGO-L,164.533743,2.5928322800022854,12063999.0,391084200.0,0.030847574512087167,38625600.0,0.3123316919348826,82079400.0
GroupAssignment,00307-group_assignment-p250-pr10-middle.asp,81591,123571,0.660276,0.435965,0.287857,1.514518,2.293763,3.473945,0.404701,0.183844,0.0,0.227488,15551,0.374441,0.220858,0.220858,EOCLINGO-L,71.82374399999999,3.916046899476586,9285675.0,300834000.0,0.03086644129320489,29712000.0,0.3125227180936995,63138000.0
GroupAssignment,00308-group_assignment-p250-pr10-middle.asp,119091,183571,0.648746,0.420872,0.273039,1.541435,2.376021,3.662481,0.403221,0.188931,0.0,0.218833,23051,0.382489,0.21429,0.21429,EOCLINGO-L,195.805403,2.5255355185474637,13926128.0,451251000.0,0.03086115709438871,44568000.0,0.3124692155806857,94707000.0
GroupAssignment,00309-group_assignment-p250-pr10-middle.asp,107841,165571,0.651328,0.424228,0.276311,1.535325,2.357223,3.619104,0.403557,0.187776,0.0,0.220797,20801,0.380662,0.215781,0.215781,EOCLINGO-L,156.222297,3.640308847846476,12531715.0,406125900.0,0.030856724478788473,40111200.0,0.3124243353477333,85236300.0
GroupAssignment,00310-group_assignment-p250-pr10-middle.asp,100341,153571,0.653385,0.426912,0.278938,1.530491,2.342403,3.585026,0.403823,0.186863,0.0,0.222352,19301,0.379217,0.21696,0.21696,EOCLINGO-INF-MR,104.37727,1.315917641839071,11611473.0,376042500.0,0.03087808691836694,37140000.0,0.31264063004846526,78922500.0
GroupAssignment,00311-group_assignment-p250-pr10-middle.asp,92841,141571,0.655791,0.430062,0.282031,1.524876,2.325246,3.545712,0.404132,0.185802,0.0,0.224157,17801,0.377538,0.21833,0.21833,EOCLINGO-L,101.043951,2.3390500634718845,10679246.0,345959100.0,0.030868521741442848,34168800.0,0.3125437826321088,72608700.0
GroupAssignment,00312-group_assignment-p250-pr10-middle.asp,89091,135571,0.657154,0.431851,0.283793,1.521714,2.315613,3.5237,0.404306,0.185204,0.0,0.225174,17051,0.376592,0.219102,0.219102,EOCLINGO-L,80.474017,1.5397787337992586,10220906.0,330917400.0,0.030886577738130423,32683200.0,0.3127265995985705,69451800.0
GroupAssignment,00313-group_assignment-p250-pr10-middle.asp,74091,111571,0.66407,0.44099,0.292848,1.505864,2.267628,3.41474,0.405177,0.182208,0.0,0.230271,14051,0.371854,0.222969,0.222969,EOCLINGO-INF-MR,26.597671,2.712016514528659,8360307.0,270750600.0,0.03087825844153254,26740800.0,0.312642366720517,56824200.0
GroupAssignment,00314-group_assignment-p250-pr10-middle.asp,96591,147571,0.654539,0.428422,0.280419,1.527792,2.33415,3.566096,0.403971,0.186353,0.0,0.22322,18551,0.37841,0.217619,0.217619,EOCLINGO-INF-MR,56.52013,1.4878414292394584,11140104.0,361000800.0,0.030858945464940796,35654400.0,0.31244682283252556,75765600.0
GroupAssignment,00315-group_assignment-p250-pr10-middle.asp,92841,141571,0.655791,0.430062,0.282031,1.524876,2.325246,3.545712,0.404132,0.185802,0.0,0.224157,17801,0.377538,0.21833,0.21833,EOCLINGO-INF-MR,67.16814,2.5026004144226714,10681051.0,345959100.0,0.030873739121185136,34168800.0,0.3125966086019995,72608700.0
GroupAssignment,00333-group_assignment-p300-pr10-sat.asp,88891,133871,0.664005,0.440903,0.292761,1.506013,2.268075,3.415751,0.405215,0.182246,0.0,0.230181,16851,0.371815,0.22297,0.22297,EOCLINGO-L,21.332559,1.5604120443309215,2511742.0,325425600.0,0.007718329473772193,32140800.0,0.07814808592194344,68299200.0
GroupAssignment,00334-group_assignment-p300-pr10-sat.asp,124891,191471,0.652271,0.425458,0.277514,1.533105,2.350411,3.603426,0.403712,0.187363,0.0,0.221481,24051,0.379939,0.216349,0.216349,EOCLINGO-INF-MR,26.176743,1.7786384654500371,3627322.0,470059200.0,0.007716734402815646,46425600.0,0.07813193582850841,98654400.0
GroupAssignment,00335-group_assignment-p300-pr10-sat.asp,124891,191471,0.652271,0.425458,0.277514,1.533105,2.350411,3.603426,0.403712,0.187363,0.0,0.221481,24051,0.379939,0.216349,0.216349,EOCLINGO-L,54.75902,1.7933816200509065,3627025.0,470059200.0,0.007716102567506391,46425600.0,0.0781255384960022,98654400.0
GroupAssignment,00336-group_assignment-p300-pr10-middle.asp,124891,191471,0.652271,0.425458,0.277514,1.533105,2.350411,3.603426,0.403712,0.187363,0.0,0.221481,24051,0.379939,0.216349,0.216349,EOCLINGO-L,193.835696,2.003482784718868,14503356.0,470059200.0,0.0308543179242104,46425600.0,0.3123999689826303,98654400.0
GroupAssignment,00337-group_assignment-p300-pr10-middle.asp,129391,198671,0.651283,0.424169,0.276254,1.535431,2.357549,3.619855,0.403583,0.187803,0.0,0.220734,24951,0.380637,0.21578,0.21578,EOCLINGO-L,233.05506,2.5407073761882706,15063043.0,488138400.0,0.030858139822640466,48211200.0,0.3124386657042347,102448800.0
GroupAssignment,00338-group_assignment-p300-pr10-middle.asp,102391,155471,0.658586,0.433735,0.285652,1.518405,2.305554,3.500764,0.404528,0.184587,0.0,0.226202,19551,0.375531,0.219941,0.219941,EOCLINGO-L,122.369192,4.691077636599906,11719859.0,379663200.0,0.030869093975923925,37497600.0,0.3125495765062297,79682400.0
GroupAssignment,00339-group_assignment-p300-pr10-middle.asp,111391,169871,0.655739,0.429993,0.281963,1.524998,2.325617,3.546561,0.404162,0.185832,0.0,0.224085,21351,0.377508,0.21833,0.21833,EOCLINGO-L,116.431099,3.6957206768270736,12838776.0,415821600.0,0.03087568322569102,41068800.0,0.31261629266012153,87271200.0
GroupAssignment,00340-group_assignment-p300-pr10-middle.asp,129391,198671,0.651283,0.424169,0.276254,1.535431,2.357549,3.619855,0.403583,0.187803,0.0,0.220734,24951,0.380637,0.21578,0.21578,EOCLINGO-INF-MR,151.42796,2.8207081968217755,15061372.0,488138400.0,0.03085471661315725,48211200.0,0.3124040057082172,102448800.0
GroupAssignment,00341-group_assignment-p300-pr10-middle.asp,124891,191471,0.652271,0.425458,0.277514,1.533105,2.350411,3.603426,0.403712,0.187363,0.0,0.221481,24051,0.379939,0.216349,0.216349,EOCLINGO-L,219.94047,5.478797590093356,14517532.0,470059200.0,0.03088447582772553,46425600.0,0.31270531775572097,98654400.0
GroupAssignment,00342-group_assignment-p300-pr10-middle.asp,124891,191471,0.652271,0.425458,0.277514,1.533105,2.350411,3.603426,0.403712,0.187363,0.0,0.221481,24051,0.379939,0.216349,0.216349,EOCLINGO-L,170.15218000000002,1.6963598703231422,14510313.0,470059200.0,0.030869118187666574,46425600.0,0.31254982165012407,98654400.0
GroupAssignment,00343-group_assignment-p300-pr10-middle.asp,115891,177071,0.654489,0.428356,0.280354,1.52791,2.334508,3.566919,0.404,0.186382,0.0,0.223149,22251,0.378381,0.217618,0.217618,EOCLINGO-L,342.141465,2.0528958686723344,13392166.0,433900800.0,0.030864580106789385,42854400.0,0.31250387358124254,91065600.0
GroupAssignment,00344-group_assignment-p300-pr10-middle.asp,115891,177071,0.654489,0.428356,0.280354,1.52791,2.334508,3.566919,0.404,0.186382,0.0,0.223149,22251,0.378381,0.217618,0.217618,EOCLINGO-L,191.143342,2.4520451776970607,13395722.0,433900800.0,0.030872775528415712,42854400.0,0.3125868522252091,91065600.0
GroupAssignment,00361-group_assignment-p50-pr15-sat.asp,28426,43996,0.646104,0.417451,0.269717,1.547738,2.395493,3.707595,0.402097,0.189967,0.0,0.217442,5566,0.385774,0.21213,0.21213,CLINGO-AMO,1.01087,2.4015541068584487,553612.0,107600400.0,0.005145073810134535,10627200.0,0.052093872327612166,22582800.0
GroupAssignment,00363-group_assignment-p50-pr15-sat.asp,27676,42796,0.646696,0.418216,0.270458,1.546322,2.391111,3.697427,0.402153,0.189695,0.0,0.217914,5416,0.385388,0.212458,0.212458,CLINGO-AMO,0.942282,2.583946207186384,538153.0,104611500.0,0.0051443005788082575,10332000.0,0.052086043360433605,21955500.0
GroupAssignment,00364-group_assignment-p50-pr15-sat.asp,24676,37996,0.649437,0.421768,0.273912,1.539796,2.370971,3.650811,0.402415,0.188442,0.0,0.220092,4816,0.383612,0.213973,0.213973,WASP-AMO,0.618415,1.512280588278098,476605.0,92655900.0,0.005143817069393314,9151200.0,0.05208114782760731,19446300.0
GroupAssignment,00365-group_assignment-p50-pr15-sat.asp,32176,49996,0.643571,0.414184,0.266557,1.553829,2.414384,3.75154,0.401852,0.191136,0.0,0.215409,6316,0.387432,0.210716,0.210716,CLINGO-AMO,1.487995,1.874830896609196,630576.0,122544900.0,0.0051456731369481715,12103200.0,0.05209994051160024,25719300.0
GroupAssignment,00366-group_assignment-p50-pr15-middle.asp,34426,53596,0.642324,0.41258,0.26501,1.556847,2.423771,3.77344,0.401731,0.191716,0.0,0.214402,6766,0.388253,0.210016,0.210016,EOCLINGO-INF-MR,5.251288,2.287999058516692,2706430.0,131511600.0,0.020579401360792508,12988800.0,0.20836643877802413,27601200.0
GroupAssignment,00367-group_assignment-p50-pr15-middle.asp,27676,42796,0.646696,0.418216,0.270458,1.546322,2.391111,3.697427,0.402153,0.189695,0.0,0.217914,5416,0.385388,0.212458,0.212458,EOCLINGO-INF-MR,3.880583,1.6799084055153568,2152932.0,104611500.0,0.020580261252347975,10332000.0,0.20837514518002323,21955500.0
GroupAssignment,00369-group_assignment-p50-pr15-middle.asp,29176,45196,0.645544,0.416727,0.269015,1.549081,2.399653,3.717258,0.402043,0.190225,0.0,0.216993,5716,0.386139,0.211818,0.211818,EOCLINGO-L,4.896632,3.1788531382386918,2275014.0,110589300.0,0.02057173704870182,10922400.0,0.2082888376181059,23210100.0
GroupAssignment,00370-group_assignment-p50-pr15-middle.asp,32176,49996,0.643571,0.414184,0.266557,1.553829,2.414384,3.75154,0.401852,0.191136,0.0,0.215409,6316,0.387432,0.210716,0.210716,EOCLINGO-L,8.386861999999999,1.3322990172009508,2522141.0,122544900.0,0.020581362423079213,12103200.0,0.20838629453367705,25719300.0
GroupAssignment,00372-group_assignment-p50-pr15-middle.asp,26176,40396,0.647985,0.419884,0.272079,1.543246,2.381607,3.675405,0.402277,0.189105,0.0,0.218941,5116,0.384551,0.213172,0.213172,EOCLINGO-L,4.871489,2.3038268176321446,2029888.0,98633700.0,0.020580065434025085,9741600.0,0.208373162519504,20700900.0
GroupAssignment,00373-group_assignment-p50-pr15-middle.asp,35176,54796,0.641945,0.412093,0.264541,1.557767,2.426637,3.780134,0.401694,0.191892,0.0,0.214095,6916,0.388504,0.209802,0.209802,EOCLINGO-INF-MR,9.651872999999998,1.5050127576274577,2766912.0,134500500.0,0.02057175995628269,13284000.0,0.20828906955736223,28228500.0
GroupAssignment,00391-group_assignment-p100-pr15-sat.asp,58226,90296,0.644835,0.415812,0.26813,1.550785,2.404934,3.729535,0.402398,0.190636,0.0,0.216072,11366,0.385841,0.211761,0.211761,EOCLINGO-INF-MR,5.025338,1.5911323775634596,1147178.0,222976800.0,0.005144831211139455,22022400.0,0.05209141601278698,46797600.0
GroupAssignment,00392-group_assignment-p100-pr15-sat.asp,80726,126296,0.639181,0.408552,0.261139,1.564502,2.447667,3.82938,0.401729,0.193246,0.0,0.211592,15866,0.389788,0.208483,0.208483,EOCLINGO-INF-MR,9.739899,1.322237941071052,1612650.0,313372800.0,0.00514610712863401,30950400.0,0.05210433467741935,65769600.0
GroupAssignment,00394-group_assignment-p100-pr15-sat.asp,56726,87896,0.645376,0.416511,0.268806,1.549483,2.400899,3.720153,0.402461,0.190389,0.0,0.216497,11066,0.385467,0.212072,0.212072,EOCLINGO-INF-MR,4.902163,1.2935449106853445,1116143.0,216950400.0,0.005144692058645663,21427200.0,0.05209000709378733,45532800.0
GroupAssignment,00395-group_assignment-p100-pr15-sat.asp,67226,104696,0.642107,0.412301,0.264741,1.557374,2.425413,3.777274,0.402077,0.19189,0.0,0.21392,13166,0.387737,0.210187,0.210187,EOCLINGO-INF-MR,6.022411,1.4896552228003035,1332847.0,259135200.0,0.005143442496426576,25593600.0,0.05207735527631908,54386400.0
GroupAssignment,00396-group_assignment-p100-pr15-middle.asp,62726,97496,0.64337,0.413925,0.266307,1.554316,2.415897,3.755066,0.402226,0.191308,0.0,0.214919,12266,0.386857,0.210917,0.210917,EOCLINGO-INF-MR,21.602883,1.4377710141743585,4960160.0,241056000.0,0.02057679543342626,23808000.0,0.20834005376344086,50592000.0
GroupAssignment,00397-group_assignment-p100-pr15-middle.asp,53726,83096,0.646553,0.418031,0.27028,1.546663,2.392165,3.699873,0.402598,0.189852,0.0,0.217418,10466,0.384655,0.212746,0.212746,EOCLINGO-L,24.639244,1.8271025279834072,4214352.0,204897600.0,0.020568088645254997,20236800.0,0.20825189753320683,43003200.0
GroupAssignment,00399-group_assignment-p100-pr15-middle.asp,46226,71096,0.650191,0.422749,0.274868,1.538009,2.365471,3.638116,0.40302,0.188206,0.0,0.220244,8966,0.382166,0.214814,0.214814,EOCLINGO-INF-MR,6.324436,2.4043331294679877,3596316.0,174765600.0,0.02057793982339774,17260800.0,0.20835164071190213,36679200.0
GroupAssignment,00401-group_assignment-p100-pr15-middle.asp,61226,95096,0.643834,0.414522,0.266883,1.553196,2.412419,3.74696,0.40228,0.191095,0.0,0.215284,11966,0.386535,0.211185,0.211185,EOCLINGO-L,25.156418,3.526234140329518,4834890.0,235029600.0,0.020571408877860492,23212800.0,0.20828551488833746,49327200.0
GroupAssignment,00402-group_assignment-p100-pr15-middle.asp,65726,102296,0.642508,0.412817,0.265238,1.556401,2.422383,3.7702,0.402124,0.191705,0.0,0.214238,12866,0.387457,0.210419,0.210419,EOCLINGO-INF-MR,22.070221,1.2679232346608582,5210917.0,253108800.0,0.020587656375440126,24998400.0,0.2084500208013313,53121600.0
GroupAssignment,00404-group_assignment-p100-pr15-middle.asp,61226,95096,0.643834,0.414522,0.266883,1.553196,2.412419,3.74696,0.40228,0.191095,0.0,0.215284,11966,0.386535,0.211185,0.211185,EOCLINGO-INF-MR,17.536251,1.8058242893535228,4836659.0,235029600.0,0.020578935589389592,23212800.0,0.20836172284256962,49327200.0
GroupAssignment,00405-group_assignment-p100-pr15-middle.asp,53726,83096,0.646553,0.418031,0.27028,1.546663,2.392165,3.699873,0.402598,0.189852,0.0,0.217418,10466,0.384655,0.212746,0.212746,EOCLINGO-INF-MR,11.15162,2.1662065242538757,4215229.0,204897600.0,0.020572368832040982,20236800.0,0.20829523442441492,43003200.0
GroupAssignment,00421-group_assignment-p150-pr15-sat.asp,103026,160596,0.641523,0.411552,0.26402,1.558791,2.429829,3.787596,0.402132,0.192184,0.0,0.213354,20166,0.387921,0.209947,0.209947,EOCLINGO-INF-MR,10.472884,1.928425159679034,2051392.0,398811600.0,0.0051437621172503506,39388800.0,0.052080591437159804,83701200.0
GroupAssignment,00423-group_assignment-p150-pr15-sat.asp,116526,182196,0.639564,0.409042,0.261609,1.563565,2.444736,3.822504,0.401885,0.19309,0.0,0.211807,22866,0.389321,0.208795,0.208795,EOCLINGO-INF-MR,20.768712,1.4409229614238956,2331437.0,453195000.0,0.0051444455477222826,44760000.0,0.05208751117068811,95115000.0
GroupAssignment,00424-group_assignment-p150-pr15-sat.asp,78276,120996,0.64693,0.418519,0.270753,1.545761,2.389378,3.693407,0.402805,0.189713,0.0,0.217576,15216,0.384102,0.213092,0.213092,EOCLINGO-INF-MR,6.946160000000001,1.811902691559077,1538725.0,299108700.0,0.0051443672484284145,29541600.0,0.05208671839033769,62775900.0
GroupAssignment,00425-group_assignment-p150-pr15-sat.asp,87276,135396,0.644598,0.415507,0.267835,1.551354,2.4067,3.733645,0.402516,0.190774,0.0,0.215764,17016,0.385742,0.211742,0.211742,EOCLINGO-L,13.4653,1.6977469495666642,1725548.0,335364300.0,0.005145294236744937,33122400.0,0.05209610414704249,70385100.0
GroupAssignment,00427-group_assignment-p150-pr15-middle.asp,91776,142596,0.643609,0.414232,0.266603,1.55374,2.414107,3.750893,0.402393,0.191226,0.0,0.214991,17916,0.386441,0.211166,0.211166,EOCLINGO-L,78.672964,1.8882827396715347,7271554.0,353492100.0,0.020570626613720645,34912800.0,0.20827759446392155,74189700.0
GroupAssignment,00428-group_assignment-p150-pr15-middle.asp,78276,120996,0.64693,0.418519,0.270753,1.545761,2.389378,3.693407,0.402805,0.189713,0.0,0.217576,15216,0.384102,0.213092,0.213092,EOCLINGO-INF-MR,19.947005,2.498816188194669,6154481.0,299108700.0,0.020576068165185434,29541600.0,0.2083326901725025,62775900.0
GroupAssignment,00429-group_assignment-p150-pr15-middle.asp,100776,156996,0.641902,0.412038,0.264488,1.557871,2.426962,3.780893,0.402179,0.19201,0.0,0.213652,19716,0.387652,0.210169,0.210169,EOCLINGO-INF-MR,67.96556,1.6155454321276836,8021625.0,389747700.0,0.020581583932374713,38493600.0,0.20838853731529397,81798900.0
GroupAssignment,00430-group_assignment-p150-pr15-middle.asp,112026,174996,0.640163,0.409809,0.262345,1.562102,2.440162,3.81178,0.40196,0.192812,0.0,0.212281,21966,0.388892,0.209148,0.209148,EOCLINGO-INF-MR,86.09308999999999,2.288773291793801,8950828.0,435067200.0,0.020573437850520564,42969600.0,0.2083060582365207,91310400.0
GroupAssignment,00431-group_assignment-p150-pr15-middle.asp,71526,110196,0.64908,0.421305,0.27346,1.540643,2.37358,3.656838,0.40307,0.188743,0.0,0.219235,13866,0.382602,0.214328,0.214328,EOCLINGO-L,35.264346,3.65256171204763,5596157.0,271917000.0,0.020580386662106452,26856000.0,0.20837641495382783,57069000.0
GroupAssignment,00432-group_assignment-p150-pr15-middle.asp,100776,156996,0.641902,0.412038,0.264488,1.557871,2.426962,3.780893,0.402179,0.19201,0.0,0.213652,19716,0.387652,0.210169,0.210169,EOCLINGO-INF-MR,39.65829,2.720492991503164,8019400.0,389747700.0,0.020575875111001295,38493600.0,0.20833073549888811,81798900.0
GroupAssignment,00433-group_assignment-p150-pr15-middle.asp,94026,146196,0.64315,0.413642,0.266034,1.554847,2.417548,3.758916,0.402336,0.191436,0.0,0.214632,18366,0.386765,0.210899,0.210899,EOCLINGO-L,97.429112,1.611547686075595,7459074.0,362556000.0,0.02057357759904677,35808000.0,0.20830747319034854,76092000.0
GroupAssignment,00435-group_assignment-p150-pr15-middle.asp,107526,167796,0.640814,0.410642,0.263145,1.560516,2.435209,3.800182,0.402042,0.192512,0.0,0.212795,21066,0.388427,0.209531,0.209531,EOCLINGO-L,117.029282,1.2554716006887918,8579969.0,416939400.0,0.020578455765993812,41179200.0,0.20835686463068734,87505800.0
GroupAssignment,00451-group_assignment-p200-pr15-sat.asp,116326,180496,0.64448,0.415354,0.267687,1.551639,2.407585,3.735703,0.402576,0.190843,0.0,0.21561,22666,0.385692,0.211733,0.211733,EOCLINGO-INF-MR,14.272363,1.4888412661589394,2294757.0,445953600.0,0.005145730407827182,44044800.0,0.05210052037925022,93595200.0
GroupAssignment,00452-group_assignment-p200-pr15-sat.asp,101326,156496,0.647467,0.419214,0.271427,1.54448,2.385419,3.684232,0.402957,0.189487,0.0,0.21792,19666,0.383574,0.213469,0.213469,EOCLINGO-INF-MR,13.684142,1.6186999521051448,1984667.0,385689600.0,0.005145762291749635,38092800.0,0.052100843203965054,80947200.0
GroupAssignment,00454-group_assignment-p200-pr15-sat.asp,107326,166096,0.646168,0.417534,0.269797,1.547584,2.395016,3.706489,0.402791,0.190075,0.0,0.216919,20866,0.384492,0.212716,0.212716,EOCLINGO-INF-MR,15.048971000000002,1.4891131094611052,2108335.0,409795200.0,0.005144850403323416,40473600.0,0.05209161033364959,86006400.0
GroupAssignment,00456-group_assignment-p200-pr15-middle.asp,107326,166096,0.646168,0.417534,0.269797,1.547584,2.395016,3.706489,0.402791,0.190075,0.0,0.216919,20866,0.384492,0.212716,0.212716,EOCLINGO-INF-MR,46.73642,2.386111858803049,8429089.0,409795200.0,0.020569028138933788,40473600.0,0.2082614099067046,86006400.0
GroupAssignment,00457-group_assignment-p200-pr15-middle.asp,122326,190096,0.643496,0.414087,0.266463,1.554011,2.414951,3.752862,0.402449,0.191292,0.0,0.214844,23866,0.386394,0.211157,0.211157,EOCLINGO-INF-MR,101.18554,1.5294966948834785,9669916.0,470059200.0,0.020571698203119947,46425600.0,0.20828844430658947,98654400.0
GroupAssignment,00458-group_assignment-p200-pr15-middle.asp,131326,204496,0.642193,0.412412,0.264849,1.557163,2.424757,3.775742,0.402281,0.191889,0.0,0.213827,25666,0.387326,0.210392,0.210392,EOCLINGO-L,161.040161,2.102412515596032,10417810.0,506217600.0,0.020579707224719173,49996800.0,0.20836953565028163,106243200.0
GroupAssignment,00459-group_assignment-p200-pr15-middle.asp,143326,223696,0.640718,0.410519,0.263027,1.56075,2.435939,3.801891,0.40209,0.192568,0.0,0.212669,28066,0.388387,0.209522,0.209522,EOCLINGO-INF-MR,60.57155,3.4146494847828723,11409446.0,554428800.0,0.020578739776865848,54758400.0,0.2083597402407667,116361600.0
GroupAssignment,00460-group_assignment-p200-pr15-middle.asp,122326,190096,0.643496,0.414087,0.266463,1.554011,2.414951,3.752862,0.402449,0.191292,0.0,0.214844,23866,0.386394,0.211157,0.211157,EOCLINGO-INF-MR,38.42245,3.5180060355339133,9671639.0,470059200.0,0.02057536369887027,46425600.0,0.2083255574510615,98654400.0
GroupAssignment,00461-group_assignment-p200-pr15-middle.asp,113326,175696,0.645012,0.41604,0.268351,1.550359,2.403613,3.726464,0.402644,0.190601,0.0,0.216023,22066,0.385313,0.212043,0.212043,EOCLINGO-L,125.67409,2.1486380366867985,8929943.0,433900800.0,0.0205806096693069,42854400.0,0.20837867290173237,91065600.0
GroupAssignment,00462-group_assignment-p200-pr15-middle.asp,116326,180496,0.64448,0.415354,0.267687,1.551639,2.407585,3.735703,0.402576,0.190843,0.0,0.21561,22666,0.385692,0.211733,0.211733,EOCLINGO-L,109.784713,2.469944517685263,9173539.0,445953600.0,0.020570613175899914,44044800.0,0.20827745840598663,93595200.0
GroupAssignment,00463-group_assignment-p200-pr15-middle.asp,116326,180496,0.64448,0.415354,0.267687,1.551639,2.407585,3.735703,0.402576,0.190843,0.0,0.21561,22666,0.385692,0.211733,0.211733,EOCLINGO-L,100.430064,1.8933558580625816,9179575.0,445953600.0,0.020584148216316676,44044800.0,0.20841450069020634,93595200.0
GroupAssignment,00464-group_assignment-p200-pr15-middle.asp,146326,228496,0.640388,0.410096,0.262621,1.561554,2.438452,3.807775,0.402047,0.19272,0.0,0.212409,28666,0.388625,0.209327,0.209327,EOCLINGO-L,188.56835,3.2125549701209137,11653149.0,566481600.0,0.020571098867112364,55948800.0,0.2082823760295127,118891200.0
GroupAssignment,00465-group_assignment-p200-pr15-middle.asp,128326,199696,0.642607,0.412943,0.26536,1.556162,2.421639,3.768462,0.402335,0.191699,0.0,0.21415,25066,0.38703,0.210635,0.210635,EOCLINGO-INF-MR,136.69502,1.3729161457381551,10166703.0,494164800.0,0.020573507056755154,48806400.0,0.20830675894964595,103713600.0
GroupAssignment,00483-group_assignment-p250-pr15-sat.asp,149126,231596,0.643906,0.414615,0.266973,1.553022,2.411878,3.745701,0.402545,0.191114,0.0,0.215127,29066,0.386023,0.211432,0.211432,EOCLINGO-INF-MR,35.27235,1.666985074711495,2940050.0,571584600.0,0.005143683017352112,56452800.0,0.05207979055069013,119962200.0
GroupAssignment,00486-group_assignment-p250-pr15-middle.asp,126626,195596,0.647385,0.419108,0.271324,1.544675,2.38602,3.685626,0.402998,0.189535,0.0,0.217815,24566,0.383539,0.213463,0.213463,EOCLINGO-INF-MR,120.57292,1.3656298777536449,9901373.0,481334400.0,0.020570673943104835,47539200.0,0.20827807367393647,101020800.0
GroupAssignment,00488-group_assignment-p250-pr15-middle.asp,156626,243596,0.642974,0.413416,0.265816,1.555272,2.41887,3.762001,0.402424,0.191539,0.0,0.214402,30566,0.386692,0.210885,0.210885,EOCLINGO-INF-MR,134.78846,1.7957155679351189,12383432.0,601668000.0,0.020581835829726693,59424000.0,0.20839108777598278,126276000.0
GroupAssignment,00489-group_assignment-p250-pr15-middle.asp,119126,183596,0.648849,0.421004,0.273168,1.541192,2.375272,3.660749,0.403187,0.188876,0.0,0.218936,23066,0.382503,0.214311,0.214311,EOCLINGO-INF-MR,91.70586,1.421307515135892,9281157.0,451251000.0,0.020567615362625236,44568000.0,0.20824710554658052,94707000.0
GroupAssignment,00490-group_assignment-p250-pr15-middle.asp,134126,207596,0.646091,0.417434,0.269701,1.547769,2.395587,3.707815,0.40283,0.19012,0.0,0.216819,26066,0.384459,0.21271,0.21271,EOCLINGO-L,151.441429,2.8350563834154,10521203.0,511417800.0,0.020572617926087045,50510400.0,0.20829775650163135,107334600.0
GroupAssignment,00491-group_assignment-p250-pr15-middle.asp,156626,243596,0.642974,0.413416,0.265816,1.555272,2.41887,3.762001,0.402424,0.191539,0.0,0.214402,30566,0.386692,0.210885,0.210885,EOCLINGO-INF-MR,163.27966,1.4756283360707634,12380349.0,601668000.0,0.02057671174135902,59424000.0,0.2083392063812601,126276000.0
GroupAssignment,00492-group_assignment-p250-pr15-middle.asp,137876,213596,0.645499,0.416669,0.268959,1.549189,2.399987,3.718034,0.402753,0.190388,0.0,0.216361,26816,0.384882,0.212365,0.212365,EOCLINGO-L,133.40569000000002,1.5612375304231774,10834995.0,526459500.0,0.02058087089320261,51996000.0,0.20838131779367644,110491500.0
GroupAssignment,00493-group_assignment-p250-pr15-middle.asp,141626,219596,0.644939,0.415946,0.26826,1.550535,2.404157,3.727729,0.40268,0.190643,0.0,0.215928,27566,0.385282,0.212037,0.212037,EOCLINGO-INF-MR,141.37791,1.349484307697009,11141364.0,541501200.0,0.02057495717461014,53481600.0,0.20832144139292766,113648400.0
GroupAssignment,00494-group_assignment-p250-pr15-middle.asp,126626,195596,0.647385,0.419108,0.271324,1.544675,2.38602,3.685626,0.402998,0.189535,0.0,0.217815,24566,0.383539,0.213463,0.213463,EOCLINGO-INF-MR,108.70032,1.7628663926656334,9908428.0,481334400.0,0.02058533111283964,47539200.0,0.20842647751750135,101020800.0
GroupAssignment,00495-group_assignment-p250-pr15-middle.asp,145376,225596,0.644409,0.415262,0.267599,1.55181,2.408116,3.736939,0.402611,0.190884,0.0,0.215517,28316,0.385662,0.211727,0.211727,EOCLINGO-L,194.606956,1.8230653584653984,11446167.0,556542900.0,0.020566549317222446,54967200.0,0.20823631183687727,116805300.0
GroupAssignment,00511-group_assignment-p300-pr15-sat.asp,160926,249096,0.64604,0.417368,0.269636,1.547892,2.395968,3.708699,0.402856,0.19015,0.0,0.216752,31266,0.384438,0.212706,0.212706,EOCLINGO-L,49.134112,1.372480691215097,3162759.0,614692800.0,0.0051452676849314,60710400.0,0.05209583530993042,129009600.0
GroupAssignment,00512-group_assignment-p300-pr15-sat.asp,142926,220296,0.648791,0.420929,0.273095,1.541329,2.375695,3.661728,0.403216,0.188909,0.0,0.218862,27666,0.382478,0.214307,0.214307,EOCLINGO-L,24.712794,1.7111703354950476,2789875.0,542376000.0,0.005143802454385888,53568000.0,0.05208099985065711,113832000.0
GroupAssignment,00513-group_assignment-p300-pr15-sat.asp,223926,349896,0.639979,0.409573,0.262118,1.562552,2.441568,3.815078,0.402052,0.192921,0.0,0.212039,43866,0.388816,0.209132,0.209132,EOCLINGO-INF-MR,74.18436,1.3766869458737665,4467950.0,867801600.0,0.005148584653450743,85708800.0,0.05212941961618877,182131200.0
GroupAssignment,00514-group_assignment-p300-pr15-sat.asp,169926,263496,0.64489,0.415883,0.268199,1.550651,2.40452,3.728572,0.402705,0.190671,0.0,0.215865,33066,0.385262,0.212033,0.212033,EOCLINGO-INF-MR,34.47065,1.2602600763258018,3348514.0,650851200.0,0.005144822656853057,64281600.0,0.052091329400637196,136598400.0
GroupAssignment,00515-group_assignment-p300-pr15-sat.asp,142926,220296,0.648791,0.420929,0.273095,1.541329,2.375695,3.661728,0.403216,0.188909,0.0,0.218862,27666,0.382478,0.214307,0.214307,EOCLINGO-INF-MR,23.85698,1.388335824567904,2790619.0,542376000.0,0.00514517419649837,53568000.0,0.052094888739546,113832000.0
GroupAssignment,00516-group_assignment-p300-pr15-middle.asp,174426,270696,0.644361,0.415201,0.26754,1.551925,2.40847,3.737764,0.402635,0.190912,0.0,0.215455,33966,0.385642,0.211723,0.211723,EOCLINGO-L,343.974154,2.276837259115695,13764189.0,668930400.0,0.02057641422784792,66067200.0,0.2083361940569602,140392800.0
GroupAssignment,00519-group_assignment-p300-pr15-middle.asp,187926,292296,0.64293,0.41336,0.265761,1.555378,2.419201,3.762773,0.402446,0.191565,0.0,0.214345,36666,0.386673,0.210881,0.210881,EOCLINGO-L,287.494865,2.117329991267844,14879131.0,723168000.0,0.020574930030089828,71424000.0,0.2083211665546595,151776000.0
GroupAssignment,00520-group_assignment-p300-pr15-middle.asp,214926,335496,0.640622,0.410396,0.262909,1.560984,2.43667,3.803603,0.402138,0.192624,0.0,0.212543,42066,0.388348,0.209514,0.209514,EOCLINGO-INF-MR,303.26444000000004,2.316791147686158,17111763.0,831643200.0,0.020575846709261856,82137600.0,0.2083304479312763,174542400.0
GroupAssignment,00521-group_assignment-p300-pr15-middle.asp,174426,270696,0.644361,0.415201,0.26754,1.551925,2.40847,3.737764,0.402635,0.190912,0.0,0.215455,33966,0.385642,0.211723,0.211723,EOCLINGO-L,325.009371,2.332706831397794,13757815.0,668930400.0,0.0205668855833133,66067200.0,0.20823971653104717,140392800.0
GroupAssignment,00522-group_assignment-p300-pr15-middle.asp,187926,292296,0.64293,0.41336,0.265761,1.555378,2.419201,3.762773,0.402446,0.191565,0.0,0.214345,36666,0.386673,0.210881,0.210881,EOCLINGO-INF-MR,347.76309000000003,1.3187948439266513,14876660.0,723168000.0,0.02057151312004956,71424000.0,0.2082865703405018,151776000.0
GroupAssignment,00523-group_assignment-p300-pr15-middle.asp,160926,249096,0.64604,0.417368,0.269636,1.547892,2.395968,3.708699,0.402856,0.19015,0.0,0.216752,31266,0.384438,0.212706,0.212706,EOCLINGO-INF-MR,118.71715,1.5658195045955872,12639977.0,614692800.0,0.02056307963913031,60710400.0,0.2082011813461944,129009600.0
GroupAssignment,00524-group_assignment-p300-pr15-middle.asp,196926,306696,0.642089,0.412278,0.264719,1.557418,2.425549,3.777593,0.402334,0.19195,0.0,0.213689,38466,0.387283,0.210384,0.210384,EOCLINGO-INF-MR,359.55546,2.404283528332458,15625009.0,759326400.0,0.02057746049656643,74995200.0,0.2083467875277351,159364800.0
GroupAssignment,00525-group_assignment-p300-pr15-middle.asp,115926,177096,0.654594,0.428493,0.280489,1.527664,2.333758,3.565198,0.403965,0.186326,0.0,0.223254,22266,0.378397,0.217639,0.217639,EOCLINGO-INF-MR,56.835730000000005,1.8025070145135813,8926306.0,433900800.0,0.020572227569066476,42854400.0,0.2082938041367981,91065600.0
GroupAssignment,00541-group_assignment-p50-pr20-sat.asp,44211,69221,0.638693,0.407929,0.260542,1.565696,2.451405,3.838156,0.401258,0.193391,0.0,0.211508,8731,0.390876,0.207867,0.207867,CLINGO-AMO,1.066055,3.556222708959669,657280.0,170367300.0,0.003858017354269276,16826400.0,0.03906242571197642,35756100.0
GroupAssignment,00542-group_assignment-p50-pr20-sat.asp,47961,75221,0.637601,0.406535,0.259207,1.568378,2.459811,3.857915,0.401159,0.193908,0.0,0.210609,9481,0.391589,0.207252,0.207252,CLINGO-AMO,0.800886,2.01672397819415,714894.0,185311800.0,0.0038577899518541185,18302400.0,0.03906012326252295,38892600.0
GroupAssignment,00543-group_assignment-p50-pr20-sat.asp,38211,59621,0.640898,0.410751,0.263249,1.56031,2.434567,3.798679,0.401455,0.192353,0.0,0.213316,7531,0.389443,0.209102,0.209102,CLINGO-AMO,0.7741520000000001,3.3679006189998857,565191.0,146456100.0,0.0038591154619029185,14464800.0,0.03907354405176705,30737700.0
GroupAssignment,00544-group_assignment-p50-pr20-sat.asp,44211,69221,0.638693,0.407929,0.260542,1.565696,2.451405,3.838156,0.401258,0.193391,0.0,0.211508,8731,0.390876,0.207867,0.207867,CLINGO-AMO,1.139964,2.02828334929875,657179.0,170367300.0,0.0038574245174983696,16826400.0,0.03905642323967099,35756100.0
GroupAssignment,00545-group_assignment-p50-pr20-sat.asp,36711,57221,0.641565,0.411606,0.264072,1.558688,2.429509,3.786846,0.401515,0.192041,0.0,0.21386,7231,0.389011,0.209474,0.209474,CLINGO-AMO,0.667134,1.9357325514814117,541843.0,140478300.0,0.0038571295353090123,13874400.0,0.03905343654500375,29483100.0
GroupAssignment,00546-group_assignment-p50-pr20-middle.asp,38211,59621,0.640898,0.410751,0.263249,1.56031,2.434567,3.798679,0.401455,0.192353,0.0,0.213316,7531,0.389443,0.209102,0.209102,EOCLINGO-INF-MR,7.380783,1.2749738069795575,2259960.0,146456100.0,0.015430972147967889,14464800.0,0.15623859299817489,30737700.0
GroupAssignment,00547-group_assignment-p50-pr20-middle.asp,38961,60821,0.640585,0.410349,0.262863,1.561074,2.436952,3.804262,0.401427,0.1925,0.0,0.213059,7681,0.389646,0.208927,0.208927,EOCLINGO-INF-MR,4.747966,1.8139634951050616,2306271.0,149445000.0,0.015432239285355816,14760000.0,0.15625142276422765,31365000.0
GroupAssignment,00548-group_assignment-p50-pr20-middle.asp,32211,50021,0.64395,0.414671,0.267027,1.552917,2.41155,3.744937,0.401726,0.190929,0.0,0.215796,6331,0.387476,0.210798,0.210798,EOCLINGO-L,6.77259,1.2686883452268631,1891471.0,122544900.0,0.015434922220345359,12103200.0,0.15627858748099677,25719300.0
GroupAssignment,00549-group_assignment-p50-pr20-middle.asp,41211,64421,0.639714,0.409234,0.261792,1.563199,2.443592,3.81982,0.401349,0.19291,0.0,0.212346,8131,0.390211,0.208439,0.208439,EOCLINGO-INF-MR,5.802357,2.111383701485448,2443446.0,158411700.0,0.015424656133353786,15645600.0,0.1561746433502071,33246900.0
GroupAssignment,00550-group_assignment-p50-pr20-middle.asp,39711,62021,0.640283,0.409962,0.262492,1.561809,2.439248,3.809639,0.4014,0.192642,0.0,0.212813,7831,0.389842,0.208758,0.208758,EOCLINGO-INF-MR,5.247701,1.618699312327436,2352594.0,152433900.0,0.015433535453727812,15055200.0,0.1562645464689941,31992300.0
GroupAssignment,00551-group_assignment-p50-pr20-middle.asp,41961,65621,0.639445,0.40889,0.261462,1.563857,2.445648,3.824644,0.401325,0.193036,0.0,0.212126,8281,0.390386,0.208289,0.208289,EOCLINGO-INF-MR,5.806101,2.016695713698401,2490021.0,161400600.0,0.015427582053598314,15940800.0,0.15620426829268294,33874200.0
GroupAssignment,00555-group_assignment-p50-pr20-middle.asp,37461,58421,0.641225,0.411169,0.263652,1.559515,2.432088,3.792878,0.401484,0.1922,0.0,0.213582,7381,0.389231,0.209284,0.209284,EOCLINGO-INF-MR,4.321606,1.531042394887456,2214873.0,143467200.0,0.015438183779985949,14169600.0,0.15631161077235772,30110400.0
GroupAssignment,00571-group_assignment-p100-pr20-sat.asp,76261,119121,0.640198,0.409853,0.262387,1.562017,2.439898,3.811163,0.401778,0.192759,0.0,0.212441,14981,0.389203,0.209019,0.209019,EOCLINGO-INF-MR,6.605945,1.5782320319045948,1139873.0,295293600.0,0.003860134456012592,29164800.0,0.0390838613671275,61975200.0
GroupAssignment,00572-group_assignment-p100-pr20-sat.asp,70261,109521,0.64153,0.411561,0.264028,1.558774,2.429775,3.78747,0.40193,0.192141,0.0,0.213504,13781,0.388281,0.209789,0.209789,CLINGO-AMO,2.3267200000000003,2.7037103734011825,1045843.0,271188000.0,0.003856523887487647,26784000.0,0.039047304360812427,56916000.0
GroupAssignment,00573-group_assignment-p100-pr20-sat.asp,79261,123921,0.639609,0.4091,0.261664,1.563455,2.444391,3.821696,0.401711,0.193033,0.0,0.211971,15581,0.389612,0.208678,0.208678,EOCLINGO-INF-MR,7.177385999999999,1.309100694876937,1185740.0,307346400.0,0.003857992154780404,30355200.0,0.03906217056715159,64504800.0
GroupAssignment,00575-group_assignment-p100-pr20-sat.asp,86761,135921,0.638319,0.407452,0.260084,1.566614,2.45428,3.844909,0.401563,0.193635,0.0,0.210936,17081,0.39051,0.207928,0.207928,CLINGO-AMO,7.622577,1.3727940039175728,1301958.0,337478400.0,0.003857900238948626,33331200.0,0.03906123991935484,70828800.0
GroupAssignment,00576-group_assignment-p100-pr20-middle.asp,70261,109521,0.64153,0.411561,0.264028,1.558774,2.429775,3.78747,0.40193,0.192141,0.0,0.213504,13781,0.388281,0.209789,0.209789,EOCLINGO-INF-MR,23.826716,1.2945212424574162,4184953.0,271188000.0,0.01543192545392864,26784000.0,0.15624824522102748,56916000.0
GroupAssignment,00577-group_assignment-p100-pr20-middle.asp,77761,121521,0.639898,0.409469,0.262018,1.56275,2.442187,3.816528,0.401744,0.192899,0.0,0.212201,15281,0.389411,0.208845,0.208845,EOCLINGO-INF-MR,20.616753,1.794267118590401,4649181.0,301320000.0,0.015429380724810832,29760000.0,0.15622247983870968,63240000.0
GroupAssignment,00578-group_assignment-p100-pr20-middle.asp,83761,131121,0.638807,0.408074,0.260681,1.565418,2.450534,3.836111,0.401619,0.193407,0.0,0.211327,16481,0.39017,0.208211,0.208211,EOCLINGO-L,32.191752,1.235754114904961,5021771.0,325425600.0,0.015431395071561672,32140800.0,0.15624287509956192,68299200.0
GroupAssignment,00579-group_assignment-p100-pr20-middle.asp,79261,123921,0.639609,0.4091,0.261664,1.563455,2.444391,3.821696,0.401711,0.193033,0.0,0.211971,15581,0.389612,0.208678,0.208678,EOCLINGO-INF-MR,21.032149,1.6749455797408053,4744022.0,307346400.0,0.01543542400366492,30355200.0,0.1562836680371073,64504800.0
GroupAssignment,00581-group_assignment-p100-pr20-middle.asp,64261,99921,0.643118,0.413601,0.265994,1.554924,2.41779,3.759481,0.40211,0.191407,0.0,0.214765,12581,0.387187,0.210703,0.210703,EOCLINGO-INF-MR,16.277022,1.4867196837357597,3812228.0,247082400.0,0.015428974301690448,24403200.0,0.1562183648046158,51856800.0
GroupAssignment,00582-group_assignment-p100-pr20-middle.asp,85261,133521,0.638559,0.407757,0.260377,1.566027,2.45244,3.840586,0.40159,0.193523,0.0,0.211128,16781,0.390343,0.208067,0.208067,EOCLINGO-L,44.545884,1.3107888935372796,5112855.0,331452000.0,0.01542562724014337,32736000.0,0.15618447580645162,69564000.0
GroupAssignment,00583-group_assignment-p100-pr20-middle.asp,73261,114321,0.640836,0.410671,0.263172,1.560462,2.435041,3.799789,0.401851,0.192463,0.0,0.212951,14381,0.388761,0.209388,0.209388,EOCLINGO-L,20.760532,2.160668618703991,4370212.0,283240800.0,0.015429316680365257,27974400.0,0.15622183138869825,59445600.0
GroupAssignment,00584-group_assignment-p100-pr20-middle.asp,77761,121521,0.639898,0.409469,0.262018,1.56275,2.442187,3.816528,0.401744,0.192899,0.0,0.212201,15281,0.389411,0.208845,0.208845,EOCLINGO-INF-MR,20.517138,1.7892615432035406,4648646.0,301320000.0,0.015427605203770078,29760000.0,0.15620450268817204,63240000.0
GroupAssignment,00585-group_assignment-p100-pr20-middle.asp,88261,138321,0.638088,0.407157,0.259802,1.567181,2.456058,3.849088,0.401536,0.193744,0.0,0.21075,17381,0.390671,0.207793,0.207793,EOCLINGO-INF-MR,39.494528,1.42651225000081,5299234.0,343504800.0,0.01542695764367776,33926400.0,0.1561979461422373,72093600.0
GroupAssignment,00601-group_assignment-p150-pr20-sat.asp,123311,193021,0.638848,0.408126,0.26073,1.565319,2.450222,3.835378,0.401748,0.193413,0.0,0.211263,24231,0.389917,0.208335,0.208335,EOCLINGO-INF-MR,12.104533,1.4436034004781515,1853492.0,480386700.0,0.003858333296904348,47445600.0,0.03906562463115652,100821900.0
GroupAssignment,00602-group_assignment-p150-pr20-sat.asp,118811,185821,0.639384,0.408812,0.261388,1.564005,2.446112,3.825731,0.401815,0.193164,0.0,0.211689,23331,0.389535,0.208651,0.208651,EOCLINGO-INF-MR,10.781811,1.922525538613133,1783034.0,462258900.0,0.0038572194067004444,45655200.0,0.039054346492842,97017300.0
GroupAssignment,00603-group_assignment-p150-pr20-sat.asp,121061,189421,0.639111,0.408463,0.261053,1.564674,2.448205,3.830642,0.401781,0.193291,0.0,0.211472,23781,0.389729,0.20849,0.20849,EOCLINGO-INF-MR,13.476298,1.9665509029260115,1818095.0,471322800.0,0.003857430618675778,46550400.0,0.03905648501409225,98919600.0
GroupAssignment,00604-group_assignment-p150-pr20-sat.asp,114311,178621,0.639964,0.409554,0.2621,1.562588,2.441681,3.815342,0.401886,0.192895,0.0,0.212149,22431,0.389123,0.208991,0.208991,EOCLINGO-L,17.72063,2.0601752872217296,1713828.0,444131100.0,0.0038588335741406086,43864800.0,0.03907068993817366,93212700.0
GroupAssignment,00605-group_assignment-p150-pr20-sat.asp,123311,193021,0.638848,0.408126,0.26073,1.565319,2.450222,3.835378,0.401748,0.193413,0.0,0.211263,24231,0.389917,0.208335,0.208335,EOCLINGO-INF-MR,15.433102,1.4469144310716018,1853073.0,480386700.0,0.0038574610829150767,47445600.0,0.03905679346451515,100821900.0
GroupAssignment,00606-group_assignment-p150-pr20-middle.asp,145811,229021,0.636671,0.40535,0.258074,1.57067,2.467005,3.874851,0.401479,0.19443,0.0,0.209525,28731,0.391473,0.207049,0.207049,EOCLINGO-INF-MR,108.82553,1.476559388224436,8810023.0,571025700.0,0.01542841767016791,56397600.0,0.1562127289104501,119844900.0
GroupAssignment,00607-group_assignment-p150-pr20-middle.asp,114311,178621,0.639964,0.409554,0.2621,1.562588,2.441681,3.815342,0.401886,0.192895,0.0,0.212149,22431,0.389123,0.208991,0.208991,EOCLINGO-INF-MR,33.0616,2.1605189101555884,6858531.0,444131100.0,0.015442582156484875,43864800.0,0.15635614433440936,93212700.0
GroupAssignment,00608-group_assignment-p150-pr20-middle.asp,94061,146221,0.64328,0.413809,0.266195,1.554534,2.416575,3.756648,0.402292,0.191365,0.0,0.214765,18381,0.386781,0.210927,0.210927,EOCLINGO-INF-MR,22.206638,1.9076346451002624,5595966.0,362556000.0,0.015434763181411975,35808000.0,0.15627697721179626,76092000.0
GroupAssignment,00609-group_assignment-p150-pr20-middle.asp,103061,160621,0.641641,0.411703,0.264165,1.558504,2.428935,3.785506,0.402092,0.192119,0.0,0.213476,20181,0.387935,0.209973,0.209973,EOCLINGO-INF-MR,55.17076,1.256931515897189,6153744.0,398811600.0,0.015430203133509656,39388800.0,0.15623080672678527,83701200.0
GroupAssignment,00610-group_assignment-p150-pr20-middle.asp,127811,200221,0.63835,0.40749,0.260121,1.56654,2.454046,3.844361,0.401687,0.193645,0.0,0.210866,25131,0.390272,0.208042,0.208042,EOCLINGO-L,122.22907,1.2641652268155197,7691140.0,498514500.0,0.015428116935415119,49236000.0,0.15620968397107807,104626500.0
GroupAssignment,00611-group_assignment-p150-pr20-middle.asp,123311,193021,0.638848,0.408126,0.26073,1.565319,2.450222,3.835378,0.401748,0.193413,0.0,0.211263,24231,0.389917,0.208335,0.208335,EOCLINGO-INF-MR,32.91019,2.980551039055077,7413704.0,480386700.0,0.015432783630354462,47445600.0,0.15625693425733894,100821900.0
GroupAssignment,00612-group_assignment-p150-pr20-middle.asp,107561,167821,0.640927,0.410787,0.263285,1.56024,2.43435,3.79817,0.402004,0.192449,0.0,0.212912,21081,0.38844,0.209556,0.209556,EOCLINGO-INF-MR,36.1696,2.114476162302044,6431926.0,416939400.0,0.015426524813917802,41179200.0,0.15619356374091775,87505800.0
GroupAssignment,00613-group_assignment-p150-pr20-middle.asp,141311,221821,0.63705,0.405832,0.258535,1.569736,2.464072,3.867943,0.401526,0.194252,0.0,0.209828,27831,0.391201,0.207273,0.207273,EOCLINGO-INF-MR,45.25414,2.875238707442015,8532530.0,552897900.0,0.015432379106522199,54607200.0,0.15625283845353727,116040300.0
GroupAssignment,00631-group_assignment-p200-pr20-sat.asp,152361,238121,0.639847,0.409404,0.261956,1.562874,2.442574,3.817435,0.40194,0.192963,0.0,0.212003,29881,0.389083,0.208977,0.208977,EOCLINGO-INF-MR,15.464355,2.668108110554886,2278006.0,590587200.0,0.003857188235708461,58329600.0,0.039054030886548165,123950400.0
GroupAssignment,00632-group_assignment-p200-pr20-sat.asp,191361,300521,0.636764,0.405469,0.258188,1.57044,2.466282,3.873149,0.401545,0.194397,0.0,0.209557,37681,0.391308,0.207148,0.207148,EOCLINGO-INF-MR,31.35593,1.6913698620962605,2883726.0,747273600.0,0.0038589962230701044,73804800.0,0.039072336758584805,156835200.0
GroupAssignment,00633-group_assignment-p200-pr20-sat.asp,167361,262121,0.638488,0.407666,0.26029,1.566201,2.452986,3.84187,0.401766,0.193593,0.0,0.210927,32881,0.390061,0.208173,0.208173,EOCLINGO-INF-MR,16.73102,2.7065738968694077,2510301.0,650851200.0,0.003856950713158399,64281600.0,0.039051625970728795,136598400.0
GroupAssignment,00634-group_assignment-p200-pr20-sat.asp,140361,218921,0.641149,0.411072,0.263559,1.5597,2.432663,3.794223,0.402106,0.192361,0.0,0.213029,27481,0.388149,0.209745,0.209745,EOCLINGO-INF-MR,16.168427,1.6706377806573267,2092496.0,542376000.0,0.0038580173164004306,53568000.0,0.03906242532855436,113832000.0
GroupAssignment,00635-group_assignment-p200-pr20-sat.asp,158361,247721,0.639272,0.408668,0.26125,1.56428,2.446973,3.827752,0.401867,0.193229,0.0,0.211548,31081,0.389496,0.208637,0.208637,EOCLINGO-INF-MR,26.00522,1.3725370906302656,2370799.0,614692800.0,0.003856884284312424,60710400.0,0.039050953378663295,129009600.0
GroupAssignment,00636-group_assignment-p200-pr20-middle.asp,143361,223721,0.640803,0.410628,0.263131,1.560543,2.435294,3.800381,0.402062,0.192521,0.0,0.212757,28081,0.388397,0.209541,0.209541,EOCLINGO-INF-MR,78.8606,1.6250309279919248,8558951.0,554428800.0,0.015437421360506525,54758400.0,0.15630389127512856,116361600.0
GroupAssignment,00638-group_assignment-p200-pr20-middle.asp,155361,242921,0.639554,0.409029,0.261596,1.563591,2.444816,3.822691,0.401903,0.193099,0.0,0.211771,30481,0.389293,0.208804,0.208804,EOCLINGO-INF-MR,107.75672,1.6080876997740836,9302392.0,602640000.0,0.015436067967609187,59520000.0,0.15629018817204302,126480000.0
GroupAssignment,00639-group_assignment-p200-pr20-middle.asp,167361,262121,0.638488,0.407666,0.26029,1.566201,2.452986,3.84187,0.401766,0.193593,0.0,0.210927,32881,0.390061,0.208173,0.208173,EOCLINGO-INF-MR,118.9013,1.9855387199298915,10043631.0,650851200.0,0.01543153181556706,64281600.0,0.15624425963261648,136598400.0
GroupAssignment,00640-group_assignment-p200-pr20-middle.asp,203361,319721,0.636058,0.404569,0.257329,1.572184,2.471764,3.886069,0.401454,0.194728,0.0,0.208993,40081,0.39182,0.206726,0.206726,EOCLINGO-INF-MR,244.03088,1.7401790298014743,12274266.0,795484800.0,0.015429918962625055,78566400.0,0.15622792949657868,166953600.0
GroupAssignment,00641-group_assignment-p200-pr20-middle.asp,149361,233321,0.640152,0.409795,0.262331,1.562128,2.440244,3.811973,0.401979,0.192821,0.0,0.212244,29281,0.388863,0.209158,0.209158,EOCLINGO-L,174.52544500000002,1.3939456220839317,8925162.0,578534400.0,0.01542719326629497,57139200.0,0.15620033182123655,121420800.0
GroupAssignment,00645-group_assignment-p200-pr20-middle.asp,176361,276521,0.637785,0.40677,0.259432,1.567926,2.458392,3.854577,0.401676,0.19392,0.0,0.21037,34681,0.390568,0.207756,0.207756,EOCLINGO-L,257.044148,2.160616432318078,10602258.0,687009600.0,0.015432474306035898,67852800.0,0.15625380234861347,144187200.0
GroupAssignment,00662-group_assignment-p250-pr20-sat.asp,164161,255621,0.642205,0.412427,0.264862,1.557136,2.424672,3.775545,0.402288,0.191885,0.0,0.213821,32081,0.387309,0.210403,0.210403,EOCLINGO-INF-MR,21.769482,2.3152249098072244,2437455.0,631751400.0,0.0038582502547679356,62395200.0,0.03906478382952535,132589800.0
GroupAssignment,00663-group_assignment-p250-pr20-sat.asp,194161,303621,0.639485,0.408941,0.261511,1.563759,2.445342,3.823925,0.401934,0.193139,0.0,0.211685,38081,0.38927,0.208796,0.208796,EOCLINGO-INF-MR,24.25231,1.8466269810999447,2901098.0,752085000.0,0.003857407074998172,74280000.0,0.03905624663435649,157845000.0
GroupAssignment,00664-group_assignment-p250-pr20-sat.asp,201661,315621,0.638934,0.408237,0.260836,1.565107,2.449559,3.833822,0.401863,0.193394,0.0,0.211251,39581,0.389669,0.208469,0.208469,EOCLINGO-L,44.560970000000005,2.33338681810562,3016955.0,782168400.0,0.003857168098327675,77251200.0,0.039053826995567704,164158800.0
GroupAssignment,00665-group_assignment-p250-pr20-sat.asp,220411,345621,0.637725,0.406693,0.259358,1.568075,2.45886,3.855676,0.401704,0.193956,0.0,0.210293,43331,0.390548,0.207748,0.207748,EOCLINGO-INF-MR,44.80147,1.57421486393192,3306795.0,857376900.0,0.003856874380450418,84679200.0,0.03905085310206048,179943300.0
GroupAssignment,00666-group_assignment-p250-pr20-middle.asp,175411,273621,0.641073,0.410974,0.263465,1.559885,2.433241,3.795577,0.402141,0.192405,0.0,0.212934,34331,0.388123,0.209736,0.209736,EOCLINGO-INF-MR,140.23005,1.254247680864408,10449160.0,676876500.0,0.015437321283867884,66852000.0,0.15630287799916232,142060500.0
GroupAssignment,00668-group_assignment-p250-pr20-middle.asp,246661,387621,0.636346,0.404936,0.257679,1.571473,2.469526,3.880793,0.401523,0.194599,0.0,0.209198,48581,0.391554,0.206924,0.206924,EOCLINGO-INF-MR,506.95482,1.2475526517333435,14857756.0,962668800.0,0.015433922861112772,95078400.0,0.15626846896876684,202041600.0
GroupAssignment,00669-group_assignment-p250-pr20-middle.asp,186661,291621,0.640081,0.409703,0.262243,1.562303,2.44079,3.813253,0.402012,0.192863,0.0,0.212155,36581,0.388839,0.209149,0.209149,EOCLINGO-INF-MR,101.44784,2.070102133273611,11144176.0,722001600.0,0.015435112609168734,71308800.0,0.15628051516783342,151531200.0
GroupAssignment,00671-group_assignment-p250-pr20-middle.asp,179161,279621,0.640728,0.410532,0.26304,1.560725,2.435862,3.801709,0.402096,0.192564,0.0,0.212663,35081,0.388371,0.209532,0.209532,EOCLINGO-L,246.61359,1.5675522180265895,10674601.0,691918200.0,0.015427547649418675,68337600.0,0.15620391995036406,145217400.0
GroupAssignment,00672-group_assignment-p250-pr20-middle.asp,224161,351621,0.637507,0.406416,0.259093,1.568609,2.460535,3.859617,0.401676,0.194057,0.0,0.210121,44081,0.390706,0.207619,0.207619,EOCLINGO-L,393.41835,1.3975252552403823,13462146.0,872418600.0,0.01543083331785911,86164800.0,0.15623718734332348,183100200.0
GroupAssignment,00673-group_assignment-p250-pr20-middle.asp,179161,279621,0.640728,0.410532,0.26304,1.560725,2.435862,3.801709,0.402096,0.192564,0.0,0.212663,35081,0.388371,0.209532,0.209532,EOCLINGO-L,251.61903,3.742702052384512,10679340.0,691918200.0,0.01543439672493078,68337600.0,0.15627326683992415,145217400.0
GroupAssignment,00674-group_assignment-p250-pr20-middle.asp,201661,315621,0.638934,0.408237,0.260836,1.565107,2.449559,3.833822,0.401863,0.193394,0.0,0.211251,39581,0.389669,0.208469,0.208469,EOCLINGO-INF-MR,161.37792,1.9354302620829416,12072782.0,782168400.0,0.01543501629572353,77251200.0,0.15627953999420074,164158800.0
GroupAssignment,00675-group_assignment-p250-pr20-middle.asp,205411,321621,0.638674,0.407905,0.260518,1.565744,2.451554,3.838505,0.401829,0.193514,0.0,0.211045,40331,0.389857,0.208314,0.208314,EOCLINGO-INF-MR,128.09115,2.719441819360666,12301655.0,797210100.0,0.015430882022192142,78736800.0,0.15623768047469544,167315700.0
GroupAssignment,00691-group_assignment-p300-pr20-sat.asp,205961,321121,0.641381,0.41137,0.263845,1.559135,2.430902,3.790104,0.402212,0.192269,0.0,0.213152,40281,0.387845,0.209943,0.209943,EOCLINGO-INF-MR,39.96524,1.5371114998934072,3067770.0,795484800.0,0.003856478464453375,78566400.0,0.03904684445259042,166953600.0
GroupAssignment,00692-group_assignment-p300-pr20-sat.asp,264461,414721,0.637684,0.406641,0.259309,1.568175,2.459171,3.85641,0.401723,0.193979,0.0,0.210243,51981,0.390534,0.207743,0.207743,EOCLINGO-INF-MR,50.83698,1.9731050113519728,3975909.0,1030514400.0,0.0038581789832340045,101779200.0,0.03906406220524429,216280800.0
GroupAssignment,00693-group_assignment-p300-pr20-sat.asp,241961,378721,0.63889,0.40818,0.260782,1.565215,2.449898,3.834617,0.401883,0.19342,0.0,0.211195,47481,0.389654,0.208463,0.208463,EOCLINGO-INF-MR,46.3236,1.5483252596948422,3627652.0,940118400.0,0.0038587182210240755,92851200.0,0.03906952198786876,197308800.0
GroupAssignment,00694-group_assignment-p300-pr20-sat.asp,237461,371521,0.639159,0.408524,0.261112,1.564556,2.447835,3.829775,0.401919,0.193295,0.0,0.211407,46581,0.389458,0.208624,0.208624,EOCLINGO-INF-MR,34.49625,2.0567406602166898,3556758.0,922039200.0,0.0038574910914850476,91065600.0,0.039057097301286106,193514400.0
GroupAssignment,00695-group_assignment-p300-pr20-sat.asp,259961,407521,0.637908,0.406927,0.259582,1.567624,2.457444,3.852347,0.401753,0.193875,0.0,0.21042,51081,0.39037,0.207877,0.207877,EOCLINGO-INF-MR,44.25789,2.5789591415225623,3904843.0,1012435200.0,0.003856881902170134,99993600.0,0.03905092925947261,212486400.0
GroupAssignment,00696-group_assignment-p300-pr20-middle.asp,196961,306721,0.64215,0.412357,0.264795,1.557268,2.425083,3.776503,0.402313,0.191916,0.0,0.213753,38481,0.38729,0.210397,0.210397,EOCLINGO-INF-MR,120.31325,2.118974344056037,11721337.0,759326400.0,0.01543649344998409,74995200.0,0.15629449618108893,159364800.0
GroupAssignment,00697-group_assignment-p300-pr20-middle.asp,223961,349921,0.640033,0.409642,0.262185,1.562419,2.441154,3.814107,0.402034,0.192891,0.0,0.212095,43881,0.388822,0.209144,0.209144,EOCLINGO-INF-MR,146.9946,2.2003478359068973,13392175.0,867801600.0,0.01543230042442881,85708800.0,0.1562520417973417,182131200.0
GroupAssignment,00698-group_assignment-p300-pr20-middle.asp,268961,421921,0.637468,0.406365,0.259045,1.568707,2.460842,3.860339,0.401694,0.19408,0.0,0.210071,52881,0.390692,0.207614,0.207614,EOCLINGO-L,475.28961,2.1875249913415957,16183019.0,1048593600.0,0.015433070543249548,103564800.0,0.15625983925040168,220075200.0
GroupAssignment,00699-group_assignment-p300-pr20-middle.asp,223961,349921,0.640033,0.409642,0.262185,1.562419,2.441154,3.814107,0.402034,0.192891,0.0,0.212095,43881,0.388822,0.209144,0.209144,EOCLINGO-L,352.31748,1.864734670559065,13393934.0,867801600.0,0.015434327385430035,85708800.0,0.15627256477747908,182131200.0
GroupAssignment,00700-group_assignment-p300-pr20-middle.asp,237461,371521,0.639159,0.408524,0.261112,1.564556,2.447835,3.829775,0.401919,0.193295,0.0,0.211407,46581,0.389458,0.208624,0.208624,EOCLINGO-INF-MR,172.60804000000002,2.184591401420235,14226783.0,922039200.0,0.01542969431234594,91065600.0,0.15622565491250265,193514400.0
GroupAssignment,00701-group_assignment-p300-pr20-middle.asp,210461,328321,0.641022,0.410909,0.263402,1.560009,2.433627,3.79648,0.402165,0.192435,0.0,0.212871,41181,0.388105,0.20973,0.20973,EOCLINGO-L,278.82173,2.266436263773272,12554416.0,813564000.0,0.015431380936226284,80352000.0,0.15624273197929112,170748000.0
GroupAssignment,00702-group_assignment-p300-pr20-middle.asp,264461,414721,0.637684,0.406641,0.259309,1.568175,2.459171,3.85641,0.401723,0.193979,0.0,0.210243,51981,0.390534,0.207743,0.207743,EOCLINGO-INF-MR,196.53605,2.863773999731856,15902408.0,1030514400.0,0.015431524295051093,101779200.0,0.15624418348739233,216280800.0
GroupAssignment,00703-group_assignment-p300-pr20-middle.asp,246461,385921,0.638631,0.407849,0.260465,1.56585,2.451887,3.839287,0.401849,0.19354,0.0,0.210991,48381,0.389843,0.208309,0.208309,EOCLINGO-L,346.62329,1.5073966899339049,14790932.0,958197600.0,0.01543620230315751,94636800.0,0.15629154831946981,201103200.0
GroupAssignment,00704-group_assignment-p300-pr20-middle.asp,246461,385921,0.638631,0.407849,0.260465,1.56585,2.451887,3.839287,0.401849,0.19354,0.0,0.210991,48381,0.389843,0.208309,0.208309,EOCLINGO-INF-MR,341.73922,1.7806781732573744,14785532.0,958197600.0,0.015430566722354554,94636800.0,0.15623448806383985,201103200.0
GroupAssignment,00705-group_assignment-p300-pr20-middle.asp,232961,364321,0.639439,0.408882,0.261455,1.563871,2.445693,3.824749,0.401956,0.193165,0.0,0.211628,45681,0.389254,0.20879,0.20879,EOCLINGO-INF-MR,232.03426,1.352375636253026,13947875.0,903960000.0,0.015429747997699013,89280000.0,0.15622619847670252,189720000.0
GroupAssignment,00721-group_assignment-p50-pr25-sat.asp,56246,88446,0.635936,0.404415,0.257182,1.572485,2.47271,3.888299,0.400917,0.194681,0.0,0.209277,11146,0.392846,0.206237,0.206237,CLINGO-AMO,0.931641,1.477097937939614,673582.0,218189700.0,0.003087139310425744,21549600.0,0.03125728551806066,45792900.0
GroupAssignment,00722-group_assignment-p50-pr25-sat.asp,46496,72846,0.638278,0.407399,0.260034,1.566715,2.454597,3.845655,0.40111,0.193565,0.0,0.211222,9196,0.391345,0.207545,0.207545,CLINGO-AMO,0.751481,1.3746428718756696,553508.0,179334000.0,0.0030864643625860126,17712000.0,0.03125045167118338,37638000.0
GroupAssignment,00723-group_assignment-p50-pr25-sat.asp,55496,87246,0.636086,0.404606,0.257364,1.572113,2.47154,3.885541,0.40093,0.194609,0.0,0.209402,10996,0.392749,0.206321,0.206321,CLINGO-AMO,0.933348,1.3448574379545466,664177.0,215200800.0,0.0030863128761603117,21254400.0,0.031248917871123157,45165600.0
GroupAssignment,00724-group_assignment-p50-pr25-sat.asp,43496,68046,0.639215,0.408595,0.26118,1.56442,2.447409,3.828775,0.401186,0.193121,0.0,0.211997,8596,0.390749,0.208065,0.208065,CLINGO-AMO,0.669952,5.615888899503248,516496.0,167378400.0,0.0030857984064849467,16531200.0,0.031243708865660084,35128800.0
GroupAssignment,00725-group_assignment-p50-pr25-sat.asp,50246,78846,0.637268,0.40611,0.258801,1.5692,2.462387,3.863977,0.401027,0.194045,0.0,0.210385,9946,0.391991,0.206982,0.206982,CLINGO-AMO,0.849367,1.985699938895672,599612.0,194278500.0,0.0030863528388370303,19188000.0,0.031249322493224933,40774500.0
GroupAssignment,00726-group_assignment-p50-pr25-middle.asp,47246,74046,0.638063,0.407124,0.259771,1.567244,2.456253,3.849547,0.401092,0.193667,0.0,0.211044,9346,0.391483,0.207425,0.207425,EOCLINGO-INF-MR,6.632035,1.6081312900188254,2249994.0,182322900.0,0.012340709806612334,18007200.0,0.12494968679194988,38265300.0
GroupAssignment,00727-group_assignment-p50-pr25-middle.asp,52496,82446,0.636732,0.405428,0.258149,1.57052,2.466532,3.873737,0.400983,0.194301,0.0,0.20994,10396,0.392335,0.206682,0.206682,EOCLINGO-INF-MR,9.312751,1.3616908687883955,2510023.0,203245200.0,0.012349728308466817,20073600.0,0.12504099912322653,42656400.0
GroupAssignment,00728-group_assignment-p50-pr25-middle.asp,53996,84846,0.6364,0.405005,0.257745,1.571339,2.469105,3.8798,0.400956,0.194459,0.0,0.209664,10696,0.392548,0.206497,0.206497,EOCLINGO-INF-MR,8.599615,1.3206047014895437,2582977.0,209223000.0,0.012345569081793111,20664000.0,0.12499888695315525,43911000.0
GroupAssignment,00730-group_assignment-p50-pr25-middle.asp,51746,81246,0.636905,0.405648,0.258359,1.570092,2.46519,3.870576,0.400997,0.194218,0.0,0.210084,10246,0.392224,0.206779,0.206779,EOCLINGO-INF-MR,8.267833,1.8056447197228105,2473128.0,200256300.0,0.01234981371372586,19778400.0,0.12504186385147434,42029100.0
GroupAssignment,00731-group_assignment-p50-pr25-middle.asp,50246,78846,0.637268,0.40611,0.258801,1.5692,2.462387,3.863977,0.401027,0.194045,0.0,0.210385,9946,0.391991,0.206982,0.206982,EOCLINGO-INF-MR,10.571775,1.3036880750867286,2398663.0,194278500.0,0.012346518014088023,19188000.0,0.12500849489264124,40774500.0
GroupAssignment,00732-group_assignment-p50-pr25-middle.asp,43496,68046,0.639215,0.408595,0.26118,1.56442,2.447409,3.828775,0.401186,0.193121,0.0,0.211997,8596,0.390749,0.208065,0.208065,EOCLINGO-INF-MR,4.816236,1.8235611793109805,2065855.0,167378400.0,0.012342422917174498,16531200.0,0.1249670320363918,35128800.0
GroupAssignment,00733-group_assignment-p50-pr25-middle.asp,50246,78846,0.637268,0.40611,0.258801,1.5692,2.462387,3.863977,0.401027,0.194045,0.0,0.210385,9946,0.391991,0.206982,0.206982,EOCLINGO-INF-MR,6.037769000000001,2.352240206606115,2398179.0,194278500.0,0.012344026745110755,19188000.0,0.1249832707942464,40774500.0
GroupAssignment,00734-group_assignment-p50-pr25-middle.asp,52496,82446,0.636732,0.405428,0.258149,1.57052,2.466532,3.873737,0.400983,0.194301,0.0,0.20994,10396,0.392335,0.206682,0.206682,EOCLINGO-INF-MR,9.218174,1.5888843061543425,2509114.0,203245200.0,0.0123452558781216,20073600.0,0.12499571576598119,42656400.0
GroupAssignment,00735-group_assignment-p50-pr25-middle.asp,50996,80046,0.637084,0.405876,0.258577,1.569653,2.463809,3.867324,0.401012,0.194133,0.0,0.210232,10096,0.392109,0.206879,0.206879,EOCLINGO-INF-MR,6.599551,2.43973552140138,2435924.0,197267400.0,0.012348335305275985,19483200.0,0.12502689496591934,41401800.0
GroupAssignment,00752-group_assignment-p100-pr25-sat.asp,85296,133546,0.638701,0.407939,0.260551,1.565677,2.451345,3.838015,0.401543,0.193444,0.0,0.211276,16796,0.390358,0.208099,0.208099,CLINGO-AMO,4.38593,1.7824411242313485,1022858.0,331452000.0,0.0030859913350952776,32736000.0,0.03124566226783969,69564000.0
GroupAssignment,00753-group_assignment-p100-pr25-sat.asp,95796,150346,0.63717,0.405986,0.258682,1.569439,2.463139,3.865748,0.401374,0.194163,0.0,0.21004,18896,0.391415,0.207211,0.207211,EOCLINGO-INF-MR,9.074148,1.2651545908221908,1153327.0,373636800.0,0.0030867596553658524,36902400.0,0.03125344151057926,78417600.0
GroupAssignment,00754-group_assignment-p100-pr25-sat.asp,101796,159946,0.63644,0.405056,0.257794,1.571241,2.468797,3.879074,0.401293,0.194507,0.0,0.209448,20096,0.391921,0.206786,0.206786,CLINGO-AMO,7.013946,1.2798185215569096,1227731.0,397742400.0,0.0030867491119880605,39283200.0,0.03125333475887911,83476800.0
GroupAssignment,00755-group_assignment-p100-pr25-sat.asp,104796,164746,0.636106,0.404631,0.257389,1.572064,2.471385,3.885174,0.401256,0.194664,0.0,0.209178,20696,0.392152,0.206592,0.206592,CLINGO-AMO,8.806616,1.3509233285520794,1264694.0,409795200.0,0.0030861610872943363,40473600.0,0.031247381008855154,86006400.0
GroupAssignment,00757-group_assignment-p100-pr25-middle.asp,103296,162346,0.636271,0.40484,0.257588,1.571658,2.470109,3.882167,0.401274,0.194586,0.0,0.209311,20396,0.392038,0.206688,0.206688,EOCLINGO-INF-MR,29.008622000000003,1.8703295868380097,4985818.0,403768800.0,0.012348200257176879,39878400.0,0.12502552760391591,84741600.0
GroupAssignment,00759-group_assignment-p100-pr25-middle.asp,86796,135946,0.638459,0.40763,0.260255,1.56627,2.453203,3.842379,0.401516,0.193557,0.0,0.211081,17096,0.390525,0.207959,0.207959,EOCLINGO-INF-MR,24.697521,1.4453836885086566,4167686.0,337478400.0,0.01234948962659536,33331200.0,0.12503858246927804,70828800.0
GroupAssignment,00760-group_assignment-p100-pr25-middle.asp,112296,176746,0.635352,0.403673,0.256474,1.57393,2.477254,3.899024,0.401172,0.19502,0.0,0.208565,22196,0.392676,0.206152,0.206152,EOCLINGO-L,61.539074,1.3223286395242153,5430059.0,439927200.0,0.012343085401402778,43449600.0,0.12497373968920313,92330400.0
GroupAssignment,00763-group_assignment-p100-pr25-middle.asp,104796,164746,0.636106,0.404631,0.257389,1.572064,2.471385,3.885174,0.401256,0.194664,0.0,0.209178,20696,0.392152,0.206592,0.206592,EOCLINGO-INF-MR,41.74393499999999,1.4566711547437972,5060437.0,409795200.0,0.012348697593334427,40473600.0,0.12503056313251107,86006400.0
GroupAssignment,00764-group_assignment-p100-pr25-middle.asp,97296,152746,0.636979,0.405742,0.258449,1.56991,2.464619,3.86923,0.401353,0.194253,0.0,0.209885,19196,0.391547,0.2071,0.2071,EOCLINGO-L,40.424702,1.2063693134954958,4687093.0,379663200.0,0.01234539718360905,37497600.0,0.12499714648404164,79682400.0
GroupAssignment,00765-group_assignment-p100-pr25-middle.asp,91296,143146,0.637782,0.406766,0.259428,1.567933,2.458414,3.854627,0.401441,0.193875,0.0,0.210535,17996,0.390992,0.207567,0.207567,EOCLINGO-INF-MR,27.8499,1.729056872735629,4389097.0,355557600.0,0.012344264332980085,35116800.0,0.12498567637142337,74623200.0
GroupAssignment,00782-group_assignment-p150-pr25-sat.asp,157096,247046,0.635898,0.404366,0.257135,1.57258,2.473007,3.889001,0.401347,0.194785,0.0,0.208923,30996,0.392091,0.206562,0.206562,EOCLINGO-INF-MR,21.76931,1.5311708088129572,1902916.0,616345200.0,0.00308741919301067,60873600.0,0.03126011932923303,129356400.0
GroupAssignment,00783-group_assignment-p150-pr25-sat.asp,168346,265046,0.635158,0.403425,0.256239,1.574412,2.478774,3.902612,0.401257,0.195134,0.0,0.208327,33246,0.39262,0.206123,0.206123,EOCLINGO-INF-MR,23.84195,1.3557199390150552,2042462.0,661664700.0,0.003086853507524279,65349600.0,0.03125439176368333,138867900.0
GroupAssignment,00784-group_assignment-p150-pr25-sat.asp,159346,250646,0.635741,0.404167,0.256946,1.572967,2.474225,3.891875,0.401328,0.194859,0.0,0.208797,31446,0.392203,0.206469,0.206469,EOCLINGO-INF-MR,16.75263,1.4514024365129536,1929733.0,625409100.0,0.003085553120349544,61768800.0,0.031241225343539132,131258700.0
GroupAssignment,00788-group_assignment-p150-pr25-middle.asp,150346,236246,0.636396,0.405,0.25774,1.571349,2.469137,3.879875,0.401407,0.194551,0.0,0.209324,29646,0.391736,0.206856,0.206856,EOCLINGO-INF-MR,115.58978,1.2646196662023237,7272474.0,589153500.0,0.012343937530711436,58188000.0,0.12498236749845329,123649500.0
GroupAssignment,00789-group_assignment-p150-pr25-middle.asp,148096,232646,0.636572,0.405224,0.257955,1.570913,2.467769,3.876652,0.401429,0.194468,0.0,0.209465,29196,0.391611,0.20696,0.20696,EOCLINGO-INF-MR,46.71282,2.7965162240258663,7161135.0,580089600.0,0.012344877412041174,57292800.0,0.12499188379691689,121747200.0
GroupAssignment,00791-group_assignment-p150-pr25-middle.asp,139096,218246,0.637336,0.406197,0.258884,1.569031,2.46186,3.862735,0.401521,0.194111,0.0,0.210078,27396,0.391068,0.207411,0.207411,EOCLINGO-INF-MR,61.17042,1.3004854633988128,6713146.0,543834000.0,0.012344108680222274,53712000.0,0.12498410038725052,114138000.0
GroupAssignment,00792-group_assignment-p150-pr25-middle.asp,152596,239846,0.636225,0.404782,0.257532,1.571771,2.470465,3.883005,0.401387,0.194632,0.0,0.209186,30096,0.391858,0.206755,0.206755,EOCLINGO-INF-MR,59.12163,2.103065680022692,7385600.0,598217400.0,0.012346013338963393,59083200.0,0.12500338505700437,125551800.0
GroupAssignment,00793-group_assignment-p150-pr25-middle.asp,181846,286646,0.634392,0.402454,0.255313,1.576312,2.484759,3.916755,0.401164,0.195495,0.0,0.207709,35946,0.393168,0.205669,0.205669,EOCLINGO-L,221.25647,1.9852817863360108,8836041.0,716048100.0,0.012340010398742766,70720800.0,0.12494260528727051,150281700.0
GroupAssignment,00794-group_assignment-p150-pr25-middle.asp,127846,200246,0.638445,0.407612,0.260238,1.566306,2.453316,3.842644,0.401655,0.193592,0.0,0.210965,25146,0.390282,0.208063,0.208063,EOCLINGO-L,57.50976,1.5118508580108836,6154272.0,498514500.0,0.012345221653532645,49236000.0,0.12499536924201804,104626500.0
GroupAssignment,00795-group_assignment-p150-pr25-middle.asp,143596,225446,0.636942,0.405695,0.258404,1.570002,2.464906,3.869907,0.401474,0.194295,0.0,0.209762,28296,0.391348,0.207178,0.207178,EOCLINGO-INF-MR,60.16797,1.602048099678284,6937228.0,561961800.0,0.012344661149565683,55502400.0,0.12498969413935253,117942600.0
GroupAssignment,00811-group_assignment-p200-pr25-sat.asp,191396,300546,0.636828,0.405549,0.258265,1.570284,2.465791,3.871991,0.401524,0.194361,0.0,0.209623,37696,0.391314,0.207162,0.207162,EOCLINGO-INF-MR,24.44893,2.026905062920954,2306085.0,747273600.0,0.003085998220732005,73804800.0,0.03124573198491155,156835200.0
GroupAssignment,00812-group_assignment-p200-pr25-sat.asp,170396,266946,0.638316,0.407448,0.260081,1.566621,2.454302,3.844962,0.401711,0.193667,0.0,0.210809,33496,0.390244,0.208045,0.208045,EOCLINGO-INF-MR,20.092348,1.8549688667546476,2045327.0,662904000.0,0.0030854045231285374,65472000.0,0.031239720796676442,139128000.0
GroupAssignment,00813-group_assignment-p200-pr25-sat.asp,176396,276546,0.637854,0.406858,0.259516,1.567757,2.457861,3.853328,0.401653,0.193882,0.0,0.210441,34696,0.390576,0.207771,0.207771,EOCLINGO-INF-MR,18.93276,2.181188057103138,2120498.0,687009600.0,0.003086562400292514,67852800.0,0.03125144430296171,144187200.0
GroupAssignment,00815-group_assignment-p200-pr25-sat.asp,212396,334146,0.635638,0.404036,0.256821,1.573222,2.475027,3.893766,0.401373,0.194919,0.0,0.208672,41896,0.392173,0.206454,0.206454,EOCLINGO-INF-MR,23.80676,2.197593876697207,2567495.0,831643200.0,0.003087255448009435,82137600.0,0.03125846141109553,174542400.0
GroupAssignment,00817-group_assignment-p200-pr25-middle.asp,179396,281346,0.637635,0.406578,0.259248,1.568296,2.459552,3.857305,0.401625,0.193984,0.0,0.210267,35296,0.390733,0.207641,0.207641,EOCLINGO-L,170.05474,1.5850337367838143,8633139.0,699062400.0,0.01234959711751054,69043200.0,0.12503967081479422,146716800.0
GroupAssignment,00818-group_assignment-p200-pr25-middle.asp,212396,334146,0.635638,0.404036,0.256821,1.573222,2.475027,3.893766,0.401373,0.194919,0.0,0.208672,41896,0.392173,0.206454,0.206454,EOCLINGO-INF-MR,202.85772,1.2344136077246652,10266665.0,831643200.0,0.012345035707620768,82137600.0,0.12499348653966028,174542400.0
GroupAssignment,00819-group_assignment-p200-pr25-middle.asp,197396,310146,0.636462,0.405083,0.25782,1.571187,2.468628,3.878676,0.401477,0.194533,0.0,0.20933,38896,0.391578,0.206944,0.206944,EOCLINGO-L,160.54005,1.7701516848910912,9523186.0,771379200.0,0.012345660863035976,76185600.0,0.12499981623823925,161894400.0
GroupAssignment,00820-group_assignment-p200-pr25-middle.asp,209396,329346,0.635793,0.404233,0.257009,1.572838,2.47382,3.890918,0.401393,0.194846,0.0,0.208796,41296,0.392061,0.206546,0.206546,EOCLINGO-INF-MR,88.36116,2.604806342515196,10117543.0,819590400.0,0.012344633368082399,80947200.0,0.12498941285183428,172012800.0
GroupAssignment,00821-group_assignment-p200-pr25-middle.asp,182396,286146,0.637423,0.406308,0.25899,1.568817,2.461188,3.861154,0.401599,0.194083,0.0,0.210098,35896,0.390886,0.207516,0.207516,EOCLINGO-INF-MR,90.04973,1.831982838815841,8779268.0,711115200.0,0.012345774636795839,70233600.0,0.12500096819755788,149246400.0
GroupAssignment,00822-group_assignment-p200-pr25-middle.asp,194396,305346,0.636642,0.405313,0.258039,1.570742,2.467231,3.875384,0.4015,0.194448,0.0,0.209474,38296,0.391448,0.207052,0.207052,EOCLINGO-INF-MR,87.55189999999999,2.161938690079827,9372740.0,759326400.0,0.012343492864201746,74995200.0,0.12497786525004267,159364800.0
GroupAssignment,00823-group_assignment-p200-pr25-middle.asp,242396,382146,0.634302,0.402339,0.255205,1.576536,2.485465,3.918426,0.401203,0.195548,0.0,0.207598,47896,0.393142,0.205655,0.205655,EOCLINGO-INF-MR,163.72292,2.2494061307970816,11751103.0,952171200.0,0.012341376214697525,94041600.0,0.12495643417381244,199838400.0
GroupAssignment,00824-group_assignment-p200-pr25-middle.asp,197396,310146,0.636462,0.405083,0.25782,1.571187,2.468628,3.878676,0.401477,0.194533,0.0,0.20933,38896,0.391578,0.206944,0.206944,EOCLINGO-INF-MR,160.9557,1.351873465804566,9524102.0,771379200.0,0.01234684834644232,76185600.0,0.12501183950772848,161894400.0
GroupAssignment,00825-group_assignment-p200-pr25-middle.asp,191396,300546,0.636828,0.405549,0.258265,1.570284,2.465791,3.871991,0.401524,0.194361,0.0,0.209623,37696,0.391314,0.207162,0.207162,EOCLINGO-INF-MR,65.533,2.5715993468939318,9227543.0,747273600.0,0.012348279130963546,73804800.0,0.1250263262010059,156835200.0
GroupAssignment,00841-group_assignment-p250-pr25-sat.asp,246696,387646,0.636395,0.404999,0.257739,1.571351,2.469144,3.879892,0.401506,0.194571,0.0,0.209249,48596,0.391559,0.206935,0.206935,EOCLINGO-INF-MR,28.92873,2.2820894660774944,2970872.0,962668800.0,0.00308607903361987,95078400.0,0.031246550215401184,202041600.0
GroupAssignment,00842-group_assignment-p250-pr25-sat.asp,224196,351646,0.637562,0.406485,0.259159,1.568476,2.460116,3.858633,0.401657,0.194027,0.0,0.210178,44096,0.390712,0.207631,0.207631,EOCLINGO-INF-MR,25.69549,2.1443988808931063,2693040.0,872418600.0,0.0030868667861964428,86164800.0,0.031254526210238984,183100200.0
GroupAssignment,00843-group_assignment-p250-pr25-sat.asp,295446,465646,0.634486,0.402573,0.255427,1.576078,2.484022,3.915014,0.401258,0.195467,0.0,0.207723,58346,0.392952,0.205791,0.205791,EOCLINGO-INF-MR,37.52005,3.034450114005712,3576978.0,1158210900.0,0.0030883649946654794,114391200.0,0.03126969557098798,243081300.0
GroupAssignment,00844-group_assignment-p250-pr25-sat.asp,287946,453646,0.634737,0.402891,0.25573,1.575455,2.482059,3.910372,0.401291,0.195349,0.0,0.207924,56846,0.392768,0.205941,0.205941,EOCLINGO-INF-MR,34.97384,2.464192093290299,3481829.0,1128127500.0,0.0030863789775535124,111420000.0,0.031249587147729314,236767500.0
GroupAssignment,00845-group_assignment-p250-pr25-sat.asp,246696,387646,0.636395,0.404999,0.257739,1.571351,2.469144,3.879892,0.401506,0.194571,0.0,0.209249,48596,0.391559,0.206935,0.206935,EOCLINGO-INF-MR,55.2574,1.227755015617818,2970982.0,962668800.0,0.003086193299294628,95078400.0,0.031247707155358104,202041600.0
GroupAssignment,00847-group_assignment-p250-pr25-middle.asp,250446,393646,0.636221,0.404778,0.257528,1.57178,2.470492,3.88307,0.401484,0.194653,0.0,0.209111,49346,0.391685,0.206831,0.206831,EOCLINGO-INF-MR,164.59087,2.356346679496865,12070598.0,977710500.0,0.0123457792465152,96564000.0,0.1250010148709664,205198500.0
GroupAssignment,00848-group_assignment-p250-pr25-middle.asp,265446,417646,0.635577,0.403958,0.256746,1.573375,2.475508,3.894901,0.4014,0.194955,0.0,0.208596,52346,0.392155,0.206445,0.206445,EOCLINGO-INF-MR,133.45119,3.467324495195584,12817550.0,1037877300.0,0.012349773908726975,102506400.0,0.12504146082586062,217826100.0
GroupAssignment,00850-group_assignment-p250-pr25-middle.asp,265446,417646,0.635577,0.403958,0.256746,1.573375,2.475508,3.894901,0.4014,0.194955,0.0,0.208596,52346,0.392155,0.206445,0.206445,EOCLINGO-INF-MR,116.04836,4.478272592563997,12808873.0,1037877300.0,0.012341413575573914,102506400.0,0.12495681245268588,217826100.0
GroupAssignment,00851-group_assignment-p250-pr25-middle.asp,239196,375646,0.636759,0.405462,0.258182,1.570453,2.466322,3.873241,0.401554,0.194401,0.0,0.209539,47096,0.391294,0.207152,0.207152,EOCLINGO-INF-MR,132.62303,1.898698966536958,11516463.0,932585400.0,0.012348963430051553,92107200.0,0.125033254729272,195727800.0
GroupAssignment,00852-group_assignment-p250-pr25-middle.asp,276696,435646,0.63514,0.403402,0.256217,1.574457,2.478915,3.902946,0.401343,0.19516,0.0,0.208247,54596,0.392474,0.206183,0.206183,EOCLINGO-INF-MR,151.12104,3.339892578822909,13371348.0,1083002400.0,0.012346554356666246,106963200.0,0.12500886286124574,227296800.0
GroupAssignment,00853-group_assignment-p250-pr25-middle.asp,239196,375646,0.636759,0.405462,0.258182,1.570453,2.466322,3.873241,0.401554,0.194401,0.0,0.209539,47096,0.391294,0.207152,0.207152,EOCLINGO-INF-MR,300.86164,1.2283473559474047,11511144.0,932585400.0,0.012343259930940372,92107200.0,0.12497550680077127,195727800.0
GroupAssignment,00854-group_assignment-p250-pr25-middle.asp,246696,387646,0.636395,0.404999,0.257739,1.571351,2.469144,3.879892,0.401506,0.194571,0.0,0.209249,48596,0.391559,0.206935,0.206935,EOCLINGO-INF-MR,274.89966000000004,1.5493570635918572,11885420.0,962668800.0,0.012346323055239767,95078400.0,0.12500652093430265,202041600.0
GroupAssignment,00871-group_assignment-p300-pr25-sat.asp,313996,493946,0.635689,0.4041,0.256882,1.573096,2.474633,3.892836,0.401438,0.194907,0.0,0.208668,61896,0.39203,0.206531,0.206531,EOCLINGO-INF-MR,88.75874,1.4236044810911015,3793895.0,1229385600.0,0.0030860089787939603,121420800.0,0.031245840910288848,258019200.0
GroupAssignment,00872-group_assignment-p300-pr25-sat.asp,304996,479546,0.63601,0.404509,0.257271,1.572303,2.472135,3.886945,0.401481,0.194757,0.0,0.208924,60096,0.391795,0.206724,0.206724,EOCLINGO-INF-MR,53.63349,2.549797523897848,3682436.0,1193227200.0,0.0030861146980223045,117849600.0,0.031246911317475833,250430400.0
GroupAssignment,00873-group_assignment-p300-pr25-sat.asp,223996,349946,0.640087,0.409712,0.262251,1.562287,2.44074,3.813136,0.402016,0.192861,0.0,0.212151,43896,0.388828,0.209156,0.209156,EOCLINGO-L,58.32472,1.4828578688418907,2678340.0,867801600.0,0.003086350612858976,85708800.0,0.03124929995519713,182131200.0
GroupAssignment,00874-group_assignment-p300-pr25-sat.asp,322996,508346,0.635386,0.403716,0.256515,1.573846,2.476992,3.898404,0.401398,0.195049,0.0,0.208427,63696,0.392253,0.206349,0.206349,EOCLINGO-L,52.18691,4.943651961765892,3905223.0,1265544000.0,0.00308580578786672,124992000.0,0.03124378360215054,265608000.0
GroupAssignment,00875-group_assignment-p300-pr25-sat.asp,259996,407546,0.637955,0.406987,0.259639,1.567509,2.457084,3.8515,0.401737,0.193849,0.0,0.210469,51096,0.390375,0.207888,0.207888,EOCLINGO-INF-MR,36.99667,1.9213788700442496,3124070.0,1012435200.0,0.0030856987192859355,99993600.0,0.031242699532770098,212486400.0
GroupAssignment,00876-group_assignment-p300-pr25-middle.asp,363496,573146,0.634212,0.402225,0.255096,1.57676,2.486173,3.920098,0.401242,0.195601,0.0,0.207488,71796,0.393116,0.205642,0.205642,EOCLINGO-L,782.81126,1.2168845399592234,17631619.0,1428256800.0,0.012344852130233163,141062400.0,0.12499162781861077,299757600.0
GroupAssignment,00878-group_assignment-p300-pr25-middle.asp,273496,429146,0.637303,0.406155,0.258844,1.569113,2.462114,3.863334,0.401651,0.194153,0.0,0.209952,53796,0.39085,0.207498,0.207498,EOCLINGO-INF-MR,273.35075,1.4355046401006766,13165691.0,1066672800.0,0.012342764341605035,105350400.0,0.12497048895875099,223869600.0
GroupAssignment,00879-group_assignment-p300-pr25-middle.asp,268996,421946,0.637513,0.406423,0.2591,1.568596,2.460493,3.859519,0.401679,0.194055,0.0,0.210118,52896,0.390697,0.207624,0.207624,EOCLINGO-INF-MR,281.94872,1.509252462646399,12946951.0,1048593600.0,0.012346967404721906,103564800.0,0.1250130449728093,220075200.0
GroupAssignment,00880-group_assignment-p300-pr25-middle.asp,282496,443546,0.636904,0.405646,0.258357,1.570097,2.465203,3.870607,0.401599,0.194339,0.0,0.209635,55596,0.391142,0.20726,0.20726,EOCLINGO-INF-MR,321.20196,1.4778799917659282,13616107.0,1102831200.0,0.012346501441018353,108921600.0,0.12500832709031082,231458400.0
GroupAssignment,00881-group_assignment-p300-pr25-middle.asp,300496,472346,0.636178,0.404722,0.257475,1.571888,2.470831,3.88387,0.401503,0.194678,0.0,0.209058,59196,0.391672,0.206825,0.206825,EOCLINGO-L,534.09166,1.501358156388362,14503073.0,1175148000.0,0.012341486348953493,116064000.0,0.12495754928315413,246636000.0
GroupAssignment,00884-group_assignment-p300-pr25-middle.asp,340996,537146,0.634829,0.403008,0.255841,1.575227,2.481339,3.908672,0.401324,0.19531,0.0,0.207982,67296,0.392661,0.206014,0.206014,EOCLINGO-INF-MR,357.33838999999995,1.873637198622852,16510572.0,1337860800.0,0.012341023819518444,132134400.0,0.12495286617262424,280785600.0
GroupAssignment,00885-group_assignment-p300-pr25-middle.asp,295996,465146,0.636351,0.404942,0.257685,1.57146,2.469488,3.880702,0.401526,0.194597,0.0,0.209195,58296,0.391546,0.206928,0.206928,EOCLINGO-INF-MR,439.89685,1.2621216769340358,14282296.0,1157068800.0,0.012343514923226691,114278400.0,0.12497808859767025,242841600.0
GroupAssignment,00901-group_assignment-p50-pr30-sat.asp,56281,88471,0.636152,0.404689,0.257444,1.571951,2.471031,3.884341,0.400846,0.194559,0.0,0.209502,11161,0.392868,0.206286,0.206286,CLINGO-AMO,0.830037,1.9288935312522213,561190.0,218189700.0,0.002572027918824766,21549600.0,0.026041782678100752,45792900.0
GroupAssignment,00902-group_assignment-p50-pr30-sat.asp,63031,99271,0.634939,0.403147,0.255974,1.574955,2.480484,3.906651,0.400755,0.195142,0.0,0.208485,12511,0.393632,0.205613,0.205613,CLINGO-AMO,0.935364,1.308304574475819,630188.0,245089800.0,0.0025712534752568243,24206400.0,0.026033941436975346,51438600.0
GroupAssignment,00903-group_assignment-p50-pr30-sat.asp,60031,94471,0.635444,0.403789,0.256585,1.573704,2.476543,3.897345,0.400793,0.194899,0.0,0.208909,11911,0.393313,0.205894,0.205894,CLINGO-AMO,0.877782,1.289223292343657,599757.0,233134200.0,0.0025725826584001832,23025600.0,0.026047399416301856,48929400.0
GroupAssignment,00904-group_assignment-p50-pr30-sat.asp,55531,87271,0.636305,0.404884,0.25763,1.571573,2.469841,3.881534,0.400857,0.194486,0.0,0.209631,11011,0.392772,0.206371,0.206371,CLINGO-AMO,0.803702,1.361894085121102,553590.0,215200800.0,0.0025724346749640336,21254400.0,0.02604590108401084,45165600.0
GroupAssignment,00905-group_assignment-p50-pr30-sat.asp,60031,94471,0.635444,0.403789,0.256585,1.573704,2.476543,3.897345,0.400793,0.194899,0.0,0.208909,11911,0.393313,0.205894,0.205894,CLINGO-AMO,0.8981790000000001,5.574885407029111,599654.0,233134200.0,0.0025721408527792145,23025600.0,0.02604292613438955,48929400.0
GroupAssignment,00906-group_assignment-p50-pr30-middle.asp,61531,96871,0.635185,0.40346,0.256272,1.574345,2.478561,3.902109,0.400774,0.195024,0.0,0.208692,12211,0.393476,0.20575,0.20575,EOCLINGO-INF-MR,8.922635,2.02786060395836,2459616.0,239112000.0,0.010286459901636054,23616000.0,0.10415040650406504,50184000.0
GroupAssignment,00908-group_assignment-p50-pr30-middle.asp,63031,99271,0.634939,0.403147,0.255974,1.574955,2.480484,3.906651,0.400755,0.195142,0.0,0.208485,12511,0.393632,0.205613,0.205613,EOCLINGO-INF-MR,9.203771,2.077742373207678,2521547.0,245089800.0,0.01028825761006782,24206400.0,0.10416860830193668,51438600.0
GroupAssignment,00909-group_assignment-p50-pr30-middle.asp,54031,84871,0.636625,0.405291,0.258019,1.570783,2.467361,3.875689,0.400881,0.194333,0.0,0.209898,10711,0.392571,0.206548,0.206548,EOCLINGO-INF-MR,5.464165,1.7035660526356726,2152835.0,209223000.0,0.010289667006017503,20664000.0,0.10418287843592722,43911000.0
GroupAssignment,00910-group_assignment-p50-pr30-middle.asp,53281,83671,0.636792,0.405504,0.258221,1.570372,2.466069,3.872646,0.400893,0.194253,0.0,0.210037,10561,0.392466,0.20664,0.20664,EOCLINGO-INF-MR,6.951741,1.3952461692689644,2121418.0,206234100.0,0.010286456022549132,20368800.0,0.10415036722830996,43283700.0
GroupAssignment,00911-group_assignment-p50-pr30-middle.asp,69031,108871,0.634062,0.402035,0.254915,1.577132,2.487345,3.922872,0.40069,0.195564,0.0,0.207747,13711,0.394185,0.205125,0.205125,EOCLINGO-INF-MR,10.81035,1.7308018704297272,2768693.0,269001000.0,0.010292500771372597,26568000.0,0.10421157031014755,56457000.0
GroupAssignment,00913-group_assignment-p50-pr30-middle.asp,57031,89671,0.636003,0.404499,0.257263,1.57232,2.472191,3.887076,0.400835,0.194631,0.0,0.209377,11311,0.392962,0.206204,0.206204,EOCLINGO-INF-MR,7.419456999999999,1.7315021840547096,2275975.0,221178600.0,0.010290213429328154,21844800.0,0.10418841097194756,46420200.0
GroupAssignment,00914-group_assignment-p50-pr30-middle.asp,63781,100471,0.63482,0.402996,0.25583,1.57525,2.481412,3.908843,0.400746,0.195199,0.0,0.208385,12661,0.393707,0.205547,0.205547,EOCLINGO-INF-MR,11.503091,1.3689366623284125,2552732.0,248078700.0,0.010290008775441018,24501600.0,0.10418633885134032,52065900.0
GroupAssignment,00931-group_assignment-p100-pr30-sat.asp,125831,198371,0.634322,0.402364,0.255228,1.576488,2.485313,3.918065,0.401014,0.1955,0.0,0.207747,24911,0.393472,0.205514,0.205514,CLINGO-AMO,8.338079,1.4817788365881397,1271102.0,494164800.0,0.0025722228697794744,48806400.0,0.026043756556517177,103713600.0
GroupAssignment,00932-group_assignment-p100-pr30-sat.asp,106331,167171,0.636061,0.404574,0.257334,1.572176,2.471736,3.886003,0.4012,0.194675,0.0,0.209168,21011,0.392275,0.206525,0.206525,CLINGO-AMO,3.582832,2.683534980149781,1069481.0,415821600.0,0.0025719707682333,41068800.0,0.02604120402836216,87271200.0
GroupAssignment,00933-group_assignment-p100-pr30-sat.asp,100331,157571,0.636735,0.405432,0.258153,1.570512,2.466507,3.873677,0.401272,0.194357,0.0,0.209716,19811,0.391813,0.206915,0.206915,CLINGO-AMO,3.82029,2.3549953014038203,1007331.0,391716000.0,0.0025715850258861014,38688000.0,0.026037298387096775,82212000.0
GroupAssignment,00934-group_assignment-p100-pr30-sat.asp,124331,195971,0.634436,0.402509,0.255366,1.576204,2.484419,3.91595,0.401026,0.195446,0.0,0.20784,24611,0.393393,0.20558,0.20558,CLINGO-AMO,7.598638999999999,1.4726341125035685,1255843.0,488138400.0,0.002572719130476111,48211200.0,0.02604878119607062,102448800.0
GroupAssignment,00935-group_assignment-p100-pr30-sat.asp,119831,188771,0.634796,0.402965,0.255801,1.57531,2.481602,3.909294,0.401065,0.195275,0.0,0.208135,23711,0.393145,0.20579,0.20579,CLINGO-AMO,9.389981,1.2243673336506218,1208766.0,470059200.0,0.002571518651267755,46425600.0,0.02603662634408602,98654400.0
GroupAssignment,00936-group_assignment-p100-pr30-middle.asp,100331,157571,0.636735,0.405432,0.258153,1.570512,2.466507,3.873677,0.401272,0.194357,0.0,0.209716,19811,0.391813,0.206915,0.206915,EOCLINGO-INF-MR,23.351168,2.177435878153932,4029222.0,391716000.0,0.010286079710810893,38688000.0,0.1041465570719603,82212000.0
GroupAssignment,00937-group_assignment-p100-pr30-middle.asp,115331,181571,0.635184,0.403459,0.256271,1.574347,2.478568,3.902126,0.401106,0.195091,0.0,0.208452,22811,0.392878,0.206016,0.206016,EOCLINGO-INF-MR,23.762584,1.437466985913653,4649624.0,451980000.0,0.010287233948404797,44640000.0,0.10415824372759856,94860000.0
GroupAssignment,00938-group_assignment-p100-pr30-middle.asp,121331,191171,0.634673,0.402809,0.255652,1.575615,2.482564,3.911566,0.401052,0.195333,0.0,0.208034,24011,0.39323,0.205718,0.205718,EOCLINGO-INF-MR,21.103526,3.1744612724906736,4897171.0,476085600.0,0.01028632456012112,47020800.0,0.10414903617122635,99919200.0
GroupAssignment,00939-group_assignment-p100-pr30-middle.asp,106331,167171,0.636061,0.404574,0.257334,1.572176,2.471736,3.886003,0.4012,0.194675,0.0,0.209168,21011,0.392275,0.206525,0.206525,EOCLINGO-INF-MR,24.277623,1.7161909961284103,4277854.0,415821600.0,0.01028771473150986,41068800.0,0.10416311165653733,87271200.0
GroupAssignment,00940-group_assignment-p100-pr30-middle.asp,131831,207971,0.633891,0.401818,0.254709,1.577558,2.488688,3.926049,0.400968,0.195705,0.0,0.207394,26111,0.393769,0.205263,0.205263,EOCLINGO-L,74.128985,1.2354534464487812,5330950.0,518270400.0,0.010286039874166073,51187200.0,0.10414615372593149,108772800.0
GroupAssignment,00942-group_assignment-p100-pr30-middle.asp,107831,169571,0.635905,0.404375,0.257144,1.572563,2.472953,3.888874,0.401183,0.194749,0.0,0.20904,21311,0.392383,0.206434,0.206434,EOCLINGO-INF-MR,28.70641,1.7697502752869485,4340234.0,421848000.0,0.010288620545789004,41664000.0,0.10417228302611367,88536000.0
GroupAssignment,00944-group_assignment-p100-pr30-middle.asp,116831,183971,0.635051,0.40329,0.25611,1.574676,2.479605,3.904576,0.401092,0.195154,0.0,0.208344,23111,0.392969,0.205938,0.205938,EOCLINGO-INF-MR,23.761714,2.188625155575898,4712975.0,458006400.0,0.010290194634834797,45235200.0,0.10418822067770232,96124800.0
GroupAssignment,00945-group_assignment-p100-pr30-middle.asp,125831,198371,0.634322,0.402364,0.255228,1.576488,2.485313,3.918065,0.401014,0.1955,0.0,0.207747,24911,0.393472,0.205514,0.205514,EOCLINGO-INF-MR,29.547254,2.334550344339952,5082226.0,494164800.0,0.010284475948104763,48806400.0,0.10413031897456071,103713600.0
GroupAssignment,00961-group_assignment-p150-pr30-sat.asp,152631,239871,0.636305,0.404883,0.257629,1.571575,2.469847,3.881548,0.40136,0.194587,0.0,0.209269,30111,0.391867,0.206773,0.206773,EOCLINGO-INF-MR,13.926767,1.82773525255359,1539160.0,598217400.0,0.0025729107846077363,59083200.0,0.02605072169415333,125551800.0
GroupAssignment,00962-group_assignment-p150-pr30-sat.asp,188631,297471,0.634116,0.402103,0.25498,1.577,2.486928,3.921884,0.401101,0.19562,0.0,0.2075,37311,0.393419,0.205481,0.205481,EOCLINGO-INF-MR,17.539939999999998,1.6600589283657756,1911423.0,743239800.0,0.002571744677828071,73406400.0,0.02603891486300922,155988600.0
GroupAssignment,00963-group_assignment-p150-pr30-sat.asp,166131,261471,0.635371,0.403696,0.256497,1.573884,2.477112,3.898689,0.40125,0.195027,0.0,0.208516,32811,0.392528,0.206223,0.206223,CLINGO-AMO,13.720937,1.5923059773541708,1678856.0,652600800.0,0.0025725619705032543,64454400.0,0.02604718995134545,136965600.0
GroupAssignment,00964-group_assignment-p150-pr30-sat.asp,177381,279471,0.634703,0.402848,0.255688,1.575541,2.482329,3.91101,0.40117,0.195342,0.0,0.207976,35061,0.393002,0.205828,0.205828,EOCLINGO-INF-MR,16.992656,1.459906208894007,1794610.0,697920300.0,0.0025713681060717105,68930400.0,0.02603510207397607,146477100.0
GroupAssignment,00966-group_assignment-p150-pr30-middle.asp,175131,275871,0.634829,0.403008,0.255841,1.575227,2.481339,3.908671,0.401185,0.195282,0.0,0.208079,34611,0.392912,0.205903,0.205903,EOCLINGO-L,99.38907,1.3890285923794234,7085979.0,688856400.0,0.010286583676946313,68035200.0,0.10415165972908141,144574800.0
GroupAssignment,00967-group_assignment-p150-pr30-middle.asp,181881,286671,0.634459,0.402538,0.255394,1.576146,2.484236,3.915519,0.401141,0.195457,0.0,0.207779,35961,0.393175,0.205684,0.205684,EOCLINGO-INF-MR,63.74652,2.371616066257421,7364374.0,716048100.0,0.01028474763078067,70720800.0,0.10413306976165428,150281700.0
GroupAssignment,00969-group_assignment-p150-pr30-middle.asp,172881,272271,0.634959,0.403173,0.255999,1.574904,2.480323,3.906271,0.401201,0.195221,0.0,0.208184,34161,0.392819,0.20598,0.20598,EOCLINGO-INF-MR,86.71367000000001,1.614188085915404,6992710.0,679792500.0,0.010286535965018738,67140000.0,0.10415117664581472,142672500.0
GroupAssignment,00970-group_assignment-p150-pr30-middle.asp,141381,221871,0.637222,0.406051,0.258745,1.569313,2.462742,3.864813,0.401468,0.194156,0.0,0.210007,27861,0.391219,0.207312,0.207312,EOCLINGO-INF-MR,33.18052,2.325394146927173,5689170.0,552897900.0,0.010289729803640056,54607200.0,0.10418351426185558,116040300.0
GroupAssignment,00972-group_assignment-p150-pr30-middle.asp,168381,265071,0.63523,0.403517,0.256326,1.574233,2.478211,3.901282,0.401233,0.195093,0.0,0.208402,33261,0.392627,0.20614,0.20614,EOCLINGO-INF-MR,51.3551,2.211509275612354,6806928.0,661664700.0,0.010287579192300875,65349600.0,0.10416173932204635,138867900.0
GroupAssignment,00973-group_assignment-p150-pr30-middle.asp,163881,257871,0.635515,0.40388,0.256672,1.573526,2.475984,3.896025,0.401267,0.194959,0.0,0.208633,32361,0.392425,0.206308,0.206308,EOCLINGO-L,97.014024,1.243823470305695,6619166.0,643536900.0,0.010285604446302924,63559200.0,0.10414174501881711,135063300.0
GroupAssignment,00974-group_assignment-p150-pr30-middle.asp,175131,275871,0.634829,0.403008,0.255841,1.575227,2.481339,3.908671,0.401185,0.195282,0.0,0.208079,34611,0.392912,0.205903,0.205903,EOCLINGO-INF-MR,77.71825,1.4038595953974775,7088293.0,688856400.0,0.010289942867628145,68035200.0,0.10418567153473496,144574800.0
GroupAssignment,00975-group_assignment-p150-pr30-middle.asp,206631,326271,0.633311,0.401083,0.25401,1.579003,2.493251,3.936851,0.401005,0.196002,0.0,0.206847,40911,0.393992,0.205003,0.205003,EOCLINGO-INF-MR,121.10379,1.8813057791172347,8391808.0,815751000.0,0.01028721754555005,80568000.0,0.10415807764869427,171207000.0
GroupAssignment,00992-group_assignment-p200-pr30-sat.asp,239431,377371,0.634471,0.402554,0.255409,1.576116,2.484141,3.915294,0.401201,0.195463,0.0,0.207747,47311,0.393061,0.205738,0.205738,EOCLINGO-INF-MR,23.78592,1.6779182810671185,2417991.0,940118400.0,0.0025720068876430883,92851200.0,0.02604156973738627,197308800.0
GroupAssignment,00993-group_assignment-p200-pr30-sat.asp,248431,391771,0.634123,0.402112,0.254988,1.576981,2.486869,3.921746,0.401158,0.195628,0.0,0.207466,49111,0.393312,0.20553,0.20553,EOCLINGO-INF-MR,32.64343,1.7986363565348369,2510973.0,976276800.0,0.002571988804814372,96422400.0,0.02604138664874552,204897600.0
GroupAssignment,00994-group_assignment-p200-pr30-sat.asp,215431,338971,0.635544,0.403916,0.256707,1.573455,2.475761,3.895499,0.401335,0.194958,0.0,0.20861,42511,0.392288,0.206377,0.206377,EOCLINGO-INF-MR,22.5081,1.8871659535900407,2169954.0,843696000.0,0.0025719619388974227,83328000.0,0.026041114631336404,177072000.0
GroupAssignment,00995-group_assignment-p200-pr30-sat.asp,224431,353371,0.635114,0.40337,0.256186,1.57452,2.479112,3.90341,0.401281,0.19516,0.0,0.208264,44311,0.392597,0.206121,0.206121,EOCLINGO-INF-MR,23.06217,1.4394378326063852,2263417.0,879854400.0,0.0025724904029575803,86899200.0,0.0260464653299455,184660800.0
GroupAssignment,00996-group_assignment-p200-pr30-middle.asp,224431,353371,0.635114,0.40337,0.256186,1.57452,2.479112,3.90341,0.401281,0.19516,0.0,0.208264,44311,0.392597,0.206121,0.206121,EOCLINGO-INF-MR,188.97039,1.3401694836953026,9055564.0,879854400.0,0.010292116513823196,86899200.0,0.10420767970245987,184660800.0
GroupAssignment,00997-group_assignment-p200-pr30-middle.asp,260431,410971,0.633697,0.401572,0.254475,1.578042,2.490216,3.929665,0.401104,0.195829,0.0,0.207122,51511,0.393621,0.205275,0.205275,EOCLINGO-INF-MR,96.90461,3.635166066918798,10542543.0,1024488000.0,0.010290548059128072,101184000.0,0.10419179909867173,215016000.0
GroupAssignment,00998-group_assignment-p200-pr30-middle.asp,221431,348571,0.635254,0.403547,0.256355,1.574174,2.478025,3.900843,0.401299,0.195095,0.0,0.208376,43711,0.392497,0.206204,0.206204,EOCLINGO-L,207.08402,1.6175039966869484,8927790.0,867801600.0,0.010287823852825347,85708800.0,0.10416421650985663,182131200.0
GroupAssignment,00999-group_assignment-p200-pr30-middle.asp,233431,367771,0.634718,0.402867,0.255707,1.575502,2.482206,3.910721,0.401232,0.195347,0.0,0.207946,46111,0.392883,0.205885,0.205885,EOCLINGO-INF-MR,91.87435,2.5998071278871637,9420782.0,916012800.0,0.010284552792275392,90470400.0,0.10413109702178834,192249600.0
GroupAssignment,01000-group_assignment-p200-pr30-middle.asp,233431,367771,0.634718,0.402867,0.255707,1.575502,2.482206,3.910721,0.401232,0.195347,0.0,0.207946,46111,0.392883,0.205885,0.205885,EOCLINGO-INF-MR,167.52444,1.604976981269121,9427133.0,916012800.0,0.010291486101504259,90470400.0,0.10420129677773061,192249600.0
GroupAssignment,01001-group_assignment-p200-pr30-middle.asp,242431,382171,0.634352,0.402403,0.255265,1.576411,2.485073,3.917497,0.401186,0.19552,0.0,0.207651,47911,0.393147,0.205667,0.205667,EOCLINGO-INF-MR,177.13549999999998,1.5957731228353438,9793576.0,952171200.0,0.010285520082943067,94041600.0,0.10414089083979856,199838400.0
GroupAssignment,01002-group_assignment-p200-pr30-middle.asp,251431,396571,0.634013,0.401972,0.254855,1.577256,2.487736,3.923796,0.401144,0.19568,0.0,0.207377,49711,0.393392,0.205464,0.205464,EOCLINGO-INF-MR,215.04765,1.5034661387836603,10167830.0,988329600.0,0.010287893836226296,97612800.0,0.10416492509179125,207427200.0
GroupAssignment,01003-group_assignment-p200-pr30-middle.asp,203431,319771,0.636177,0.404721,0.257474,1.571889,2.470836,3.88388,0.401414,0.194661,0.0,0.209118,40111,0.391833,0.206753,0.206753,EOCLINGO-INF-MR,74.34088,2.280264371366064,8185425.0,795484800.0,0.010289857204059713,78566400.0,0.1041848041911046,166953600.0
GroupAssignment,01005-group_assignment-p200-pr30-middle.asp,215431,338971,0.635544,0.403916,0.256707,1.573455,2.475761,3.895499,0.401335,0.194958,0.0,0.20861,42511,0.392288,0.206377,0.206377,EOCLINGO-INF-MR,72.24252999999999,2.386276892572838,8679244.0,843696000.0,0.010287169786273729,83328000.0,0.1041575940860215,177072000.0
GroupAssignment,01021-group_assignment-p250-pr30-sat.asp,314231,495671,0.633951,0.401894,0.254781,1.57741,2.488221,3.924944,0.40117,0.195716,0.0,0.207303,62111,0.393376,0.205454,0.205454,EOCLINGO-INF-MR,37.9392,3.0066216472672065,3172000.0,1233419400.0,0.0025717124280678575,121819200.0,0.026038588334187058,258865800.0
GroupAssignment,01022-group_assignment-p250-pr30-sat.asp,317981,501671,0.633844,0.401758,0.254652,1.577676,2.489062,3.926933,0.401156,0.195766,0.0,0.207217,62861,0.393454,0.20539,0.20539,EOCLINGO-INF-MR,42.19079,2.400364629342091,3210733.0,1248461100.0,0.002571752535982098,123304800.0,0.026038994426818746,262022700.0
GroupAssignment,01023-group_assignment-p250-pr30-sat.asp,291731,459671,0.634652,0.402783,0.255627,1.575667,2.482727,3.911953,0.40126,0.195385,0.0,0.207866,57611,0.392865,0.205875,0.205875,EOCLINGO-INF-MR,63.82099,1.359942708503895,2940548.0,1143169200.0,0.0025722771397269978,112905600.0,0.02604430603973585,239924400.0
GroupAssignment,01024-group_assignment-p250-pr30-sat.asp,310481,489671,0.63406,0.402033,0.254913,1.577137,2.48736,3.922907,0.401184,0.195664,0.0,0.207391,61361,0.393296,0.20552,0.20552,EOCLINGO-INF-MR,38.28535,1.960776119325016,3132771.0,1218377700.0,0.0025712642311165085,120333600.0,0.026034050340054647,255708900.0
GroupAssignment,01025-group_assignment-p250-pr30-sat.asp,287981,453671,0.634779,0.402945,0.255781,1.57535,2.481729,3.909593,0.401276,0.195325,0.0,0.207969,56861,0.392772,0.205951,0.205951,EOCLINGO-INF-MR,31.45016,2.423043316790757,2902335.0,1128127500.0,0.0025727012239308055,111420000.0,0.026048599892299407,236767500.0
GroupAssignment,01026-group_assignment-p250-pr30-middle.asp,276731,435671,0.635183,0.403458,0.25627,1.574348,2.478573,3.902137,0.401328,0.195135,0.0,0.208293,54611,0.392479,0.206193,0.206193,EOCLINGO-INF-MR,195.06643,1.8953162776393664,11142487.0,1083002400.0,0.010288515519448526,106963200.0,0.10417121963441632,227296800.0
GroupAssignment,01028-group_assignment-p250-pr30-middle.asp,261731,411671,0.635777,0.404213,0.256989,1.572878,2.473946,3.891216,0.401404,0.194857,0.0,0.208768,51611,0.392048,0.206548,0.206548,EOCLINGO-INF-MR,116.35313,2.2660121820530312,10521173.0,1022835600.0,0.010286279632816848,101020800.0,0.10414858128227059,214669200.0
GroupAssignment,01029-group_assignment-p250-pr30-middle.asp,250481,393671,0.63627,0.404839,0.257587,1.57166,2.470116,3.882182,0.401468,0.194626,0.0,0.209162,49361,0.39169,0.206842,0.206842,EOCLINGO-L,207.72475,1.32998816944057,10057962.0,977710500.0,0.010287259879074634,96564000.0,0.10415850627563067,205198500.0
GroupAssignment,01030-group_assignment-p250-pr30-middle.asp,261731,411671,0.635777,0.404213,0.256989,1.572878,2.473946,3.891216,0.401404,0.194857,0.0,0.208768,51611,0.392048,0.206548,0.206548,EOCLINGO-INF-MR,196.01754,1.4509806622407364,10524657.0,1022835600.0,0.010289685849808121,101020800.0,0.10418306922930723,214669200.0
GroupAssignment,01032-group_assignment-p250-pr30-middle.asp,321731,507671,0.633739,0.401625,0.254526,1.577936,2.489883,3.928876,0.401143,0.195816,0.0,0.207133,63611,0.393531,0.205327,0.205327,EOCLINGO-INF-MR,239.46601,2.3016388421889182,13000066.0,1263502800.0,0.010288909529919522,124790400.0,0.10417520899043516,265179600.0
GroupAssignment,01033-group_assignment-p250-pr30-middle.asp,302981,477671,0.634288,0.402321,0.255188,1.576571,2.485576,3.918686,0.401213,0.195557,0.0,0.207574,59861,0.39313,0.205656,0.205656,EOCLINGO-INF-MR,298.74933,1.3166495469630006,12221795.0,1188294300.0,0.010285158314737352,117362400.0,0.10413722793671568,249395100.0
GroupAssignment,01034-group_assignment-p250-pr30-middle.asp,344231,543671,0.63316,0.400892,0.253829,1.579378,2.494436,3.939658,0.401068,0.196089,0.0,0.206666,68111,0.393953,0.204979,0.204979,EOCLINGO-INF-MR,190.46943,3.3189722361220904,13929328.0,1353753000.0,0.010289416163805363,133704000.0,0.10418033865852928,284121000.0
GroupAssignment,01035-group_assignment-p250-pr30-middle.asp,284231,447671,0.63491,0.403111,0.25594,1.575025,2.480705,3.907172,0.401293,0.195264,0.0,0.208074,56111,0.392677,0.20603,0.20603,EOCLINGO-L,242.84648,1.3047700753167186,11450403.0,1113085800.0,0.01028708029515784,109934400.0,0.10415668798847312,233610600.0
GroupAssignment,01051-group_assignment-p300-pr30-sat.asp,336531,529971,0.634999,0.403224,0.256047,1.574806,2.480014,3.90554,0.40133,0.195227,0.0,0.208126,66411,0.392567,0.206103,0.206103,EOCLINGO-INF-MR,53.74608,1.636796023077404,3394589.0,1319781600.0,0.0025720838963052676,130348800.0,0.026042349450090832,276991200.0
GroupAssignment,01052-group_assignment-p300-pr30-sat.asp,372531,587571,0.634019,0.40198,0.254863,1.577241,2.487688,3.923682,0.401202,0.195688,0.0,0.207341,73611,0.393285,0.205513,0.205513,EOCLINGO-INF-MR,43.11473,2.557695479016104,3766868.0,1464415200.0,0.0025722677557567008,144633600.0,0.026044211027036593,307346400.0
GroupAssignment,01053-group_assignment-p300-pr30-sat.asp,350031,551571,0.634607,0.402726,0.255573,1.575778,2.483075,3.912774,0.401279,0.195411,0.0,0.207813,69111,0.392854,0.205867,0.205867,EOCLINGO-INF-MR,71.98125999999999,1.310884110669916,3534341.0,1374019200.0,0.0025722646379322794,135705600.0,0.02604417945906433,288374400.0
GroupAssignment,01054-group_assignment-p300-pr30-sat.asp,408531,645171,0.633214,0.400959,0.253893,1.579246,2.494018,3.938669,0.401096,0.196068,0.0,0.206694,80811,0.393877,0.205027,0.205027,EOCLINGO-INF-MR,97.18499,1.5522168598257815,4138067.0,1609048800.0,0.002571747357817861,158918400.0,0.026038941997905844,337701600.0
GroupAssignment,01055-group_assignment-p300-pr30-sat.asp,305031,479571,0.63605,0.404559,0.25732,1.572204,2.471826,3.886215,0.401467,0.194734,0.0,0.208966,60111,0.3918,0.206733,0.206733,EOCLINGO-INF-MR,52.21928,2.0671259733952674,3068549.0,1193227200.0,0.0025716384943286577,117849600.0,0.026037839755077657,250430400.0
GroupAssignment,01056-group_assignment-p300-pr30-middle.asp,359031,565971,0.634363,0.402416,0.255278,1.576385,2.484989,3.917299,0.401247,0.195526,0.0,0.207617,70911,0.393033,0.20572,0.20572,EOCLINGO-L,722.0071,1.25665026008747,14510266.0,1410177600.0,0.010289672733420244,139276800.0,0.10418293642587997,295963200.0
GroupAssignment,01057-group_assignment-p300-pr30-middle.asp,368031,580371,0.634131,0.402122,0.254998,1.576962,2.48681,3.921606,0.401216,0.195636,0.0,0.207431,72711,0.393203,0.205581,0.205581,EOCLINGO-INF-MR,484.76736,1.6513293923089212,14879954.0,1446336000.0,0.010288034039116776,142848000.0,0.10416634464605735,303552000.0
GroupAssignment,01058-group_assignment-p300-pr30-middle.asp,341031,537171,0.634865,0.403053,0.255884,1.575138,2.481061,3.908014,0.401312,0.19529,0.0,0.208019,67311,0.392665,0.206022,0.206022,EOCLINGO-L,629.3901099999999,1.250992726911454,13764734.0,1337860800.0,0.010288614480669438,132134400.0,0.10417222161677807,280785600.0
GroupAssignment,01059-group_assignment-p300-pr30-middle.asp,318531,501171,0.635573,0.403954,0.256742,1.573382,2.475531,3.894957,0.401405,0.194957,0.0,0.208586,62811,0.392147,0.206448,0.206448,EOCLINGO-INF-MR,161.95406000000003,2.358598111093973,12833142.0,1247464800.0,0.010287378048663177,123206400.0,0.10415970274271466,261813600.0
GroupAssignment,01060-group_assignment-p300-pr30-middle.asp,264531,414771,0.637776,0.406758,0.259421,1.567949,2.458463,3.854743,0.401692,0.193928,0.0,0.210338,52011,0.390544,0.207764,0.207764,EOCLINGO-INF-MR,62.40955,3.600432465864599,10605157.0,1030514400.0,0.010291129362190378,101779200.0,0.10419768479217757,216280800.0
GroupAssignment,01061-group_assignment-p300-pr30-middle.asp,345531,544371,0.634734,0.402888,0.255727,1.575462,2.482081,3.910424,0.401295,0.195352,0.0,0.207915,68211,0.392761,0.205944,0.205944,EOCLINGO-L,541.5621900000001,1.9725483974425908,13949993.0,1355940000.0,0.010288060681151083,133920000.0,0.10416661439665471,284580000.0
GroupAssignment,01062-group_assignment-p300-pr30-middle.asp,296031,465171,0.636392,0.404994,0.257735,1.571359,2.469169,3.879952,0.401512,0.194574,0.0,0.209238,58311,0.39155,0.206938,0.206938,EOCLINGO-INF-MR,149.83631,2.690504724789338,11906612.0,1157068800.0,0.010290323272047435,114278400.0,0.10418952312948028,242841600.0
GroupAssignment,01063-group_assignment-p300-pr30-middle.asp,336531,529971,0.634999,0.403224,0.256047,1.574806,2.480014,3.90554,0.40133,0.195227,0.0,0.208126,66411,0.392567,0.206103,0.206103,EOCLINGO-INF-MR,267.93446,2.1878855000584845,13575730.0,1319781600.0,0.010286345862072936,130348800.0,0.10414925185348849,276991200.0
GroupAssignment,01064-group_assignment-p300-pr30-middle.asp,377031,594771,0.63391,0.401841,0.254731,1.577512,2.488545,3.92571,0.401187,0.19574,0.0,0.207254,74511,0.393366,0.205447,0.205447,EOCLINGO-INF-MR,191.43782,3.9636083925318415,15251811.0,1482494400.0,0.01028793835578738,146419200.0,0.10416537585234724,311140800.0
GroupAssignment,01065-group_assignment-p300-pr30-middle.asp,287031,450771,0.636756,0.405458,0.258178,1.570461,2.466348,3.873303,0.401559,0.194404,0.0,0.209528,56511,0.391285,0.207155,0.207155,EOCLINGO-INF-MR,118.05902,2.1285136027725797,11530816.0,1120910400.0,0.010287009559372453,110707200.0,0.10415597178864609,235252800.0
GroupAssignment,01081-group_assignment-p50-pr35-sat.asp,60816,95696,0.635512,0.403876,0.256668,1.573533,2.476007,3.896079,0.400717,0.19485,0.0,0.209007,12076,0.393416,0.205867,0.205867,CLINGO-AMO,0.826623,1.304616493855119,520639.0,236123100.0,0.0022049473346741595,23320800.0,0.022325091763575864,49556700.0
GroupAssignment,01082-group_assignment-p50-pr35-sat.asp,68316,107696,0.634341,0.402389,0.255252,1.576439,2.48516,3.917702,0.400638,0.195415,0.0,0.208019,13576,0.394139,0.205223,0.205223,CLINGO-AMO,0.956877,1.2734478935119145,586580.0,266012100.0,0.0022050876633055412,26272800.0,0.022326512590968607,55829700.0
GroupAssignment,01083-group_assignment-p50-pr35-sat.asp,66816,105296,0.634554,0.402659,0.255509,1.57591,2.483492,3.91376,0.400653,0.195312,0.0,0.208199,13276,0.394007,0.20534,0.20534,CLINGO-AMO,0.974056,1.2183714283367693,572982.0,260034300.0,0.002203486232393188,25682400.0,0.02231029810298103,54575100.0
GroupAssignment,01084-group_assignment-p50-pr35-sat.asp,58566,92096,0.635923,0.404399,0.257166,1.572516,2.472808,3.888531,0.400744,0.194652,0.0,0.209354,11626,0.393163,0.206092,0.206092,CLINGO-AMO,0.787034,1.2860422802572695,500815.0,227156400.0,0.0022047144610497435,22435200.0,0.022322733918128654,47674800.0
GroupAssignment,01085-group_assignment-p50-pr35-sat.asp,62316,98096,0.635255,0.403549,0.256357,1.57417,2.478012,3.900814,0.4007,0.194974,0.0,0.208791,12376,0.393575,0.205726,0.205726,CLINGO-AMO,0.8831340000000001,1.2235074179003411,533663.0,242100900.0,0.002204299942709837,23911200.0,0.022318536919937102,50811300.0
GroupAssignment,01088-group_assignment-p50-pr35-middle.asp,66816,105296,0.634554,0.402659,0.255509,1.57591,2.483492,3.91376,0.400653,0.195312,0.0,0.208199,13276,0.394007,0.20534,0.20534,EOCLINGO-INF-MR,9.80167,1.503490323587715,2292976.0,260034300.0,0.008817975167122183,25682400.0,0.08928199856711211,54575100.0
GroupAssignment,01089-group_assignment-p50-pr35-middle.asp,75816,119696,0.633405,0.401201,0.254123,1.57877,2.492514,3.935105,0.400575,0.195869,0.0,0.207225,15076,0.394719,0.204706,0.204706,EOCLINGO-INF-MR,8.27279,2.726334767351764,2609778.0,295901100.0,0.008819764441565105,29224800.0,0.08930011497084668,62102700.0
GroupAssignment,01090-group_assignment-p50-pr35-middle.asp,76566,120896,0.633321,0.401096,0.254022,1.578978,2.49317,3.93666,0.400569,0.195909,0.0,0.207155,15226,0.394771,0.20466,0.20466,EOCLINGO-INF-MR,15.039615,1.4083721558031903,2635613.0,298890000.0,0.00881800327879822,29520000.0,0.08928228319783198,62730000.0
GroupAssignment,01091-group_assignment-p50-pr35-middle.asp,73566,116096,0.633665,0.401532,0.254437,1.57812,2.490464,3.930251,0.400593,0.195743,0.0,0.207446,14626,0.394557,0.20485,0.20485,EOCLINGO-INF-MR,9.08336,2.1209472045586653,2530235.0,286934400.0,0.008818165406448303,28339200.0,0.08928392474028907,60220800.0
GroupAssignment,01092-group_assignment-p50-pr35-middle.asp,61566,96896,0.635382,0.403711,0.256511,1.573856,2.477022,3.898475,0.400708,0.194913,0.0,0.208898,12226,0.393496,0.205795,0.205795,CLINGO-AMO,8.675799,1.584212243736859,2108878.0,239112000.0,0.008819624276489678,23616000.0,0.089298695799458,50184000.0
GroupAssignment,01094-group_assignment-p50-pr35-middle.asp,64566,101696,0.634892,0.403088,0.255918,1.57507,2.480847,3.907509,0.400675,0.195149,0.0,0.208484,12826,0.393799,0.205526,0.205526,EOCLINGO-INF-MR,7.856753,1.497168614057232,2213821.0,251067600.0,0.008817629196280204,24796800.0,0.08927849561233707,52693200.0
GroupAssignment,01095-group_assignment-p50-pr35-middle.asp,62316,98096,0.635255,0.403549,0.256357,1.57417,2.478012,3.900814,0.4007,0.194974,0.0,0.208791,12376,0.393575,0.205726,0.205726,EOCLINGO-INF-MR,7.249442,1.8342575883771468,2135194.0,242100900.0,0.008819438506837439,23911200.0,0.08929681488172907,50811300.0
GroupAssignment,01111-group_assignment-p100-pr35-sat.asp,139366,219996,0.633493,0.401314,0.25423,1.578549,2.491816,3.933452,0.400887,0.195887,0.0,0.207088,27626,0.394113,0.205,0.205,CLINGO-AMO,4.026221,3.045508927602335,1209206.0,548402400.0,0.0022049611744952248,54163200.0,0.02232523189176415,115096800.0
GroupAssignment,01112-group_assignment-p100-pr35-sat.asp,128866,203196,0.634196,0.402204,0.255076,1.576801,2.4863,3.9204,0.400959,0.195552,0.0,0.207665,25526,0.393634,0.205407,0.205407,CLINGO-AMO,4.406645,2.644335089393405,1115940.0,506217600.0,0.002204467011814682,49996800.0,0.022320228494623656,106243200.0
GroupAssignment,01113-group_assignment-p100-pr35-sat.asp,139366,219996,0.633493,0.401314,0.25423,1.578549,2.491816,3.933452,0.400887,0.195887,0.0,0.207088,27626,0.394113,0.205,0.205,CLINGO-AMO,3.793056,2.7647335024845403,1208742.0,548402400.0,0.0022041150804591667,54163200.0,0.02231666518964906,115096800.0
GroupAssignment,01114-group_assignment-p100-pr35-sat.asp,122866,193596,0.634652,0.402783,0.255627,1.575668,2.482729,3.911956,0.401006,0.195335,0.0,0.20804,24326,0.393323,0.205671,0.205671,CLINGO-AMO,3.033807,3.437888764842325,1063097.0,482112000.0,0.0022050830512412053,47616000.0,0.022326465893817204,101184000.0
GroupAssignment,01115-group_assignment-p100-pr35-sat.asp,152866,241596,0.632734,0.400352,0.253317,1.580443,2.4978,3.947631,0.400809,0.19625,0.0,0.206462,30326,0.394633,0.204558,0.204558,CLINGO-AMO,5.475846000000001,2.381569898057761,1328927.0,602640000.0,0.0022051755608655252,59520000.0,0.02232740255376344,126480000.0
GroupAssignment,01116-group_assignment-p100-pr35-middle.asp,140866,222396,0.633402,0.401198,0.254119,1.578777,2.492537,3.93516,0.400877,0.195931,0.0,0.207012,27926,0.394176,0.204947,0.204947,EOCLINGO-INF-MR,36.18874,1.5768432943506736,4888642.0,554428800.0,0.008817438776629207,54758400.0,0.08927656761337073,116361600.0
GroupAssignment,01117-group_assignment-p100-pr35-middle.asp,157366,248796,0.63251,0.400069,0.253048,1.581002,2.499568,3.951823,0.400785,0.196358,0.0,0.206277,31226,0.394787,0.204428,0.204428,EOCLINGO-INF-MR,23.13619,3.709522138260448,5473986.0,620719200.0,0.008818779892743772,61305600.0,0.08929014641403069,130274400.0
GroupAssignment,01118-group_assignment-p100-pr35-middle.asp,160366,253596,0.632368,0.399889,0.252877,1.581358,2.500692,3.954488,0.400771,0.196426,0.0,0.20616,31826,0.394884,0.204345,0.204345,EOCLINGO-INF-MR,40.94017,2.329576061848302,5579676.0,632772000.0,0.008817830118905388,62496000.0,0.08928052995391705,132804000.0
GroupAssignment,01119-group_assignment-p100-pr35-middle.asp,131866,207996,0.633983,0.401935,0.25482,1.577329,2.487965,3.924338,0.400937,0.195653,0.0,0.207491,26126,0.393779,0.205284,0.205284,EOCLINGO-INF-MR,41.83291,2.2172299990605486,4571337.0,518270400.0,0.008820370601909737,51187200.0,0.08930625234433609,108772800.0
GroupAssignment,01120-group_assignment-p100-pr35-middle.asp,127366,200796,0.634305,0.402343,0.255209,1.576527,2.485439,3.918363,0.40097,0.1955,0.0,0.207756,25226,0.393559,0.205471,0.205471,EOCLINGO-INF-MR,30.94099,1.870429808483827,4410013.0,500191200.0,0.008816654511314873,49401600.0,0.0892686269270631,104978400.0
GroupAssignment,01121-group_assignment-p100-pr35-middle.asp,125866,198396,0.634418,0.402486,0.255345,1.576248,2.484557,3.916277,0.400982,0.195446,0.0,0.207848,24926,0.393482,0.205536,0.205536,EOCLINGO-INF-MR,44.03705,1.450554521703883,4357498.0,494164800.0,0.008817904472354162,48806400.0,0.08928128278258589,103713600.0
GroupAssignment,01122-group_assignment-p100-pr35-middle.asp,121366,191196,0.634773,0.402936,0.255773,1.575367,2.481781,3.909717,0.401018,0.195277,0.0,0.208139,24026,0.39324,0.205741,0.205741,EOCLINGO-INF-MR,37.23532,1.3530214323389729,4200688.0,476085600.0,0.008823388062986992,47020800.0,0.0893368041377433,99919200.0
GroupAssignment,01123-group_assignment-p100-pr35-middle.asp,146866,231996,0.633054,0.400757,0.253701,1.579644,2.495275,3.941647,0.400842,0.196097,0.0,0.206726,29126,0.394414,0.204744,0.204744,EOCLINGO-INF-MR,20.53821,3.718276665785383,5100833.0,578534400.0,0.00881681884430727,57139200.0,0.08927029079861111,121420800.0
GroupAssignment,01124-group_assignment-p100-pr35-middle.asp,149866,236796,0.632891,0.400551,0.253505,1.580052,2.496563,3.944698,0.400825,0.196175,0.0,0.206591,29726,0.394526,0.204649,0.204649,EOCLINGO-INF-MR,35.42854,2.4143772788830704,5208777.0,590587200.0,0.008819657791431986,58329600.0,0.08929903513824884,123950400.0
GroupAssignment,01125-group_assignment-p100-pr35-middle.asp,143866,227196,0.633224,0.400973,0.253906,1.57922,2.493934,3.93847,0.400859,0.196016,0.0,0.206866,28526,0.394297,0.204843,0.204843,EOCLINGO-INF-MR,29.37102,2.9131007367125825,4995859.0,566481600.0,0.008819101979658298,55948800.0,0.08929340754404026,118891200.0
GroupAssignment,01141-group_assignment-p150-pr35-sat.asp,193166,304696,0.633963,0.401909,0.254796,1.577379,2.488125,3.924716,0.401054,0.195687,0.0,0.207392,38226,0.393579,0.205367,0.205367,EOCLINGO-INF-MR,20.10917,1.325029377144855,1678216.0,761367600.0,0.0022042125249353926,75196800.0,0.02231765181497085,159793200.0
GroupAssignment,01142-group_assignment-p150-pr35-sat.asp,204416,322696,0.633463,0.401275,0.254193,1.578624,2.492054,3.934016,0.400996,0.195924,0.0,0.206985,40476,0.393932,0.205072,0.205072,EOCLINGO-INF-MR,20.00745,1.366311548948017,1779432.0,806687100.0,0.002205851562520338,79672800.0,0.02233424707051842,169304700.0
GroupAssignment,01143-group_assignment-p150-pr35-sat.asp,211166,333496,0.633189,0.400928,0.253863,1.579307,2.494211,3.939126,0.400964,0.196054,0.0,0.206762,41826,0.394126,0.20491,0.20491,EOCLINGO-INF-MR,19.59871,1.4638463449890324,1838496.0,833878800.0,0.002204752057493247,82358400.0,0.02232311458211913,175011600.0
GroupAssignment,01145-group_assignment-p150-pr35-sat.asp,202166,319096,0.633559,0.401396,0.254308,1.578386,2.491303,3.932237,0.401007,0.195879,0.0,0.207063,40026,0.393864,0.205128,0.205128,CLINGO-AMO,15.924341,1.2256004816777033,1759084.0,797623200.0,0.0022054072649842684,78777600.0,0.022329748557965715,167402400.0
GroupAssignment,01146-group_assignment-p150-pr35-middle.asp,211166,333496,0.633189,0.400928,0.253863,1.579307,2.494211,3.939126,0.400964,0.196054,0.0,0.206762,41826,0.394126,0.20491,0.20491,EOCLINGO-INF-MR,61.33709,1.74028063607191,7353380.0,833878800.0,0.00881828390408774,82358400.0,0.08928512452888837,175011600.0
GroupAssignment,01147-group_assignment-p150-pr35-middle.asp,184166,290296,0.634408,0.402473,0.255332,1.576274,2.484638,3.91647,0.401106,0.195476,0.0,0.207753,36426,0.393265,0.20563,0.20563,EOCLINGO-INF-MR,45.9465,2.5115656252380485,6393953.0,725112000.0,0.008817883306303027,71616000.0,0.08928106847631814,152184000.0
GroupAssignment,01148-group_assignment-p150-pr35-middle.asp,220166,347896,0.63285,0.400499,0.253456,1.580153,2.496884,3.945459,0.400925,0.196216,0.0,0.206485,43626,0.394366,0.204709,0.204709,EOCLINGO-INF-MR,95.41259,2.191144376229594,7673818.0,870134400.0,0.008819118058083901,85939200.0,0.0892935703380995,182620800.0
GroupAssignment,01149-group_assignment-p150-pr35-middle.asp,188666,297496,0.63418,0.402184,0.255057,1.576839,2.486423,3.92069,0.401079,0.195584,0.0,0.207568,37326,0.393425,0.205495,0.205495,EOCLINGO-INF-MR,36.70674,3.387706181480567,6553227.0,743239800.0,0.008817109901810963,73406400.0,0.08927323775583601,155988600.0
GroupAssignment,01150-group_assignment-p150-pr35-middle.asp,175166,275896,0.634899,0.403096,0.255925,1.575055,2.480797,3.90739,0.401162,0.195243,0.0,0.208151,34626,0.392919,0.205919,0.205919,EOCLINGO-INF-MR,66.63182,1.7340621943089651,6075858.0,688856400.0,0.008820209843444875,68035200.0,0.08930462466487936,144574800.0
GroupAssignment,01151-group_assignment-p150-pr35-middle.asp,197666,311896,0.633756,0.401647,0.254546,1.577894,2.48975,3.928561,0.40103,0.195785,0.0,0.207223,39126,0.393725,0.205245,0.205245,EOCLINGO-INF-MR,91.17679,1.2733140747771443,6874139.0,779495400.0,0.008818703740907258,76987200.0,0.08928937537668599,163597800.0
GroupAssignment,01152-group_assignment-p150-pr35-middle.asp,224666,355096,0.632691,0.400298,0.253265,1.580551,2.49814,3.948438,0.400906,0.196291,0.0,0.206355,44526,0.394479,0.204615,0.204615,EOCLINGO-INF-MR,59.157410000000006,3.227342610164982,7832542.0,888262200.0,0.008817826538155063,87729600.0,0.08928049369882,186425400.0
GroupAssignment,01154-group_assignment-p150-pr35-middle.asp,224666,355096,0.632691,0.400298,0.253265,1.580551,2.49814,3.948438,0.400906,0.196291,0.0,0.206355,44526,0.394479,0.204615,0.204615,EOCLINGO-INF-MR,45.522400000000005,3.889745927279757,7834141.0,888262200.0,0.00881962668230169,87729600.0,0.0892987201583046,186425400.0
GroupAssignment,01155-group_assignment-p150-pr35-middle.asp,211166,333496,0.633189,0.400928,0.253863,1.579307,2.494211,3.939126,0.400964,0.196054,0.0,0.206762,41826,0.394126,0.20491,0.20491,EOCLINGO-INF-MR,94.96829,1.8928005337360505,7355295.0,833878800.0,0.008820580400892791,82358400.0,0.08930837655903952,175011600.0
GroupAssignment,01171-group_assignment-p200-pr35-sat.asp,284466,449396,0.632996,0.400684,0.253632,1.579788,2.49573,3.942725,0.400997,0.196157,0.0,0.206566,56326,0.394163,0.20484,0.20484,EOCLINGO-INF-MR,42.92903,1.6461203525912422,2470778.0,1120910400.0,0.0022042600371983347,110707200.0,0.022318132876633135,235252800.0
GroupAssignment,01172-group_assignment-p200-pr35-sat.asp,308466,487796,0.632367,0.399888,0.252876,1.581361,2.500702,3.954511,0.400919,0.196456,0.0,0.206055,61126,0.394617,0.204463,0.204463,EOCLINGO-INF-MR,34.69403,2.2035775607503654,2683749.0,1217332800.0,0.002204614054595424,120230400.0,0.022321717302778665,255489600.0
GroupAssignment,01174-group_assignment-p200-pr35-sat.asp,260466,410996,0.633743,0.401631,0.254531,1.577926,2.48985,3.928798,0.401089,0.195803,0.0,0.207171,51526,0.393625,0.205286,0.205286,EOCLINGO-INF-MR,31.41787,1.5522364819766583,2257615.0,1024488000.0,0.002203651970545287,101184000.0,0.02231197620177103,215016000.0
GroupAssignment,01175-group_assignment-p200-pr35-sat.asp,257466,406196,0.633847,0.401762,0.254655,1.577669,2.489038,3.926877,0.401102,0.195754,0.0,0.207255,50926,0.393551,0.205348,0.205348,EOCLINGO-INF-MR,30.90689,1.2988262811301947,2231882.0,1012435200.0,0.002204468987249752,99993600.0,0.02232024849590374,212486400.0
GroupAssignment,01176-group_assignment-p200-pr35-middle.asp,215466,338996,0.6356,0.403988,0.256775,1.573316,2.475322,3.894462,0.401316,0.194926,0.0,0.208669,42526,0.392294,0.20639,0.20639,EOCLINGO-INF-MR,54.48502,2.482216029286582,7441481.0,843696000.0,0.008820097523278527,83328000.0,0.08930348742319509,177072000.0
GroupAssignment,01177-group_assignment-p200-pr35-middle.asp,275466,434996,0.633261,0.401019,0.25395,1.579128,2.493644,3.937783,0.40103,0.196031,0.0,0.206781,54526,0.393972,0.204998,0.204998,EOCLINGO-INF-MR,65.65768,2.8186515271328503,9565603.0,1084752000.0,0.008818239560747525,107136000.0,0.08928467555256869,227664000.0
GroupAssignment,01179-group_assignment-p200-pr35-middle.asp,269466,425396,0.633447,0.401256,0.254174,1.578663,2.492177,3.934307,0.401052,0.195943,0.0,0.206931,53326,0.393838,0.205109,0.205109,EOCLINGO-INF-MR,102.50291,2.630847943731549,9353158.0,1060646400.0,0.00881835642868349,104755200.0,0.08928585884042033,222604800.0
GroupAssignment,01180-group_assignment-p200-pr35-middle.asp,296466,468596,0.632669,0.40027,0.253238,1.580606,2.498316,3.948854,0.400957,0.196313,0.0,0.2063,58726,0.394399,0.204644,0.204644,EOCLINGO-INF-MR,99.23911,3.594385519982999,10309456.0,1169121600.0,0.008818121228792625,115468800.0,0.08928347744152533,245371200.0
GroupAssignment,01181-group_assignment-p200-pr35-middle.asp,281466,444596,0.633083,0.400794,0.253735,1.579573,2.49505,3.941112,0.401008,0.196116,0.0,0.206636,55726,0.394101,0.204892,0.204892,EOCLINGO-INF-MR,123.99308,2.6428924098022244,9778867.0,1108857600.0,0.008818866372021079,109516800.0,0.08929102201671342,232723200.0
GroupAssignment,01182-group_assignment-p200-pr35-middle.asp,248466,391796,0.634172,0.402174,0.255047,1.57686,2.486486,3.92084,0.401141,0.1956,0.0,0.207517,49126,0.393317,0.205541,0.205541,EOCLINGO-INF-MR,164.5181,1.4149834577472022,8609232.0,976276800.0,0.008818433460674268,96422400.0,0.08928663878932697,204897600.0
GroupAssignment,01183-group_assignment-p200-pr35-middle.asp,263466,415796,0.633642,0.401503,0.254409,1.578177,2.490643,3.930675,0.401076,0.195851,0.0,0.207089,52126,0.393698,0.205226,0.205226,EOCLINGO-INF-MR,168.66266000000002,1.4488303457327187,9138974.0,1036540800.0,0.008816801036678923,102374400.0,0.0892701104963741,217545600.0
GroupAssignment,01184-group_assignment-p200-pr35-middle.asp,269466,425396,0.633447,0.401256,0.254174,1.578663,2.492177,3.934307,0.401052,0.195943,0.0,0.206931,53326,0.393838,0.205109,0.205109,EOCLINGO-INF-MR,154.18018999999998,1.4521554941656254,9353170.0,1060646400.0,0.00881836774253889,104755200.0,0.08928597339320625,222604800.0
GroupAssignment,01185-group_assignment-p200-pr35-middle.asp,308466,487796,0.632367,0.399888,0.252876,1.581361,2.500702,3.954511,0.400919,0.196456,0.0,0.206055,61126,0.394617,0.204463,0.204463,EOCLINGO-INF-MR,188.68049,2.0507702730685087,10732404.0,1217332800.0,0.008816326973199113,120230400.0,0.08926531060364101,255489600.0
GroupAssignment,01201-group_assignment-p250-pr35-sat.asp,321766,507696,0.633777,0.401673,0.254571,1.577842,2.489586,3.928174,0.40113,0.195794,0.0,0.207172,63626,0.393534,0.205336,0.205336,EOCLINGO-INF-MR,30.01645,3.709431661638868,2784301.0,1263502800.0,0.0022036365886961232,124790400.0,0.02231182046054825,265179600.0
GroupAssignment,01203-group_assignment-p250-pr35-sat.asp,355516,561696,0.632933,0.400604,0.253556,1.579946,2.496229,3.943906,0.401023,0.196194,0.0,0.206491,70376,0.394148,0.204829,0.204829,EOCLINGO-INF-MR,38.65348,1.969944491414486,3083004.0,1398878100.0,0.00220391183477674,138160800.0,0.022314607327114492,293591700.0
GroupAssignment,01204-group_assignment-p250-pr35-sat.asp,344266,543696,0.633196,0.400937,0.253872,1.57929,2.494158,3.939,0.401056,0.196069,0.0,0.206704,68126,0.393957,0.204987,0.204987,EOCLINGO-INF-MR,70.48226,1.63530572090055,2985234.0,1353753000.0,0.002205154116001959,133704000.0,0.022327185424519835,284121000.0
GroupAssignment,01205-group_assignment-p250-pr35-sat.asp,363016,573696,0.632767,0.400394,0.253356,1.58036,2.497538,3.947009,0.401002,0.196272,0.0,0.206357,71876,0.394269,0.204729,0.204729,EOCLINGO-INF-MR,39.57209,2.8185741516306058,3150677.0,1428961500.0,0.0022048718597386984,141132000.0,0.022324327579854322,299905500.0
GroupAssignment,01206-group_assignment-p250-pr35-middle.asp,355516,561696,0.632933,0.400604,0.253556,1.579946,2.496229,3.943906,0.401023,0.196194,0.0,0.206491,70376,0.394148,0.204829,0.204829,EOCLINGO-INF-MR,194.42947,2.742514907848075,12331974.0,1398878100.0,0.008815617315046965,138160800.0,0.08925812531485053,293591700.0
GroupAssignment,01207-group_assignment-p250-pr35-middle.asp,333016,525696,0.633476,0.401292,0.254209,1.578591,2.491949,3.933768,0.401092,0.195937,0.0,0.20693,65876,0.393753,0.205155,0.205155,EOCLINGO-INF-MR,137.416,2.74510049775863,11539569.0,1308627900.0,0.008818067381873794,129247200.0,0.08928293224147216,274650300.0
GroupAssignment,01208-group_assignment-p250-pr35-middle.asp,333016,525696,0.633476,0.401292,0.254209,1.578591,2.491949,3.933768,0.401092,0.195937,0.0,0.20693,65876,0.393753,0.205155,0.205155,EOCLINGO-INF-MR,145.02159,2.830972133183756,11535538.0,1308627900.0,0.008814987056290026,129247200.0,0.08925174394493653,274650300.0
GroupAssignment,01209-group_assignment-p250-pr35-middle.asp,303016,477696,0.634328,0.402372,0.255236,1.576471,2.485261,3.917943,0.4012,0.195534,0.0,0.207616,59876,0.393134,0.205666,0.205666,EOCLINGO-INF-MR,173.58547,2.159398940475836,10480294.0,1188294300.0,0.008819611438008244,117362400.0,0.08929856580983347,249395100.0
GroupAssignment,01210-group_assignment-p250-pr35-middle.asp,303016,477696,0.634328,0.402372,0.255236,1.576471,2.485261,3.917943,0.4012,0.195534,0.0,0.207616,59876,0.393134,0.205666,0.205666,EOCLINGO-INF-MR,209.31283,1.7934517917511317,10479783.0,1188294300.0,0.00881918140985781,117362400.0,0.08929421177481033,249395100.0
GroupAssignment,01211-group_assignment-p250-pr35-middle.asp,325516,513696,0.633674,0.401543,0.254448,1.578098,2.490392,3.930081,0.401117,0.195843,0.0,0.20709,64376,0.393609,0.205274,0.205274,EOCLINGO-INF-MR,92.02694,4.610337907573586,11274542.0,1278544500.0,0.008818263267332501,126276000.0,0.08928491558174158,268336500.0
GroupAssignment,01213-group_assignment-p250-pr35-middle.asp,310516,489696,0.6341,0.402082,0.25496,1.57704,2.487054,3.922182,0.401171,0.195642,0.0,0.207432,61376,0.3933,0.205529,0.205529,EOCLINGO-INF-MR,246.56163,1.5887202724933316,10743830.0,1218377700.0,0.008818143995905374,120333600.0,0.08928370795854192,255708900.0
GroupAssignment,01214-group_assignment-p250-pr35-middle.asp,314266,495696,0.633989,0.401943,0.254827,1.577313,2.487918,3.924226,0.401157,0.195694,0.0,0.207343,62126,0.39338,0.205463,0.205463,EOCLINGO-INF-MR,243.48365,1.303394786467181,10876443.0,1233419400.0,0.008818122205634191,121819200.0,0.08928348733204618,258865800.0
GroupAssignment,01215-group_assignment-p250-pr35-middle.asp,385516,609696,0.632309,0.399814,0.252806,1.581506,2.501162,3.955604,0.400943,0.19649,0.0,0.205986,76376,0.394604,0.204453,0.204453,EOCLINGO-INF-MR,255.28639,2.403014864991432,13400567.0,1519211700.0,0.008820737096745634,150045600.0,0.08930996310454956,318846900.0
GroupAssignment,01231-group_assignment-p300-pr35-sat.asp,386066,609196,0.63373,0.401614,0.254515,1.577958,2.489952,3.92904,0.401149,0.195821,0.0,0.207117,76326,0.393523,0.205328,0.205328,EOCLINGO-INF-MR,47.42582,2.225826775372571,3347314.0,1518652800.0,0.0022041338217662393,149990400.0,0.02231685494538317,318729600.0
GroupAssignment,01232-group_assignment-p300-pr35-sat.asp,476066,753196,0.632061,0.399501,0.252509,1.582125,2.50312,3.960249,0.400932,0.196611,0.0,0.205772,94326,0.394748,0.20432,0.20432,EOCLINGO-INF-MR,100.06108,1.2180280284802043,4145659.0,1880236800.0,0.002204860047415304,185702400.0,0.022324207980079957,394617600.0
GroupAssignment,01233-group_assignment-p300-pr35-sat.asp,404066,637996,0.633336,0.401115,0.254041,1.57894,2.493052,3.936379,0.401098,0.196008,0.0,0.2068,79926,0.393812,0.20509,0.20509,EOCLINGO-INF-MR,59.42186,1.9701724247608536,3506429.0,1590969600.0,0.0022039572597741656,157132800.0,0.022315067255213424,333907200.0
GroupAssignment,01234-group_assignment-p300-pr35-sat.asp,381566,601996,0.633835,0.401747,0.254641,1.577698,2.489132,3.927099,0.401163,0.195772,0.0,0.207201,75426,0.393447,0.20539,0.20539,EOCLINGO-INF-MR,51.62043,1.4903054856381472,3307885.0,1500573600.0,0.0022044136988682195,148204800.0,0.022319688701040723,314935200.0
GroupAssignment,01235-group_assignment-p300-pr35-sat.asp,336566,529996,0.635035,0.403269,0.25609,1.574716,2.479732,3.904874,0.401318,0.195207,0.0,0.208164,66426,0.392571,0.206111,0.206111,EOCLINGO-INF-MR,42.63458,1.9176590926895487,2909476.0,1319781600.0,0.002204513231583165,130348800.0,0.022320696469779546,276991200.0
GroupAssignment,01236-group_assignment-p300-pr35-middle.asp,377066,594796,0.633942,0.401882,0.25477,1.577432,2.488292,3.925111,0.401176,0.195722,0.0,0.207287,74526,0.393369,0.205455,0.205455,EOCLINGO-INF-MR,164.30046,4.063284241565727,13066726.0,1482494400.0,0.008814013732530794,146419200.0,0.08924188904187429,311140800.0
GroupAssignment,01237-group_assignment-p300-pr35-middle.asp,363566,573196,0.634279,0.402309,0.255176,1.576594,2.485649,3.918859,0.40122,0.195563,0.0,0.207558,71826,0.393123,0.205657,0.205657,EOCLINGO-INF-MR,165.82511,2.9266497094438835,12596813.0,1428256800.0,0.008819711553272493,141062400.0,0.089299579476884,299757600.0
GroupAssignment,01238-group_assignment-p300-pr35-middle.asp,449066,709996,0.632491,0.400045,0.253025,1.58105,2.499721,3.952184,0.400988,0.196408,0.0,0.206119,88926,0.394432,0.20458,0.20458,EOCLINGO-INF-MR,348.80644,2.63039484018701,15622318.0,1771761600.0,0.008817392814021932,174988800.0,0.08927610224197206,371851200.0
GroupAssignment,01239-group_assignment-p300-pr35-middle.asp,435566,688396,0.632726,0.400342,0.253307,1.580463,2.497864,3.947781,0.401018,0.196296,0.0,0.206309,86226,0.394259,0.204722,0.204722,EOCLINGO-INF-MR,541.7831299999999,1.3637641688843285,15147804.0,1717524000.0,0.008819558853326068,169632000.0,0.08929803338992642,360468000.0
GroupAssignment,01241-group_assignment-p300-pr35-middle.asp,426566,673996,0.632891,0.400551,0.253505,1.580051,2.496561,3.944693,0.40104,0.196218,0.0,0.206442,84426,0.394138,0.204822,0.204822,EOCLINGO-INF-MR,434.1081,1.6511333006686586,14826736.0,1681365600.0,0.00881827010139853,166060800.0,0.08928498477666011,352879200.0
GroupAssignment,01242-group_assignment-p300-pr35-middle.asp,413066,652396,0.633152,0.400882,0.253819,1.579399,2.494501,3.939812,0.401074,0.196095,0.0,0.206652,81726,0.393947,0.204979,0.204979,EOCLINGO-INF-MR,420.00882,1.718317129625992,14349945.0,1627128000.0,0.008819186320928655,160704000.0,0.08929426149940263,341496000.0
GroupAssignment,01243-group_assignment-p300-pr35-middle.asp,386066,609196,0.63373,0.401614,0.254515,1.577958,2.489952,3.92904,0.401149,0.195821,0.0,0.207117,76326,0.393523,0.205328,0.205328,EOCLINGO-INF-MR,375.05201,1.6975583199780744,13389963.0,1518652800.0,0.008817000831263078,149990400.0,0.08927213341653865,318729600.0
GroupAssignment,01244-group_assignment-p300-pr35-middle.asp,381566,601996,0.633835,0.401747,0.254641,1.577698,2.489132,3.927099,0.401163,0.195772,0.0,0.207201,75426,0.393447,0.20539,0.20539,EOCLINGO-INF-MR,151.61242,4.435554620129407,13231061.0,1500573600.0,0.008817335584205933,148204800.0,0.08927552279008508,314935200.0
GroupAssignment,01245-group_assignment-p300-pr35-middle.asp,431066,681196,0.632808,0.400445,0.253405,1.580259,2.497219,3.946253,0.401029,0.196258,0.0,0.206374,85326,0.394199,0.204771,0.204771,EOCLINGO-INF-MR,431.15988,1.8070377976726408,14984085.0,1699444800.0,0.008817047190941419,167846400.0,0.08927260280828186,356673600.0
GroupAssignment,01262-group_assignment-p50-pr40-sat.asp,86351,136521,0.632511,0.40007,0.253048,1.581001,2.499564,3.951812,0.400459,0.196292,0.0,0.206494,17191,0.395375,0.204167,0.204167,CLINGO-AMO,1.31398,1.2361603677377129,651613.0,337745700.0,0.0019293006543088483,33357600.0,0.01953416912487709,70884900.0
GroupAssignment,01266-group_assignment-p50-pr40-middle.asp,89351,141321,0.632256,0.399747,0.252742,1.581639,2.501581,3.956597,0.400443,0.196416,0.0,0.206276,17791,0.39553,0.204027,0.204027,EOCLINGO-INF-MR,16.694885,1.4092370208000833,2697794.0,349701300.0,0.007714566688771246,34538400.0,0.07810998772380887,73394100.0
GroupAssignment,01268-group_assignment-p50-pr40-middle.asp,70601,111321,0.634211,0.402224,0.255095,1.576762,2.48618,3.920114,0.400561,0.195465,0.0,0.207943,14041,0.394343,0.205096,0.205096,EOCLINGO-INF-MR,7.201122,1.408514673130104,2121994.0,274978800.0,0.007716936723849256,27158400.0,0.07813398432897373,57711600.0
GroupAssignment,01269-group_assignment-p50-pr40-middle.asp,84101,132921,0.632714,0.400327,0.253293,1.580493,2.497957,3.948002,0.400471,0.196193,0.0,0.206668,16741,0.395251,0.204278,0.204278,EOCLINGO-INF-MR,11.09376,1.4443445684781355,2536632.0,328779000.0,0.0077153102844159755,32472000.0,0.07811751662971175,69003000.0
GroupAssignment,01270-group_assignment-p50-pr40-middle.asp,81851,129321,0.632929,0.400599,0.253551,1.579956,2.496262,3.943984,0.400484,0.196088,0.0,0.206851,16291,0.39512,0.204396,0.204396,EOCLINGO-INF-MR,12.712295,1.25857809309806,2467966.0,319812300.0,0.007716920206008337,31586400.0,0.0781338170858344,67121100.0
GroupAssignment,01271-group_assignment-p50-pr40-middle.asp,78851,124521,0.633235,0.400986,0.253918,1.579194,2.493853,3.938276,0.400502,0.195939,0.0,0.207112,15691,0.394935,0.204563,0.204563,EOCLINGO-INF-MR,8.380109000000001,1.880736634809881,2375054.0,307856700.0,0.007714803673267465,30405600.0,0.07811238719183308,64611900.0
GroupAssignment,01273-group_assignment-p50-pr40-middle.asp,83351,131721,0.632784,0.400416,0.253377,1.580317,2.497402,3.946686,0.400475,0.196158,0.0,0.206728,16591,0.395208,0.204317,0.204317,EOCLINGO-INF-MR,10.043967,1.682681454449223,2513046.0,325790100.0,0.007713696640873986,32176800.0,0.07810117848884911,68375700.0
GroupAssignment,01274-group_assignment-p50-pr40-middle.asp,78101,123321,0.633315,0.401087,0.254015,1.578994,2.493222,3.936782,0.400507,0.1959,0.0,0.20718,15541,0.394886,0.204607,0.204607,EOCLINGO-INF-MR,9.609653,1.5197172051894068,2352382.0,304867800.0,0.007716072343487899,30110400.0,0.07812523247781497,63984600.0
GroupAssignment,01275-group_assignment-p50-pr40-middle.asp,78851,124521,0.633235,0.400986,0.253918,1.579194,2.493853,3.938276,0.400502,0.195939,0.0,0.207112,15691,0.394935,0.204563,0.204563,EOCLINGO-INF-MR,9.508029,1.3558222214088744,2375015.0,307856700.0,0.00771467699095066,30405600.0,0.07811110453337543,64611900.0
GroupAssignment,01291-group_assignment-p100-pr40-sat.asp,146901,232021,0.633137,0.400862,0.2538,1.579438,2.494624,3.940103,0.400814,0.19605,0.0,0.206813,29141,0.394422,0.204764,0.204764,CLINGO-AMO,3.439128,1.3654789818814534,1115984.0,578534400.0,0.0019289846895880348,57139200.0,0.019530969982078854,121420800.0
GroupAssignment,01292-group_assignment-p100-pr40-sat.asp,149901,236821,0.632972,0.400653,0.253602,1.579849,2.495924,3.943184,0.400798,0.196129,0.0,0.206676,29741,0.394534,0.204668,0.204668,CLINGO-AMO,3.471026,1.283163825335794,1139154.0,590587200.0,0.001928849795593267,58329600.0,0.01952960418038183,123950400.0
GroupAssignment,01293-group_assignment-p100-pr40-sat.asp,145401,229621,0.633222,0.40097,0.253903,1.579226,2.493954,3.938516,0.400823,0.19601,0.0,0.206883,28841,0.394365,0.204813,0.204813,CLINGO-AMO,4.2138860000000005,1.4930159477498914,1104412.0,572508000.0,0.0019290769735968755,56544000.0,0.019531904357668363,120156000.0
GroupAssignment,01294-group_assignment-p100-pr40-sat.asp,176901,280021,0.631742,0.399098,0.252127,1.582925,2.505651,3.966258,0.400676,0.19672,0.0,0.205657,35141,0.395368,0.203956,0.203956,CLINGO-AMO,4.351896,2.1247447089728246,1348336.0,699062400.0,0.0019287777457348586,69043200.0,0.019528874675565442,146716800.0
GroupAssignment,01295-group_assignment-p100-pr40-sat.asp,131901,208021,0.634075,0.402052,0.254931,1.577099,2.487243,3.922629,0.400907,0.195601,0.0,0.207588,26141,0.393788,0.205305,0.205305,CLINGO-AMO,2.7075850000000004,1.703939488510979,999634.0,518270400.0,0.0019287885242915666,51187200.0,0.019528983808452114,108772800.0
GroupAssignment,01296-group_assignment-p100-pr40-middle.asp,136401,215221,0.633772,0.401667,0.254565,1.577855,2.489626,3.928269,0.400877,0.195746,0.0,0.207337,27041,0.393993,0.20513,0.20513,EOCLINGO-INF-MR,22.798906,2.011410591367849,4138899.0,536349600.0,0.007716793300489084,52972800.0,0.07813253216745197,112567200.0
GroupAssignment,01297-group_assignment-p100-pr40-middle.asp,155901,246421,0.632661,0.40026,0.253229,1.580625,2.498375,3.948994,0.400767,0.196278,0.0,0.206419,30941,0.394744,0.204489,0.204489,EOCLINGO-INF-MR,28.99505,2.237447771257508,4743884.0,614692800.0,0.007717487499446878,60710400.0,0.07813956093189964,129009600.0
GroupAssignment,01298-group_assignment-p100-pr40-middle.asp,179901,284821,0.631628,0.398954,0.251991,1.58321,2.506553,3.968399,0.400665,0.196775,0.0,0.205563,35741,0.395445,0.20389,0.20389,EOCLINGO-INF-MR,49.05334,1.8851067022143653,5488900.0,711115200.0,0.007718721242352856,70233600.0,0.07815205257882267,149246400.0
GroupAssignment,01299-group_assignment-p100-pr40-middle.asp,169401,268021,0.632044,0.399479,0.252488,1.582169,2.503259,3.960578,0.400706,0.196575,0.0,0.205908,33641,0.395163,0.204131,0.204131,EOCLINGO-INF-MR,35.154230000000005,3.046760517866555,5161174.0,668930400.0,0.007715562037545311,66067200.0,0.07812006563014627,140392800.0
GroupAssignment,01300-group_assignment-p100-pr40-middle.asp,157401,248821,0.632587,0.400167,0.25314,1.58081,2.498959,3.950378,0.40076,0.196314,0.0,0.206358,31241,0.394794,0.204446,0.204446,EOCLINGO-INF-MR,22.04953,3.758913682060343,4789843.0,620719200.0,0.007716601967524123,61305600.0,0.07813059492118175,130274400.0
GroupAssignment,01301-group_assignment-p100-pr40-middle.asp,152901,241621,0.632813,0.400453,0.253412,1.580245,2.497173,3.946145,0.400782,0.196205,0.0,0.206545,30341,0.394641,0.204577,0.204577,EOCLINGO-INF-MR,21.84773,2.9837720440521744,4649167.0,602640000.0,0.007714667131288995,59520000.0,0.07811100470430107,126480000.0
GroupAssignment,01302-group_assignment-p100-pr40-middle.asp,151401,239221,0.632892,0.400552,0.253506,1.580049,2.496555,3.944679,0.40079,0.196168,0.0,0.20661,30041,0.394588,0.204622,0.204622,EOCLINGO-INF-MR,31.56433,2.11931724829895,4602712.0,596613600.0,0.007714728594856034,58924800.0,0.07811162702291735,125215200.0
GroupAssignment,01303-group_assignment-p100-pr40-middle.asp,140901,222421,0.633488,0.401307,0.254223,1.578562,2.491859,3.933554,0.400849,0.195882,0.0,0.207103,27941,0.394185,0.204967,0.204967,EOCLINGO-INF-MR,27.14453,2.407335732097774,4278597.0,554428800.0,0.0077171261666060635,54758400.0,0.0781359024368864,116361600.0
GroupAssignment,01304-group_assignment-p100-pr40-middle.asp,157401,248821,0.632587,0.400167,0.25314,1.58081,2.498959,3.950378,0.40076,0.196314,0.0,0.206358,31241,0.394794,0.204446,0.204446,EOCLINGO-L,44.79549,1.5453515521316992,4789576.0,620719200.0,0.007716171821332416,61305600.0,0.07812623969099071,130274400.0
GroupAssignment,01305-group_assignment-p100-pr40-middle.asp,136401,215221,0.633772,0.401667,0.254565,1.577855,2.489626,3.928269,0.400877,0.195746,0.0,0.207337,27041,0.393993,0.20513,0.20513,EOCLINGO-INF-MR,27.070690000000003,1.3633688686915626,4138268.0,536349600.0,0.007715616829023458,52972800.0,0.07812062039386251,112567200.0
GroupAssignment,01321-group_assignment-p150-pr40-sat.asp,229201,362321,0.632591,0.400171,0.253145,1.5808,2.498929,3.950308,0.400871,0.196334,0.0,0.206286,45441,0.394593,0.204537,0.204537,CLINGO-AMO,15.90668,1.3854078915273331,1749075.0,906390000.0,0.0019297156853010293,89520000.0,0.019538371313672923,190230000.0
GroupAssignment,01322-group_assignment-p150-pr40-sat.asp,231451,365921,0.632516,0.400077,0.253055,1.580987,2.49952,3.951708,0.400862,0.19637,0.0,0.206225,45891,0.394645,0.204493,0.204493,CLINGO-AMO,14.460244,1.4977140081453677,1765605.0,915453900.0,0.0019286662059116249,90415200.0,0.0195277453348552,192132300.0
GroupAssignment,01323-group_assignment-p150-pr40-sat.asp,199951,315521,0.633717,0.401597,0.254499,1.577992,2.490058,3.92929,0.400998,0.195798,0.0,0.207206,39591,0.393801,0.2052,0.2052,CLINGO-AMO,12.968307,1.3512110717304888,1521321.0,788559300.0,0.0019292410856101754,77882400.0,0.019533565991803024,165500100.0
GroupAssignment,01325-group_assignment-p150-pr40-sat.asp,208951,329921,0.633336,0.401115,0.254041,1.57894,2.49305,3.936375,0.400955,0.195979,0.0,0.206895,41391,0.394068,0.204976,0.204976,CLINGO-AMO,13.28702,1.5112425510009018,1590993.0,824814900.0,0.0019289091407053874,81463200.0,0.019530205049642046,173109300.0
GroupAssignment,01327-group_assignment-p150-pr40-middle.asp,235951,373121,0.632371,0.399893,0.252881,1.58135,2.500666,3.954427,0.400846,0.196439,0.0,0.206106,46791,0.394747,0.204407,0.204407,EOCLINGO-INF-MR,66.86084,2.768297257408073,7203534.0,933581700.0,0.007716018855125374,92205600.0,0.0781246909081444,195936900.0
GroupAssignment,01328-group_assignment-p150-pr40-middle.asp,208951,329921,0.633336,0.401115,0.254041,1.57894,2.49305,3.936375,0.400955,0.195979,0.0,0.206895,41391,0.394068,0.204976,0.204976,EOCLINGO-INF-MR,57.20087,2.127263099319993,6364538.0,824814900.0,0.007716322777389205,81463200.0,0.07812776812106571,173109300.0
GroupAssignment,01329-group_assignment-p150-pr40-middle.asp,238201,376721,0.632301,0.399804,0.252797,1.581526,2.501223,3.955749,0.400838,0.196473,0.0,0.206049,47241,0.394797,0.204365,0.204365,EOCLINGO-INF-MR,43.66643,4.3843588770595625,7271910.0,942645600.0,0.0077143626406360995,93100800.0,0.0781079217364405,197839200.0
GroupAssignment,01330-group_assignment-p150-pr40-middle.asp,231451,365921,0.632516,0.400077,0.253055,1.580987,2.49952,3.951708,0.400862,0.19637,0.0,0.206225,45891,0.394645,0.204493,0.204493,EOCLINGO-INF-MR,87.70530000000001,1.514838327900366,7060961.0,915453900.0,0.00771307107872936,90415200.0,0.07809484467213477,192132300.0
GroupAssignment,01331-group_assignment-p150-pr40-middle.asp,211201,333521,0.633246,0.401001,0.253933,1.579164,2.493759,3.938054,0.400945,0.196022,0.0,0.206822,41841,0.394132,0.204923,0.204923,EOCLINGO-INF-MR,86.4158,1.6098336183892297,6434269.0,833878800.0,0.007716072167801844,82358400.0,0.07812523069899367,175011600.0
GroupAssignment,01332-group_assignment-p150-pr40-middle.asp,222451,351521,0.632824,0.400466,0.253425,1.580218,2.497088,3.945942,0.400897,0.196223,0.0,0.206477,44091,0.394428,0.204674,0.204674,EOCLINGO-INF-MR,45.55786,3.476339318835432,6784612.0,879198300.0,0.00771681655890372,86834400.0,0.07813276765890016,184523100.0
GroupAssignment,01333-group_assignment-p150-pr40-middle.asp,240451,380321,0.632232,0.399717,0.252714,1.581699,2.50177,3.957047,0.40083,0.196506,0.0,0.205992,47691,0.394846,0.204324,0.204324,EOCLINGO-INF-MR,61.28796,2.9340751429807748,7346447.0,951709500.0,0.0077192115871492295,93996000.0,0.07815701731988595,199741500.0
GroupAssignment,01334-group_assignment-p150-pr40-middle.asp,244951,387521,0.632097,0.399547,0.252553,1.582035,2.502834,3.95957,0.400815,0.19657,0.0,0.205882,48591,0.39494,0.204245,0.204245,EOCLINGO-INF-MR,51.96737,2.411711425842793,7486068.0,969837300.0,0.007718890580925275,95786400.0,0.0781537671318684,203546100.0
GroupAssignment,01335-group_assignment-p150-pr40-middle.asp,233701,369521,0.632443,0.399984,0.252967,1.58117,2.500098,3.953081,0.400854,0.196405,0.0,0.206165,46341,0.394697,0.204449,0.204449,EOCLINGO-INF-MR,72.99361999999999,1.590765055904886,7134813.0,924517800.0,0.007717334376904371,91310400.0,0.07813801056615675,194034600.0
GroupAssignment,01351-group_assignment-p200-pr40-sat.asp,368501,583821,0.631188,0.398399,0.251465,1.584313,2.510048,3.976703,0.400759,0.197014,0.0,0.205104,73141,0.395497,0.203744,0.203744,EOCLINGO-INF-MR,40.04231,1.71037155448824,2812801.0,1458388800.0,0.0019287044716744944,144038400.0,0.019528132775704258,306081600.0
GroupAssignment,01352-group_assignment-p200-pr40-sat.asp,371501,588621,0.631138,0.398335,0.251404,1.58444,2.51045,3.977657,0.400753,0.197039,0.0,0.205063,73741,0.395533,0.203714,0.203714,EOCLINGO-INF-MR,42.54913,1.2084753789325422,2835937.0,1470441600.0,0.0019286294675014636,145228800.0,0.019527373358452317,308611200.0
GroupAssignment,01354-group_assignment-p200-pr40-sat.asp,323501,511821,0.632059,0.399498,0.252507,1.582131,2.503139,3.960294,0.400864,0.196599,0.0,0.205814,64141,0.39487,0.204265,0.204265,EOCLINGO-INF-MR,34.826130000000006,1.526275644178667,2463986.0,1277596800.0,0.0019286100278272456,126182400.0,0.019527176531750862,268137600.0
GroupAssignment,01355-group_assignment-p200-pr40-sat.asp,281501,444621,0.633126,0.400848,0.253787,1.579465,2.49471,3.940307,0.400993,0.196092,0.0,0.206681,55741,0.394105,0.204902,0.204902,EOCLINGO-INF-MR,29.24222,1.7907610981655977,2139045.0,1108857600.0,0.001929052927986425,109516800.0,0.019531660895862554,232723200.0
GroupAssignment,01357-group_assignment-p200-pr40-middle.asp,299501,473421,0.632631,0.400223,0.253193,1.580699,2.49861,3.949551,0.400934,0.196327,0.0,0.20628,59341,0.394459,0.204607,0.204607,EOCLINGO-INF-MR,139.28088,1.8268425644639807,9115650.0,1181174400.0,0.007717446297515422,116659200.0,0.07813914376234364,247900800.0
GroupAssignment,01358-group_assignment-p200-pr40-middle.asp,245501,387021,0.634335,0.402381,0.255244,1.576454,2.485207,3.917814,0.401139,0.195519,0.0,0.207661,48541,0.393241,0.20562,0.20562,EOCLINGO-INF-MR,65.35825,1.830108211281667,7440447.0,964224000.0,0.007716512967941059,95232000.0,0.07812969380040323,202368000.0
GroupAssignment,01359-group_assignment-p200-pr40-middle.asp,317501,502221,0.632194,0.399669,0.252668,1.581793,2.50207,3.957759,0.400881,0.196535,0.0,0.205924,62941,0.394774,0.204346,0.204346,EOCLINGO-INF-MR,187.05378,2.093114290446309,9672859.0,1253491200.0,0.007716734668739597,123801600.0,0.07813193852098842,263078400.0
GroupAssignment,01360-group_assignment-p200-pr40-middle.asp,272501,430221,0.633398,0.401193,0.254115,1.578787,2.492568,3.935234,0.401026,0.195963,0.0,0.206902,53941,0.39391,0.205063,0.205063,EOCLINGO-INF-MR,94.52192,2.3288420294467147,8276848.0,1072699200.0,0.007715907684092614,105945600.0,0.07812356530143771,225134400.0
GroupAssignment,01361-group_assignment-p200-pr40-middle.asp,302501,478221,0.632555,0.400126,0.253101,1.580891,2.499215,3.950986,0.400924,0.196363,0.0,0.206218,59941,0.394514,0.204561,0.204561,EOCLINGO-INF-MR,132.78092999999998,2.6171544362582795,9206999.0,1193227200.0,0.007716048544652686,117849600.0,0.07812499151460844,250430400.0
GroupAssignment,01362-group_assignment-p200-pr40-middle.asp,314501,497421,0.632263,0.399757,0.252752,1.58162,2.501521,3.956455,0.400889,0.196502,0.0,0.20598,62341,0.394724,0.204387,0.204387,EOCLINGO-INF-MR,106.25033,1.8243229926909403,9580054.0,1241438400.0,0.007716898397858484,122611200.0,0.07813359627831715,260548800.0
GroupAssignment,01363-group_assignment-p200-pr40-middle.asp,332501,526221,0.631866,0.399254,0.252275,1.582615,2.50467,3.963927,0.400841,0.196691,0.0,0.205657,65941,0.395009,0.20415,0.20415,EOCLINGO-INF-MR,77.13745,5.367974440430686,10136588.0,1313755200.0,0.007715735777867901,129753600.0,0.0781218247509125,275726400.0
GroupAssignment,01364-group_assignment-p200-pr40-middle.asp,254501,401421,0.634,0.401956,0.25484,1.577287,2.487833,3.924025,0.401099,0.195677,0.0,0.20739,50341,0.39348,0.205422,0.205422,EOCLINGO-INF-MR,100.18699,1.6490596234101853,7717055.0,1000382400.0,0.007714105126199741,98803200.0,0.07810531440277238,209956800.0
GroupAssignment,01365-group_assignment-p200-pr40-middle.asp,347501,550221,0.631566,0.398876,0.251917,1.583365,2.507045,3.969569,0.400805,0.196834,0.0,0.205412,68941,0.395225,0.203971,0.203971,EOCLINGO-INF-MR,66.20195,5.6261439428899,10600851.0,1374019200.0,0.007715213149859915,135705600.0,0.07811653314233163,288374400.0
GroupAssignment,01381-group_assignment-p250-pr40-sat.asp,434301,687721,0.631508,0.398802,0.251846,1.583512,2.507511,3.970675,0.400828,0.196868,0.0,0.205344,86141,0.395212,0.20396,0.20396,EOCLINGO-INF-MR,55.568380000000005,2.1862559246823463,3307753.0,1714753800.0,0.001928995871010754,169358400.0,0.019531083193983882,359886600.0
GroupAssignment,01382-group_assignment-p250-pr40-sat.asp,344301,543721,0.633231,0.400982,0.253914,1.579203,2.493881,3.938342,0.401044,0.196049,0.0,0.206741,68141,0.393961,0.204995,0.204995,EOCLINGO-INF-MR,41.95677,1.9816287097410024,2611019.0,1353753000.0,0.0019287262890645487,133704000.0,0.019528353676778555,284121000.0
GroupAssignment,01383-group_assignment-p250-pr40-sat.asp,389301,615721,0.632269,0.399763,0.252758,1.581607,2.501479,3.956356,0.400924,0.196506,0.0,0.205961,77141,0.394659,0.204418,0.204418,EOCLINGO-INF-MR,42.6782,2.252194094408855,2959953.0,1534253400.0,0.0019292464986553068,151531200.0,0.01953362079888498,322003800.0
GroupAssignment,01384-group_assignment-p250-pr40-sat.asp,370551,585721,0.632641,0.400234,0.253205,1.580676,2.498536,3.949375,0.40097,0.196329,0.0,0.206263,73391,0.394388,0.204641,0.204641,EOCLINGO-INF-MR,70.08374,1.3116772877703158,2814660.0,1459044900.0,0.001929111297397359,144103200.0,0.01953225188614826,306219300.0
GroupAssignment,01386-group_assignment-p250-pr40-middle.asp,344301,543721,0.633231,0.400982,0.253914,1.579203,2.493881,3.938342,0.401044,0.196049,0.0,0.206741,68141,0.393961,0.204995,0.204995,EOCLINGO-INF-MR,99.16867,3.672898002968074,10445280.0,1353753000.0,0.007715794535635378,133704000.0,0.0781224196733082,284121000.0
GroupAssignment,01387-group_assignment-p250-pr40-middle.asp,363051,573721,0.632801,0.400437,0.253397,1.580277,2.497274,3.946384,0.40099,0.196253,0.0,0.206392,71891,0.394272,0.204737,0.204737,EOCLINGO-INF-MR,184.46421,1.9485753903155525,11025918.0,1428961500.0,0.007716035736442165,141132000.0,0.07812486183147692,299905500.0
GroupAssignment,01388-group_assignment-p250-pr40-middle.asp,370551,585721,0.632641,0.400234,0.253205,1.580676,2.498536,3.949375,0.40097,0.196329,0.0,0.206263,73391,0.394388,0.204641,0.204641,EOCLINGO-INF-MR,134.11032,3.5192645875425552,11254560.0,1459044900.0,0.007713648839730703,144103200.0,0.07810069450227337,306219300.0
GroupAssignment,01389-group_assignment-p250-pr40-middle.asp,374301,591721,0.632563,0.400136,0.253112,1.580869,2.499148,3.950827,0.400961,0.196366,0.0,0.2062,74141,0.394445,0.204595,0.204595,EOCLINGO-INF-MR,335.59386,1.6017309732663163,11374722.0,1474086600.0,0.007716454379274596,145588800.0,0.07812910059015529,309376200.0
GroupAssignment,01392-group_assignment-p250-pr40-middle.asp,389301,615721,0.632269,0.399763,0.252758,1.581607,2.501479,3.956356,0.400924,0.196506,0.0,0.205961,77141,0.394659,0.204418,0.204418,EOCLINGO-INF-MR,103.69002,4.517681933131077,11840037.0,1534253400.0,0.007717132645754606,151531200.0,0.07813596803826539,322003800.0
GroupAssignment,01393-group_assignment-p250-pr40-middle.asp,385551,609721,0.63234,0.399854,0.252844,1.581428,2.500913,3.955013,0.400933,0.196472,0.0,0.206019,76391,0.394607,0.204461,0.204461,EOCLINGO-INF-MR,212.85663,2.8336930825222595,11720658.0,1519211700.0,0.0077149603310717,150045600.0,0.07811397335210096,318846900.0
GroupAssignment,01395-group_assignment-p250-pr40-middle.asp,385551,609721,0.63234,0.399854,0.252844,1.581428,2.500913,3.955013,0.400933,0.196472,0.0,0.206019,76391,0.394607,0.204461,0.204461,EOCLINGO-INF-MR,232.22224,2.3322308836569663,11727179.0,1519211700.0,0.007719252688746407,150045600.0,0.07815743347355737,318846900.0
GroupAssignment,01411-group_assignment-p300-pr40-sat.asp,426601,674021,0.632919,0.400587,0.253539,1.57998,2.496336,3.944161,0.40103,0.196202,0.0,0.206472,84441,0.394141,0.204828,0.204828,EOCLINGO-INF-MR,48.48469,1.8422310217926523,3244283.0,1681365600.0,0.001929552382896379,166060800.0,0.019536717876825836,352879200.0
GroupAssignment,01412-group_assignment-p300-pr40-sat.asp,521101,825221,0.631468,0.398752,0.2518,1.58361,2.507822,3.971413,0.400844,0.196891,0.0,0.205298,103341,0.395204,0.203953,0.203953,EOCLINGO-INF-MR,78.91197,2.6590543868059564,3974821.0,2061028800.0,0.0019285615999155372,203558400.0,0.019526686199144817,432561600.0
GroupAssignment,01413-group_assignment-p300-pr40-sat.asp,471601,746021,0.632155,0.39962,0.252622,1.58189,2.502377,3.958485,0.400932,0.196564,0.0,0.205854,93441,0.3947,0.204368,0.204368,EOCLINGO-INF-MR,49.04653,3.4901052123361227,3591879.0,1862157600.0,0.0019288802408560907,183916800.0,0.019529912438667918,390823200.0
GroupAssignment,01414-group_assignment-p300-pr40-sat.asp,458101,724421,0.632368,0.39989,0.252878,1.581357,2.500688,3.95448,0.40096,0.196463,0.0,0.206027,90741,0.394544,0.204496,0.204496,EOCLINGO-INF-MR,58.24291,2.189516629577746,3486252.0,1807920000.0,0.0019283220496482145,178560000.0,0.01952426075268817,379440000.0
GroupAssignment,01415-group_assignment-p300-pr40-sat.asp,462601,731621,0.632296,0.399798,0.252791,1.581538,2.501262,3.955841,0.40095,0.196498,0.0,0.205968,91641,0.394597,0.204453,0.204453,EOCLINGO-INF-MR,54.73106,1.655851905663804,3522720.0,1825999200.0,0.0019292012833302446,180345600.0,0.019533162993718725,383234400.0
GroupAssignment,01416-group_assignment-p300-pr40-middle.asp,516601,818021,0.631525,0.398824,0.251868,1.583468,2.50737,3.970339,0.400851,0.196864,0.0,0.205344,102441,0.395162,0.203987,0.203987,EOCLINGO-INF-MR,787.7592000000001,1.4538212311579477,15760388.0,2042949600.0,0.007714526095014777,201772800.0,0.07810957671202462,428767200.0
GroupAssignment,01417-group_assignment-p300-pr40-middle.asp,458101,724421,0.632368,0.39989,0.252878,1.581357,2.500688,3.95448,0.40096,0.196463,0.0,0.206027,90741,0.394544,0.204496,0.204496,EOCLINGO-INF-MR,266.15166000000005,2.608935409232465,13947088.0,1807920000.0,0.007714438691977521,178560000.0,0.0781086917562724,379440000.0
GroupAssignment,01418-group_assignment-p300-pr40-middle.asp,431101,681221,0.632836,0.400481,0.253439,1.580189,2.496997,3.945727,0.40102,0.196242,0.0,0.206404,85341,0.394202,0.204778,0.204778,EOCLINGO-L,361.47197,1.540656167613771,13112078.0,1699444800.0,0.007715506852590917,167846400.0,0.07811950688248304,356673600.0
GroupAssignment,01419-group_assignment-p300-pr40-middle.asp,449101,710021,0.632518,0.400079,0.253057,1.580983,2.499507,3.951678,0.400979,0.196392,0.0,0.206147,88941,0.394435,0.204586,0.204586,EOCLINGO-INF-MR,164.71558000000002,3.783630364535037,13671850.0,1771761600.0,0.007716529131233006,174988800.0,0.07812985745373419,371851200.0
GroupAssignment,01420-group_assignment-p300-pr40-middle.asp,480601,760421,0.63202,0.399449,0.252459,1.582229,2.50345,3.961031,0.400915,0.196629,0.0,0.205744,95241,0.394799,0.204286,0.204286,EOCLINGO-INF-MR,282.16475,3.1381765085823083,14647738.0,1898316000.0,0.007716174756995147,187488000.0,0.07812626941457587,398412000.0
GroupAssignment,01421-group_assignment-p300-pr40-middle.asp,444601,702821,0.632595,0.400176,0.25315,1.58079,2.498898,3.950235,0.400989,0.196356,0.0,0.20621,88041,0.394378,0.204633,0.204633,EOCLINGO-INF-MR,276.46909,2.7722622084081805,13532839.0,1753682400.0,0.007716812918918499,173203200.0,0.07813273080404981,368056800.0
GroupAssignment,01422-group_assignment-p300-pr40-middle.asp,462601,731621,0.632296,0.399798,0.252791,1.581538,2.501262,3.955841,0.40095,0.196498,0.0,0.205968,91641,0.394597,0.204453,0.204453,EOCLINGO-INF-MR,539.9086,1.2874751948755774,14090421.0,1825999200.0,0.007716553764098035,180345600.0,0.0781301068614926,383234400.0
GroupAssignment,01423-group_assignment-p300-pr40-middle.asp,489601,774821,0.631889,0.399284,0.252303,1.582556,2.504483,3.963485,0.400898,0.196691,0.0,0.205639,97041,0.394895,0.204207,0.204207,EOCLINGO-INF-MR,553.69919,1.4698266038640944,14919314.0,1934474400.0,0.007712334678608308,191059200.0,0.07808738862090912,406000800.0
GroupAssignment,01424-group_assignment-p300-pr40-middle.asp,444601,702821,0.632595,0.400176,0.25315,1.58079,2.498898,3.950235,0.400989,0.196356,0.0,0.20621,88041,0.394378,0.204633,0.204633,EOCLINGO-L,710.46386,1.6960918321728569,13534013.0,1753682400.0,0.007717482367388759,173203200.0,0.07813950896981119,368056800.0
GroupAssignment,01425-group_assignment-p300-pr40-middle.asp,494101,782021,0.631826,0.399204,0.252227,1.582715,2.504986,3.964679,0.40089,0.196721,0.0,0.205588,97941,0.394942,0.204169,0.204169,EOCLINGO-INF-MR,295.61324,2.7762581946600227,15065287.0,1952553600.0,0.00771568421988518,192844800.0,0.07812130272633745,409795200.0
Knapsack,00096-knapsack-n10-w8908-v48377-type4.asp,67,245,0.273469,0.074786,0.020452,3.656716,13.371575,48.896058,0.328358,0.149254,0.0,0.358209,23,0.492537,0.179104,0.179104,EOCLINGO-INF-MR,0.568252,2.914997219543442,48377.0,589260.0,0.08209788548348776,2806.0,17.240555951532432,53314.0
Knapsack,00097-knapsack-n10-w8576-v51997-type4.asp,67,245,0.273469,0.074786,0.020452,3.656716,13.371575,48.896058,0.328358,0.149254,0.0,0.358209,23,0.492537,0.179104,0.179104,EOCLINGO-INF-MR,2.8389260000000003,1.3197325326549547,51997.0,589260.0,0.08824118385771985,2806.0,18.53064861012117,53314.0
Knapsack,00105-knapsack-n10-w8043-v47164-type3.asp,67,245,0.273469,0.074786,0.020452,3.656716,13.371575,48.896058,0.328358,0.149254,0.0,0.358209,23,0.492537,0.179104,0.179104,EOCLINGO-L,947.396127,1.271887148003931,47164.0,589260.0,0.08003937141499508,2806.0,16.808267997148967,53314.0
Knapsack,00123-knapsack-n10-w18573-v283702-type3.asp,67,245,0.273469,0.074786,0.020452,3.656716,13.371575,48.896058,0.328358,0.149254,0.0,0.358209,23,0.492537,0.179104,0.179104,EOCLINGO-INF-MR,1.827327,1.3554651137973663,283702.0,3219720.0,0.08811387325605953,15332.0,18.503913383772502,291308.0
Knapsack,00128-knapsack-n10-w20396-v235318-type3.asp,67,245,0.273469,0.074786,0.020452,3.656716,13.371575,48.896058,0.328358,0.149254,0.0,0.358209,23,0.492537,0.179104,0.179104,EOCLINGO-L,0.54923,1.9953753436629464,235318.0,3219720.0,0.07308647956965202,15332.0,15.348160709626924,291308.0
Knapsack,00129-knapsack-n10-w18723-v233107-type3.asp,67,245,0.273469,0.074786,0.020452,3.656716,13.371575,48.896058,0.328358,0.149254,0.0,0.358209,23,0.492537,0.179104,0.179104,EOCLINGO-L,51.680813,8.539752712481516,233107.0,3219720.0,0.07239977389338204,15332.0,15.203952517610228,291308.0
Knapsack,00136-knapsack-n10-w20164-v246007-type3.asp,67,245,0.273469,0.074786,0.020452,3.656716,13.371575,48.896058,0.328358,0.149254,0.0,0.358209,23,0.492537,0.179104,0.179104,EOCLINGO-INF-MR,9.619457,3.6261358619306674,246007.0,3219720.0,0.07640633346999118,15332.0,16.045330028698146,291308.0
Knapsack,00159-knapsack-n10-w96320-v501152-type3.asp,67,245,0.273469,0.074786,0.020452,3.656716,13.371575,48.896058,0.328358,0.149254,0.0,0.358209,23,0.492537,0.179104,0.179104,EOCLINGO-INF-MR,149.520197,1.2665553938509055,501152.0,6178410.0,0.08111342562244979,29421.0,17.033819380714455,558999.0
Knapsack,00177-knapsack-n10-w96845-v496936-type3.asp,67,245,0.273469,0.074786,0.020452,3.656716,13.371575,48.896058,0.328358,0.149254,0.0,0.358209,23,0.492537,0.179104,0.179104,EOCLINGO-L,1.072342,1.2104655044752517,496936.0,6178410.0,0.08043104941238927,29421.0,16.890520376601746,558999.0
Knapsack,00193-knapsack-n15-w13519-v72426-type3.asp,97,365,0.265753,0.070625,0.018769,3.762887,14.159316,53.279899,0.329897,0.154639,0.0,0.350515,33,0.494845,0.175258,0.175258,EOCLINGO-L,0.710883,17.066618557484144,72426.0,971460.0,0.07455376443703292,4626.0,15.656290531776913,87894.0
Knapsack,00194-knapsack-n15-w14489-v89438-type3.asp,97,365,0.265753,0.070625,0.018769,3.762887,14.159316,53.279899,0.329897,0.154639,0.0,0.350515,33,0.494845,0.175258,0.175258,EOCLINGO-INF-MR,5.099842,1.993701373493532,89438.0,971460.0,0.09206555082041464,4626.0,19.333765672287072,87894.0
Knapsack,00197-knapsack-n15-w14280-v87791-type4.asp,97,365,0.265753,0.070625,0.018769,3.762887,14.159316,53.279899,0.329897,0.154639,0.0,0.350515,33,0.494845,0.175258,0.175258,EOCLINGO-L,461.268789,1.966300347279729,87791.0,971460.0,0.0903701644946781,4626.0,18.977734543882402,87894.0
Knapsack,00204-knapsack-n15-w16625-v81276-type3.asp,97,365,0.265753,0.070625,0.018769,3.762887,14.159316,53.279899,0.329897,0.154639,0.0,0.350515,33,0.494845,0.175258,0.175258,EOCLINGO-L,0.584141,972.0771543171938,81276.0,971460.0,0.08366376381940584,4626.0,17.56939040207523,87894.0
Knapsack,00207-knapsack-n15-w14998-v77803-type1.asp,97,365,0.265753,0.070625,0.018769,3.762887,14.159316,53.279899,0.329897,0.154639,0.0,0.350515,33,0.494845,0.175258,0.175258,EOCLINGO-L,1.577397,2.151248544278961,77803.0,971460.0,0.08008873242336277,4626.0,16.81863380890618,87894.0
Knapsack,00216-knapsack-n15-w29260-v451845-type4.asp,97,365,0.265753,0.070625,0.018769,3.762887,14.159316,53.279899,0.329897,0.154639,0.0,0.350515,33,0.494845,0.175258,0.175258,EOCLINGO-INF-MR,0.953188,1.2566093991951222,451845.0,4873890.0,0.09270726257670978,23209.0,19.46852514110905,440971.0
Knapsack,00238-knapsack-n15-w29121-v338654-type3.asp,97,365,0.265753,0.070625,0.018769,3.762887,14.159316,53.279899,0.329897,0.154639,0.0,0.350515,33,0.494845,0.175258,0.175258,EOCLINGO-L,595.163435,2.0246868794955457,338654.0,4873890.0,0.06948330799423048,23209.0,14.5914946787884,440971.0
Knapsack,00254-knapsack-n15-w141993-v657977-type3.asp,97,365,0.265753,0.070625,0.018769,3.762887,14.159316,53.279899,0.329897,0.154639,0.0,0.350515,33,0.494845,0.175258,0.175258,EOCLINGO-INF-MR,1.018825,3.7654258582190265,657977.0,7712880.0,0.0853088599848565,36728.0,17.914860596819864,697832.0
Knapsack,00280-knapsack-n20-w16698-v104074-type4.asp,127,485,0.261856,0.068568,0.017955,3.818898,14.583979,55.694724,0.330709,0.15748,0.0,0.346457,43,0.496063,0.173228,0.173228,EOCLINGO-L,586.426299,2.0546950043930416,104074.0,1131270.0,0.09199748954714612,5387.0,19.319472804900688,102353.0
Knapsack,00292-knapsack-n20-w17005-v104160-type4.asp,127,485,0.261856,0.068568,0.017955,3.818898,14.583979,55.694724,0.330709,0.15748,0.0,0.346457,43,0.496063,0.173228,0.173228,EOCLINGO-L,496.316718,2.427707698131579,104160.0,1131270.0,0.09207351030258029,5387.0,19.33543716354186,102353.0
Knapsack,00297-knapsack-n20-w17960-v105055-type4.asp,127,485,0.261856,0.068568,0.017955,3.818898,14.583979,55.694724,0.330709,0.15748,0.0,0.346457,43,0.496063,0.173228,0.173228,EOCLINGO-L,107.672174,1.8124108834284332,105055.0,1131270.0,0.09286465653645902,5387.0,19.501577872656394,102353.0
Knapsack,00313-knapsack-n20-w40573-v484049-type1.asp,127,485,0.261856,0.068568,0.017955,3.818898,14.583979,55.694724,0.330709,0.15748,0.0,0.346457,43,0.496063,0.173228,0.173228,CLINGO-AMO,61.857761,19.47869346580456,484049.0,6788670.0,0.07130247898336493,32327.0,14.973520586506636,614213.0
Knapsack,00322-knapsack-n20-w42135-v484520-type3.asp,127,485,0.261856,0.068568,0.017955,3.818898,14.583979,55.694724,0.330709,0.15748,0.0,0.346457,43,0.496063,0.173228,0.173228,EOCLINGO-L,1.742688,1.2286835050221268,484520.0,6788670.0,0.07137185928908019,32327.0,14.988090450706839,614213.0
Knapsack,00355-knapsack-n20-w159533-v1338721-type3.asp,127,485,0.261856,0.068568,0.017955,3.818898,14.583979,55.694724,0.330709,0.15748,0.0,0.346457,43,0.496063,0.173228,0.173228,EOCLINGO-INF-MR,1.169674,1.371171796586057,1338721.0,14277270.0,0.09376589502054665,67987.0,19.690837954314794,1291753.0
Knapsack,00363-knapsack-n25-w18256-v161804-type4.asp,157,605,0.259504,0.067342,0.017476,3.853503,14.849487,57.222545,0.33121,0.159236,0.0,0.343949,53,0.496815,0.171975,0.171975,EOCLINGO-L,114.145672,3.901221046734036,161804.0,1728510.0,0.09360894643363359,8231.0,19.657878751063055,156389.0
Knapsack,00389-knapsack-n25-w16392-v118033-type3.asp,157,605,0.259504,0.067342,0.017476,3.853503,14.849487,57.222545,0.33121,0.159236,0.0,0.343949,53,0.496815,0.171975,0.171975,EOCLINGO-L,0.525523,3.9888130490958535,118033.0,1728510.0,0.06828598041087411,8231.0,14.340055886283562,156389.0
Knapsack,00399-knapsack-n25-w52157-v663908-type4.asp,157,605,0.259504,0.067342,0.017476,3.853503,14.849487,57.222545,0.33121,0.159236,0.0,0.343949,53,0.496815,0.171975,0.171975,EOCLINGO-L,195.679244,6.157859277093282,663908.0,7084560.0,0.093711959528891,33736.0,19.679511501067108,640984.0
Knapsack,00409-knapsack-n25-w55826-v510262-type3.asp,157,605,0.259504,0.067342,0.017476,3.853503,14.849487,57.222545,0.33121,0.159236,0.0,0.343949,53,0.496815,0.171975,0.171975,EOCLINGO-L,0.5163960000000001,39.1083180349964,510262.0,7084560.0,0.07202451528394141,33736.0,15.125148209627698,640984.0
Knapsack,00410-knapsack-n25-w52604-v665893-type4.asp,157,605,0.259504,0.067342,0.017476,3.853503,14.849487,57.222545,0.33121,0.159236,0.0,0.343949,53,0.496815,0.171975,0.171975,EOCLINGO-INF-MR,16.889506,1.2729403690078325,665893.0,7084560.0,0.0939921463012523,33736.0,19.738350723262982,640984.0
Knapsack,00469-knapsack-n30-w25748-v139211-type3.asp,187,725,0.257931,0.066528,0.01716,3.877005,15.03117,58.275928,0.331551,0.160428,0.0,0.342246,63,0.497326,0.171123,0.171123,CLINGO-AMO,115.676459,10.417216946448889,139211.0,1811460.0,0.07685016506022767,8626.0,16.13853466264781,163894.0
Knapsack,00474-knapsack-n30-w26885-v134733-type3.asp,187,725,0.257931,0.066528,0.01716,3.877005,15.03117,58.275928,0.331551,0.160428,0.0,0.342246,63,0.497326,0.171123,0.171123,CLINGO-AMO,5.093579,2.505829201824493,134733.0,1811460.0,0.074378125931569,8626.0,15.619406445629492,163894.0
Knapsack,00476-knapsack-n30-w27698-v135401-type1.asp,187,725,0.257931,0.066528,0.01716,3.877005,15.03117,58.275928,0.331551,0.160428,0.0,0.342246,63,0.497326,0.171123,0.171123,EOCLINGO-L,0.519809,9.505968538443929,135401.0,1811460.0,0.07474688924955561,8626.0,15.696846742406677,163894.0
Knapsack,00481-knapsack-n30-w64952-v657437-type3.asp,187,725,0.257931,0.066528,0.01716,3.877005,15.03117,58.275928,0.331551,0.160428,0.0,0.342246,63,0.497326,0.171123,0.171123,EOCLINGO-L,0.520034,28.46966929085406,657437.0,9635220.0,0.06823269214402992,45882.0,14.328865350246284,871758.0
Knapsack,00483-knapsack-n30-w65260-v675932-type3.asp,187,725,0.257931,0.066528,0.01716,3.877005,15.03117,58.275928,0.331551,0.160428,0.0,0.342246,63,0.497326,0.171123,0.171123,CLINGO-AMO,34.720073000000006,34.70628362446127,675932.0,9635220.0,0.07015221240407588,45882.0,14.731964604855936,871758.0
Knapsack,00494-knapsack-n30-w63862-v608796-type3.asp,187,725,0.257931,0.066528,0.01716,3.877005,15.03117,58.275928,0.331551,0.160428,0.0,0.342246,63,0.497326,0.171123,0.171123,EOCLINGO-L,0.513852,1.4188715817005677,608796.0,9635220.0,0.06318444207812587,45882.0,13.268732836406434,871758.0
Knapsack,00499-knapsack-n30-w64867-v613250-type1.asp,187,725,0.257931,0.066528,0.01716,3.877005,15.03117,58.275928,0.331551,0.160428,0.0,0.342246,63,0.497326,0.171123,0.171123,EOCLINGO-L,0.520239,1.7265353039660616,613250.0,9635220.0,0.0636467044862494,45882.0,13.365807942112376,871758.0
Knapsack,00500-knapsack-n30-w64396-v907678-type3.asp,187,725,0.257931,0.066528,0.01716,3.877005,15.03117,58.275928,0.331551,0.160428,0.0,0.342246,63,0.497326,0.171123,0.171123,EOCLINGO-L,206.233639,1.98925107460282,907678.0,9635220.0,0.09420418008099452,45882.0,19.78287781700885,871758.0
Knapsack,00517-knapsack-n30-w250904-v1299097-type3.asp,187,725,0.257931,0.066528,0.01716,3.877005,15.03117,58.275928,0.331551,0.160428,0.0,0.342246,63,0.497326,0.171123,0.171123,EOCLINGO-L,0.519633,1.5398598626338205,1299097.0,17821860.0,0.07289345780967868,84866.0,15.307626140032522,1612454.0
Knapsack,00521-knapsack-n30-w251267-v1295090-type3.asp,187,725,0.257931,0.066528,0.01716,3.877005,15.03117,58.275928,0.331551,0.160428,0.0,0.342246,63,0.497326,0.171123,0.171123,EOCLINGO-INF-MR,0.585828,11.32682801095202,1295090.0,17821860.0,0.07266862156924137,84866.0,15.260410529540687,1612454.0
Knapsack,00540-knapsack-n35-w30132-v227607-type4.asp,217,845,0.256805,0.065949,0.016936,3.894009,15.163308,59.04606,0.331797,0.16129,0.0,0.341014,73,0.497696,0.170507,0.170507,EOCLINGO-INF-MR,1.230472,1.6046996599678822,227607.0,2403870.0,0.09468357273895843,11447.0,19.88355027518127,217493.0
Knapsack,00556-knapsack-n35-w29167-v165065-type3.asp,217,845,0.256805,0.065949,0.016936,3.894009,15.163308,59.04606,0.331797,0.16129,0.0,0.341014,73,0.497696,0.170507,0.170507,EOCLINGO-INF-MR,6.0543960000000006,1.6915779873004673,165065.0,2403870.0,0.06866635882972041,11447.0,14.419935354241286,217493.0
Knapsack,00562-knapsack-n35-w28561-v151538-type3.asp,217,845,0.256805,0.065949,0.016936,3.894009,15.163308,59.04606,0.331797,0.16129,0.0,0.341014,73,0.497696,0.170507,0.170507,EOCLINGO-L,0.519539,2.7592808239612427,151538.0,2403870.0,0.0630391826513081,11447.0,13.238228356774702,217493.0
Knapsack,00565-knapsack-n35-w28463-v226764-type4.asp,217,845,0.256805,0.065949,0.016936,3.894009,15.163308,59.04606,0.331797,0.16129,0.0,0.341014,73,0.497696,0.170507,0.170507,EOCLINGO-L,320.928943,3.754718236802968,226764.0,2403870.0,0.09433288821774888,11447.0,19.809906525727264,217493.0
Knapsack,00566-knapsack-n35-w28016-v227820-type4.asp,217,845,0.256805,0.065949,0.016936,3.894009,15.163308,59.04606,0.331797,0.16129,0.0,0.341014,73,0.497696,0.170507,0.170507,EOCLINGO-INF-MR,0.603565,1.2233330295825635,227820.0,2403870.0,0.09477217985997578,11447.0,19.902157770594915,217493.0
Knapsack,00567-knapsack-n35-w28897-v173891-type3.asp,217,845,0.256805,0.065949,0.016936,3.894009,15.163308,59.04606,0.331797,0.16129,0.0,0.341014,73,0.497696,0.170507,0.170507,CLINGO-AMO,31.243368,6.287681500918851,173891.0,2403870.0,0.072337938407651,11447.0,15.19096706560671,217493.0
Knapsack,00576-knapsack-n35-w73792-v774793-type3.asp,217,845,0.256805,0.065949,0.016936,3.894009,15.163308,59.04606,0.331797,0.16129,0.0,0.341014,73,0.497696,0.170507,0.170507,CLINGO-AMO,3.79682,317.3670874573986,774793.0,11147220.0,0.06950549105516891,53082.0,14.596153121585472,1008558.0
Knapsack,00583-knapsack-n35-w70515-v762899-type1.asp,217,845,0.256805,0.065949,0.016936,3.894009,15.163308,59.04606,0.331797,0.16129,0.0,0.341014,73,0.497696,0.170507,0.170507,CLINGO-AMO,11.387949,43.02504445708353,762899.0,11147220.0,0.0684384985673558,53082.0,14.37208469914472,1008558.0
Knapsack,00584-knapsack-n35-w71002-v770312-type1.asp,217,845,0.256805,0.065949,0.016936,3.894009,15.163308,59.04606,0.331797,0.16129,0.0,0.341014,73,0.497696,0.170507,0.170507,CLINGO-AMO,7.889798,152.73064684292297,770312.0,11147220.0,0.06910350742158135,53082.0,14.511736558532082,1008558.0
Knapsack,00589-knapsack-n35-w71034-v802257-type3.asp,217,845,0.256805,0.065949,0.016936,3.894009,15.163308,59.04606,0.331797,0.16129,0.0,0.341014,73,0.497696,0.170507,0.170507,CLINGO-AMO,439.783911,2.737245496914052,802257.0,11147220.0,0.0719692443497123,53082.0,15.113541313439583,1008558.0
Knapsack,00599-knapsack-n35-w71466-v749362-type3.asp,217,845,0.256805,0.065949,0.016936,3.894009,15.163308,59.04606,0.331797,0.16129,0.0,0.341014,73,0.497696,0.170507,0.170507,CLINGO-AMO,2.371271,68.28898341859703,749362.0,11147220.0,0.06722411507084278,53082.0,14.117064164876982,1008558.0
Knapsack,00608-knapsack-n35-w308127-v1479933-type3.asp,217,845,0.256805,0.065949,0.016936,3.894009,15.163308,59.04606,0.331797,0.16129,0.0,0.341014,73,0.497696,0.170507,0.170507,CLINGO-AMO,4.544525,106.46756899786008,1479933.0,21000420.0,0.07047159056818864,100002.0,14.799034019319613,1900038.0
Knapsack,00618-knapsack-n35-w306144-v1489986-type3.asp,217,845,0.256805,0.065949,0.016936,3.894009,15.163308,59.04606,0.331797,0.16129,0.0,0.341014,73,0.497696,0.170507,0.170507,CLINGO-AMO,5.4835080000000005,1.7982266096812478,1489986.0,21000420.0,0.07095029527980869,100002.0,14.899562008759824,1900038.0
Knapsack,00637-knapsack-n40-w28454-v189112-type3.asp,247,965,0.255959,0.065515,0.016769,3.906883,15.263732,59.633607,0.331984,0.161943,0.0,0.340081,83,0.497976,0.17004,0.17004,CLINGO-AMO,72.560756,16.6064569393406,189112.0,2620170.0,0.07217546953060297,12477.0,15.156848601426624,237063.0
Knapsack,00639-knapsack-n40-w30845-v186167-type3.asp,247,965,0.255959,0.065515,0.016769,3.906883,15.263732,59.633607,0.331984,0.161943,0.0,0.340081,83,0.497976,0.17004,0.17004,EOCLINGO-L,0.556997,29.59310193771241,186167.0,2620170.0,0.07105149665861375,12477.0,14.920814298308889,237063.0
Knapsack,00647-knapsack-n40-w30813-v195930-type3.asp,247,965,0.255959,0.065515,0.016769,3.906883,15.263732,59.633607,0.331984,0.161943,0.0,0.340081,83,0.497976,0.17004,0.17004,CLINGO-AMO,92.494724,13.02806502779553,195930.0,2620170.0,0.0747775907670113,12477.0,15.703294061072373,237063.0
Knapsack,00669-knapsack-n40-w82992-v1166336-type4.asp,247,965,0.255959,0.065515,0.016769,3.906883,15.263732,59.633607,0.331984,0.161943,0.0,0.340081,83,0.497976,0.17004,0.17004,EOCLINGO-L,502.940569,2.3958651086665474,1166336.0,12343380.0,0.09449081207902535,58778.0,19.843070536595324,1116782.0
Knapsack,00682-knapsack-n40-w81970-v843983-type3.asp,247,965,0.255959,0.065515,0.016769,3.906883,15.263732,59.633607,0.331984,0.161943,0.0,0.340081,83,0.497976,0.17004,0.17004,CLINGO-AMO,815.106525,1.4783397605607438,843983.0,12343380.0,0.06837535585876801,58778.0,14.358824730341285,1116782.0
Knapsack,00684-knapsack-n40-w83307-v1169876-type4.asp,247,965,0.255959,0.065515,0.016769,3.906883,15.263732,59.633607,0.331984,0.161943,0.0,0.340081,83,0.497976,0.17004,0.17004,EOCLINGO-INF-MR,1.059888,1.2439276602810865,1169876.0,12343380.0,0.09477760548569354,58778.0,19.903297151995645,1116782.0
Knapsack,00689-knapsack-n40-w85005-v1167375-type4.asp,247,965,0.255959,0.065515,0.016769,3.906883,15.263732,59.633607,0.331984,0.161943,0.0,0.340081,83,0.497976,0.17004,0.17004,EOCLINGO-L,109.205093,2.337333781676281,1167375.0,12343380.0,0.09457498675403334,58778.0,19.860747218347,1116782.0
Knapsack,00697-knapsack-n40-w409210-v1967006-type3.asp,247,965,0.255959,0.065515,0.016769,3.906883,15.263732,59.633607,0.331984,0.161943,0.0,0.340081,83,0.497976,0.17004,0.17004,CLINGO-AMO,420.849546,2.86330915514401,1967006.0,24457650.0,0.08042497950538993,116465.0,16.889245696131884,2212835.0
Knapsack,00727-knapsack-n45-w32036-v215169-type3.asp,277,1085,0.2553,0.065178,0.01664,3.916968,15.342634,60.096601,0.33213,0.162455,0.0,0.33935,93,0.498195,0.169675,0.169675,EOCLINGO-L,0.764807,17.890363189667458,215169.0,3025680.0,0.07111426191798208,14408.0,14.933995002776236,273752.0
Knapsack,00746-knapsack-n45-w32340-v204144-type3.asp,277,1085,0.2553,0.065178,0.01664,3.916968,15.342634,60.096601,0.33213,0.162455,0.0,0.33935,93,0.498195,0.169675,0.169675,EOCLINGO-INF-MR,0.534644,13.956687066533991,204144.0,3025680.0,0.06747045292297929,14408.0,14.168795113825652,273752.0
Knapsack,00752-knapsack-n45-w94598-v958796-type3.asp,277,1085,0.2553,0.065178,0.01664,3.916968,15.342634,60.096601,0.33213,0.162455,0.0,0.33935,93,0.498195,0.169675,0.169675,CLINGO-AMO,12.977225,92.85459217976108,958796.0,13937280.0,0.06879362400697984,66368.0,14.446661041465767,1260992.0
Knapsack,00772-knapsack-n45-w91224-v921231-type3.asp,277,1085,0.2553,0.065178,0.01664,3.916968,15.342634,60.096601,0.33213,0.162455,0.0,0.33935,93,0.498195,0.169675,0.169675,CLINGO-AMO,12.463854,96.6771743314708,921231.0,13937280.0,0.06609833482573357,66368.0,13.88065031340405,1260992.0
Knapsack,00791-knapsack-n45-w351591-v1945995-type3.asp,277,1085,0.2553,0.065178,0.01664,3.916968,15.342634,60.096601,0.33213,0.162455,0.0,0.33935,93,0.498195,0.169675,0.169675,CLINGO-AMO,62.5787,19.25613999651639,1945995.0,24789450.0,0.07850093487350465,118045.0,16.48519632343598,2242855.0
Knapsack,00793-knapsack-n45-w352515-v1752054-type3.asp,277,1085,0.2553,0.065178,0.01664,3.916968,15.342634,60.096601,0.33213,0.162455,0.0,0.33935,93,0.498195,0.169675,0.169675,CLINGO-AMO,5.246453000000001,4.349455146172089,1752054.0,24789450.0,0.07067740510580106,118045.0,14.842255072218222,2242855.0
Knapsack,00794-knapsack-n45-w352437-v2348963-type3.asp,277,1085,0.2553,0.065178,0.01664,3.916968,15.342634,60.096601,0.33213,0.162455,0.0,0.33935,93,0.498195,0.169675,0.169675,EOCLINGO-L,7.060612,1.40146307430574,2348963.0,24789450.0,0.09475655974618234,118045.0,19.898877546698294,2242855.0
Knapsack,00813-knapsack-n50-w40325-v287880-type4.asp,307,1205,0.254772,0.064909,0.016537,3.925081,15.406264,60.470842,0.332248,0.162866,0.0,0.338762,103,0.498371,0.169381,0.169381,EOCLINGO-L,110.777884,6.442792128074951,287880.0,3038070.0,0.09475752698259092,14467.0,19.899080666344094,274873.0
Knapsack,00819-knapsack-n50-w39462-v220501-type1.asp,307,1205,0.254772,0.064909,0.016537,3.925081,15.406264,60.470842,0.332248,0.162866,0.0,0.338762,103,0.498371,0.169381,0.169381,CLINGO-AMO,35.480974,33.962300133023405,220501.0,3038070.0,0.0725793019910667,14467.0,15.241653418124006,274873.0
Knapsack,00835-knapsack-n50-w38214-v212443-type1.asp,307,1205,0.254772,0.064909,0.016537,3.925081,15.406264,60.470842,0.332248,0.162866,0.0,0.338762,103,0.498371,0.169381,0.169381,CLINGO-AMO,13.503732,89.23153325317772,212443.0,3038070.0,0.06992696020829013,14467.0,14.684661643740927,274873.0
Knapsack,00863-knapsack-n50-w102452-v1491016-type4.asp,307,1205,0.254772,0.064909,0.016537,3.925081,15.406264,60.470842,0.332248,0.162866,0.0,0.338762,103,0.498371,0.169381,0.169381,EOCLINGO-INF-MR,1.017457,1.2205282385398104,1491016.0,15707160.0,0.09492588093582799,74796.0,19.93443499652388,1421124.0
Knapsack,00866-knapsack-n50-w102691-v1489127-type4.asp,307,1205,0.254772,0.064909,0.016537,3.925081,15.406264,60.470842,0.332248,0.162866,0.0,0.338762,103,0.498371,0.169381,0.169381,EOCLINGO-L,25.254593,2.009470158556901,1489127.0,15707160.0,0.0948056173108315,74796.0,19.909179635274615,1421124.0
Knapsack,00878-knapsack-n50-w454966-v1973180-type1.asp,307,1205,0.254772,0.064909,0.016537,3.925081,15.406264,60.470842,0.332248,0.162866,0.0,0.338762,103,0.498371,0.169381,0.169381,CLINGO-AMO,13.866074,86.9034548640084,1973180.0,27301680.0,0.07227320809561902,130008.0,15.177373700079995,2470152.0
Knapsack,00882-knapsack-n50-w454863-v2591620-type4.asp,307,1205,0.254772,0.064909,0.016537,3.925081,15.406264,60.470842,0.332248,0.162866,0.0,0.338762,103,0.498371,0.169381,0.169381,EOCLINGO-INF-MR,1.433174,2.1590602397196714,2591620.0,27301680.0,0.09492529397458326,130008.0,19.934311734662483,2470152.0
Knapsack,00883-knapsack-n50-w453243-v2587107-type4.asp,307,1205,0.254772,0.064909,0.016537,3.925081,15.406264,60.470842,0.332248,0.162866,0.0,0.338762,103,0.498371,0.169381,0.169381,EOCLINGO-L,115.361187,10.327475427242268,2587107.0,27301680.0,0.09475999279165238,130008.0,19.899598486247,2470152.0
Knapsack,00886-knapsack-n50-w454984-v2592207-type4.asp,307,1205,0.254772,0.064909,0.016537,3.925081,15.406264,60.470842,0.332248,0.162866,0.0,0.338762,103,0.498371,0.169381,0.169381,EOCLINGO-INF-MR,0.91701,2.228918986706797,2592207.0,27301680.0,0.09494679448297687,130008.0,19.938826841425143,2470152.0
Knapsack,00890-knapsack-n50-w453382-v2049171-type3.asp,307,1205,0.254772,0.064909,0.016537,3.925081,15.406264,60.470842,0.332248,0.162866,0.0,0.338762,103,0.498371,0.169381,0.169381,CLINGO-AMO,16.344483,73.72611687992823,2049171.0,27301680.0,0.07505658992413654,130008.0,15.761883884068673,2470152.0
Knapsack,00896-knapsack-n50-w453462-v2590210-type4.asp,307,1205,0.254772,0.064909,0.016537,3.925081,15.406264,60.470842,0.332248,0.162866,0.0,0.338762,103,0.498371,0.169381,0.169381,EOCLINGO-L,5.099640999999999,1.337461401694747,2590210.0,27301680.0,0.09487364880109941,130008.0,19.923466248230877,2470152.0
Knapsack,00897-knapsack-n50-w453459-v1890719-type3.asp,307,1205,0.254772,0.064909,0.016537,3.925081,15.406264,60.470842,0.332248,0.162866,0.0,0.338762,103,0.498371,0.169381,0.169381,EOCLINGO-L,0.533254,13.666744178196506,1890719.0,27301680.0,0.0692528445135977,130008.0,14.543097347855516,2470152.0
Knapsack,00898-knapsack-n50-w455314-v2594210-type4.asp,307,1205,0.254772,0.064909,0.016537,3.925081,15.406264,60.470842,0.332248,0.162866,0.0,0.338762,103,0.498371,0.169381,0.169381,EOCLINGO-INF-MR,0.5808310000000001,1.217002880355904,2594210.0,27301680.0,0.09502015993155,130008.0,19.9542335856255,2470152.0
Knapsack,00902-knapsack-n55-w35294-v309105-type4.asp,337,1325,0.25434,0.064689,0.016453,3.931751,15.458664,60.779613,0.332344,0.163205,0.0,0.338279,113,0.498516,0.169139,0.169139,EOCLINGO-L,6.902352,3.544371252002216,309105.0,3257940.0,0.09487743789020056,15514.0,19.924261956942118,294766.0
Knapsack,00908-knapsack-n55-w34423-v222424-type3.asp,337,1325,0.25434,0.064689,0.016453,3.931751,15.458664,60.779613,0.332344,0.163205,0.0,0.338279,113,0.498516,0.169139,0.169139,CLINGO-AMO,17.342291,69.48465891847854,222424.0,3257940.0,0.0682713616579802,15514.0,14.33698594817584,294766.0
Knapsack,00914-knapsack-n55-w35564-v247573-type3.asp,337,1325,0.25434,0.064689,0.016453,3.931751,15.458664,60.779613,0.332344,0.163205,0.0,0.338279,113,0.498516,0.169139,0.169139,CLINGO-AMO,34.812623,34.61435166778441,247573.0,3257940.0,0.07599065667262135,15514.0,15.958037901250483,294766.0
Knapsack,00923-knapsack-n55-w34911-v309214-type4.asp,337,1325,0.25434,0.064689,0.016453,3.931751,15.458664,60.779613,0.332344,0.163205,0.0,0.338279,113,0.498516,0.169139,0.169139,EOCLINGO-L,2.17593,2.356901187078628,309214.0,3257940.0,0.09491089461438823,15514.0,19.931287869021528,294766.0
Knapsack,00937-knapsack-n55-w117548-v1680790-type4.asp,337,1325,0.25434,0.064689,0.016453,3.931751,15.458664,60.779613,0.332344,0.163205,0.0,0.338279,113,0.498516,0.169139,0.169139,EOCLINGO-INF-MR,1.68483,1.2358410047304476,1680790.0,17703210.0,0.09494266858948179,84301.0,19.937960403791177,1601719.0
Knapsack,00942-knapsack-n55-w116652-v1256410-type1.asp,337,1325,0.25434,0.064689,0.016453,3.931751,15.458664,60.779613,0.332344,0.163205,0.0,0.338279,113,0.498516,0.169139,0.169139,CLINGO-AMO,455.992067,2.642619401095853,1256410.0,17703210.0,0.07097074485361694,84301.0,14.903856419259558,1601719.0
Knapsack,00952-knapsack-n55-w116808-v1200299-type3.asp,337,1325,0.25434,0.064689,0.016453,3.931751,15.458664,60.779613,0.332344,0.163205,0.0,0.338279,113,0.498516,0.169139,0.169139,CLINGO-AMO,18.052205,5.092514681724476,1200299.0,17703210.0,0.06780120667381791,84301.0,14.238253401501762,1601719.0
Knapsack,00964-knapsack-n55-w414689-v2142948-type1.asp,337,1325,0.25434,0.064689,0.016453,3.931751,15.458664,60.779613,0.332344,0.163205,0.0,0.338279,113,0.498516,0.169139,0.169139,CLINGO-AMO,13.736751,73.34400230447505,2142948.0,29733690.0,0.07207137761912497,141589.0,15.134989300016244,2690191.0
Knapsack,00967-knapsack-n55-w414031-v1877127-type3.asp,337,1325,0.25434,0.064689,0.016453,3.931751,15.458664,60.779613,0.332344,0.163205,0.0,0.338279,113,0.498516,0.169139,0.169139,EOCLINGO-L,0.538497,1.9547629791809429,1877127.0,29733690.0,0.06313131669833108,141589.0,13.257576506649528,2690191.0
Knapsack,00970-knapsack-n55-w415454-v2825762-type4.asp,337,1325,0.25434,0.064689,0.016453,3.931751,15.458664,60.779613,0.332344,0.163205,0.0,0.338279,113,0.498516,0.169139,0.169139,EOCLINGO-INF-MR,0.585708,1.2464555717183303,2825762.0,29733690.0,0.09503569856280872,141589.0,19.957496698189832,2690191.0
Knapsack,00972-knapsack-n55-w416401-v2297437-type1.asp,337,1325,0.25434,0.064689,0.016453,3.931751,15.458664,60.779613,0.332344,0.163205,0.0,0.338279,113,0.498516,0.169139,0.169139,CLINGO-AMO,54.848602,21.969945414470185,2297437.0,29733690.0,0.07726713367900183,141589.0,16.226098072590386,2690191.0
Knapsack,00977-knapsack-n55-w414739-v2402453-type1.asp,337,1325,0.25434,0.064689,0.016453,3.931751,15.458664,60.779613,0.332344,0.163205,0.0,0.338279,113,0.498516,0.169139,0.169139,EOCLINGO-L,0.556885,2163.666575684388,2402453.0,29733690.0,0.08079901956333035,141589.0,16.967794108299373,2690191.0
Knapsack,00986-knapsack-n55-w415731-v2089265-type3.asp,337,1325,0.25434,0.064689,0.016453,3.931751,15.458664,60.779613,0.332344,0.163205,0.0,0.338279,113,0.498516,0.169139,0.169139,CLINGO-AMO,8.464673,142.35220013815066,2089265.0,29733690.0,0.07026591721377333,141589.0,14.7558426148924,2690191.0
Knapsack,00988-knapsack-n55-w416538-v1871983-type3.asp,337,1325,0.25434,0.064689,0.016453,3.931751,15.458664,60.779613,0.332344,0.163205,0.0,0.338279,113,0.498516,0.169139,0.169139,EOCLINGO-INF-MR,0.543423,17.531974171133722,1871983.0,29733690.0,0.06295831428927927,141589.0,13.221246000748646,2690191.0
Knapsack,00991-knapsack-n60-w46490-v345762-type4.asp,367,1445,0.253979,0.064505,0.016383,3.93733,15.502565,61.03871,0.332425,0.163488,0.0,0.337875,123,0.498638,0.168937,0.168937,EOCLINGO-INF-MR,0.7053050000000001,1.309426418358015,345762.0,3639090.0,0.09501331376800244,17329.0,19.952795891280513,329251.0
Knapsack,00992-knapsack-n60-w46022-v247996-type3.asp,367,1445,0.253979,0.064505,0.016383,3.93733,15.502565,61.03871,0.332425,0.163488,0.0,0.337875,123,0.498638,0.168937,0.168937,CLINGO-AMO,14.977326,80.45082974090302,247996.0,3639090.0,0.06814780618231481,17329.0,14.31103929828611,329251.0
Knapsack,00998-knapsack-n60-w46675-v345124-type4.asp,367,1445,0.253979,0.064505,0.016383,3.93733,15.502565,61.03871,0.332425,0.163488,0.0,0.337875,123,0.498638,0.168937,0.168937,EOCLINGO-L,81.942623,14.705052363285954,345124.0,3639090.0,0.09483799521308899,17329.0,19.915978994748688,329251.0
Knapsack,01005-knapsack-n60-w47145-v345064-type4.asp,367,1445,0.253979,0.064505,0.016383,3.93733,15.502565,61.03871,0.332425,0.163488,0.0,0.337875,123,0.498638,0.168937,0.168937,EOCLINGO-L,156.24754,7.711388416099225,345064.0,3639090.0,0.09482150757469587,17329.0,19.912516590686135,329251.0
Knapsack,01014-knapsack-n60-w45813-v345506-type4.asp,367,1445,0.253979,0.064505,0.016383,3.93733,15.502565,61.03871,0.332425,0.163488,0.0,0.337875,123,0.498638,0.168937,0.168937,EOCLINGO-L,2.312317,1.6532836976936984,345506.0,3639090.0,0.09494296651085848,17329.0,19.938022967280283,329251.0
Knapsack,01015-knapsack-n60-w48363-v345396-type4.asp,367,1445,0.253979,0.064505,0.016383,3.93733,15.502565,61.03871,0.332425,0.163488,0.0,0.337875,123,0.498638,0.168937,0.168937,EOCLINGO-L,8.706639000000001,4.077545077957177,345396.0,3639090.0,0.09491273917380444,17329.0,19.931675226498932,329251.0
Knapsack,01051-knapsack-n60-w454034-v2611563-type3.asp,367,1445,0.253979,0.064505,0.016383,3.93733,15.502565,61.03871,0.332425,0.163488,0.0,0.337875,123,0.498638,0.168937,0.168937,EOCLINGO-INF-MR,1.0614590000000002,11.971750204200069,2611563.0,37841160.0,0.06901381987232949,180196.0,14.492902173189194,3423724.0
Knapsack,01056-knapsack-n60-w454217-v2476090-type3.asp,367,1445,0.253979,0.064505,0.016383,3.93733,15.502565,61.03871,0.332425,0.163488,0.0,0.337875,123,0.498638,0.168937,0.168937,EOCLINGO-L,1.297453,3.700725960786248,2476090.0,37841160.0,0.06543377634300851,180196.0,13.741093032031788,3423724.0
Knapsack,01060-knapsack-n60-w454515-v2719365-type3.asp,367,1445,0.253979,0.064505,0.016383,3.93733,15.502565,61.03871,0.332425,0.163488,0.0,0.337875,123,0.498638,0.168937,0.168937,EOCLINGO-L,3.266878,14.163241480092,2719365.0,37841160.0,0.07186262260459246,180196.0,15.091150746964416,3423724.0
Knapsack,01061-knapsack-n60-w455979-v3589667-type3.asp,367,1445,0.253979,0.064505,0.016383,3.93733,15.502565,61.03871,0.332425,0.163488,0.0,0.337875,123,0.498638,0.168937,0.168937,EOCLINGO-L,52.53534,10.052810850753035,3589667.0,37841160.0,0.09486144187968867,180196.0,19.920902794734623,3423724.0
Knapsack,01067-knapsack-n60-w456096-v2701256-type3.asp,367,1445,0.253979,0.064505,0.016383,3.93733,15.502565,61.03871,0.332425,0.163488,0.0,0.337875,123,0.498638,0.168937,0.168937,CLINGO-AMO,32.978842,36.53873386457899,2701256.0,37841160.0,0.07138406962154437,180196.0,14.990654620524317,3423724.0
Knapsack,01069-knapsack-n60-w453943-v2704007-type3.asp,367,1445,0.253979,0.064505,0.016383,3.93733,15.502565,61.03871,0.332425,0.163488,0.0,0.337875,123,0.498638,0.168937,0.168937,CLINGO-AMO,27.305313,44.13161548450296,2704007.0,37841160.0,0.07145676823860579,180196.0,15.005921330107217,3423724.0
Knapsack,01081-knapsack-n65-w50068-v338770-type3.asp,397,1565,0.253674,0.064351,0.016324,3.942065,15.53988,61.259226,0.332494,0.163728,0.0,0.337531,133,0.498741,0.168766,0.168766,CLINGO-AMO,139.50847000000002,8.637555060276984,338770.0,4566870.0,0.07417990877778435,21747.0,15.577780843334713,413193.0
Knapsack,01102-knapsack-n65-w49251-v307341-type3.asp,397,1565,0.253674,0.064351,0.016324,3.942065,15.53988,61.259226,0.332494,0.163728,0.0,0.337531,133,0.498741,0.168766,0.168766,EOCLINGO-L,3.513205,4.724531873317953,307341.0,4566870.0,0.06729795242693573,21747.0,14.132570009656504,413193.0
Knapsack,01103-knapsack-n65-w49466-v433255-type4.asp,397,1565,0.253674,0.064351,0.016324,3.942065,15.53988,61.259226,0.332494,0.163728,0.0,0.337531,133,0.498741,0.168766,0.168766,EOCLINGO-L,142.19556999999998,7.976961307585042,433255.0,4566870.0,0.09486913356412598,21747.0,19.922518048466454,413193.0
Knapsack,01109-knapsack-n65-w48931-v433021-type4.asp,397,1565,0.253674,0.064351,0.016324,3.942065,15.53988,61.259226,0.332494,0.163728,0.0,0.337531,133,0.498741,0.168766,0.168766,EOCLINGO-L,1087.7112149999998,1.1078105598092969,433021.0,4566870.0,0.09481789496964003,21747.0,19.91175794362441,413193.0
Knapsack,01122-knapsack-n65-w135455-v1308995-type3.asp,397,1565,0.253674,0.064351,0.016324,3.942065,15.53988,61.259226,0.332494,0.163728,0.0,0.337531,133,0.498741,0.168766,0.168766,EOCLINGO-INF-MR,0.557167,32.66432685352866,1308995.0,19813080.0,0.06606721418376144,94348.0,13.874114978589901,1792612.0
Knapsack,01126-knapsack-n65-w135392-v1390605-type3.asp,397,1565,0.253674,0.064351,0.016324,3.942065,15.53988,61.259226,0.332494,0.163728,0.0,0.337531,133,0.498741,0.168766,0.168766,CLINGO-AMO,75.1621,16.031756417130442,1390605.0,19813080.0,0.07018621032166629,94348.0,14.739104167549922,1792612.0
Knapsack,01127-knapsack-n65-w133302-v1391670-type3.asp,397,1565,0.253674,0.064351,0.016324,3.942065,15.53988,61.259226,0.332494,0.163728,0.0,0.337531,133,0.498741,0.168766,0.168766,CLINGO-AMO,155.928771,7.728015659149907,1391670.0,19813080.0,0.07023996269131301,94348.0,14.750392165175732,1792612.0
Knapsack,01135-knapsack-n65-w132935-v1318736-type3.asp,397,1565,0.253674,0.064351,0.016324,3.942065,15.53988,61.259226,0.332494,0.163728,0.0,0.337531,133,0.498741,0.168766,0.168766,CLINGO-AMO,34.473795,17.348338846941566,1318736.0,19813080.0,0.0665588590971217,94348.0,13.977360410395557,1792612.0
Knapsack,01144-knapsack-n65-w578774-v3221712-type4.asp,397,1565,0.253674,0.064351,0.016324,3.942065,15.53988,61.259226,0.332494,0.163728,0.0,0.337531,133,0.498741,0.168766,0.168766,EOCLINGO-INF-MR,0.7331390000000001,1.267600004910392,3221712.0,33891270.0,0.09506023232531563,161387.0,19.962648788316283,3066353.0
Knapsack,01149-knapsack-n65-w577004-v3216841-type4.asp,397,1565,0.253674,0.064351,0.016324,3.942065,15.53988,61.259226,0.332494,0.163728,0.0,0.337531,133,0.498741,0.168766,0.168766,EOCLINGO-L,75.13187300000001,13.730909330584636,3216841.0,33891270.0,0.09491650799748726,161387.0,19.932466679472324,3066353.0
Knapsack,01154-knapsack-n65-w578020-v2517282-type2.asp,397,1565,0.253674,0.064351,0.016324,3.942065,15.53988,61.259226,0.332494,0.163728,0.0,0.337531,133,0.498741,0.168766,0.168766,CLINGO-AMO,41.787535,28.832805763728345,2517282.0,33891270.0,0.07427523371062814,161387.0,15.597799079231908,3066353.0
Knapsack,01167-knapsack-n65-w577794-v2590486-type3.asp,397,1565,0.253674,0.064351,0.016324,3.942065,15.53988,61.259226,0.332494,0.163728,0.0,0.337531,133,0.498741,0.168766,0.168766,CLINGO-AMO,104.180651,11.566436016991297,2590486.0,33891270.0,0.0764351999792277,161387.0,16.051391995637815,3066353.0
Knapsack,01168-knapsack-n65-w577716-v2618940-type3.asp,397,1565,0.253674,0.064351,0.016324,3.942065,15.53988,61.259226,0.332494,0.163728,0.0,0.337531,133,0.498741,0.168766,0.168766,CLINGO-AMO,245.524707,4.907954122922545,2618940.0,33891270.0,0.07727476721881475,161387.0,16.2277011159511,3066353.0
Knapsack,01169-knapsack-n65-w577269-v2673807-type3.asp,397,1565,0.253674,0.064351,0.016324,3.942065,15.53988,61.259226,0.332494,0.163728,0.0,0.337531,133,0.498741,0.168766,0.168766,CLINGO-AMO,762.787302,1.5797278859264492,2673807.0,33891270.0,0.0788936796998165,161387.0,16.567672736961466,3066353.0
Knapsack,01195-knapsack-n70-w51576-v304986-type3.asp,427,1685,0.253412,0.064218,0.016274,3.946136,15.571988,61.44918,0.332553,0.163934,0.0,0.337237,143,0.498829,0.168618,0.168618,EOCLINGO-L,0.556338,24.74347968321416,304986.0,4517520.0,0.06751182064495564,21512.0,14.177482335440684,408728.0
Knapsack,01217-knapsack-n70-w152860-v2123427-type4.asp,427,1685,0.253412,0.064218,0.016274,3.946136,15.571988,61.44918,0.332553,0.163934,0.0,0.337237,143,0.498829,0.168618,0.168618,EOCLINGO-INF-MR,0.940726,1.2257851914372515,2123427.0,22340850.0,0.09504683125306333,106385.0,19.9598345631433,2021315.0
Knapsack,01229-knapsack-n70-w152026-v1546874-type3.asp,427,1685,0.253412,0.064218,0.016274,3.946136,15.571988,61.44918,0.332553,0.163934,0.0,0.337237,143,0.498829,0.168618,0.168618,CLINGO-AMO,277.238258,4.346494692662512,1546874.0,22340850.0,0.06923971111215553,106385.0,14.540339333552662,2021315.0
Knapsack,01230-knapsack-n70-w565603-v2639242-type3.asp,427,1685,0.253412,0.064218,0.016274,3.946136,15.571988,61.44918,0.332553,0.163934,0.0,0.337237,143,0.498829,0.168618,0.168618,CLINGO-AMO,20.933832,57.56315441912404,2639242.0,38399340.0,0.06873144173832155,182854.0,14.433602765047524,3474226.0
Knapsack,01233-knapsack-n70-w564629-v2957830-type3.asp,427,1685,0.253412,0.064218,0.016274,3.946136,15.571988,61.44918,0.332553,0.163934,0.0,0.337237,143,0.498829,0.168618,0.168618,CLINGO-AMO,100.675941,11.968959515362265,2957830.0,38399340.0,0.07702814683794044,182854.0,16.175910835967493,3474226.0
Knapsack,01248-knapsack-n70-w564602-v2589747-type3.asp,427,1685,0.253412,0.064218,0.016274,3.946136,15.571988,61.44918,0.332553,0.163934,0.0,0.337237,143,0.498829,0.168618,0.168618,CLINGO-AMO,12.387319,97.27468486118748,2589747.0,38399340.0,0.06744248729275035,182854.0,14.162922331477573,3474226.0
Knapsack,01252-knapsack-n70-w564862-v2826145-type3.asp,427,1685,0.253412,0.064218,0.016274,3.946136,15.571988,61.44918,0.332553,0.163934,0.0,0.337237,143,0.498829,0.168618,0.168618,CLINGO-AMO,44.424478,27.124653777586317,2826145.0,38399340.0,0.07359879102088734,182854.0,15.455746114386342,3474226.0
Knapsack,01260-knapsack-n75-w58938-v307691-type1.asp,457,1805,0.253186,0.064103,0.01623,3.949672,15.599907,61.614513,0.332604,0.164114,0.0,0.33698,153,0.498906,0.16849,0.16849,EOCLINGO-INF-MR,0.8814799999999999,11.511211825566097,307691.0,4852680.0,0.06340640635689969,23108.0,13.315345334948935,439052.0
Knapsack,01261-knapsack-n75-w59179-v320261-type3.asp,457,1805,0.253186,0.064103,0.01623,3.949672,15.599907,61.614513,0.332604,0.164114,0.0,0.33698,153,0.498906,0.16849,0.16849,CLINGO-AMO,11.15787,107.9969476253084,320261.0,4852680.0,0.06599672758146014,23108.0,13.85931279210663,439052.0
Knapsack,01269-knapsack-n75-w58562-v460824-type4.asp,457,1805,0.253186,0.064103,0.01623,3.949672,15.599907,61.614513,0.332604,0.164114,0.0,0.33698,153,0.498906,0.16849,0.16849,EOCLINGO-L,242.750513,4.963932084460723,460824.0,4852680.0,0.09496278345161849,23108.0,19.94218452483988,439052.0
Knapsack,01271-knapsack-n75-w58209-v343006-type3.asp,457,1805,0.253186,0.064103,0.01623,3.949672,15.599907,61.614513,0.332604,0.164114,0.0,0.33698,153,0.498906,0.16849,0.16849,CLINGO-AMO,66.086514,18.233932599319736,343006.0,4852680.0,0.07068382831754824,23108.0,14.84360394668513,439052.0
Knapsack,01287-knapsack-n75-w57993-v355289-type3.asp,457,1805,0.253186,0.064103,0.01623,3.949672,15.599907,61.614513,0.332604,0.164114,0.0,0.33698,153,0.498906,0.16849,0.16849,CLINGO-AMO,70.199775,17.165598351276767,355289.0,4852680.0,0.07321500696522334,23108.0,15.375151462696902,439052.0
Knapsack,01293-knapsack-n75-w153367-v1585266-type3.asp,457,1805,0.253186,0.064103,0.01623,3.949672,15.599907,61.614513,0.332604,0.164114,0.0,0.33698,153,0.498906,0.16849,0.16849,CLINGO-AMO,59.188088,3.880984312248776,1585266.0,23983680.0,0.06609769643357483,114208.0,13.880516251050715,2169952.0
Knapsack,01298-knapsack-n75-w154204-v2280060-type4.asp,457,1805,0.253186,0.064103,0.01623,3.949672,15.599907,61.614513,0.332604,0.164114,0.0,0.33698,153,0.498906,0.16849,0.16849,EOCLINGO-INF-MR,0.932975,1.2025466920335488,2280060.0,23983680.0,0.09506714565904816,114208.0,19.96410058840011,2169952.0
Knapsack,01304-knapsack-n75-w153873-v1596621-type3.asp,457,1805,0.253186,0.064103,0.01623,3.949672,15.599907,61.614513,0.332604,0.164114,0.0,0.33698,153,0.498906,0.16849,0.16849,EOCLINGO-L,1.240283,30.33352630004604,1596621.0,23983680.0,0.0665711433774967,114208.0,13.979940109274306,2169952.0
Knapsack,01337-knapsack-n75-w619659-v4152049-type4.asp,457,1805,0.253186,0.064103,0.01623,3.949672,15.599907,61.614513,0.332604,0.164114,0.0,0.33698,153,0.498906,0.16849,0.16849,EOCLINGO-INF-MR,0.683555,1.8953983220077388,4152049.0,43668660.0,0.09508075127562879,207946.0,19.966957767882047,3950974.0
Knapsack,01338-knapsack-n75-w618566-v2923266-type3.asp,457,1805,0.253186,0.064103,0.01623,3.949672,15.599907,61.614513,0.332604,0.164114,0.0,0.33698,153,0.498906,0.16849,0.16849,EOCLINGO-INF-MR,6.768775,2.175088402258902,2923266.0,43668660.0,0.06694196707661741,207946.0,14.057813086089658,3950974.0
Knapsack,01339-knapsack-n75-w619236-v3418197-type3.asp,457,1805,0.253186,0.064103,0.01623,3.949672,15.599907,61.614513,0.332604,0.164114,0.0,0.33698,153,0.498906,0.16849,0.16849,CLINGO-AMO,246.260463,4.893131574271426,3418197.0,43668660.0,0.07827574741244636,207946.0,16.437906956613737,3950974.0
Knapsack,01368-knapsack-n80-w65895-v475039-type4.asp,487,1925,0.252987,0.064002,0.016192,3.952772,15.624407,61.75972,0.332649,0.164271,0.0,0.336756,163,0.498973,0.168378,0.168378,EOCLINGO-INF-MR,0.634493,1.2387701676771847,475039.0,4994430.0,0.09511375672499164,23783.0,19.973888912248245,451877.0
Knapsack,01369-knapsack-n80-w67235-v375197-type3.asp,487,1925,0.252987,0.064002,0.016192,3.952772,15.624407,61.75972,0.332649,0.164271,0.0,0.336756,163,0.498973,0.168378,0.168378,CLINGO-AMO,767.2626389999999,1.570522735957172,375197.0,4994430.0,0.07512308711905062,23783.0,15.77584829500063,451877.0
Knapsack,01416-knapsack-n80-w715256-v3551952-type1.asp,487,1925,0.252987,0.064002,0.016192,3.952772,15.624407,61.75972,0.332649,0.164271,0.0,0.336756,163,0.498973,0.168378,0.168378,CLINGO-AMO,305.97186800000003,3.9383000988836,3551952.0,46354140.0,0.07662642430643736,220734.0,16.091549104351845,4193946.0
Knapsack,01417-knapsack-n80-w714371-v4407814-type4.asp,487,1925,0.252987,0.064002,0.016192,3.952772,15.624407,61.75972,0.332649,0.164271,0.0,0.336756,163,0.498973,0.168378,0.168378,EOCLINGO-INF-MR,1.397196,1.6457769704465226,4407814.0,46354140.0,0.09508997470344613,220734.0,19.968894687723687,4193946.0
Knapsack,01420-knapsack-n80-w714072-v4404299-type4.asp,487,1925,0.252987,0.064002,0.016192,3.952772,15.624407,61.75972,0.332649,0.164271,0.0,0.336756,163,0.498973,0.168378,0.168378,EOCLINGO-L,86.89514,13.866823368947909,4404299.0,46354140.0,0.09501414544633985,220734.0,19.952970543731368,4193946.0
Knapsack,01422-knapsack-n80-w715181-v4408742-type4.asp,487,1925,0.252987,0.064002,0.016192,3.952772,15.624407,61.75972,0.332649,0.164271,0.0,0.336756,163,0.498973,0.168378,0.168378,EOCLINGO-INF-MR,0.758485,1.3906985635839868,4408742.0,46354140.0,0.09510999449024402,220734.0,19.973098842951245,4193946.0
Knapsack,01423-knapsack-n80-w715030-v3427156-type3.asp,487,1925,0.252987,0.064002,0.016192,3.952772,15.624407,61.75972,0.332649,0.164271,0.0,0.336756,163,0.498973,0.168378,0.168378,CLINGO-AMO,50.844984,23.69929253985015,3427156.0,46354140.0,0.0739341944430422,220734.0,15.526180833038861,4193946.0
Knapsack,01425-knapsack-n80-w714189-v3603757-type3.asp,487,1925,0.252987,0.064002,0.016192,3.952772,15.624407,61.75972,0.332649,0.164271,0.0,0.336756,163,0.498973,0.168378,0.168378,CLINGO-AMO,400.613726,3.007925514763815,3603757.0,46354140.0,0.07774401596060244,220734.0,16.32624335172651,4193946.0
Knapsack,01427-knapsack-n80-w716275-v4406252-type4.asp,487,1925,0.252987,0.064002,0.016192,3.952772,15.624407,61.75972,0.332649,0.164271,0.0,0.336756,163,0.498973,0.168378,0.168378,EOCLINGO-L,7.561707999999999,2.095740935778001,4406252.0,46354140.0,0.09505627760540913,220734.0,19.96181829713592,4193946.0
Knapsack,01445-knapsack-n85-w60731-v350249-type3.asp,517,2045,0.252812,0.063914,0.016158,3.955513,15.64608,61.888265,0.332689,0.16441,0.0,0.336557,173,0.499033,0.168279,0.168279,CLINGO-AMO,58.71121,13.660544110741371,350249.0,5176500.0,0.06766135419685115,24650.0,14.208884381338743,468350.0
Knapsack,01459-knapsack-n85-w62456-v359846-type1.asp,517,2045,0.252812,0.063914,0.016158,3.955513,15.64608,61.888265,0.332689,0.16441,0.0,0.336557,173,0.499033,0.168279,0.168279,CLINGO-AMO,41.424732,29.08895369558456,359846.0,5176500.0,0.06951530957210471,24650.0,14.598215010141988,468350.0
Knapsack,01465-knapsack-n85-w64102-v378135-type3.asp,517,2045,0.252812,0.063914,0.016158,3.955513,15.64608,61.888265,0.332689,0.16441,0.0,0.336557,173,0.499033,0.168279,0.168279,CLINGO-AMO,115.43655,10.438789213641607,378135.0,5176500.0,0.0730483917705013,24650.0,15.340162271805275,468350.0
Knapsack,01484-knapsack-n85-w176036-v2521213-type4.asp,517,2045,0.252812,0.063914,0.016158,3.955513,15.64608,61.888265,0.332689,0.16441,0.0,0.336557,173,0.499033,0.168279,0.168279,EOCLINGO-INF-MR,0.942397,1.313061268234088,2521213.0,26511240.0,0.09509977654760773,126244.0,19.970953074997624,2398636.0
Knapsack,01488-knapsack-n85-w173742-v2518272-type4.asp,517,2045,0.252812,0.063914,0.016158,3.955513,15.64608,61.888265,0.332689,0.16441,0.0,0.336557,173,0.499033,0.168279,0.168279,EOCLINGO-L,330.296653,3.6481150627947785,2518272.0,26511240.0,0.09498884246832665,126244.0,19.947656918348596,2398636.0
Knapsack,01518-knapsack-n85-w743494-v3429381-type3.asp,517,2045,0.252812,0.063914,0.016158,3.955513,15.64608,61.888265,0.332689,0.16441,0.0,0.336557,173,0.499033,0.168279,0.168279,CLINGO-AMO,54.244512,22.21404161585968,3429381.0,46093950.0,0.07439980734998845,219495.0,15.623959543497573,4170405.0
Knapsack,01522-knapsack-n85-w744289-v4382817-type4.asp,517,2045,0.252812,0.063914,0.016158,3.955513,15.64608,61.888265,0.332689,0.16441,0.0,0.336557,173,0.499033,0.168279,0.168279,EOCLINGO-L,2.635761,1.6693706295828796,4382817.0,46093950.0,0.09508443082009678,219495.0,19.967730472220325,4170405.0
Knapsack,01535-knapsack-n90-w69265-v411861-type3.asp,547,2165,0.252656,0.063835,0.016128,3.957952,15.665388,62.00286,0.332724,0.164534,0.0,0.33638,183,0.499086,0.16819,0.16819,CLINGO-AMO,794.9776310000001,1.5158251779791272,411861.0,5421360.0,0.07597005179512152,25816.0,15.953710876975519,490504.0
Knapsack,01549-knapsack-n90-w68339-v389008-type3.asp,547,2165,0.252656,0.063835,0.016128,3.957952,15.665388,62.00286,0.332724,0.164534,0.0,0.33638,183,0.499086,0.16819,0.16819,CLINGO-AMO,75.860748,15.883605049610107,389008.0,5421360.0,0.07175468886035977,25816.0,15.06848466067555,490504.0
Knapsack,01551-knapsack-n90-w69942-v384206-type3.asp,547,2165,0.252656,0.063835,0.016128,3.957952,15.665388,62.00286,0.332724,0.164534,0.0,0.33638,183,0.499086,0.16819,0.16819,CLINGO-AMO,91.835859,13.12143964374526,384206.0,5421360.0,0.07086893325659982,25816.0,14.882475983885962,490504.0
Knapsack,01552-knapsack-n90-w67848-v398220-type3.asp,547,2165,0.252656,0.063835,0.016128,3.957952,15.665388,62.00286,0.332724,0.164534,0.0,0.33638,183,0.499086,0.16819,0.16819,CLINGO-AMO,76.939543,15.661501264700782,398220.0,5421360.0,0.07345389348798087,25816.0,15.425317632475984,490504.0
Knapsack,01579-knapsack-n90-w195944-v1902438-type3.asp,547,2165,0.252656,0.063835,0.016128,3.957952,15.665388,62.00286,0.332724,0.164534,0.0,0.33638,183,0.499086,0.16819,0.16819,EOCLINGO-INF-MR,0.5697949999999999,5.110048350722629,1902438.0,28501620.0,0.0667484164058043,135722.0,14.017167445218904,2578718.0
Knapsack,01592-knapsack-n90-w770898-v3630284-type1.asp,547,2165,0.252656,0.063835,0.016128,3.957952,15.665388,62.00286,0.332724,0.164534,0.0,0.33638,183,0.499086,0.16819,0.16819,CLINGO-AMO,167.02917200000002,7.214448222254252,3630284.0,49064190.0,0.0739905010150988,233639.0,15.538005213170747,4439141.0
Knapsack,01597-knapsack-n90-w771583-v3698576-type1.asp,547,2165,0.252656,0.063835,0.016128,3.957952,15.665388,62.00286,0.332724,0.164534,0.0,0.33638,183,0.499086,0.16819,0.16819,CLINGO-AMO,194.436798,6.197468207638351,3698576.0,49064190.0,0.07538239192372279,233639.0,15.830302303981783,4439141.0
Knapsack,01620-knapsack-n95-w80318-v417199-type1.asp,577,2285,0.252516,0.063765,0.016102,3.960139,15.682698,62.105659,0.332756,0.164645,0.0,0.336222,193,0.499133,0.168111,0.168111,CLINGO-AMO,53.628641,22.46890602728493,417199.0,5834010.0,0.07151153323357348,27781.0,15.01742197905043,527839.0
Knapsack,01630-knapsack-n95-w79712-v554529-type4.asp,577,2285,0.252516,0.063765,0.016102,3.960139,15.682698,62.105659,0.332756,0.164645,0.0,0.336222,193,0.499133,0.168111,0.168111,EOCLINGO-L,81.891526,14.708096378616755,554529.0,5834010.0,0.09505108835946459,27781.0,19.960728555487563,527839.0
Knapsack,01642-knapsack-n95-w80002-v414348-type3.asp,577,2285,0.252516,0.063765,0.016102,3.960139,15.682698,62.105659,0.332756,0.164645,0.0,0.336222,193,0.499133,0.168111,0.168111,CLINGO-AMO,75.210938,16.02190614881043,414348.0,5834010.0,0.07102284706402628,27781.0,14.91479788344552,527839.0
Knapsack,01644-knapsack-n95-w79743-v391628-type3.asp,577,2285,0.252516,0.063765,0.016102,3.960139,15.682698,62.105659,0.332756,0.164645,0.0,0.336222,193,0.499133,0.168111,0.168111,EOCLINGO-L,0.571006,48.0521448110878,391628.0,5834010.0,0.0671284416721946,27781.0,14.096972751160866,527839.0
Knapsack,01675-knapsack-n95-w203252-v2758915-type4.asp,577,2285,0.252516,0.063765,0.016102,3.960139,15.682698,62.105659,0.332756,0.164645,0.0,0.336222,193,0.499133,0.168111,0.168111,EOCLINGO-L,5.365143,1.2013269730182403,2758915.0,29015070.0,0.09508558828222713,138167.0,19.967973539267696,2625173.0
Knapsack,01703-knapsack-n95-w833197-v4264948-type3.asp,577,2285,0.252516,0.063765,0.016102,3.960139,15.682698,62.105659,0.332756,0.164645,0.0,0.336222,193,0.499133,0.168111,0.168111,CLINGO-AMO,954.16357,1.2629091865244866,4264948.0,55487670.0,0.07686298595706037,264227.0,16.14122705098268,5020313.0
Knapsack,01704-knapsack-n95-w833698-v4108259-type1.asp,577,2285,0.252516,0.063765,0.016102,3.960139,15.682698,62.105659,0.332756,0.164645,0.0,0.336222,193,0.499133,0.168111,0.168111,CLINGO-AMO,224.077978,5.377465937326513,4108259.0,55487670.0,0.0740391333786407,264227.0,15.548218009514546,5020313.0
Knapsack,01706-knapsack-n95-w832021-v3868724-type3.asp,577,2285,0.252516,0.063765,0.016102,3.960139,15.682698,62.105659,0.332756,0.164645,0.0,0.336222,193,0.499133,0.168111,0.168111,CLINGO-AMO,55.305556,12.922038212580306,3868724.0,55487670.0,0.06972222837974634,264227.0,14.641667959746734,5020313.0
Knapsack,01726-knapsack-n100-w75212-v592291-type4.asp,607,2405,0.252391,0.063701,0.016078,3.962109,15.698306,62.198394,0.332784,0.164745,0.0,0.336079,203,0.499176,0.16804,0.16804,EOCLINGO-L,525.4774020000001,2.2931116017811166,592291.0,6232380.0,0.0950344812094256,29678.0,19.957241053979377,563882.0
Knapsack,01754-knapsack-n100-w211244-v2973970-type4.asp,607,2405,0.252391,0.063701,0.016078,3.962109,15.698306,62.198394,0.332784,0.164745,0.0,0.336079,203,0.499176,0.16804,0.16804,EOCLINGO-INF-MR,1.0905049999999998,1.2262841527549164,2973970.0,31263120.0,0.09512710183756452,148872.0,19.97669138588855,2828568.0
Knapsack,01755-knapsack-n100-w210828-v2972483-type4.asp,607,2405,0.252391,0.063701,0.016078,3.962109,15.698306,62.198394,0.332784,0.164745,0.0,0.336079,203,0.499176,0.16804,0.16804,EOCLINGO-L,17.941446,1.7265324656663683,2972483.0,31263120.0,0.09507953780684718,148872.0,19.966702939437905,2828568.0
Knapsack,01763-knapsack-n100-w213523-v2173048-type3.asp,607,2405,0.252391,0.063701,0.016078,3.962109,15.698306,62.198394,0.332784,0.164745,0.0,0.336079,203,0.499176,0.16804,0.16804,CLINGO-AMO,319.14732,3.7755296362820783,2173048.0,31263120.0,0.0695083536128192,148872.0,14.59675425869203,2828568.0
Knapsack,01770-knapsack-n100-w813442-v4118945-type3.asp,607,2405,0.252391,0.063701,0.016078,3.962109,15.698306,62.198394,0.332784,0.164745,0.0,0.336079,203,0.499176,0.16804,0.16804,EOCLINGO-L,0.570959,8.345925013880157,4118945.0,61290600.0,0.06720353528926132,291860.0,14.112742410744877,5545340.0
Knapsack,01773-knapsack-n100-w815109-v4081904-type3.asp,607,2405,0.252391,0.063701,0.016078,3.962109,15.698306,62.198394,0.332784,0.164745,0.0,0.336079,203,0.499176,0.16804,0.16804,EOCLINGO-INF-MR,1.161388,25.376482278101715,4081904.0,61290600.0,0.06659918486684745,291860.0,13.985828822037963,5545340.0
Knapsack,01785-knapsack-n100-w813788-v4468467-type3.asp,607,2405,0.252391,0.063701,0.016078,3.962109,15.698306,62.198394,0.332784,0.164745,0.0,0.336079,203,0.499176,0.16804,0.16804,CLINGO-AMO,120.935056,9.9640043247675,4468467.0,61290600.0,0.07290623684545428,291860.0,15.3103097375454,5545340.0
Knapsack,01797-knapsack-n100-w813312-v4610339-type3.asp,607,2405,0.252391,0.063701,0.016078,3.962109,15.698306,62.198394,0.332784,0.164745,0.0,0.336079,203,0.499176,0.16804,0.16804,CLINGO-AMO,144.29792899999998,8.350839927855098,4610339.0,61290600.0,0.07522098005240607,291860.0,15.796405811005277,5545340.0