domain,instance_name,r,a,r_a,r_a_2,r_a_3,a_r,a_r_2,a_r_3,f1,f2,f3,f_horn,n_facts,f_normal,f_constr,c_r,best_config,min_time,performance_ratio,bound,C2_sum,tightness,C1_mps,rho,mps_ratio
GraphColouring,0001-graph_colouring-125-0_4800.asp,10003,2677,3.736645,13.96252,52.172986,0.26762,0.07162,0.019167,0.025092,0.782265,0.0,0.949815,1801,0.192542,0.782365,0.782365,AMOCLINGO-L,52.03731,15.597319365662829,4800.0,1880.0,2.5531914893617023,1280.0,0.6808510638297872,3.75
GraphColouring,0001-graph_colouring-125-0_6000.asp,10003,2677,3.736645,13.96252,52.172986,0.26762,0.07162,0.019167,0.025092,0.782265,0.0,0.949815,1801,0.192542,0.782365,0.782365,AMOCLINGO-L,0.752167,2.527328372555562,6000.0,1880.0,3.1914893617021276,1280.0,0.6808510638297872,4.6875
GraphColouring,0002-graph_colouring-125-0_2400.asp,10279,2723,3.774881,14.249724,53.791007,0.264909,0.070177,0.01859,0.024419,0.783637,0.0,0.951163,1847,0.191847,0.783734,0.783734,AMOCLINGO-L,38.537859000000005,31.267643228441933,2400.0,1880.0,1.2765957446808511,1280.0,0.6808510638297872,1.875
GraphColouring,0002-graph_colouring-125-0_4800.asp,10279,2723,3.774881,14.249724,53.791007,0.264909,0.070177,0.01859,0.024419,0.783637,0.0,0.951163,1847,0.191847,0.783734,0.783734,AMOCLINGO-L,34.543738000000005,23.49116522942595,4800.0,1880.0,2.5531914893617023,1280.0,0.6808510638297872,3.75
GraphColouring,0002-graph_colouring-125-0_6000.asp,10279,2723,3.774881,14.249724,53.791007,0.264909,0.070177,0.01859,0.024419,0.783637,0.0,0.951163,1847,0.191847,0.783734,0.783734,AMOCLINGO-L,0.766986,2.496496676601659,6000.0,1880.0,3.1914893617021276,1280.0,0.6808510638297872,4.6875
GraphColouring,0003-graph_colouring-125-0_2400.asp,9571,2605,3.674088,13.498925,49.596241,0.272176,0.07408,0.020163,0.026225,0.77996,0.0,0.94755,1729,0.19371,0.780065,0.780065,AMOCLINGO-L,107.229864,11.235277123917642,2400.0,1880.0,1.2765957446808511,1280.0,0.6808510638297872,1.875
GraphColouring,0003-graph_colouring-125-0_4800.asp,9571,2605,3.674088,13.498925,49.596241,0.272176,0.07408,0.020163,0.026225,0.77996,0.0,0.94755,1729,0.19371,0.780065,0.780065,AMOCLINGO-L,70.845067,17.0085356542891,4800.0,1880.0,2.5531914893617023,1280.0,0.6808510638297872,3.75
GraphColouring,0003-graph_colouring-125-0_6000.asp,9571,2605,3.674088,13.498925,49.596241,0.272176,0.07408,0.020163,0.026225,0.77996,0.0,0.94755,1729,0.19371,0.780065,0.780065,AMOCLINGO-L,0.758463,2.675462085823567,6000.0,1880.0,3.1914893617021276,1280.0,0.6808510638297872,4.6875
GraphColouring,0004-graph_colouring-125-0_2400.asp,10123,2697,3.75343,14.088235,52.879199,0.266423,0.070981,0.018911,0.024795,0.782871,0.0,0.95041,1821,0.192236,0.782969,0.782969,AMOCLINGO-L,52.182255,23.091084622540745,2400.0,1880.0,1.2765957446808511,1280.0,0.6808510638297872,1.875
GraphColouring,0004-graph_colouring-125-0_4800.asp,10123,2697,3.75343,14.088235,52.879199,0.266423,0.070981,0.018911,0.024795,0.782871,0.0,0.95041,1821,0.192236,0.782969,0.782969,AMOCLINGO-L,34.040725,35.39771879124196,4800.0,1880.0,2.5531914893617023,1280.0,0.6808510638297872,3.75
GraphColouring,0004-graph_colouring-125-0_6000.asp,10123,2697,3.75343,14.088235,52.879199,0.266423,0.070981,0.018911,0.024795,0.782871,0.0,0.95041,1821,0.192236,0.782969,0.782969,AMOCLINGO-L,0.744334,2.4502253020821296,6000.0,1880.0,3.1914893617021276,1280.0,0.6808510638297872,4.6875
GraphColouring,0005-graph_colouring-125-0_4800.asp,9895,2659,3.721324,13.848251,51.533826,0.268722,0.072211,0.019405,0.025366,0.781708,0.0,0.949267,1783,0.192825,0.781809,0.781809,AMOCLINGO-L,71.30514099999999,16.89847818967219,4800.0,1880.0,2.5531914893617023,1280.0,0.6808510638297872,3.75
GraphColouring,0005-graph_colouring-125-0_6000.asp,9895,2659,3.721324,13.848251,51.533826,0.268722,0.072211,0.019405,0.025366,0.781708,0.0,0.949267,1783,0.192825,0.781809,0.781809,AMOCLINGO-L,0.7556689999999999,3.169678787934929,6000.0,1880.0,3.1914893617021276,1280.0,0.6808510638297872,4.6875
GraphColouring,0006-graph_colouring-125-0_2400.asp,10027,2681,3.740022,13.987767,52.314563,0.267378,0.071491,0.019115,0.025032,0.782388,0.0,0.949935,1805,0.19248,0.782487,0.782487,AMOCLINGO-L,524.749799,2.296254232581421,2400.0,1880.0,1.2765957446808511,1280.0,0.6808510638297872,1.875
GraphColouring,0006-graph_colouring-125-0_4800.asp,10027,2681,3.740022,13.987767,52.314563,0.267378,0.071491,0.019115,0.025032,0.782388,0.0,0.949935,1805,0.19248,0.782487,0.782487,AMOCLINGO-L,73.354389,16.42593523613154,4800.0,1880.0,2.5531914893617023,1280.0,0.6808510638297872,3.75
GraphColouring,0006-graph_colouring-125-0_6000.asp,10027,2681,3.740022,13.987767,52.314563,0.267378,0.071491,0.019115,0.025032,0.782388,0.0,0.949935,1805,0.19248,0.782487,0.782487,AMOCLINGO-L,0.738538,3.2486534206770674,6000.0,1880.0,3.1914893617021276,1280.0,0.6808510638297872,4.6875
GraphColouring,0007-graph_colouring-125-0_2400.asp,9655,2619,3.686522,13.590441,50.101455,0.271258,0.073581,0.01996,0.025997,0.780425,0.0,0.948006,1743,0.193475,0.780528,0.780528,AMOCLINGO-L,10.47786,27.422963085973667,2400.0,1880.0,1.2765957446808511,1280.0,0.6808510638297872,1.875
GraphColouring,0007-graph_colouring-125-0_4800.asp,9655,2619,3.686522,13.590441,50.101455,0.271258,0.073581,0.01996,0.025997,0.780425,0.0,0.948006,1743,0.193475,0.780528,0.780528,AMOCLINGO-L,71.552649,16.839383207182166,4800.0,1880.0,2.5531914893617023,1280.0,0.6808510638297872,3.75
GraphColouring,0007-graph_colouring-125-0_6000.asp,9655,2619,3.686522,13.590441,50.101455,0.271258,0.073581,0.01996,0.025997,0.780425,0.0,0.948006,1743,0.193475,0.780528,0.780528,AMOCLINGO-L,0.7681009999999999,2.497038800886863,6000.0,1880.0,3.1914893617021276,1280.0,0.6808510638297872,4.6875
GraphColouring,0008-graph_colouring-125-0_4800.asp,10063,2687,3.745069,14.025541,52.526616,0.267018,0.071298,0.019038,0.024943,0.78257,0.0,0.950114,1811,0.192388,0.782669,0.782669,AMOCLINGO-L,32.938768,36.58311819677044,4800.0,1880.0,2.5531914893617023,1280.0,0.6808510638297872,3.75
GraphColouring,0008-graph_colouring-125-0_6000.asp,10063,2687,3.745069,14.025541,52.526616,0.267018,0.071298,0.019038,0.024943,0.78257,0.0,0.950114,1811,0.192388,0.782669,0.782669,AMOCLINGO-L,0.766478,3.110213208989691,6000.0,1880.0,3.1914893617021276,1280.0,0.6808510638297872,4.6875
GraphColouring,0009-graph_colouring-125-0_2400.asp,10015,2679,3.738335,13.97515,52.243795,0.267499,0.071556,0.019141,0.025062,0.782327,0.0,0.949875,1803,0.192511,0.782426,0.782426,AMOCLINGO-L,417.14017,2.888626755845643,2400.0,1880.0,1.2765957446808511,1280.0,0.6808510638297872,1.875
GraphColouring,0009-graph_colouring-125-0_4800.asp,10015,2679,3.738335,13.97515,52.243795,0.267499,0.071556,0.019141,0.025062,0.782327,0.0,0.949875,1803,0.192511,0.782426,0.782426,AMOCLINGO-L,38.890302,19.598985526005944,4800.0,1880.0,2.5531914893617023,1280.0,0.6808510638297872,3.75
GraphColouring,0009-graph_colouring-125-0_6000.asp,10015,2679,3.738335,13.97515,52.243795,0.267499,0.071556,0.019141,0.025062,0.782327,0.0,0.949875,1803,0.192511,0.782426,0.782426,AMOCLINGO-L,0.746687,2.188560936510211,6000.0,1880.0,3.1914893617021276,1280.0,0.6808510638297872,4.6875
GraphColouring,0010-graph_colouring-125-0_2400.asp,9475,2589,3.659714,13.393508,49.016411,0.273245,0.074663,0.020401,0.026491,0.77942,0.0,0.947018,1713,0.193984,0.779525,0.779525,AMOCLINGO-L,37.935957,8.208155550155226,2400.0,1880.0,1.2765957446808511,1280.0,0.6808510638297872,1.875
GraphColouring,0010-graph_colouring-125-0_4800.asp,9475,2589,3.659714,13.393508,49.016411,0.273245,0.074663,0.020401,0.026491,0.77942,0.0,0.947018,1713,0.193984,0.779525,0.779525,AMOCLINGO-L,73.711745,16.34691791654098,4800.0,1880.0,2.5531914893617023,1280.0,0.6808510638297872,3.75
GraphColouring,0010-graph_colouring-125-0_6000.asp,9475,2589,3.659714,13.393508,49.016411,0.273245,0.074663,0.020401,0.026491,0.77942,0.0,0.947018,1713,0.193984,0.779525,0.779525,AMOCLINGO-L,0.759446,3.8136852389768334,6000.0,1880.0,3.1914893617021276,1280.0,0.6808510638297872,4.6875
GraphColouring,0011-graph_colouring-130-0_4992.asp,10513,2802,3.751963,14.077225,52.817228,0.266527,0.071037,0.018933,0.024826,0.78284,0.0,0.950347,1891,0.192238,0.782935,0.782935,AMOCLINGO-L,79.46428300000001,15.164068881109769,4992.0,1880.0,2.65531914893617,1280.0,0.6808510638297872,3.9
GraphColouring,0011-graph_colouring-130-0_6240.asp,10513,2802,3.751963,14.077225,52.817228,0.266527,0.071037,0.018933,0.024826,0.78284,0.0,0.950347,1891,0.192238,0.782935,0.782935,AMOCLINGO-L,0.7671929999999999,3.657738013772285,6240.0,1880.0,3.3191489361702127,1280.0,0.6808510638297872,4.875
GraphColouring,0012-graph_colouring-130-0_2496.asp,10561,2810,3.758363,14.125292,53.087976,0.266073,0.070795,0.018837,0.024714,0.78307,0.0,0.950573,1899,0.192122,0.783164,0.783164,AMOCLINGO-L,89.463716,13.469164236370416,2496.0,1880.0,1.327659574468085,1280.0,0.6808510638297872,1.95
GraphColouring,0012-graph_colouring-130-0_4992.asp,10561,2810,3.758363,14.125292,53.087976,0.266073,0.070795,0.018837,0.024714,0.78307,0.0,0.950573,1899,0.192122,0.783164,0.783164,AMOCLINGO-L,74.099855,16.261522670995777,4992.0,1880.0,2.65531914893617,1280.0,0.6808510638297872,3.9
GraphColouring,0012-graph_colouring-130-0_6240.asp,10561,2810,3.758363,14.125292,53.087976,0.266073,0.070795,0.018837,0.024714,0.78307,0.0,0.950573,1899,0.192122,0.783164,0.783164,AMOCLINGO-L,0.772176,4.4961757423178135,6240.0,1880.0,3.3191489361702127,1280.0,0.6808510638297872,4.875
GraphColouring,0013-graph_colouring-130-0_2496.asp,10285,2764,3.721056,13.846261,51.522719,0.268741,0.072222,0.019409,0.025377,0.781721,0.0,0.949246,1853,0.192805,0.781818,0.781818,AMOCLINGO-L,73.89523100000001,16.306684310926638,2496.0,1880.0,1.327659574468085,1280.0,0.6808510638297872,1.95
GraphColouring,0013-graph_colouring-130-0_4992.asp,10285,2764,3.721056,13.846261,51.522719,0.268741,0.072222,0.019409,0.025377,0.781721,0.0,0.949246,1853,0.192805,0.781818,0.781818,AMOCLINGO-L,95.709141,12.589555317396488,4992.0,1880.0,2.65531914893617,1280.0,0.6808510638297872,3.9
GraphColouring,0013-graph_colouring-130-0_6240.asp,10285,2764,3.721056,13.846261,51.522719,0.268741,0.072222,0.019409,0.025377,0.781721,0.0,0.949246,1853,0.192805,0.781818,0.781818,AMOCLINGO-L,0.801933,3.445261636570636,6240.0,1880.0,3.3191489361702127,1280.0,0.6808510638297872,4.875
GraphColouring,0014-graph_colouring-130-0_4992.asp,11161,2910,3.835395,14.710256,56.419646,0.260729,0.06798,0.017724,0.023385,0.785772,0.0,0.95323,1999,0.190754,0.785861,0.785861,AMOCLINGO-L,34.550808,20.971822424529112,4992.0,1880.0,2.65531914893617,1280.0,0.6808510638297872,3.9
GraphColouring,0014-graph_colouring-130-0_6240.asp,11161,2910,3.835395,14.710256,56.419646,0.260729,0.06798,0.017724,0.023385,0.785772,0.0,0.95323,1999,0.190754,0.785861,0.785861,AMOCLINGO-L,0.754886,3.109914609623175,6240.0,1880.0,3.3191489361702127,1280.0,0.6808510638297872,4.875
GraphColouring,0015-graph_colouring-130-0_2496.asp,11173,2912,3.836882,14.721662,56.48528,0.260628,0.067927,0.017704,0.02336,0.785823,0.0,0.95328,2001,0.190728,0.785912,0.785912,AMOCLINGO-L,120.737061,9.980327192161816,2496.0,1880.0,1.327659574468085,1280.0,0.6808510638297872,1.95
GraphColouring,0015-graph_colouring-130-0_4992.asp,11173,2912,3.836882,14.721662,56.48528,0.260628,0.067927,0.017704,0.02336,0.785823,0.0,0.95328,2001,0.190728,0.785912,0.785912,AMOCLINGO-L,68.258462,16.550651932356757,4992.0,1880.0,2.65531914893617,1280.0,0.6808510638297872,3.9
GraphColouring,0015-graph_colouring-130-0_6240.asp,11173,2912,3.836882,14.721662,56.48528,0.260628,0.067927,0.017704,0.02336,0.785823,0.0,0.95328,2001,0.190728,0.785912,0.785912,AMOCLINGO-L,0.760609,2.694852414315372,6240.0,1880.0,3.3191489361702127,1280.0,0.6808510638297872,4.875
GraphColouring,0016-graph_colouring-130-0_4992.asp,11365,2944,3.860394,14.902642,57.53007,0.259041,0.067102,0.017382,0.022965,0.786626,0.0,0.95407,2033,0.190321,0.786714,0.786714,AMOCLINGO-L,33.49203,35.975265369104235,4992.0,1880.0,2.65531914893617,1280.0,0.6808510638297872,3.9
GraphColouring,0016-graph_colouring-130-0_6240.asp,11365,2944,3.860394,14.902642,57.53007,0.259041,0.067102,0.017382,0.022965,0.786626,0.0,0.95407,2033,0.190321,0.786714,0.786714,AMOCLINGO-L,0.768993,2.8596021030100403,6240.0,1880.0,3.3191489361702127,1280.0,0.6808510638297872,4.875
GraphColouring,0017-graph_colouring-130-0_1248.asp,11125,2904,3.830923,14.67597,56.222509,0.261034,0.068139,0.017786,0.023461,0.785618,0.0,0.953079,1993,0.190831,0.785708,0.785708,CLINGO-AMO,0.544227,1.3174631174124032,1248.0,1880.0,0.6638297872340425,1280.0,0.6808510638297872,0.975
GraphColouring,0017-graph_colouring-130-0_2496.asp,11125,2904,3.830923,14.67597,56.222509,0.261034,0.068139,0.017786,0.023461,0.785618,0.0,0.953079,1993,0.190831,0.785708,0.785708,AMOCLINGO-L,804.081965,1.4985268124997682,2496.0,1880.0,1.327659574468085,1280.0,0.6808510638297872,1.95
GraphColouring,0017-graph_colouring-130-0_4992.asp,11125,2904,3.830923,14.67597,56.222509,0.261034,0.068139,0.017786,0.023461,0.785618,0.0,0.953079,1993,0.190831,0.785708,0.785708,AMOCLINGO-L,35.590610000000005,26.430704250362663,4992.0,1880.0,2.65531914893617,1280.0,0.6808510638297872,3.9
GraphColouring,0017-graph_colouring-130-0_6240.asp,11125,2904,3.830923,14.67597,56.222509,0.261034,0.068139,0.017786,0.023461,0.785618,0.0,0.953079,1993,0.190831,0.785708,0.785708,AMOCLINGO-L,0.780242,2.92230871960238,6240.0,1880.0,3.3191489361702127,1280.0,0.6808510638297872,4.875
GraphColouring,0018-graph_colouring-130-0_4992.asp,10993,2882,3.814365,14.549381,55.496648,0.262167,0.068731,0.018019,0.023742,0.785045,0.0,0.952515,1971,0.191122,0.785136,0.785136,AMOCLINGO-L,72.564436,16.604867224489972,4992.0,1880.0,2.65531914893617,1280.0,0.6808510638297872,3.9
GraphColouring,0018-graph_colouring-130-0_6240.asp,10993,2882,3.814365,14.549381,55.496648,0.262167,0.068731,0.018019,0.023742,0.785045,0.0,0.952515,1971,0.191122,0.785136,0.785136,AMOCLINGO-L,0.767126,2.8340898366109357,6240.0,1880.0,3.3191489361702127,1280.0,0.6808510638297872,4.875
GraphColouring,0019-graph_colouring-130-0_2496.asp,10549,2808,3.756766,14.113294,53.020347,0.266186,0.070855,0.018861,0.024742,0.783013,0.0,0.950517,1897,0.192151,0.783107,0.783107,AMOCLINGO-L,30.895385,38.99998080619484,2496.0,1880.0,1.327659574468085,1280.0,0.6808510638297872,1.95
GraphColouring,0019-graph_colouring-130-0_4992.asp,10549,2808,3.756766,14.113294,53.020347,0.266186,0.070855,0.018861,0.024742,0.783013,0.0,0.950517,1897,0.192151,0.783107,0.783107,AMOCLINGO-L,71.281027,16.90371328404121,4992.0,1880.0,2.65531914893617,1280.0,0.6808510638297872,3.9
GraphColouring,0019-graph_colouring-130-0_6240.asp,10549,2808,3.756766,14.113294,53.020347,0.266186,0.070855,0.018861,0.024742,0.783013,0.0,0.950517,1897,0.192151,0.783107,0.783107,AMOCLINGO-L,0.8149310000000001,2.607564321396535,6240.0,1880.0,3.3191489361702127,1280.0,0.6808510638297872,4.875
GraphColouring,0020-graph_colouring-130-0_2496.asp,10669,2828,3.772631,14.232743,53.694887,0.265067,0.070261,0.018624,0.024463,0.783579,0.0,0.951073,1917,0.191864,0.783672,0.783672,AMOCLINGO-L,107.718986,11.185912221639368,2496.0,1880.0,1.327659574468085,1280.0,0.6808510638297872,1.95
GraphColouring,0020-graph_colouring-130-0_4992.asp,10669,2828,3.772631,14.232743,53.694887,0.265067,0.070261,0.018624,0.024463,0.783579,0.0,0.951073,1917,0.191864,0.783672,0.783672,AMOCLINGO-L,73.32017,16.434512344965924,4992.0,1880.0,2.65531914893617,1280.0,0.6808510638297872,3.9
GraphColouring,0020-graph_colouring-130-0_6240.asp,10669,2828,3.772631,14.232743,53.694887,0.265067,0.070261,0.018624,0.024463,0.783579,0.0,0.951073,1917,0.191864,0.783672,0.783672,AMOCLINGO-L,0.82255,3.4494231353717097,6240.0,1880.0,3.3191489361702127,1280.0,0.6808510638297872,4.875
GraphColouring,0021-graph_colouring-135-0_2592.asp,11887,3071,3.870726,14.982521,57.993235,0.258349,0.066744,0.017243,0.022798,0.786994,0.0,0.954404,2125,0.190124,0.787078,0.787078,AMOCLINGO-L,349.82556,3.4445257830788583,2592.0,1880.0,1.3787234042553191,1280.0,0.6808510638297872,2.025
GraphColouring,0021-graph_colouring-135-0_6480.asp,11887,3071,3.870726,14.982521,57.993235,0.258349,0.066744,0.017243,0.022798,0.786994,0.0,0.954404,2125,0.190124,0.787078,0.787078,AMOCLINGO-L,2.572449,5.068719340985963,6480.0,1880.0,3.4468085106382977,1280.0,0.6808510638297872,5.0625
GraphColouring,0022-graph_colouring-135-0_1296.asp,12259,3133,3.912863,15.310497,59.90788,0.255567,0.065315,0.016692,0.022106,0.7884,0.0,0.955788,2187,0.189412,0.788482,0.788482,CLINGO-AMO,0.613408,1.244943006938286,1296.0,1880.0,0.6893617021276596,1280.0,0.6808510638297872,1.0125
GraphColouring,0022-graph_colouring-135-0_6480.asp,12259,3133,3.912863,15.310497,59.90788,0.255567,0.065315,0.016692,0.022106,0.7884,0.0,0.955788,2187,0.189412,0.788482,0.788482,AMOCLINGO-L,2.488289,5.418955354462444,6480.0,1880.0,3.4468085106382977,1280.0,0.6808510638297872,5.0625
GraphColouring,0023-graph_colouring-135-0_6480.asp,11215,2959,3.790132,14.365099,54.445619,0.263843,0.069613,0.018367,0.024164,0.784218,0.0,0.951672,2013,0.191529,0.784307,0.784307,AMOCLINGO-L,4.414336,5.512250993127846,6480.0,1880.0,3.4468085106382977,1280.0,0.6808510638297872,5.0625
GraphColouring,0024-graph_colouring-135-0_1296.asp,11959,3083,3.879014,15.046749,58.36655,0.257797,0.06646,0.017133,0.022661,0.787273,0.0,0.954678,2137,0.189982,0.787357,0.787357,AMOCLINGO-L,0.80862,1.3129727189532785,1296.0,1880.0,0.6893617021276596,1280.0,0.6808510638297872,1.0125
GraphColouring,0024-graph_colouring-135-0_6480.asp,11959,3083,3.879014,15.046749,58.36655,0.257797,0.06646,0.017133,0.022661,0.787273,0.0,0.954678,2137,0.189982,0.787357,0.787357,AMOCLINGO-L,3.414693,7.010296093968037,6480.0,1880.0,3.4468085106382977,1280.0,0.6808510638297872,5.0625
GraphColouring,0025-graph_colouring-135-0_1296.asp,11971,3085,3.880389,15.057419,58.428641,0.257706,0.066412,0.017115,0.022638,0.787319,0.0,0.954724,2139,0.189959,0.787403,0.787403,AMOCLINGO-L,0.838219,1.3721032331646026,1296.0,1880.0,0.6893617021276596,1280.0,0.6808510638297872,1.0125
GraphColouring,0025-graph_colouring-135-0_6480.asp,11971,3085,3.880389,15.057419,58.428641,0.257706,0.066412,0.017115,0.022638,0.787319,0.0,0.954724,2139,0.189959,0.787403,0.787403,AMOCLINGO-L,2.617094,4.856884391619102,6480.0,1880.0,3.4468085106382977,1280.0,0.6808510638297872,5.0625
GraphColouring,0026-graph_colouring-135-0_6480.asp,12031,3095,3.887237,15.110615,58.73855,0.257252,0.066179,0.017025,0.022525,0.787549,0.0,0.95495,2149,0.189843,0.787632,0.787632,AMOCLINGO-L,2.578749,4.09698035752995,6480.0,1880.0,3.4468085106382977,1280.0,0.6808510638297872,5.0625
GraphColouring,0027-graph_colouring-135-0_1296.asp,12115,3109,3.896751,15.184671,59.170888,0.256624,0.065856,0.0169,0.022369,0.787866,0.0,0.955262,2163,0.189682,0.787949,0.787949,AMOCLINGO-L,0.825273,1.5228257800751994,1296.0,1880.0,0.6893617021276596,1280.0,0.6808510638297872,1.0125
GraphColouring,0027-graph_colouring-135-0_6480.asp,12115,3109,3.896751,15.184671,59.170888,0.256624,0.065856,0.0169,0.022369,0.787866,0.0,0.955262,2163,0.189682,0.787949,0.787949,AMOCLINGO-L,2.546558,5.643291847269922,6480.0,1880.0,3.4468085106382977,1280.0,0.6808510638297872,5.0625
GraphColouring,0028-graph_colouring-135-0_2592.asp,11515,3009,3.826853,14.644802,56.043502,0.261311,0.068284,0.017843,0.023535,0.785497,0.0,0.952931,2063,0.190881,0.785584,0.785584,AMOCLINGO-L,185.916825,6.4813759002177465,2592.0,1880.0,1.3787234042553191,1280.0,0.6808510638297872,2.025
GraphColouring,0028-graph_colouring-135-0_6480.asp,11515,3009,3.826853,14.644802,56.043502,0.261311,0.068284,0.017843,0.023535,0.785497,0.0,0.952931,2063,0.190881,0.785584,0.785584,AMOCLINGO-L,3.042469,5.683434079361202,6480.0,1880.0,3.4468085106382977,1280.0,0.6808510638297872,5.0625
GraphColouring,0029-graph_colouring-135-0_1296.asp,11695,3039,3.848305,14.809454,56.991302,0.259855,0.067524,0.017547,0.023172,0.786233,0.0,0.953655,2093,0.190509,0.786319,0.786319,CLINGO-AMO,0.635877,1.2059218999900925,1296.0,1880.0,0.6893617021276596,1280.0,0.6808510638297872,1.0125
GraphColouring,0029-graph_colouring-135-0_2592.asp,11695,3039,3.848305,14.809454,56.991302,0.259855,0.067524,0.017547,0.023172,0.786233,0.0,0.953655,2093,0.190509,0.786319,0.786319,AMOCLINGO-L,688.861074,1.7492190972602408,2592.0,1880.0,1.3787234042553191,1280.0,0.6808510638297872,2.025
GraphColouring,0029-graph_colouring-135-0_6480.asp,11695,3039,3.848305,14.809454,56.991302,0.259855,0.067524,0.017547,0.023172,0.786233,0.0,0.953655,2093,0.190509,0.786319,0.786319,AMOCLINGO-L,3.119426,5.615944087149368,6480.0,1880.0,3.4468085106382977,1280.0,0.6808510638297872,5.0625
GraphColouring,0030-graph_colouring-135-0_2592.asp,10735,2879,3.728725,13.903392,51.841929,0.268188,0.071925,0.019289,0.025245,0.782021,0.0,0.949511,1933,0.192641,0.782115,0.782115,AMOCLINGO-L,215.450354,5.5926302632113565,2592.0,1880.0,1.3787234042553191,1280.0,0.6808510638297872,2.025
GraphColouring,0030-graph_colouring-135-0_6480.asp,10735,2879,3.728725,13.903392,51.841929,0.268188,0.071925,0.019289,0.025245,0.782021,0.0,0.949511,1933,0.192641,0.782115,0.782115,AMOCLINGO-L,4.658164,7.889295009793559,6480.0,1880.0,3.4468085106382977,1280.0,0.6808510638297872,5.0625
GraphColouring,0031-graph_colouring-140-0_2688.asp,12205,3164,3.857459,14.879989,57.398947,0.259238,0.067204,0.017422,0.023023,0.786563,0.0,0.953953,2183,0.190332,0.786645,0.786645,AMOCLINGO-L,170.688211,7.059469549423071,2688.0,1880.0,1.4297872340425533,1280.0,0.6808510638297872,2.1
GraphColouring,0031-graph_colouring-140-0_5376.asp,12205,3164,3.857459,14.879989,57.398947,0.259238,0.067204,0.017422,0.023023,0.786563,0.0,0.953953,2183,0.190332,0.786645,0.786645,AMOCLINGO-L,105.539781,11.416942347075745,5376.0,1880.0,2.8595744680851065,1280.0,0.6808510638297872,4.2
GraphColouring,0031-graph_colouring-140-0_6720.asp,12205,3164,3.857459,14.879989,57.398947,0.259238,0.067204,0.017422,0.023023,0.786563,0.0,0.953953,2183,0.190332,0.786645,0.786645,AMOCLINGO-L,0.8003119999999999,3.93833779825868,6720.0,1880.0,3.574468085106383,1280.0,0.6808510638297872,5.25
GraphColouring,0032-graph_colouring-140-0_1344.asp,13357,3356,3.980036,15.840685,63.046491,0.251254,0.063129,0.015861,0.021038,0.790597,0.0,0.957925,2375,0.188291,0.790672,0.790672,WASP-AMO,0.6115120000000001,1.2581682779732857,1344.0,1880.0,0.7148936170212766,1280.0,0.6808510638297872,1.05
GraphColouring,0032-graph_colouring-140-0_5376.asp,13357,3356,3.980036,15.840685,63.046491,0.251254,0.063129,0.015861,0.021038,0.790597,0.0,0.957925,2375,0.188291,0.790672,0.790672,AMOCLINGO-L,68.400198,17.61641880042511,5376.0,1880.0,2.8595744680851065,1280.0,0.6808510638297872,4.2
GraphColouring,0032-graph_colouring-140-0_6720.asp,13357,3356,3.980036,15.840685,63.046491,0.251254,0.063129,0.015861,0.021038,0.790597,0.0,0.957925,2375,0.188291,0.790672,0.790672,AMOCLINGO-L,0.781592,5.414094565962805,6720.0,1880.0,3.574468085106383,1280.0,0.6808510638297872,5.25
GraphColouring,0033-graph_colouring-140-0_5376.asp,12973,3292,3.940765,15.529633,61.198641,0.253758,0.064393,0.01634,0.02166,0.789332,0.0,0.956679,2311,0.188931,0.789409,0.789409,AMOCLINGO-L,75.153942,16.03346326131502,5376.0,1880.0,2.8595744680851065,1280.0,0.6808510638297872,4.2
GraphColouring,0033-graph_colouring-140-0_6720.asp,12973,3292,3.940765,15.529633,61.198641,0.253758,0.064393,0.01634,0.02166,0.789332,0.0,0.956679,2311,0.188931,0.789409,0.789409,AMOCLINGO-L,0.805702,2.6444119537992954,6720.0,1880.0,3.574468085106383,1280.0,0.6808510638297872,5.25
GraphColouring,0034-graph_colouring-140-0_2688.asp,12661,3240,3.907716,15.270245,59.67178,0.255904,0.065487,0.016758,0.022194,0.788247,0.0,0.955612,2259,0.18948,0.788326,0.788326,AMOCLINGO-L,7.257024,166.0436778216525,2688.0,1880.0,1.4297872340425533,1280.0,0.6808510638297872,2.1
GraphColouring,0034-graph_colouring-140-0_5376.asp,12661,3240,3.907716,15.270245,59.67178,0.255904,0.065487,0.016758,0.022194,0.788247,0.0,0.955612,2259,0.18948,0.788326,0.788326,AMOCLINGO-L,71.11156299999999,16.945066064712993,5376.0,1880.0,2.8595744680851065,1280.0,0.6808510638297872,4.2
GraphColouring,0034-graph_colouring-140-0_6720.asp,12661,3240,3.907716,15.270245,59.67178,0.255904,0.065487,0.016758,0.022194,0.788247,0.0,0.955612,2259,0.18948,0.788326,0.788326,AMOCLINGO-L,0.81381,3.3210417665056955,6720.0,1880.0,3.574468085106383,1280.0,0.6808510638297872,5.25
GraphColouring,0035-graph_colouring-140-0_2688.asp,12109,3148,3.846569,14.796095,56.914204,0.259972,0.067585,0.01757,0.023206,0.786192,0.0,0.953588,2167,0.190519,0.786275,0.786275,AMOCLINGO-L,87.080173,13.837404962436167,2688.0,1880.0,1.4297872340425533,1280.0,0.6808510638297872,2.1
GraphColouring,0035-graph_colouring-140-0_5376.asp,12109,3148,3.846569,14.796095,56.914204,0.259972,0.067585,0.01757,0.023206,0.786192,0.0,0.953588,2167,0.190519,0.786275,0.786275,AMOCLINGO-L,176.155002,6.84026324725085,5376.0,1880.0,2.8595744680851065,1280.0,0.6808510638297872,4.2
GraphColouring,0035-graph_colouring-140-0_6720.asp,12109,3148,3.846569,14.796095,56.914204,0.259972,0.067585,0.01757,0.023206,0.786192,0.0,0.953588,2167,0.190519,0.786275,0.786275,AMOCLINGO-L,0.850085,4.362815483157567,6720.0,1880.0,3.574468085106383,1280.0,0.6808510638297872,5.25
GraphColouring,0036-graph_colouring-140-0_1344.asp,12757,3256,3.917998,15.350705,60.144023,0.255232,0.065144,0.016627,0.022027,0.788587,0.0,0.955946,2275,0.189308,0.788665,0.788665,CLINGO-AMO,0.668299,1.209546924355715,1344.0,1880.0,0.7148936170212766,1280.0,0.6808510638297872,1.05
GraphColouring,0036-graph_colouring-140-0_5376.asp,12757,3256,3.917998,15.350705,60.144023,0.255232,0.065144,0.016627,0.022027,0.788587,0.0,0.955946,2275,0.189308,0.788665,0.788665,AMOCLINGO-L,75.381945,15.982579130851557,5376.0,1880.0,2.8595744680851065,1280.0,0.6808510638297872,4.2
GraphColouring,0036-graph_colouring-140-0_6720.asp,12757,3256,3.917998,15.350705,60.144023,0.255232,0.065144,0.016627,0.022027,0.788587,0.0,0.955946,2275,0.189308,0.788665,0.788665,AMOCLINGO-L,0.8054720000000001,3.752326586150728,6720.0,1880.0,3.574468085106383,1280.0,0.6808510638297872,5.25
GraphColouring,0037-graph_colouring-140-0_2688.asp,12589,3228,3.899938,15.209517,59.316173,0.256414,0.065748,0.016859,0.022321,0.78799,0.0,0.955358,2247,0.18961,0.788069,0.788069,AMOCLINGO-L,323.00769,3.7303589614228687,2688.0,1880.0,1.4297872340425533,1280.0,0.6808510638297872,2.1
GraphColouring,0037-graph_colouring-140-0_5376.asp,12589,3228,3.899938,15.209517,59.316173,0.256414,0.065748,0.016859,0.022321,0.78799,0.0,0.955358,2247,0.18961,0.788069,0.788069,AMOCLINGO-L,85.69041299999999,14.061977038201462,5376.0,1880.0,2.8595744680851065,1280.0,0.6808510638297872,4.2
GraphColouring,0037-graph_colouring-140-0_6720.asp,12589,3228,3.899938,15.209517,59.316173,0.256414,0.065748,0.016859,0.022321,0.78799,0.0,0.955358,2247,0.18961,0.788069,0.788069,AMOCLINGO-L,0.7837489999999999,6.239136509265085,6720.0,1880.0,3.574468085106383,1280.0,0.6808510638297872,5.25
GraphColouring,0038-graph_colouring-140-0_2688.asp,12349,3188,3.873588,15.004688,58.121984,0.258159,0.066646,0.017205,0.022755,0.787108,0.0,0.95449,2207,0.190056,0.787189,0.787189,AMOCLINGO-L,181.189954,6.650391665754272,2688.0,1880.0,1.4297872340425533,1280.0,0.6808510638297872,2.1
GraphColouring,0038-graph_colouring-140-0_5376.asp,12349,3188,3.873588,15.004688,58.121984,0.258159,0.066646,0.017205,0.022755,0.787108,0.0,0.95449,2207,0.190056,0.787189,0.787189,AMOCLINGO-L,165.885389,7.263276610817122,5376.0,1880.0,2.8595744680851065,1280.0,0.6808510638297872,4.2
GraphColouring,0038-graph_colouring-140-0_6720.asp,12349,3188,3.873588,15.004688,58.121984,0.258159,0.066646,0.017205,0.022755,0.787108,0.0,0.95449,2207,0.190056,0.787189,0.787189,AMOCLINGO-L,0.855293,4.722529004680268,6720.0,1880.0,3.574468085106383,1280.0,0.6808510638297872,5.25
GraphColouring,0039-graph_colouring-140-0_5376.asp,13045,3304,3.948245,15.588635,61.547743,0.253277,0.064149,0.016248,0.021541,0.789575,0.0,0.956918,2323,0.188808,0.789651,0.789651,AMOCLINGO-L,74.150132,16.25038230545564,5376.0,1880.0,2.8595744680851065,1280.0,0.6808510638297872,4.2
GraphColouring,0039-graph_colouring-140-0_6720.asp,13045,3304,3.948245,15.588635,61.547743,0.253277,0.064149,0.016248,0.021541,0.789575,0.0,0.956918,2323,0.188808,0.789651,0.789651,AMOCLINGO-L,0.878874,2.8162523865764606,6720.0,1880.0,3.574468085106383,1280.0,0.6808510638297872,5.25
GraphColouring,0040-graph_colouring-140-0_5376.asp,13285,3344,3.972787,15.783037,62.702646,0.251712,0.063359,0.015948,0.021152,0.790365,0.0,0.957697,2363,0.188408,0.79044,0.79044,AMOCLINGO-L,69.970254,17.22135462020761,5376.0,1880.0,2.8595744680851065,1280.0,0.6808510638297872,4.2
GraphColouring,0040-graph_colouring-140-0_6720.asp,13285,3344,3.972787,15.783037,62.702646,0.251712,0.063359,0.015948,0.021152,0.790365,0.0,0.957697,2363,0.188408,0.79044,0.79044,AMOCLINGO-L,1.124641,6.313973081187686,6720.0,1880.0,3.574468085106383,1280.0,0.6808510638297872,5.25
GraphColouring,0041-graph_colouring-145-0_1392.asp,13543,3427,3.951853,15.617142,61.716647,0.253046,0.064032,0.016203,0.021487,0.789707,0.0,0.957026,2411,0.188732,0.789781,0.789781,AMOCLINGO-INF-MR,0.886204,1.2014333042956251,1392.0,1880.0,0.7404255319148936,1280.0,0.6808510638297872,1.0875
GraphColouring,0041-graph_colouring-145-0_5568.asp,13543,3427,3.951853,15.617142,61.716647,0.253046,0.064032,0.016203,0.021487,0.789707,0.0,0.957026,2411,0.188732,0.789781,0.789781,AMOCLINGO-L,175.281922,6.874488128901279,5568.0,1880.0,2.9617021276595743,1280.0,0.6808510638297872,4.35
GraphColouring,0041-graph_colouring-145-0_6960.asp,13543,3427,3.951853,15.617142,61.716647,0.253046,0.064032,0.016203,0.021487,0.789707,0.0,0.957026,2411,0.188732,0.789781,0.789781,AMOCLINGO-L,0.865525,4.094745963432599,6960.0,1880.0,3.702127659574468,1280.0,0.6808510638297872,5.4375
GraphColouring,0042-graph_colouring-145-0_1392.asp,13423,3407,3.93983,15.522259,61.155056,0.253818,0.064424,0.016352,0.021679,0.789317,0.0,0.956642,2391,0.188929,0.789391,0.789391,WASP-AMO,0.569535,1.3623973943655792,1392.0,1880.0,0.7404255319148936,1280.0,0.6808510638297872,1.0875
GraphColouring,0042-graph_colouring-145-0_5568.asp,13423,3407,3.93983,15.522259,61.155056,0.253818,0.064424,0.016352,0.021679,0.789317,0.0,0.956642,2391,0.188929,0.789391,0.789391,AMOCLINGO-L,165.463008,7.282203324866424,5568.0,1880.0,2.9617021276595743,1280.0,0.6808510638297872,4.35
GraphColouring,0042-graph_colouring-145-0_6960.asp,13423,3407,3.93983,15.522259,61.155056,0.253818,0.064424,0.016352,0.021679,0.789317,0.0,0.956642,2391,0.188929,0.789391,0.789391,AMOCLINGO-L,0.882759,3.735219918460192,6960.0,1880.0,3.702127659574468,1280.0,0.6808510638297872,5.4375
GraphColouring,0043-graph_colouring-145-0_5568.asp,13687,3451,3.966097,15.729924,62.3864,0.252137,0.063573,0.016029,0.021261,0.790166,0.0,0.957478,2435,0.1885,0.790239,0.790239,AMOCLINGO-L,160.352534,7.512358501300641,5568.0,1880.0,2.9617021276595743,1280.0,0.6808510638297872,4.35
GraphColouring,0043-graph_colouring-145-0_6960.asp,13687,3451,3.966097,15.729924,62.3864,0.252137,0.063573,0.016029,0.021261,0.790166,0.0,0.957478,2435,0.1885,0.790239,0.790239,AMOCLINGO-L,0.994766,25.312107571026758,6960.0,1880.0,3.702127659574468,1280.0,0.6808510638297872,5.4375
GraphColouring,0044-graph_colouring-145-0_5568.asp,13963,3497,3.992851,15.942859,63.657462,0.250448,0.062724,0.015709,0.020841,0.791019,0.0,0.958318,2481,0.188068,0.791091,0.791091,AMOCLINGO-L,164.016016,7.346704604750307,5568.0,1880.0,2.9617021276595743,1280.0,0.6808510638297872,4.35
GraphColouring,0044-graph_colouring-145-0_6960.asp,13963,3497,3.992851,15.942859,63.657462,0.250448,0.062724,0.015709,0.020841,0.791019,0.0,0.958318,2481,0.188068,0.791091,0.791091,AMOCLINGO-L,0.837652,4.310668392124653,6960.0,1880.0,3.702127659574468,1280.0,0.6808510638297872,5.4375
GraphColouring,0045-graph_colouring-145-0_5568.asp,13471,3415,3.944656,15.56031,61.380071,0.253508,0.064266,0.016292,0.021602,0.789474,0.0,0.956796,2399,0.18885,0.789548,0.789548,AMOCLINGO-L,172.857524,6.970877235288873,5568.0,1880.0,2.9617021276595743,1280.0,0.6808510638297872,4.35
GraphColouring,0045-graph_colouring-145-0_6960.asp,13471,3415,3.944656,15.56031,61.380071,0.253508,0.064266,0.016292,0.021602,0.789474,0.0,0.956796,2399,0.18885,0.789548,0.789548,AMOCLINGO-L,0.877131,4.063993861806275,6960.0,1880.0,3.702127659574468,1280.0,0.6808510638297872,5.4375
GraphColouring,0046-graph_colouring-145-0_1392.asp,14071,3515,4.003129,16.025045,64.150331,0.249805,0.062402,0.015588,0.020681,0.791344,0.0,0.958638,2499,0.187904,0.791415,0.791415,CLINGO-AMO,0.5706720000000001,1.472683082401099,1392.0,1880.0,0.7404255319148936,1280.0,0.6808510638297872,1.0875
GraphColouring,0046-graph_colouring-145-0_5568.asp,14071,3515,4.003129,16.025045,64.150331,0.249805,0.062402,0.015588,0.020681,0.791344,0.0,0.958638,2499,0.187904,0.791415,0.791415,AMOCLINGO-L,167.962085,7.174418952944054,5568.0,1880.0,2.9617021276595743,1280.0,0.6808510638297872,4.35
GraphColouring,0046-graph_colouring-145-0_6960.asp,14071,3515,4.003129,16.025045,64.150331,0.249805,0.062402,0.015588,0.020681,0.791344,0.0,0.958638,2499,0.187904,0.791415,0.791415,AMOCLINGO-L,0.8792409999999999,4.379674059785656,6960.0,1880.0,3.702127659574468,1280.0,0.6808510638297872,5.4375
GraphColouring,0047-graph_colouring-145-0_1392.asp,13063,3347,3.902898,15.232614,59.451339,0.25622,0.065649,0.01682,0.022277,0.788104,0.0,0.955447,2331,0.189543,0.78818,0.78818,AMOCLINGO-L,0.864505,1.3990433832077318,1392.0,1880.0,0.7404255319148936,1280.0,0.6808510638297872,1.0875
GraphColouring,0047-graph_colouring-145-0_5568.asp,13063,3347,3.902898,15.232614,59.451339,0.25622,0.065649,0.01682,0.022277,0.788104,0.0,0.955447,2331,0.189543,0.78818,0.78818,AMOCLINGO-L,200.210917,6.01860367084778,5568.0,1880.0,2.9617021276595743,1280.0,0.6808510638297872,4.35
GraphColouring,0047-graph_colouring-145-0_6960.asp,13063,3347,3.902898,15.232614,59.451339,0.25622,0.065649,0.01682,0.022277,0.788104,0.0,0.955447,2331,0.189543,0.78818,0.78818,AMOCLINGO-L,0.902035,3.80428475613474,6960.0,1880.0,3.702127659574468,1280.0,0.6808510638297872,5.4375
GraphColouring,0048-graph_colouring-145-0_5568.asp,13399,3403,3.937408,15.503183,61.04236,0.253974,0.064503,0.016382,0.021718,0.789238,0.0,0.956564,2387,0.188969,0.789313,0.789313,AMOCLINGO-L,164.29440799999998,7.333922430275291,5568.0,1880.0,2.9617021276595743,1280.0,0.6808510638297872,4.35
GraphColouring,0048-graph_colouring-145-0_6960.asp,13399,3403,3.937408,15.503183,61.04236,0.253974,0.064503,0.016382,0.021718,0.789238,0.0,0.956564,2387,0.188969,0.789313,0.789313,AMOCLINGO-L,0.880781,4.597877338407618,6960.0,1880.0,3.702127659574468,1280.0,0.6808510638297872,5.4375
GraphColouring,0049-graph_colouring-145-0_5568.asp,14011,3505,3.997432,15.979465,63.876827,0.250161,0.06258,0.015655,0.020769,0.791164,0.0,0.958461,2489,0.187995,0.791235,0.791235,AMOCLINGO-L,165.051185,7.30054113819298,5568.0,1880.0,2.9617021276595743,1280.0,0.6808510638297872,4.35
GraphColouring,0049-graph_colouring-145-0_6960.asp,14011,3505,3.997432,15.979465,63.876827,0.250161,0.06258,0.015655,0.020769,0.791164,0.0,0.958461,2489,0.187995,0.791235,0.791235,AMOCLINGO-L,0.863125,6.619407385952209,6960.0,1880.0,3.702127659574468,1280.0,0.6808510638297872,5.4375
GraphColouring,0050-graph_colouring-145-0_5568.asp,13315,3389,3.928888,15.436158,60.646928,0.254525,0.064783,0.016489,0.021855,0.78896,0.0,0.95629,2373,0.18911,0.789035,0.789035,AMOCLINGO-L,172.081181,7.002396502613497,5568.0,1880.0,2.9617021276595743,1280.0,0.6808510638297872,4.35
GraphColouring,0050-graph_colouring-145-0_6960.asp,13315,3389,3.928888,15.436158,60.646928,0.254525,0.064783,0.016489,0.021855,0.78896,0.0,0.95629,2373,0.18911,0.789035,0.789035,AMOCLINGO-L,0.891354,4.460795598606166,6960.0,1880.0,3.702127659574468,1280.0,0.6808510638297872,5.4375
GraphColouring,0051-graph_colouring-150-0_1440.asp,14401,3610,3.989197,15.91369,63.48284,0.250677,0.062839,0.015752,0.020901,0.790917,0.0,0.958197,2559,0.188112,0.790987,0.790987,AMOCLINGO-L,0.8598460000000001,1.3254419977530858,1440.0,1880.0,0.7659574468085106,1280.0,0.6808510638297872,1.125
GraphColouring,0051-graph_colouring-150-0_7200.asp,14401,3610,3.989197,15.91369,63.48284,0.250677,0.062839,0.015752,0.020901,0.790917,0.0,0.958197,2559,0.188112,0.790987,0.790987,AMOCLINGO-L,3.249806,14.353405710987056,7200.0,1880.0,3.8297872340425534,1280.0,0.6808510638297872,5.625
GraphColouring,0052-graph_colouring-150-0_1440.asp,13729,3498,3.924814,15.404166,60.45849,0.254789,0.064918,0.01654,0.021924,0.788841,0.0,0.956151,2447,0.189162,0.788914,0.788914,AMOCLINGO-L,0.8218960000000001,1.9599973719302688,1440.0,1880.0,0.7659574468085106,1280.0,0.6808510638297872,1.125
GraphColouring,0052-graph_colouring-150-0_7200.asp,13729,3498,3.924814,15.404166,60.45849,0.254789,0.064918,0.01654,0.021924,0.788841,0.0,0.956151,2447,0.189162,0.788914,0.788914,AMOCLINGO-L,2.655999,23.237021550083416,7200.0,1880.0,3.8297872340425534,1280.0,0.6808510638297872,5.625
GraphColouring,0053-graph_colouring-150-0_2880.asp,14449,3618,3.993643,15.949184,63.695344,0.250398,0.062699,0.0157,0.020832,0.791058,0.0,0.958336,2567,0.188041,0.791127,0.791127,AMOCLINGO-L,1113.630884,1.0820596854064977,2880.0,1880.0,1.5319148936170213,1280.0,0.6808510638297872,2.25
GraphColouring,0053-graph_colouring-150-0_7200.asp,14449,3618,3.993643,15.949184,63.695344,0.250398,0.062699,0.0157,0.020832,0.791058,0.0,0.958336,2567,0.188041,0.791127,0.791127,AMOCLINGO-L,6.009857,6.545247915216619,7200.0,1880.0,3.8297872340425534,1280.0,0.6808510638297872,5.625
GraphColouring,0054-graph_colouring-150-0_1440.asp,14365,3604,3.985849,15.886993,63.323155,0.250888,0.062945,0.015792,0.020954,0.790811,0.0,0.958093,2553,0.188166,0.790881,0.790881,AMOCLINGO-L,0.8982779999999999,1.238056592725192,1440.0,1880.0,0.7659574468085106,1280.0,0.6808510638297872,1.125
GraphColouring,0054-graph_colouring-150-0_7200.asp,14365,3604,3.985849,15.886993,63.323155,0.250888,0.062945,0.015792,0.020954,0.790811,0.0,0.958093,2553,0.188166,0.790881,0.790881,AMOCLINGO-L,2.031154,68.79840474922138,7200.0,1880.0,3.8297872340425534,1280.0,0.6808510638297872,5.625
GraphColouring,0055-graph_colouring-150-0_7200.asp,13669,3488,3.918865,15.3575,60.183966,0.255176,0.065115,0.016616,0.022021,0.788646,0.0,0.955959,2437,0.18926,0.788719,0.788719,AMOCLINGO-L,3.035532,23.33453773506588,7200.0,1880.0,3.8297872340425534,1280.0,0.6808510638297872,5.625
GraphColouring,0056-graph_colouring-150-0_1440.asp,13513,3462,3.903235,15.235244,59.466741,0.256198,0.065637,0.016816,0.022275,0.78813,0.0,0.95545,2411,0.189521,0.788204,0.788204,AMOCLINGO-L,1.194262,1.2554774412984755,1440.0,1880.0,0.7659574468085106,1280.0,0.6808510638297872,1.125
GraphColouring,0056-graph_colouring-150-0_7200.asp,13513,3462,3.903235,15.235244,59.466741,0.256198,0.065637,0.016816,0.022275,0.78813,0.0,0.95545,2411,0.189521,0.788204,0.788204,AMOCLINGO-L,2.765967,26.758369134555835,7200.0,1880.0,3.8297872340425534,1280.0,0.6808510638297872,5.625
GraphColouring,0057-graph_colouring-150-0_7200.asp,14713,3662,4.01775,16.142314,64.85578,0.248896,0.061949,0.015419,0.020458,0.791817,0.0,0.959084,2611,0.187657,0.791885,0.791885,AMOCLINGO-L,2.106733,13.07708285767584,7200.0,1880.0,3.8297872340425534,1280.0,0.6808510638297872,5.625
GraphColouring,0058-graph_colouring-150-0_1440.asp,14377,3606,3.986966,15.895899,63.376412,0.250817,0.062909,0.015779,0.020936,0.790846,0.0,0.958128,2555,0.188148,0.790916,0.790916,AMOCLINGO-L,0.8228920000000001,1.920424551459973,1440.0,1880.0,0.7659574468085106,1280.0,0.6808510638297872,1.125
GraphColouring,0058-graph_colouring-150-0_7200.asp,14377,3606,3.986966,15.895899,63.376412,0.250817,0.062909,0.015779,0.020936,0.790846,0.0,0.958128,2555,0.188148,0.790916,0.790916,AMOCLINGO-L,2.432601,11.58503387937438,7200.0,1880.0,3.8297872340425534,1280.0,0.6808510638297872,5.625
GraphColouring,0059-graph_colouring-150-0_1440.asp,14245,3584,3.974609,15.79752,62.78897,0.251597,0.063301,0.015926,0.02113,0.790453,0.0,0.95774,2533,0.188347,0.790523,0.790523,AMOCLINGO-L,0.909779,3.16834088278582,1440.0,1880.0,0.7659574468085106,1280.0,0.6808510638297872,1.125
GraphColouring,0059-graph_colouring-150-0_7200.asp,14245,3584,3.974609,15.79752,62.78897,0.251597,0.063301,0.015926,0.02113,0.790453,0.0,0.95774,2533,0.188347,0.790523,0.790523,AMOCLINGO-L,5.249377,7.674540045418723,7200.0,1880.0,3.8297872340425534,1280.0,0.6808510638297872,5.625
GraphColouring,0060-graph_colouring-150-0_1440.asp,14833,3682,4.028517,16.22895,65.378603,0.24823,0.061618,0.015296,0.020293,0.792153,0.0,0.959415,2631,0.187487,0.79222,0.79222,AMOCLINGO-L,1.13754,1.476676864110273,1440.0,1880.0,0.7659574468085106,1280.0,0.6808510638297872,1.125
GraphColouring,0060-graph_colouring-150-0_7200.asp,14833,3682,4.028517,16.22895,65.378603,0.24823,0.061618,0.015296,0.020293,0.792153,0.0,0.959415,2631,0.187487,0.79222,0.79222,AMOCLINGO-L,3.435098,8.326242802970977,7200.0,1880.0,3.8297872340425534,1280.0,0.6808510638297872,5.625
GroupAssignment,000-group-assignment-30-10-sat.asp,13921,21371,0.651397,0.424318,0.276399,1.535163,2.356725,3.617956,0.40227,0.187487,0.0,0.222039,2721,0.382947,0.214783,0.214783,CLINGO-AMO,0.513019,2.750751921468796,402609.0,52147800.0,0.007720536628582605,16095000.0,0.30864197530864196,0.02501453867660764
GroupAssignment,004-group-assignment-30-10-middle.asp,12121,18491,0.655508,0.429691,0.281666,1.525534,2.327255,3.550306,0.402607,0.185628,0.0,0.225311,2361,0.380414,0.216979,0.216979,AMOCLINGO-INF-MR,3.063553,1.24685585658221,1387407.0,44955000.0,0.03086212879546213,13875000.0,0.30864197530864196,0.09999329729729729
GroupAssignment,005-group-assignment-30-10-middle.asp,13921,21371,0.651397,0.424318,0.276399,1.535163,2.356725,3.617956,0.40227,0.187487,0.0,0.222039,2721,0.382947,0.214783,0.214783,AMOCLINGO-INF-MR,1.846259,3.4306318885920124,1610755.0,52147800.0,0.030888263742669873,16095000.0,0.30864197530864196,0.10007797452625039
GroupAssignment,006-group-assignment-30-10-middle.asp,11671,17771,0.656744,0.431313,0.283262,1.522663,2.318503,3.530298,0.402708,0.185074,0.0,0.226287,2271,0.379659,0.217633,0.217633,AMOCLINGO-INF-MR,1.715327,2.511225556409944,1331066.0,43156800.0,0.030842555518481446,13320000.0,0.30864197530864196,0.09992987987987988
GroupAssignment,007-group-assignment-30-10-middle.asp,14371,22091,0.650536,0.423198,0.275305,1.537193,2.362962,3.632329,0.402199,0.187878,0.0,0.221349,2811,0.383481,0.214321,0.214321,AMOCLINGO-INF-MR,2.596096,2.6888138959422148,1664863.0,53946000.0,0.030861657954250547,16650000.0,0.30864197530864196,0.09999177177177178
GroupAssignment,011-group-assignment-50-10-sat.asp,20891,31971,0.653436,0.426979,0.279003,1.530372,2.342038,3.58419,0.403044,0.186683,0.0,0.22311,4051,0.380595,0.216361,0.216361,CLINGO-AMO,2.051268,1.9245218079743849,599255.0,77711400.0,0.0077112881765094956,23985000.0,0.30864197530864196,0.024984573691890766
GroupAssignment,012-group-assignment-50-10-sat.asp,27641,42771,0.646256,0.417646,0.269906,1.547375,2.39437,3.704989,0.402301,0.189935,0.0,0.217467,5401,0.385333,0.212366,0.212366,AMOCLINGO-INF-MR,2.200003,2.248270570540131,807244.0,104611500.0,0.0077165894763004065,32287500.0,0.30864197530864196,0.025001749903213317
GroupAssignment,016-group-assignment-50-10-middle.asp,17891,27171,0.658459,0.433569,0.285487,1.518697,2.306439,3.502781,0.403555,0.18445,0.0,0.226986,3451,0.377341,0.219105,0.219105,AMOCLINGO-INF-MR,3.971268,1.7665765694987092,2029497.0,65755800.0,0.030864151907512342,20295000.0,0.30864197530864196,0.09999985218033998
GroupAssignment,017-group-assignment-50-10-middle.asp,23141,35571,0.650558,0.423226,0.275333,1.537142,2.362805,3.631967,0.402748,0.187978,0.0,0.220863,4501,0.382481,0.21477,0.21477,AMOCLINGO-INF-MR,4.945921,2.064839288779582,2674870.0,86678100.0,0.030859813493835236,26752500.0,0.30864197530864196,0.09998579572002617
GroupAssignment,021-group-assignment-75-10-sat.asp,30166,46121,0.654062,0.427797,0.279806,1.528907,2.337556,3.573905,0.403434,0.186468,0.0,0.223298,5826,0.3796,0.216966,0.216966,AMOCLINGO-INF-MR,2.304684,1.4441472236540889,874392.0,113298750.0,0.007717578525800153,34968750.0,0.30864197530864196,0.025004954423592494
GroupAssignment,022-group-assignment-75-10-sat.asp,31291,47921,0.652971,0.42637,0.278407,1.531463,2.345378,3.591859,0.403311,0.186955,0.0,0.22246,6051,0.380333,0.216356,0.216356,AMOCLINGO-L,2.576203,2.490230001284836,909008.0,117830700.0,0.0077145260106237165,36367500.0,0.30864197530864196,0.02499506427442084
GroupAssignment,023-group-assignment-75-10-sat.asp,27916,42521,0.656523,0.431022,0.282976,1.523177,2.320067,3.533872,0.403711,0.185378,0.0,0.225176,5376,0.377955,0.218334,0.218334,AMOCLINGO-INF-MR,2.3047980000000003,1.8606771612956967,804020.0,104234850.0,0.007713543023278683,32171250.0,0.30864197530864196,0.024991879395422932
GroupAssignment,024-group-assignment-75-10-middle.asp,34666,53321,0.650138,0.422679,0.2748,1.538135,2.36586,3.639013,0.402989,0.188225,0.0,0.220273,6726,0.382248,0.214764,0.214764,AMOCLINGO-INF-MR,10.969122,3.4061233889093403,4056249.0,131426550.0,0.03086323882046664,40563750.0,0.30864197530864196,0.09999689377831192
GroupAssignment,025-group-assignment-75-10-middle.asp,34666,53321,0.650138,0.422679,0.2748,1.538135,2.36586,3.639013,0.402989,0.188225,0.0,0.220273,6726,0.382248,0.214764,0.214764,AMOCLINGO-INF-MR,7.873082,2.7248935042210918,4055690.0,131426550.0,0.030858985494179068,40563750.0,0.30864197530864196,0.09998311300114018
GroupAssignment,026-group-assignment-75-10-middle.asp,29041,44321,0.655242,0.429343,0.281324,1.526153,2.329142,3.554626,0.403567,0.185944,0.0,0.2242,5601,0.378809,0.217623,0.217623,AMOCLINGO-INF-MR,7.73152,2.382430880344357,3358394.0,108766800.0,0.030877013941754284,33570000.0,0.30864197530864196,0.10004152517128388
GroupAssignment,027-group-assignment-75-10-middle.asp,31291,47921,0.652971,0.42637,0.278407,1.531463,2.345378,3.591859,0.403311,0.186955,0.0,0.22246,6051,0.380333,0.216356,0.216356,AMOCLINGO-INF-MR,8.156134999999999,2.162165780728249,3637946.0,117830700.0,0.030874347686978013,36367500.0,0.30864197530864196,0.10003288650580876
GroupAssignment,031-group-assignment-100-10-sat.asp,49191,75871,0.64835,0.420358,0.27254,1.542376,2.378923,3.669192,0.402919,0.189059,0.0,0.21876,9551,0.383221,0.21386,0.21386,AMOCLINGO-INF-MR,8.936413,1.2710296625726676,1441238.0,186818400.0,0.007714646951263901,57660000.0,0.30864197530864196,0.024995456122095038
GroupAssignment,032-group-assignment-100-10-sat.asp,41691,63871,0.652738,0.426066,0.278109,1.532009,2.347053,3.595706,0.403444,0.187091,0.0,0.222134,8051,0.380202,0.216354,0.216354,AMOCLINGO-L,5.769786000000001,1.4355426700401015,1208719.0,156686400.0,0.00771425599158574,48360000.0,0.30864197530864196,0.0249941894127378
GroupAssignment,033-group-assignment-100-10-sat.asp,40191,61471,0.653821,0.427481,0.279496,1.529472,2.339284,3.577869,0.403573,0.186609,0.0,0.22296,7751,0.379463,0.216964,0.216964,AMOCLINGO-L,7.457612999999999,1.9758444156327235,1161950.0,150660000.0,0.007712398778707022,46500000.0,0.30864197530864196,0.024988172043010754
GroupAssignment,034-group-assignment-100-10-middle.asp,44691,68671,0.650799,0.423539,0.275639,1.536573,2.361058,3.627938,0.403213,0.187957,0.0,0.220648,8651,0.381531,0.215256,0.215256,AMOCLINGO-INF-MR,24.66911,2.705183648700744,5208067.0,168739200.0,0.03086459459331323,52080000.0,0.30864197530864196,0.10000128648233488
GroupAssignment,035-group-assignment-100-10-middle.asp,43191,66271,0.651733,0.424756,0.276827,1.534371,2.354293,3.612358,0.403325,0.187539,0.0,0.221366,8351,0.38089,0.215786,0.215786,AMOCLINGO-INF-MR,14.826337,4.603166716094473,5021287.0,162712800.0,0.030859815576893768,50220000.0,0.30864197530864196,0.0999858024691358
GroupAssignment,036-group-assignment-100-10-middle.asp,34191,51871,0.659154,0.434485,0.286392,1.517095,2.301578,3.491712,0.4042,0.184259,0.0,0.22699,6551,0.375859,0.219941,0.219941,AMOCLINGO-INF-MR,8.849928,4.40516996296467,3907689.0,126554400.0,0.0308775435701959,39060000.0,0.30864197530864196,0.10004324116743471
GroupAssignment,037-group-assignment-100-10-middle.asp,43191,66271,0.651733,0.424756,0.276827,1.534371,2.354293,3.612358,0.403325,0.187539,0.0,0.221366,8351,0.38089,0.215786,0.215786,AMOCLINGO-INF-MR,11.108477,5.178660585064901,5020052.0,162712800.0,0.030852225516369947,50220000.0,0.30864197530864196,0.09996121067303863
GroupAssignment,045-group-assignment-30-15-middle.asp,18006,27876,0.645932,0.417228,0.269501,1.548151,2.39677,3.710561,0.401533,0.189937,0.0,0.217761,3546,0.386871,0.211596,0.211596,AMOCLINGO-INF-MR,1.818744,1.617511315501247,1406134.0,68331600.0,0.020578092712595638,21090000.0,0.30864197530864196,0.06667302038880986
GroupAssignment,046-group-assignment-30-15-middle.asp,18006,27876,0.645932,0.417228,0.269501,1.548151,2.39677,3.710561,0.401533,0.189937,0.0,0.217761,3546,0.386871,0.211596,0.211596,AMOCLINGO-INF-MR,1.714392,1.8202826424761664,1405535.0,68331600.0,0.020569326636578098,21090000.0,0.30864197530864196,0.06664461830251305
GroupAssignment,050-group-assignment-50-15-sat.asp,34426,53596,0.642324,0.41258,0.26501,1.556847,2.423771,3.77344,0.401731,0.191716,0.0,0.214402,6766,0.388253,0.210016,0.210016,CLINGO-AMO,1.362645,2.0327253246443497,676675.0,131511600.0,0.005145363602906512,40590000.0,0.30864197530864196,0.0166709780734171
GroupAssignment,051-group-assignment-50-15-sat.asp,29926,46396,0.645013,0.416041,0.268352,1.550358,2.403609,3.726453,0.401992,0.19047,0.0,0.216568,5866,0.386487,0.211522,0.211522,CLINGO-AMO,1.449286,1.7436020219611588,584279.0,113578200.0,0.005144288252499159,35055000.0,0.30864197530864196,0.016667493938097275
GroupAssignment,052-group-assignment-50-15-sat.asp,37426,58396,0.6409,0.410753,0.263252,1.560306,2.434554,3.798648,0.401592,0.19238,0.0,0.213247,7366,0.389195,0.209213,0.209213,CLINGO-AMO,1.826382,2.168374962083507,738136.0,143467200.0,0.0051449808736770495,44280000.0,0.30864197530864196,0.01666973803071364
GroupAssignment,053-group-assignment-50-15-sat.asp,26176,40396,0.647985,0.419884,0.272079,1.543246,2.381607,3.675405,0.402277,0.189105,0.0,0.218941,5116,0.384551,0.213172,0.213172,CLINGO-AMO,0.663194,1.8341646637333875,507437.0,98633700.0,0.005144661510214055,30442500.0,0.30864197530864196,0.016668703293093536
GroupAssignment,054-group-assignment-50-15-middle.asp,23926,36796,0.650234,0.422804,0.274921,1.537909,2.365163,3.637404,0.402491,0.18808,0.0,0.220722,4666,0.383098,0.214411,0.214411,AMOCLINGO-INF-MR,2.1679470000000003,2.7962440963732047,1845521.0,89667000.0,0.020581942074564777,27675000.0,0.30864197530864196,0.06668549232158988
GroupAssignment,055-group-assignment-50-15-middle.asp,25426,39196,0.648689,0.420797,0.272966,1.541572,2.376443,3.663457,0.402344,0.188783,0.0,0.2195,4966,0.384095,0.213561,0.213561,AMOCLINGO-INF-MR,3.445943,1.923108710736074,1968689.0,95644800.0,0.020583335424403628,29520000.0,0.30864197530864196,0.06669000677506776
GroupAssignment,056-group-assignment-50-15-middle.asp,28426,43996,0.646104,0.417451,0.269717,1.547738,2.395493,3.707595,0.402097,0.189967,0.0,0.217442,5566,0.385774,0.21213,0.21213,AMOCLINGO-INF-MR,2.628492,3.3142113424731745,2214376.0,107600400.0,0.020579626098044247,33210000.0,0.30864197530864196,0.06667798855766335
GroupAssignment,057-group-assignment-50-15-middle.asp,32176,49996,0.643571,0.414184,0.266557,1.553829,2.414384,3.75154,0.401852,0.191136,0.0,0.215409,6316,0.387432,0.210716,0.210716,AMOCLINGO-INF-MR,5.595037,2.194866271661832,2520920.0,122544900.0,0.020571398728139643,37822500.0,0.30864197530864196,0.06665133187917245
GroupAssignment,063-group-assignment-75-15-sat.asp,47076,73146,0.64359,0.414207,0.26658,1.553785,2.414249,3.751225,0.402116,0.19118,0.0,0.215205,9216,0.386949,0.210936,0.210936,AMOCLINGO-L,5.141649999999999,1.4511201657055617,932240.0,181278000.0,0.005142598660620704,55950000.0,0.30864197530864196,0.01666201966041108
GroupAssignment,064-group-assignment-75-15-middle.asp,42576,65946,0.645619,0.416824,0.26911,1.548901,2.399094,3.715958,0.402339,0.190248,0.0,0.216812,8316,0.385569,0.212091,0.212091,AMOCLINGO-INF-MR,4.854329,4.003286551035169,3358419.0,163150200.0,0.020584829194202642,50355000.0,0.30864197530864196,0.06669484658921657
GroupAssignment,065-group-assignment-75-15-middle.asp,41451,64146,0.646198,0.417572,0.269834,1.547514,2.394799,3.705985,0.402403,0.189983,0.0,0.217269,8091,0.385178,0.212419,0.212419,AMOCLINGO-INF-MR,8.467816000000001,1.5756661457924923,3263010.0,158618250.0,0.02057146639809732,48956250.0,0.30864197530864196,0.06665155112983531
GroupAssignment,066-group-assignment-75-15-middle.asp,42576,65946,0.645619,0.416824,0.26911,1.548901,2.399094,3.715958,0.402339,0.190248,0.0,0.216812,8316,0.385569,0.212091,0.212091,AMOCLINGO-INF-MR,10.464511,2.136850732920057,3357833.0,163150200.0,0.02058123741190633,50355000.0,0.30864197530864196,0.0666832092145765
GroupAssignment,067-group-assignment-75-15-middle.asp,53826,83946,0.641198,0.411135,0.263619,1.559581,2.432292,3.793357,0.40185,0.192286,0.0,0.213298,10566,0.388585,0.209564,0.209564,AMOCLINGO-INF-MR,21.770179,1.652719713512691,4290988.0,208469700.0,0.020583269415171607,64342500.0,0.30864197530864196,0.066689792905156
GroupAssignment,072-group-assignment-100-15-sat.asp,67226,104696,0.642107,0.412301,0.264741,1.557374,2.425413,3.777274,0.402077,0.19189,0.0,0.21392,13166,0.387737,0.210187,0.210187,AMOCLINGO-INF-MR,7.668194,1.2507711724559916,1333028.0,259135200.0,0.005144140973514984,79980000.0,0.30864197530864196,0.016667016754188548
GroupAssignment,073-group-assignment-100-15-sat.asp,62726,97496,0.64337,0.413925,0.266307,1.554316,2.415897,3.755066,0.402226,0.191308,0.0,0.214919,12266,0.386857,0.210917,0.210917,AMOCLINGO-INF-MR,8.299862000000001,1.5718364955947457,1239656.0,241056000.0,0.005142605867516262,74400000.0,0.30864197530864196,0.01666204301075269
GroupAssignment,074-group-assignment-100-15-middle.asp,67226,104696,0.642107,0.412301,0.264741,1.557374,2.425413,3.777274,0.402077,0.19189,0.0,0.21392,13166,0.387737,0.210187,0.210187,AMOCLINGO-INF-MR,21.973887,3.567444803916576,5330865.0,259135200.0,0.020571751734229853,79980000.0,0.30864197530864196,0.06665247561890472
GroupAssignment,075-group-assignment-100-15-middle.asp,64226,99896,0.642929,0.413357,0.265759,1.555383,2.419215,3.762805,0.402174,0.191511,0.0,0.21457,12566,0.387164,0.210662,0.210662,AMOCLINGO-INF-MR,16.714820000000003,2.587532740406417,5086633.0,247082400.0,0.020586788051273584,76260000.0,0.30864197530864196,0.0667011932861264
GroupAssignment,077-group-assignment-100-15-middle.asp,53726,83096,0.646553,0.418031,0.27028,1.546663,2.392165,3.699873,0.402598,0.189852,0.0,0.217418,10466,0.384655,0.212746,0.212746,AMOCLINGO-INF-MR,12.366309,3.367643813525928,4215127.0,204897600.0,0.020571871022403387,63240000.0,0.30864197530864196,0.06665286211258697
GroupAssignment,084-group-assignment-30-20-middle.asp,27041,42301,0.639252,0.408643,0.261226,1.564328,2.447123,3.828103,0.400873,0.19304,0.0,0.212307,5361,0.391295,0.207833,0.207833,AMOCLINGO-INF-MR,2.802796,2.120050478165375,1609120.0,104295600.0,0.01542845527519857,32190000.0,0.30864197530864196,0.049988195091643366
GroupAssignment,085-group-assignment-30-20-middle.asp,19391,30061,0.645055,0.416096,0.268405,1.550255,2.403291,3.725715,0.401217,0.190294,0.0,0.217163,3831,0.38786,0.210923,0.210923,AMOCLINGO-INF-MR,2.578808,1.2419106036587446,1138141.0,73726200.0,0.015437402171819516,22755000.0,0.30864197530864196,0.05001718303669523
GroupAssignment,086-group-assignment-30-20-middle.asp,22091,34381,0.642535,0.412851,0.265272,1.556335,2.422179,3.769723,0.401068,0.191481,0.0,0.215065,4371,0.389344,0.209588,0.209588,AMOCLINGO-INF-MR,1.933301,2.207903994256456,1304266.0,84515400.0,0.015432288080042217,26085000.0,0.30864197530864196,0.050000613379336784
GroupAssignment,087-group-assignment-30-20-middle.asp,18941,29341,0.645547,0.416731,0.26902,1.549073,2.399629,3.717201,0.401246,0.190064,0.0,0.21757,3741,0.387572,0.211182,0.211182,AMOCLINGO-INF-MR,1.843383,1.3186066053554797,1110019.0,71928000.0,0.01543236291847403,22200000.0,0.30864197530864196,0.050000855855855855
GroupAssignment,090-group-assignment-50-20-sat.asp,36711,57221,0.641565,0.411606,0.264072,1.558688,2.429509,3.786846,0.401515,0.192041,0.0,0.21386,7231,0.389011,0.209474,0.209474,CLINGO-AMO,0.597801,2.545239971160972,542007.0,140478300.0,0.0038582969754047424,43357500.0,0.30864197530864196,0.012500882200311364
GroupAssignment,091-group-assignment-50-20-sat.asp,43461,68021,0.638935,0.408238,0.260838,1.565104,2.449552,3.833804,0.401279,0.193277,0.0,0.211707,8581,0.390718,0.208003,0.208003,CLINGO-AMO,0.95846,3.1409072887757445,645494.0,167378400.0,0.0038564952228005525,51660000.0,0.30864197530864196,0.012495044521873791
GroupAssignment,093-group-assignment-50-20-sat.asp,47211,74021,0.637805,0.406796,0.259457,1.567876,2.458236,3.854209,0.401178,0.193811,0.0,0.210777,9331,0.391455,0.207367,0.207367,CLINGO-AMO,1.293636,2.8362352315489057,703403.0,182322900.0,0.0038580068658407695,56272500.0,0.30864197530864196,0.012499942245324093
GroupAssignment,094-group-assignment-50-20-middle.asp,38211,59621,0.640898,0.410751,0.263249,1.56031,2.434567,3.798679,0.401455,0.192353,0.0,0.213316,7531,0.389443,0.209102,0.209102,AMOCLINGO-INF-MR,5.091059,2.0121391246889893,2259914.0,146456100.0,0.015430658060674837,45202500.0,0.30864197530864196,0.04999533211658647
GroupAssignment,095-group-assignment-50-20-middle.asp,38211,59621,0.640898,0.410751,0.263249,1.56031,2.434567,3.798679,0.401455,0.192353,0.0,0.213316,7531,0.389443,0.209102,0.209102,AMOCLINGO-INF-MR,5.432691,1.5309882340077874,2260558.0,146456100.0,0.01543505528277757,45202500.0,0.30864197530864196,0.050009579116199326
GroupAssignment,096-group-assignment-50-20-middle.asp,30711,47621,0.644905,0.415902,0.268217,1.550617,2.404413,3.728324,0.40181,0.190485,0.0,0.216567,6031,0.386865,0.211325,0.211325,AMOCLINGO-INF-MR,3.255267,1.766582894736438,1798745.0,116567100.0,0.015430983527942276,35977500.0,0.30864197530864196,0.04999638663053297
GroupAssignment,097-group-assignment-50-20-middle.asp,36711,57221,0.641565,0.411606,0.264072,1.558688,2.429509,3.786846,0.401515,0.192041,0.0,0.21386,7231,0.389011,0.209474,0.209474,AMOCLINGO-INF-MR,4.231469000000001,2.5638772256159736,2167695.0,140478300.0,0.015430817428741663,43357500.0,0.30864197530864196,0.049995848469122986
GroupAssignment,101-group-assignment-75-20-sat.asp,54986,85771,0.641079,0.410982,0.263472,1.55987,2.433194,3.795465,0.401739,0.192322,0.0,0.213254,10806,0.388844,0.209417,0.209417,CLINGO-AMO,3.625911,1.3662354095288054,821504.0,213001650.0,0.003856796414487869,65741250.0,0.30864197530864196,0.012496020382940695
GroupAssignment,102-group-assignment-75-20-sat.asp,49361,76771,0.642964,0.413403,0.265803,1.555297,2.418948,3.762182,0.401937,0.191447,0.0,0.214765,9681,0.387573,0.21049,0.21049,CLINGO-AMO,0.844824,4.769726002102213,734164.0,190341900.0,0.0038570803380653445,58747500.0,0.30864197530864196,0.012496940295331715
GroupAssignment,104-group-assignment-75-20-middle.asp,54986,85771,0.641079,0.410982,0.263472,1.55987,2.433194,3.795465,0.401739,0.192322,0.0,0.213254,10806,0.388844,0.209417,0.209417,AMOCLINGO-INF-MR,17.012003,1.43897817323451,3286788.0,213001650.0,0.015430810043020793,65741250.0,0.30864197530864196,0.04999582453938737
GroupAssignment,105-group-assignment-75-20-middle.asp,53861,83971,0.641424,0.411425,0.263897,1.559032,2.430579,3.78935,0.401775,0.192161,0.0,0.213531,10581,0.388611,0.209614,0.209614,AMOCLINGO-INF-MR,5.695835,3.3250966715152392,3216404.0,208469700.0,0.015428640229251542,64342500.0,0.30864197530864196,0.04998879434277499
GroupAssignment,106-group-assignment-75-20-middle.asp,54986,85771,0.641079,0.410982,0.263472,1.55987,2.433194,3.795465,0.401739,0.192322,0.0,0.213254,10806,0.388844,0.209417,0.209417,AMOCLINGO-INF-MR,12.084922,2.156492362962706,3285277.0,213001650.0,0.015423716201259473,65741250.0,0.30864197530864196,0.04997284049208069
GroupAssignment,107-group-assignment-75-20-middle.asp,49361,76771,0.642964,0.413403,0.265803,1.555297,2.418948,3.762182,0.401937,0.191447,0.0,0.214765,9681,0.387573,0.21049,0.21049,AMOCLINGO-INF-MR,5.134806,3.4330218123138434,2937004.0,190341900.0,0.015430149641250822,58747500.0,0.30864197530864196,0.049993684837652666
GroupAssignment,110-group-assignment-100-20-sat.asp,82261,128721,0.639064,0.408403,0.260996,1.564788,2.448561,3.831477,0.401648,0.193287,0.0,0.211534,16181,0.38999,0.208361,0.208361,AMOCLINGO-INF-MR,6.628693,1.7805243054701734,1232571.0,319399200.0,0.0038590297032678853,98580000.0,0.30864197530864196,0.012503256238587949
GroupAssignment,111-group-assignment-100-20-sat.asp,74761,116721,0.64051,0.410253,0.262772,1.561255,2.437518,3.805587,0.401814,0.192614,0.0,0.212691,14681,0.388986,0.2092,0.2092,AMOCLINGO-INF-MR,5.96016,1.313892412284234,1116278.0,289267200.0,0.003858985740519492,89280000.0,0.30864197530864196,0.012503113799283153
GroupAssignment,112-group-assignment-100-20-sat.asp,88261,138321,0.638088,0.407157,0.259802,1.567181,2.456058,3.849088,0.401536,0.193744,0.0,0.21075,17381,0.390671,0.207793,0.207793,CLINGO-AMO,9.810014,1.2268102777427228,1325121.0,343504800.0,0.0038576491507542254,106020000.0,0.30864197530864196,0.01249878324844369
GroupAssignment,114-group-assignment-100-20-middle.asp,68761,107121,0.6419,0.412036,0.264486,1.557874,2.426973,3.780918,0.401972,0.191969,0.0,0.213799,13481,0.388025,0.210003,0.210003,AMOCLINGO-INF-MR,21.73517,1.821532244744348,4092211.0,265161600.0,0.015432894506595223,81840000.0,0.30864197530864196,0.050002578201368525
GroupAssignment,116-group-assignment-100-20-middle.asp,73261,114321,0.640836,0.410671,0.263172,1.560462,2.435041,3.799789,0.401851,0.192463,0.0,0.212951,14381,0.388761,0.209388,0.209388,AMOCLINGO-INF-MR,10.8414,4.397982179423321,4369316.0,283240800.0,0.01542615329429941,87420000.0,0.30864197530864196,0.049980736673530084
GroupAssignment,117-group-assignment-100-20-middle.asp,83761,131121,0.638807,0.408074,0.260681,1.565418,2.450534,3.836111,0.401619,0.193407,0.0,0.211327,16481,0.39017,0.208211,0.208211,AMOCLINGO-INF-MR,22.283239,2.72797724783188,5020931.0,325425600.0,0.015428813836403774,100440000.0,0.30864197530864196,0.04998935682994823
GroupAssignment,124-group-assignment-30-25-middle.asp,29776,46646,0.63834,0.407478,0.260109,1.566564,2.454122,3.844538,0.400658,0.193444,0.0,0.211613,5916,0.392128,0.207214,0.207214,AMOCLINGO-INF-MR,2.738156,1.3466204993433537,1420630.0,115084800.0,0.012344201840729619,35520000.0,0.30864197530864196,0.039995213963963966
GroupAssignment,125-group-assignment-30-25-middle.asp,31576,49526,0.637564,0.406488,0.259162,1.56847,2.460097,3.858588,0.400621,0.193818,0.0,0.210951,6276,0.392577,0.206803,0.206803,AMOCLINGO-INF-MR,2.787402,2.0314773398311403,1509407.0,122277600.0,0.012344100636584296,37740000.0,0.30864197530864196,0.03999488606253312
GroupAssignment,127-group-assignment-30-25-middle.asp,27976,43766,0.639218,0.408599,0.261184,1.564412,2.447386,3.828721,0.400701,0.193023,0.0,0.212361,5556,0.391621,0.207678,0.207678,CLINGO-AMO,2.095121,1.5967330765144354,1332096.0,107892000.0,0.012346568791013236,33300000.0,0.30864197530864196,0.04000288288288288
GroupAssignment,130-group-assignment-50-25-sat.asp,54746,86046,0.636241,0.404803,0.257552,1.571731,2.470339,3.882709,0.400943,0.194535,0.0,0.209531,10846,0.39265,0.206408,0.206408,CLINGO-AMO,0.946445,2.2447854867424946,655234.0,212211900.0,0.003087640231297114,65497500.0,0.30864197530864196,0.010003954349402648
GroupAssignment,131-group-assignment-50-25-sat.asp,50246,78846,0.637268,0.40611,0.258801,1.5692,2.462387,3.863977,0.401027,0.194045,0.0,0.210385,9946,0.391991,0.206982,0.206982,CLINGO-AMO,0.818114,1.538796549136184,599578.0,194278500.0,0.003086177832338627,59962500.0,0.30864197530864196,0.009999216176777152
GroupAssignment,132-group-assignment-50-25-sat.asp,41246,64446,0.640009,0.409611,0.262155,1.562479,2.44134,3.814542,0.401251,0.192746,0.0,0.212651,8146,0.390244,0.208505,0.208505,CLINGO-AMO,0.6668909999999999,1.3545152056333043,488707.0,158411700.0,0.0030850435921084113,48892500.0,0.30864197530864196,0.009995541238431252
GroupAssignment,133-group-assignment-50-25-sat.asp,48746,76446,0.637653,0.406601,0.25927,1.568252,2.459414,3.85698,0.401059,0.193862,0.0,0.210704,9646,0.391745,0.207196,0.207196,CLINGO-AMO,0.8486250000000001,1.3523004860804242,581066.0,188300700.0,0.0030858408917226543,58117500.0,0.30864197530864196,0.009998124489181399
GroupAssignment,134-group-assignment-50-25-middle.asp,53246,83646,0.636564,0.405213,0.257944,1.570935,2.467836,3.87681,0.400969,0.194381,0.0,0.2098,10546,0.392443,0.206588,0.206588,AMOCLINGO-INF-MR,5.035353,3.695229311629195,2545405.0,206234100.0,0.012342309055582952,63652500.0,0.30864197530864196,0.039989081340088765
GroupAssignment,136-group-assignment-50-25-middle.asp,44996,70446,0.63873,0.407976,0.260587,1.565606,2.451122,3.83749,0.401147,0.193351,0.0,0.211597,8896,0.391057,0.207796,0.207796,AMOCLINGO-INF-MR,3.383412,2.801023936783342,2140930.0,173356200.0,0.012349889995281391,53505000.0,0.30864197530864196,0.04001364358471171
GroupAssignment,137-group-assignment-50-25-middle.asp,47246,74046,0.638063,0.407124,0.259771,1.567244,2.456253,3.849547,0.401092,0.193667,0.0,0.211044,9346,0.391483,0.207425,0.207425,AMOCLINGO-INF-MR,5.661525,2.449204410472443,2250926.0,182322900.0,0.012345821616483722,56272500.0,0.30864197530864196,0.04000046203740726
GroupAssignment,140-group-assignment-75-25-sat.asp,73021,114596,0.637204,0.406029,0.258723,1.569357,2.462881,3.865138,0.401254,0.194122,0.0,0.210159,14421,0.391613,0.207132,0.207132,CLINGO-AMO,2.732342,1.7807997681110197,881007.0,285512850.0,0.003085699995639426,88121250.0,0.30864197530864196,0.009997667985871738
GroupAssignment,141-group-assignment-75-25-sat.asp,77521,121796,0.636482,0.40511,0.257845,1.571136,2.468467,3.878296,0.401182,0.194463,0.0,0.209569,15321,0.3921,0.206718,0.206718,CLINGO-AMO,2.933052,1.9185380961537677,936898.0,303640650.0,0.0030855486575990403,93716250.0,0.30864197530864196,0.00999717765062089
GroupAssignment,142-group-assignment-75-25-sat.asp,65146,101996,0.638711,0.407952,0.260564,1.565653,2.451268,3.837834,0.401406,0.193412,0.0,0.211387,12846,0.3906,0.207994,0.207994,CLINGO-AMO,1.497099,1.3121603848509684,783185.0,253789200.0,0.003085966621117053,78330000.0,0.30864197530864196,0.009998531852419251
GroupAssignment,143-group-assignment-75-25-sat.asp,76396,119996,0.636655,0.405329,0.258055,1.570711,2.467132,3.875149,0.401199,0.194382,0.0,0.20971,15096,0.391984,0.206817,0.206817,CLINGO-AMO,4.296988,1.261670965802092,923050.0,299108700.0,0.0030860018448142764,92317500.0,0.30864197530864196,0.009998645977198257
GroupAssignment,144-group-assignment-75-25-middle.asp,70771,110996,0.6376,0.406533,0.259205,1.568383,2.459824,3.857945,0.401294,0.193935,0.0,0.210482,13971,0.391347,0.207359,0.207359,AMOCLINGO-INF-MR,11.320994,3.1532255029902854,3411724.0,276448950.0,0.012341244197165516,85323750.0,0.30864197530864196,0.03998563119881628
GroupAssignment,146-group-assignment-75-25-middle.asp,68521,107396,0.638022,0.407072,0.259721,1.567344,2.456568,3.850288,0.401337,0.193736,0.0,0.210826,13521,0.391063,0.207601,0.207601,AMOCLINGO-INF-MR,10.079218,2.662849340097615,3299079.0,267385050.0,0.012338307620414829,82526250.0,0.30864197530864196,0.039976116690144045
GroupAssignment,147-group-assignment-75-25-middle.asp,93271,146996,0.634514,0.402608,0.25546,1.57601,2.483807,3.914503,0.400982,0.195398,0.0,0.207953,18471,0.393434,0.205584,0.205584,AMOCLINGO-INF-MR,21.841636,2.870067608488668,4532529.0,367087950.0,0.012347256291033252,113298750.0,0.30864197530864196,0.04000511038294774
GroupAssignment,151-group-assignment-100-25-sat.asp,86796,135946,0.638459,0.40763,0.260255,1.56627,2.453203,3.842379,0.401516,0.193557,0.0,0.211081,17096,0.390525,0.207959,0.207959,CLINGO-AMO,3.530274,1.7610553741720898,1041676.0,337478400.0,0.0030866449526843792,104160000.0,0.30864197530864196,0.010000729646697388
GroupAssignment,153-group-assignment-100-25-sat.asp,97296,152746,0.636979,0.405742,0.258449,1.56991,2.464619,3.86923,0.401353,0.194253,0.0,0.209885,19196,0.391547,0.2071,0.2071,AMOCLINGO-INF-MR,7.051253,1.2024064375508865,1171968.0,379663200.0,0.0030868622505420594,117180000.0,0.30864197530864196,0.010001433691756273
GroupAssignment,154-group-assignment-100-25-middle.asp,101796,159946,0.63644,0.405056,0.257794,1.571241,2.468797,3.879074,0.401293,0.194507,0.0,0.209448,20096,0.391921,0.206786,0.206786,AMOCLINGO-INF-MR,15.847877,3.1692017170501763,4908993.0,397742400.0,0.01234214154689065,122760000.0,0.30864197530864196,0.03998853861192571
GroupAssignment,155-group-assignment-100-25-middle.asp,101796,159946,0.63644,0.405056,0.257794,1.571241,2.468797,3.879074,0.401293,0.194507,0.0,0.209448,20096,0.391921,0.206786,0.206786,AMOCLINGO-INF-MR,43.00358,2.201191389182017,4911824.0,397742400.0,0.012349259219032217,122760000.0,0.30864197530864196,0.040011599869664384
GroupAssignment,156-group-assignment-100-25-middle.asp,104796,164746,0.636106,0.404631,0.257389,1.572064,2.471385,3.885174,0.401256,0.194664,0.0,0.209178,20696,0.392152,0.206592,0.206592,AMOCLINGO-INF-MR,15.746301,5.128997724608464,5058850.0,409795200.0,0.01234482492718314,126480000.0,0.30864197530864196,0.039997232764073375
GroupAssignment,157-group-assignment-100-25-middle.asp,101796,159946,0.63644,0.405056,0.257794,1.571241,2.468797,3.879074,0.401293,0.194507,0.0,0.209448,20096,0.391921,0.206786,0.206786,AMOCLINGO-INF-MR,29.020065,2.946721414993385,4912466.0,397742400.0,0.012350873329069267,122760000.0,0.30864197530864196,0.040016829586184424
GroupAssignment,160-group-assignment-30-35-sat.asp,38396,60376,0.635948,0.40443,0.257196,1.572455,2.472616,3.888079,0.400302,0.194552,0.0,0.209683,7656,0.393947,0.205751,0.205751,CLINGO-AMO,0.545118,1.2504026651110405,328938.0,149250600.0,0.002203930838468991,46065000.0,0.30864197530864196,0.007140735916639531
GroupAssignment,162-group-assignment-30-35-sat.asp,39746,62536,0.63557,0.403949,0.256738,1.573391,2.475559,3.895023,0.400292,0.194737,0.0,0.209354,7926,0.394153,0.205555,0.205555,CLINGO-AMO,0.562191,1.2443102077407855,340905.0,154645200.0,0.0022044331152858286,47730000.0,0.30864197530864196,0.007142363293526084
GroupAssignment,163-group-assignment-30-35-sat.asp,41546,65416,0.635105,0.403358,0.256174,1.574544,2.479188,3.903591,0.400279,0.194965,0.0,0.208949,8286,0.394406,0.205315,0.205315,CLINGO-AMO,0.587565,1.2933888165564662,356812.0,161838000.0,0.0022047479578343777,49950000.0,0.30864197530864196,0.007143383383383384
GroupAssignment,164-group-assignment-30-35-middle.asp,40646,63976,0.635332,0.403647,0.25645,1.57398,2.477414,3.8994,0.400285,0.194853,0.0,0.209147,8106,0.394282,0.205432,0.205432,CLINGO-AMO,2.168734,1.4816335244432923,1395395.0,158241600.0,0.008818129998685554,48840000.0,0.30864197530864196,0.028570741195741194
GroupAssignment,165-group-assignment-30-35-middle.asp,43796,69016,0.634577,0.402689,0.255537,1.575852,2.483309,3.913326,0.400265,0.195223,0.0,0.208489,8736,0.394694,0.205042,0.205042,CLINGO-AMO,3.275223,1.651025594287778,1506170.0,170829000.0,0.008816828524430864,52725000.0,0.30864197530864196,0.028566524419155997
GroupAssignment,166-group-assignment-30-35-middle.asp,40196,63256,0.63545,0.403796,0.256592,1.573689,2.476497,3.897236,0.400289,0.194796,0.0,0.20925,8016,0.394218,0.205493,0.205493,CLINGO-AMO,1.6322070000000002,2.2217004338297777,1379561.0,156443400.0,0.008818275491327854,48285000.0,0.30864197530864196,0.028571212591902248
GroupAssignment,167-group-assignment-30-35-middle.asp,40646,63976,0.635332,0.403647,0.25645,1.57398,2.477414,3.8994,0.400285,0.194853,0.0,0.209147,8106,0.394282,0.205432,0.205432,CLINGO-AMO,2.535866,1.2498132787773486,1395437.0,158241600.0,0.008818395415617637,48840000.0,0.30864197530864196,0.028571601146601146
GroupAssignment,170-group-assignment-50-35-sat.asp,56316,88496,0.636368,0.404964,0.257706,1.571418,2.469356,3.880391,0.400774,0.194439,0.0,0.209727,11176,0.39289,0.206336,0.206336,CLINGO-AMO,0.762534,1.292125990447639,480979.0,218189700.0,0.002204407449114234,67342500.0,0.30864197530864196,0.007142280135130118
GroupAssignment,171-group-assignment-50-35-sat.asp,75066,118496,0.63349,0.401309,0.254225,1.578558,2.491844,3.933519,0.400581,0.195828,0.0,0.207298,14926,0.394666,0.204753,0.204753,CLINGO-AMO,1.050443,1.252788585387308,645894.0,292912200.0,0.0022050771528123445,90405000.0,0.30864197530864196,0.007144449975111996
GroupAssignment,172-group-assignment-50-35-sat.asp,63066,99296,0.635131,0.403392,0.256207,1.574478,2.478979,3.903098,0.400691,0.195034,0.0,0.208686,12526,0.393651,0.205658,0.205658,CLINGO-AMO,0.8850370000000001,1.2502562039779126,540265.0,245089800.0,0.002204355301607819,75645000.0,0.30864197530864196,0.007142111177209333
GroupAssignment,173-group-assignment-50-35-sat.asp,58566,92096,0.635923,0.404399,0.257166,1.572516,2.472808,3.888531,0.400744,0.194652,0.0,0.209354,11626,0.393163,0.206092,0.206092,CLINGO-AMO,0.793835,5.311128886985332,500768.0,227156400.0,0.0022045075551470265,70110000.0,0.30864197530864196,0.007142604478676365
GroupAssignment,174-group-assignment-50-35-middle.asp,60066,94496,0.635646,0.404046,0.25683,1.573203,2.474967,3.893625,0.400726,0.194786,0.0,0.20912,11926,0.393334,0.20594,0.20594,AMOCLINGO-INF-MR,5.41526,1.6489439103570278,2055678.0,233134200.0,0.00881757374078964,71955000.0,0.30864197530864196,0.02856893892015843
GroupAssignment,176-group-assignment-50-35-middle.asp,65316,102896,0.634777,0.402942,0.255778,1.575357,2.481749,3.90964,0.400668,0.195205,0.0,0.208387,12976,0.39387,0.205463,0.205463,AMOCLINGO-INF-MR,5.007262,3.4506776358017617,2241008.0,254056500.0,0.008820904011509251,78412500.0,0.30864197530864196,0.02857972899728997
GroupAssignment,177-group-assignment-50-35-middle.asp,73566,116096,0.633665,0.401532,0.254437,1.57812,2.490464,3.930251,0.400593,0.195743,0.0,0.207446,14626,0.394557,0.20485,0.20485,AMOCLINGO-INF-MR,6.652996999999999,2.4416477265809684,2530258.0,286934400.0,0.008818245564142884,88560000.0,0.30864197530864196,0.028571115627822944
GroupAssignment,180-group-assignment-75-35-sat.asp,114716,181246,0.63293,0.4006,0.253552,1.579954,2.496255,3.943967,0.400729,0.196137,0.0,0.206693,22776,0.394679,0.204592,0.204592,CLINGO-AMO,2.248041,1.348175589324216,998916.0,453195000.0,0.002204163770562341,139875000.0,0.30864197530864196,0.007141490616621984
GroupAssignment,182-group-assignment-75-35-sat.asp,107966,170446,0.633432,0.401236,0.254156,1.578701,2.492296,3.934589,0.400774,0.195895,0.0,0.207111,21426,0.394346,0.204879,0.204879,CLINGO-AMO,2.229431,3.512370196700414,939299.0,426003300.0,0.0022049101497570557,131482500.0,0.30864197530864196,0.007143908885212861
GroupAssignment,183-group-assignment-75-35-sat.asp,115841,183046,0.632852,0.400501,0.253458,1.580149,2.49687,3.945425,0.400722,0.196174,0.0,0.206628,23001,0.394731,0.204548,0.204548,CLINGO-AMO,2.06665,1.4354414148501198,1009120.0,457726950.0,0.0022046331333560325,141273750.0,0.30864197530864196,0.007143011352073545
GroupAssignment,184-group-assignment-75-35-middle.asp,105716,166846,0.633614,0.401467,0.254375,1.578247,2.490865,3.931201,0.400791,0.195808,0.0,0.207263,20976,0.394226,0.204983,0.204983,AMOCLINGO-INF-MR,15.727886,2.8263746316574268,3677265.0,416939400.0,0.008819663001385813,128685000.0,0.30864197530864196,0.028575708124490035
GroupAssignment,185-group-assignment-75-35-middle.asp,98966,156046,0.63421,0.402223,0.255094,1.576764,2.486184,3.920125,0.400845,0.195522,0.0,0.207758,19626,0.393832,0.205323,0.205323,AMOCLINGO-INF-MR,8.249329,3.121040874960861,3436759.0,389747700.0,0.008817907071677395,120292500.0,0.30864197530864196,0.028570018912234763
GroupAssignment,186-group-assignment-75-35-middle.asp,96716,152446,0.634428,0.402499,0.255356,1.576223,2.484479,3.916094,0.400864,0.195418,0.0,0.207939,19176,0.393689,0.205447,0.205447,AMOCLINGO-INF-MR,9.556887,4.285677334052396,3357290.0,380683800.0,0.00881910393875442,117495000.0,0.30864197530864196,0.028573896761564323
GroupAssignment,187-group-assignment-75-35-middle.asp,97841,154246,0.634318,0.402359,0.255224,1.576497,2.485341,3.918132,0.400854,0.19547,0.0,0.207847,19401,0.393761,0.205384,0.205384,AMOCLINGO-INF-MR,12.288491,2.624360305915511,3396978.0,385215750.0,0.00881837775324607,118893750.0,0.30864197530864196,0.028571543920517268
GroupAssignment,190-group-assignment-100-35-sat.asp,130366,205596,0.634088,0.402068,0.254946,1.577068,2.487142,3.922392,0.400948,0.195603,0.0,0.207577,25826,0.393707,0.205345,0.205345,CLINGO-AMO,3.804981,2.251267220519629,1129686.0,512244000.0,0.0022053669735516666,158100000.0,0.30864197530864196,0.0071453889943074
GroupAssignment,191-group-assignment-100-35-sat.asp,125866,198396,0.634418,0.402486,0.255345,1.576248,2.484557,3.916277,0.400982,0.195446,0.0,0.207848,24926,0.393482,0.205536,0.205536,CLINGO-AMO,3.414593,2.665376810647711,1089311.0,494164800.0,0.002204347618446316,152520000.0,0.30864197530864196,0.007142086283766063
GroupAssignment,192-group-assignment-100-35-sat.asp,145366,229596,0.633138,0.400864,0.253802,1.579434,2.494612,3.940074,0.40085,0.196057,0.0,0.206795,28826,0.394356,0.204793,0.204793,CLINGO-AMO,5.931507,1.7897315134248346,1262104.0,572508000.0,0.002204517666128683,176700000.0,0.30864197530864196,0.007142637238256933
GroupAssignment,193-group-assignment-100-35-sat.asp,148366,234396,0.632972,0.400653,0.253602,1.57985,2.495925,3.943187,0.400833,0.196137,0.0,0.206658,29426,0.39447,0.204696,0.204696,CLINGO-AMO,5.301444,1.914037194394584,1288462.0,584560800.0,0.0022041539562693904,180420000.0,0.30864197530864196,0.007141458818312825
GroupAssignment,194-group-assignment-100-35-middle.asp,142366,224796,0.633312,0.401084,0.254011,1.579001,2.493243,3.936832,0.400868,0.195974,0.0,0.206938,28226,0.394237,0.204894,0.204894,AMOCLINGO-INF-MR,36.14554,2.808791873077564,4942821.0,560455200.0,0.008819297242669886,172980000.0,0.30864197530864196,0.028574523066250433
GroupAssignment,195-group-assignment-100-35-middle.asp,125866,198396,0.634418,0.402486,0.255345,1.576248,2.484557,3.916277,0.400982,0.195446,0.0,0.207848,24926,0.393482,0.205536,0.205536,AMOCLINGO-INF-MR,10.617829,10.208904004764062,4358662.0,494164800.0,0.008820259961858878,152520000.0,0.30864197530864196,0.028577642276422763
GroupAssignment,196-group-assignment-100-35-middle.asp,161866,255996,0.632299,0.399802,0.252794,1.58153,2.501238,3.955785,0.400764,0.196459,0.0,0.206103,32126,0.394932,0.204305,0.204305,AMOCLINGO-INF-MR,38.98371,4.571599650212871,5633071.0,638798400.0,0.008818229663693585,197160000.0,0.30864197530864196,0.028571064110367216
GroupAssignment,197-group-assignment-100-35-middle.asp,146866,231996,0.633054,0.400757,0.253701,1.579644,2.495275,3.941647,0.400842,0.196097,0.0,0.206726,29126,0.394414,0.204744,0.204744,AMOCLINGO-INF-MR,41.17867,1.9953348177588064,5101208.0,578534400.0,0.008817467033939555,178560000.0,0.30864197530864196,0.02856859318996416
GroupAssignment,200-group-assignment-150-10-sat.asp,62491,95771,0.652504,0.425762,0.277812,1.532557,2.34873,3.599562,0.403578,0.187227,0.0,0.221808,12051,0.380071,0.216351,0.216351,AMOCLINGO-L,18.014015,2.034224186001844,1818315.0,235661400.0,0.007715794780137944,72735000.0,0.30864197530864196,0.024999175087646937
GroupAssignment,201-group-assignment-150-10-sat.asp,44491,66971,0.664332,0.441337,0.293195,1.505271,2.26584,3.410703,0.405026,0.182059,0.0,0.230631,8451,0.372008,0.222966,0.222966,AMOCLINGO-L,5.223433,1.8851716868963384,1258715.0,163150200.0,0.007715068691304086,50355000.0,0.30864197530864196,0.02499682255982524
GroupAssignment,202-group-assignment-150-10-sat.asp,55741,84971,0.656,0.430336,0.282301,1.52439,2.323764,3.542321,0.404011,0.18568,0.0,0.224449,10701,0.377657,0.218331,0.218331,AMOCLINGO-INF-MR,10.819325,2.231445677063957,1608416.0,208469700.0,0.007715346642701553,64342500.0,0.30864197530864196,0.024997723122353033
GroupAssignment,203-group-assignment-150-10-sat.asp,66991,102971,0.650581,0.423256,0.275362,1.537087,2.362637,3.631578,0.403338,0.188085,0.0,0.220343,12951,0.381409,0.215253,0.215253,AMOCLINGO-L,17.306095,2.024204189333296,1959243.0,253789200.0,0.007719962078764581,78330000.0,0.30864197530864196,0.025012677135197243
GroupAssignment,204-group-assignment-150-10-middle.asp,55741,84971,0.656,0.430336,0.282301,1.52439,2.323764,3.542321,0.404011,0.18568,0.0,0.224449,10701,0.377657,0.218331,0.218331,AMOCLINGO-L,60.071993,1.3402516876708253,6432274.0,208469700.0,0.030854718935173792,64342500.0,0.30864197530864196,0.09996928934996309
GroupAssignment,205-group-assignment-150-10-middle.asp,73741,113771,0.648153,0.420102,0.27229,1.542846,2.380373,3.672549,0.403032,0.189176,0.0,0.218481,14301,0.383111,0.213857,0.213857,AMOCLINGO-INF-MR,45.97339,3.4039823254278176,8668044.0,280980900.0,0.03084922854186886,86722500.0,0.30864197530864196,0.09995150047565511
GroupAssignment,206-group-assignment-150-10-middle.asp,62491,95771,0.652504,0.425762,0.277812,1.532557,2.34873,3.599562,0.403578,0.187227,0.0,0.221808,12051,0.380071,0.216351,0.216351,AMOCLINGO-L,71.692224,2.515820962675116,7271022.0,235661400.0,0.030853682444388433,72735000.0,0.30864197530864196,0.09996593111981852
GroupAssignment,207-group-assignment-150-10-middle.asp,57991,88571,0.65474,0.428685,0.280677,1.527323,2.332716,3.562812,0.403856,0.186236,0.0,0.2235,11151,0.378524,0.21762,0.21762,AMOCLINGO-INF-MR,39.54314,1.5937492065627563,6716838.0,217533600.0,0.030877243791303965,67140000.0,0.30864197530864196,0.10004226988382485
GroupAssignment,210-group-assignment-200-10-sat.asp,89291,137271,0.650472,0.423114,0.275224,1.537344,2.363427,3.633401,0.4034,0.188149,0.0,0.22019,17251,0.381349,0.215251,0.215251,AMOCLINGO-INF-MR,19.515474,1.2478297990609912,2604547.0,337478400.0,0.007717670227190837,104160000.0,0.30864197530864196,0.02500525153609831
GroupAssignment,211-group-assignment-200-10-sat.asp,86291,132471,0.651395,0.424316,0.276397,1.535166,2.356734,3.617978,0.403518,0.187737,0.0,0.220892,16651,0.3807,0.215781,0.215781,AMOCLINGO-INF-MR,17.692619,1.360225865938785,2510927.0,325425600.0,0.007715825061089232,100440000.0,0.30864197530864196,0.024999273197929113
GroupAssignment,212-group-assignment-200-10-sat.asp,89291,137271,0.650472,0.423114,0.275224,1.537344,2.363427,3.633401,0.4034,0.188149,0.0,0.22019,17251,0.381349,0.215251,0.215251,AMOCLINGO-L,23.265496,2.564314124229288,2605099.0,337478400.0,0.007719305887428647,104160000.0,0.30864197530864196,0.025010551075268818
GroupAssignment,213-group-assignment-200-10-sat.asp,71291,108471,0.657236,0.431959,0.283899,1.521524,2.315037,3.522385,0.404259,0.185157,0.0,0.225288,13651,0.376639,0.219102,0.219102,AMOCLINGO-L,22.255171,2.2370068511268686,2045686.0,265161600.0,0.007714865199184196,81840000.0,0.30864197530864196,0.024996163245356792
GroupAssignment,214-group-assignment-200-10-middle.asp,86291,132471,0.651395,0.424316,0.276397,1.535166,2.356734,3.617978,0.403518,0.187737,0.0,0.220892,16651,0.3807,0.215781,0.215781,AMOCLINGO-INF-MR,217.67858,1.8829588790959588,10049415.0,325425600.0,0.030880837278935647,100440000.0,0.30864197530864196,0.10005391278375149
GroupAssignment,215-group-assignment-200-10-middle.asp,104291,161271,0.646682,0.418197,0.27044,1.546356,2.391216,3.697672,0.402911,0.189853,0.0,0.217286,20251,0.384031,0.213058,0.213058,AMOCLINGO-INF-MR,541.62696,1.2879966757932433,12276165.0,397742400.0,0.03086461237222886,122760000.0,0.30864197530864196,0.1000013440860215
GroupAssignment,216-group-assignment-200-10-middle.asp,77291,118071,0.654615,0.42852,0.280516,1.527616,2.333612,3.564864,0.403928,0.186309,0.0,0.223325,14851,0.378453,0.217619,0.217619,AMOCLINGO-INF-MR,86.3722,2.2362131218146577,8932974.0,289267200.0,0.030881392705429445,89280000.0,0.30864197530864196,0.1000557123655914
GroupAssignment,217-group-assignment-200-10-middle.asp,77291,118071,0.654615,0.42852,0.280516,1.527616,2.333612,3.564864,0.403928,0.186309,0.0,0.223325,14851,0.378453,0.217619,0.217619,AMOCLINGO-INF-MR,84.62796,3.064450590561323,8931225.0,289267200.0,0.030875346392539492,89280000.0,0.30864197530864196,0.10003612231182796
GroupAssignment,220-group-assignment-250-10-sat.asp,119091,183571,0.648746,0.420872,0.273039,1.541435,2.376021,3.662481,0.403221,0.188931,0.0,0.218833,23051,0.382489,0.21429,0.21429,AMOCLINGO-L,58.312047,1.2128630984262996,3480823.0,451251000.0,0.0077137180859433,139275000.0,0.30864197530864196,0.024992446598456293
GroupAssignment,221-group-assignment-250-10-sat.asp,89091,135571,0.657154,0.431851,0.283793,1.521714,2.315613,3.5237,0.404306,0.185204,0.0,0.225174,17051,0.376592,0.219102,0.219102,AMOCLINGO-INF-MR,16.538634,3.881129723289119,2553722.0,330917400.0,0.007717097982759444,102135000.0,0.30864197530864196,0.025003397464140598
GroupAssignment,222-group-assignment-250-10-sat.asp,107841,165571,0.651328,0.424228,0.276311,1.535325,2.357223,3.619104,0.403557,0.187776,0.0,0.220797,20801,0.380662,0.215781,0.215781,AMOCLINGO-INF-MR,17.587703,5.600374363838188,3134538.0,406125900.0,0.007718143560900696,125347500.0,0.30864197530864196,0.025006785137318254
GroupAssignment,224-group-assignment-250-10-middle.asp,85341,129571,0.658643,0.43381,0.285726,1.518274,2.305155,3.499857,0.404495,0.184554,0.0,0.22628,16301,0.375564,0.219941,0.219941,AMOCLINGO-INF-MR,40.3617,4.278990974116551,9756652.0,315875700.0,0.030887630799076977,97492500.0,0.30864197530864196,0.10007592378900941
GroupAssignment,225-group-assignment-250-10-middle.asp,107841,165571,0.651328,0.424228,0.276311,1.535325,2.357223,3.619104,0.403557,0.187776,0.0,0.220797,20801,0.380662,0.215781,0.215781,AMOCLINGO-INF-MR,183.01609,1.4984518246455818,12535856.0,406125900.0,0.03086692082430596,125347500.0,0.30864197530864196,0.10000882347075131
GroupAssignment,230-group-assignment-150-15-sat.asp,67026,102996,0.650763,0.423493,0.275593,1.536657,2.361316,3.628534,0.403276,0.187987,0.0,0.220526,12966,0.381434,0.21529,0.21529,AMOCLINGO-INF-MR,6.768423,1.476021223850814,1306018.0,253789200.0,0.005146073985811847,78330000.0,0.30864197530864196,0.016673279714030383
GroupAssignment,231-group-assignment-150-15-sat.asp,98526,153396,0.642298,0.412547,0.264978,1.556909,2.423965,3.773893,0.402229,0.191828,0.0,0.213964,19266,0.38737,0.210401,0.210401,AMOCLINGO-L,10.141884,1.5844178458361384,1957963.0,380683800.0,0.0051432790152877534,117495000.0,0.30864197530864196,0.01666422400953232
GroupAssignment,233-group-assignment-150-15-sat.asp,89526,138996,0.64409,0.414853,0.267203,1.552577,2.410495,3.742479,0.402453,0.191006,0.0,0.215368,17466,0.3861,0.211447,0.211447,AMOCLINGO-L,16.048139,1.2974090017540354,1772099.0,344428200.0,0.005145046195404441,106305000.0,0.30864197530864196,0.01666994967311039
GroupAssignment,234-group-assignment-150-15-middle.asp,103026,160596,0.641523,0.411552,0.26402,1.558791,2.429829,3.787596,0.402132,0.192184,0.0,0.213354,20166,0.387921,0.209947,0.209947,AMOCLINGO-INF-MR,62.38595,5.20662713319265,8210258.0,398811600.0,0.020586808407779513,123090000.0,0.30864197530864196,0.06670125924120562
GroupAssignment,235-group-assignment-150-15-middle.asp,96276,149796,0.642714,0.413081,0.265493,1.555902,2.42083,3.766574,0.402281,0.191637,0.0,0.21429,18816,0.387075,0.210644,0.210644,AMOCLINGO-INF-MR,95.13133,1.622517460861737,7643443.0,371619900.0,0.020567905540042394,114697500.0,0.30864197530864196,0.06664001394973736
GroupAssignment,236-group-assignment-150-15-middle.asp,107526,167796,0.640814,0.410642,0.263145,1.560516,2.435209,3.800182,0.402042,0.192512,0.0,0.212795,21066,0.388427,0.209531,0.209531,AMOCLINGO-INF-MR,40.70022,3.121519711687062,8580483.0,416939400.0,0.020579688559056782,128685000.0,0.30864197530864196,0.06667819093134399
GroupAssignment,237-group-assignment-150-15-middle.asp,91776,142596,0.643609,0.414232,0.266603,1.55374,2.414107,3.750893,0.402393,0.191226,0.0,0.214991,17916,0.386441,0.211166,0.211166,AMOCLINGO-L,82.12107900000001,2.1999248207637407,7273006.0,353492100.0,0.020574734201980752,109102500.0,0.30864197530864196,0.06666213881441764
GroupAssignment,240-group-assignment-200-15-sat.asp,152326,238096,0.639767,0.409302,0.261858,1.563069,2.443184,3.818864,0.401967,0.193007,0.0,0.21192,29866,0.389073,0.20896,0.20896,AMOCLINGO-INF-MR,18.375714,2.558405023064682,3037442.0,590587200.0,0.005143088099437306,182280000.0,0.30864197530864196,0.01666360544217687
GroupAssignment,241-group-assignment-200-15-sat.asp,113326,175696,0.645012,0.41604,0.268351,1.550359,2.403613,3.726464,0.402644,0.190601,0.0,0.216023,22066,0.385313,0.212043,0.212043,AMOCLINGO-INF-MR,9.701801,2.3688795513327885,2231236.0,433900800.0,0.0051422721506851335,133920000.0,0.30864197530864196,0.016660961768219833
GroupAssignment,243-group-assignment-200-15-sat.asp,122326,190096,0.643496,0.414087,0.266463,1.554011,2.414951,3.752862,0.402449,0.191292,0.0,0.214844,23866,0.386394,0.211157,0.211157,AMOCLINGO-INF-MR,10.49357,2.773925175131056,2417809.0,470059200.0,0.005143626590012492,145080000.0,0.30864197530864196,0.016665350151640473
GroupAssignment,244-group-assignment-200-15-middle.asp,122326,190096,0.643496,0.414087,0.266463,1.554011,2.414951,3.752862,0.402449,0.191292,0.0,0.214844,23866,0.386394,0.211157,0.211157,AMOCLINGO-INF-MR,86.44297999999999,3.36178428832509,9673519.0,470059200.0,0.020579363195103936,145080000.0,0.30864197530864196,0.06667713675213675
GroupAssignment,245-group-assignment-200-15-middle.asp,110326,170896,0.645574,0.416766,0.269053,1.549009,2.39943,3.716739,0.402716,0.190345,0.0,0.216458,21466,0.384914,0.212371,0.212371,AMOCLINGO-INF-MR,35.782970000000006,2.963360755130163,8680801.0,421848000.0,0.02057803047543191,130200000.0,0.30864197530864196,0.06667281874039939
GroupAssignment,246-group-assignment-200-15-middle.asp,110326,170896,0.645574,0.416766,0.269053,1.549009,2.39943,3.716739,0.402716,0.190345,0.0,0.216458,21466,0.384914,0.212371,0.212371,AMOCLINGO-L,134.908295,1.3165698966101378,8680374.0,421848000.0,0.020577018262502134,130200000.0,0.30864197530864196,0.06666953917050691
GroupAssignment,247-group-assignment-200-15-middle.asp,92326,142096,0.649744,0.422167,0.2743,1.539068,2.368731,3.645638,0.403245,0.188463,0.0,0.219667,17866,0.381973,0.214782,0.214782,AMOCLINGO-INF-MR,39.46567,3.14286576155935,7191015.0,349531200.0,0.020573313626938025,107880000.0,0.30864197530864196,0.0666575361512792
GroupAssignment,250-group-assignment-250-15-sat.asp,167876,261596,0.641738,0.411827,0.264285,1.558269,2.428203,3.783794,0.402261,0.192106,0.0,0.213437,32816,0.387584,0.210155,0.210155,AMOCLINGO-INF-MR,33.944680000000005,2.9576347162500864,3326841.0,646793100.0,0.005143593832401737,199627500.0,0.30864197530864196,0.016665244016981627
GroupAssignment,251-group-assignment-250-15-sat.asp,160376,249596,0.642542,0.412861,0.26528,1.556318,2.422125,3.769595,0.402367,0.191737,0.0,0.214066,31316,0.387003,0.21063,0.21063,AMOCLINGO-INF-MR,82.47985,1.2393527873777657,3173226.0,616709700.0,0.0051454128255157975,190342500.0,0.30864197530864196,0.016671137554671187
GroupAssignment,252-group-assignment-250-15-sat.asp,130376,201596,0.646719,0.418246,0.270488,1.546266,2.390939,3.697028,0.402912,0.189836,0.0,0.217302,25316,0.384012,0.213076,0.213076,AMOCLINGO-INF-MR,34.30069,2.125208589098353,2553960.0,496376100.0,0.005145211463646215,153202500.0,0.30864197530864196,0.016670485142213736
GroupAssignment,253-group-assignment-250-15-sat.asp,171626,267596,0.641362,0.411346,0.263822,1.559181,2.431045,3.79044,0.402212,0.192279,0.0,0.213144,33566,0.387855,0.209933,0.209933,AMOCLINGO-INF-MR,17.960049,4.434521086217526,3402608.0,661834800.0,0.005141174202384039,204270000.0,0.30864197530864196,0.016657404415724286
GroupAssignment,254-group-assignment-250-15-middle.asp,164126,255596,0.642131,0.412332,0.264771,1.557316,2.425232,3.776852,0.402313,0.191926,0.0,0.213744,32066,0.3873,0.210387,0.210387,AMOCLINGO-INF-MR,241.10267,1.950837168248697,12993218.0,631751400.0,0.020566979352954342,194985000.0,0.30864197530864196,0.06663701310357208
GroupAssignment,255-group-assignment-250-15-middle.asp,152876,237596,0.643428,0.414,0.266379,1.554175,2.415459,3.754045,0.402483,0.191332,0.0,0.214756,29816,0.386365,0.211152,0.211152,AMOCLINGO-INF-MR,79.18786,6.523756040382959,12068278.0,586626300.0,0.020572343926619042,181057500.0,0.30864197530864196,0.0666543943222457
GroupAssignment,256-group-assignment-250-15-middle.asp,111126,171346,0.648547,0.420614,0.272788,1.541907,2.377478,3.665851,0.402966,0.188975,0.0,0.21895,21566,0.383043,0.213991,0.213991,AMOCLINGO-INF-MR,53.10261,2.8902369958840066,8666737.0,421167600.0,0.02057788158443337,129990000.0,0.30864197530864196,0.06667233633356412
GroupAssignment,257-group-assignment-250-15-middle.asp,137876,213596,0.645499,0.416669,0.268959,1.549189,2.399987,3.718034,0.402753,0.190388,0.0,0.216361,26816,0.384882,0.212365,0.212365,AMOCLINGO-INF-MR,127.15961,2.872813159776127,10828456.0,526459500.0,0.020568450184677074,162487500.0,0.30864197530864196,0.06664177859835373
GroupAssignment,261-group-assignment-150-20-sat.asp,118811,185821,0.639384,0.408812,0.261388,1.564005,2.446112,3.825731,0.401815,0.193164,0.0,0.211689,23331,0.389535,0.208651,0.208651,AMOCLINGO-INF-MR,13.629636,1.2357953653347749,1782688.0,462258900.0,0.003856470908402196,142672500.0,0.30864197530864196,0.012494965743223115
GroupAssignment,262-group-assignment-150-20-sat.asp,121061,189421,0.639111,0.408463,0.261053,1.564674,2.448205,3.830642,0.401781,0.193291,0.0,0.211472,23781,0.389729,0.20849,0.20849,AMOCLINGO-INF-MR,8.941654999999999,2.761677676000696,1818327.0,471322800.0,0.0038579228503267823,145470000.0,0.30864197530864196,0.012499670035058775
GroupAssignment,263-group-assignment-150-20-sat.asp,123311,193021,0.638848,0.408126,0.26073,1.565319,2.450222,3.835378,0.401748,0.193413,0.0,0.211263,24231,0.389917,0.208335,0.208335,AMOCLINGO-INF-MR,9.475882,2.44456769301264,1853039.0,480386700.0,0.0038573903066009114,148267500.0,0.30864197530864196,0.012497944593386953
GroupAssignment,265-group-assignment-150-20-middle.asp,123311,193021,0.638848,0.408126,0.26073,1.565319,2.450222,3.835378,0.401748,0.193413,0.0,0.211263,24231,0.389917,0.208335,0.208335,AMOCLINGO-INF-MR,104.83655,1.6599321133707658,7414035.0,480386700.0,0.015433472658589424,148267500.0,0.30864197530864196,0.05000445141382973
GroupAssignment,266-group-assignment-150-20-middle.asp,109811,171421,0.640592,0.410359,0.262873,1.561055,2.436892,3.804123,0.401963,0.192604,0.0,0.212647,21531,0.388677,0.20936,0.20936,AMOCLINGO-INF-MR,22.994152,4.587628019506873,6574584.0,426003300.0,0.015433176221874338,131482500.0,0.30864197530864196,0.050003490958872854
GroupAssignment,267-group-assignment-150-20-middle.asp,127811,200221,0.63835,0.40749,0.260121,1.56654,2.454046,3.844361,0.401687,0.193645,0.0,0.210866,25131,0.390272,0.208042,0.208042,AMOCLINGO-INF-MR,19.109434,8.183431544858943,7693517.0,498514500.0,0.015432885101636963,153862500.0,0.30864197530864196,0.050002547729303765
GroupAssignment,270-group-assignment-200-20-sat.asp,164361,257321,0.638739,0.407988,0.260598,1.565584,2.451054,3.837332,0.401798,0.193477,0.0,0.211127,32281,0.38988,0.208322,0.208322,AMOCLINGO-INF-MR,16.017158,3.827939326065211,2464474.0,638798400.0,0.0038579839899411145,197160000.0,0.30864197530864196,0.01249986812740921
GroupAssignment,271-group-assignment-200-20-sat.asp,152361,238121,0.639847,0.409404,0.261956,1.562874,2.442574,3.817435,0.40194,0.192963,0.0,0.212003,29881,0.389083,0.208977,0.208977,AMOCLINGO-L,13.924154,1.270755049103881,2278422.0,590587200.0,0.003857892619413357,182280000.0,0.30864197530864196,0.012499572086899276
GroupAssignment,273-group-assignment-200-20-sat.asp,170361,266921,0.638245,0.407357,0.259993,1.566796,2.454851,3.846252,0.401735,0.193706,0.0,0.210735,33481,0.390236,0.208029,0.208029,AMOCLINGO-INF-MR,21.653696,1.6016883676578817,2556413.0,662904000.0,0.0038563849365820693,204600000.0,0.30864197530864196,0.012494687194525905
GroupAssignment,274-group-assignment-200-20-middle.asp,164361,257321,0.638739,0.407988,0.260598,1.565584,2.451054,3.837332,0.401798,0.193477,0.0,0.211127,32281,0.38988,0.208322,0.208322,AMOCLINGO-INF-MR,131.02125999999998,2.4030204258453938,9857818.0,638798400.0,0.015431813855513727,197160000.0,0.30864197530864196,0.049999076891864475
GroupAssignment,275-group-assignment-200-20-middle.asp,161361,252521,0.639,0.408321,0.260918,1.564944,2.449051,3.832629,0.401832,0.193355,0.0,0.211334,31681,0.389691,0.208477,0.208477,AMOCLINGO-INF-MR,58.1316,5.869720582265067,9673270.0,626745600.0,0.015434125105944102,193440000.0,0.30864197530864196,0.05000656534325889
GroupAssignment,276-group-assignment-200-20-middle.asp,191361,300521,0.636764,0.405469,0.258188,1.57044,2.466282,3.873149,0.401545,0.194397,0.0,0.209557,37681,0.391308,0.207148,0.207148,AMOCLINGO-INF-MR,204.99062,3.014091620387313,11529199.0,747273600.0,0.015428350472972684,230640000.0,0.30864197530864196,0.04998785553243149
GroupAssignment,277-group-assignment-200-20-middle.asp,152361,238121,0.639847,0.409404,0.261956,1.562874,2.442574,3.817435,0.40194,0.192963,0.0,0.212003,29881,0.389083,0.208977,0.208977,AMOCLINGO-INF-MR,55.71297,4.272647769451171,9112814.0,590587200.0,0.015430090594581123,182280000.0,0.30864197530864196,0.049993493526442834
GroupAssignment,280-group-assignment-250-20-sat.asp,171661,267621,0.641433,0.411437,0.263909,1.559009,2.430508,3.789184,0.402188,0.192239,0.0,0.213217,33581,0.387863,0.209949,0.209949,AMOCLINGO-INF-MR,16.07637,3.576989457197116,2551630.0,661834800.0,0.0038553880817388266,204270000.0,0.30864197530864196,0.012491457384833798
GroupAssignment,281-group-assignment-250-20-sat.asp,201661,315621,0.638934,0.408237,0.260836,1.565107,2.449559,3.833822,0.401863,0.193394,0.0,0.211251,39581,0.389669,0.208469,0.208469,AMOCLINGO-INF-MR,29.15276,1.8098995772612956,3017947.0,782168400.0,0.0038584363674114166,241410000.0,0.30864197530864196,0.01250133383041299
GroupAssignment,282-group-assignment-250-20-sat.asp,160411,249621,0.642618,0.412958,0.265374,1.556134,2.421553,3.76826,0.402341,0.191695,0.0,0.214144,31331,0.387012,0.210646,0.210646,AMOCLINGO-L,39.699606,2.34776738086519,2379155.0,616709700.0,0.003857819975914113,190342500.0,0.30864197530864196,0.012499336721961726
GroupAssignment,283-group-assignment-250-20-sat.asp,175411,273621,0.641073,0.410974,0.263465,1.559885,2.433241,3.795577,0.402141,0.192405,0.0,0.212934,34331,0.388123,0.209736,0.209736,AMOCLINGO-INF-MR,38.79925,1.618727862007642,2611864.0,676876500.0,0.0038587009594807918,208912500.0,0.30864197530864196,0.012502191108717765
GroupAssignment,284-group-assignment-250-20-middle.asp,182911,285621,0.640398,0.410109,0.262633,1.56153,2.438376,3.807597,0.402053,0.192717,0.0,0.212404,35831,0.38861,0.209337,0.209337,AMOCLINGO-INF-MR,79.61889,4.499903766555901,10907872.0,706959900.0,0.015429265507138383,218197500.0,0.30864197530864196,0.049990820243128356
GroupAssignment,285-group-assignment-250-20-middle.asp,216661,339621,0.637949,0.406979,0.259632,1.567523,2.457127,3.851602,0.401734,0.193851,0.0,0.210472,42581,0.390384,0.207882,0.207882,AMOCLINGO-INF-MR,346.23095,1.3646863748027147,12993892.0,842335200.0,0.01542603467123302,259980000.0,0.30864197530864196,0.04998035233479498
GroupAssignment,286-group-assignment-250-20-middle.asp,175411,273621,0.641073,0.410974,0.263465,1.559885,2.433241,3.795577,0.402141,0.192405,0.0,0.212934,34331,0.388123,0.209736,0.209736,AMOCLINGO-INF-MR,105.03974,3.599281662349888,10442585.0,676876500.0,0.01542760754731476,208912500.0,0.30864197530864196,0.04998544845329982
GroupAssignment,287-group-assignment-250-20-middle.asp,175411,273621,0.641073,0.410974,0.263465,1.559885,2.433241,3.795577,0.402141,0.192405,0.0,0.212934,34331,0.388123,0.209736,0.209736,AMOCLINGO-INF-MR,50.87053,5.831105946802599,10438963.0,676876500.0,0.015422256497307855,208912500.0,0.30864197530864196,0.04996811105127745
GroupAssignment,290-group-assignment-150-25-sat.asp,134596,211046,0.637757,0.406734,0.259397,1.567996,2.458612,3.855093,0.401572,0.193914,0.0,0.210415,26496,0.390769,0.207658,0.207658,AMOCLINGO-INF-MR,9.522971,1.719219453676799,1622511.0,525706200.0,0.0030863455671627993,162255000.0,0.30864197530864196,0.009999759637607469
GroupAssignment,291-group-assignment-150-25-sat.asp,145846,229046,0.636754,0.405456,0.258176,1.570465,2.466359,3.873331,0.401451,0.194383,0.0,0.209612,28746,0.391481,0.207068,0.207068,AMOCLINGO-INF-MR,14.896349,1.584637014076402,1762379.0,571025700.0,0.0030863391962918656,176242500.0,0.30864197530864196,0.009999738995985644
GroupAssignment,292-group-assignment-150-25-sat.asp,134596,211046,0.637757,0.406734,0.259397,1.567996,2.458612,3.855093,0.401572,0.193914,0.0,0.210415,26496,0.390769,0.207658,0.207658,AMOCLINGO-INF-MR,9.599558,1.9322370884159457,1621935.0,525706200.0,0.0030852498981370205,162255000.0,0.30864197530864196,0.009996209669963946
GroupAssignment,293-group-assignment-150-25-sat.asp,152596,239846,0.636225,0.404782,0.257532,1.571771,2.470465,3.883005,0.401387,0.194632,0.0,0.209186,30096,0.391858,0.206755,0.206755,AMOCLINGO-INF-MR,17.186023,1.876848297014382,1845596.0,598217400.0,0.0030851593417376357,184635000.0,0.30864197530864196,0.00999591626722994
GroupAssignment,294-group-assignment-150-25-middle.asp,148096,232646,0.636572,0.405224,0.257955,1.570913,2.467769,3.876652,0.401429,0.194468,0.0,0.209465,29196,0.391611,0.20696,0.20696,AMOCLINGO-INF-MR,62.88073,2.489766849080792,7160697.0,580089600.0,0.01234412235627048,179040000.0,0.30864197530864196,0.03999495643431635
GroupAssignment,295-group-assignment-150-25-middle.asp,139096,218246,0.637336,0.406197,0.258884,1.569031,2.46186,3.862735,0.401521,0.194111,0.0,0.210078,27396,0.391068,0.207411,0.207411,AMOCLINGO-INF-MR,49.89022,3.128262793790045,6713050.0,543834000.0,0.01234393215576812,167850000.0,0.30864197530864196,0.03999434018468871
GroupAssignment,296-group-assignment-150-25-middle.asp,157096,247046,0.635898,0.404366,0.257135,1.57258,2.473007,3.889001,0.401347,0.194785,0.0,0.208923,30996,0.392091,0.206562,0.206562,AMOCLINGO-INF-MR,68.36746000000001,3.6002532345065905,7608388.0,616345200.0,0.012344361568809168,190230000.0,0.30864197530864196,0.0399957314829417
GroupAssignment,297-group-assignment-150-25-middle.asp,125596,196646,0.638691,0.407926,0.260539,1.565703,2.451425,3.838203,0.401685,0.193477,0.0,0.211161,24696,0.390108,0.208207,0.208207,AMOCLINGO-INF-MR,27.18581,2.6127536019710287,6046031.0,489450600.0,0.012352688912834104,151065000.0,0.30864197530864196,0.0400227120775825
GroupAssignment,300-group-assignment-200-25-sat.asp,182396,286146,0.637423,0.406308,0.25899,1.568817,2.461188,3.861154,0.401599,0.194083,0.0,0.210098,35896,0.390886,0.207516,0.207516,AMOCLINGO-INF-MR,21.636131,1.864198224719568,2194927.0,711115200.0,0.0030865983458095115,219480000.0,0.30864197530864196,0.010000578640422817
GroupAssignment,301-group-assignment-200-25-sat.asp,194396,305346,0.636642,0.405313,0.258039,1.570742,2.467231,3.875384,0.4015,0.194448,0.0,0.209474,38296,0.391448,0.207052,0.207052,AMOCLINGO-INF-MR,20.230307000000003,1.235544967261248,2343290.0,759326400.0,0.0030860114965053234,234360000.0,0.30864197530864196,0.009998677248677248
GroupAssignment,302-group-assignment-200-25-sat.asp,182396,286146,0.637423,0.406308,0.25899,1.568817,2.461188,3.861154,0.401599,0.194083,0.0,0.210098,35896,0.390886,0.207516,0.207516,AMOCLINGO-INF-MR,16.583936,2.392769364281193,2194558.0,711115200.0,0.0030860794425432055,219480000.0,0.30864197530864196,0.009998897393839985
GroupAssignment,303-group-assignment-200-25-sat.asp,191396,300546,0.636828,0.405549,0.258265,1.570284,2.465791,3.871991,0.401524,0.194361,0.0,0.209623,37696,0.391314,0.207162,0.207162,AMOCLINGO-INF-MR,19.188223,2.026676050200167,2305520.0,747273600.0,0.0030852421388899596,230640000.0,0.30864197530864196,0.009996184530003468
GroupAssignment,304-group-assignment-200-25-middle.asp,200396,314946,0.636287,0.404861,0.257608,1.571618,2.469984,3.881871,0.401455,0.194615,0.0,0.209191,39496,0.391704,0.20684,0.20684,AMOCLINGO-INF-MR,98.79119,2.6037779279711075,9674091.0,783432000.0,0.012348348037864167,241800000.0,0.30864197530864196,0.040008647642679904
GroupAssignment,305-group-assignment-200-25-middle.asp,176396,276546,0.637854,0.406858,0.259516,1.567757,2.457861,3.853328,0.401653,0.193882,0.0,0.210441,34696,0.390576,0.207771,0.207771,AMOCLINGO-INF-MR,75.66797,2.089201996564729,8481168.0,687009600.0,0.012345050200171875,212040000.0,0.30864197530864196,0.03999796264855687
GroupAssignment,306-group-assignment-200-25-middle.asp,227396,358146,0.634925,0.40313,0.255958,1.574988,2.480588,3.906896,0.401282,0.195254,0.0,0.2081,44896,0.392689,0.206028,0.206028,AMOCLINGO-INF-MR,120.97168,3.2862169063040207,11013380.0,891907200.0,0.012348123212818553,275280000.0,0.30864197530864196,0.04000791920953211
GroupAssignment,307-group-assignment-200-25-middle.asp,176396,276546,0.637854,0.406858,0.259516,1.567757,2.457861,3.853328,0.401653,0.193882,0.0,0.210441,34696,0.390576,0.207771,0.207771,AMOCLINGO-INF-MR,98.03995,2.329723750369109,8482639.0,687009600.0,0.012347191363847026,212040000.0,0.30864197530864196,0.040004900018864364
GroupAssignment,311-group-assignment-250-25-sat.asp,257946,405646,0.635889,0.404355,0.257125,1.5726,2.473072,3.889155,0.401441,0.194808,0.0,0.208846,50846,0.391927,0.206632,0.206632,AMOCLINGO-L,36.59798,1.8821402164818932,3109903.0,1007793900.0,0.003085852176719863,311047500.0,0.30864197530864196,0.009998161052572356
GroupAssignment,312-group-assignment-250-25-sat.asp,265446,417646,0.635577,0.403958,0.256746,1.573375,2.475508,3.894901,0.4014,0.194955,0.0,0.208596,52346,0.392155,0.206445,0.206445,AMOCLINGO-INF-MR,38.8413,1.219753715761316,3202834.0,1037877300.0,0.003085946672116251,320332500.0,0.30864197530864196,0.009998467217656654
GroupAssignment,313-group-assignment-250-25-sat.asp,250446,393646,0.636221,0.404778,0.257528,1.57178,2.470492,3.88307,0.401484,0.194653,0.0,0.209111,49346,0.391685,0.206831,0.206831,AMOCLINGO-INF-MR,25.25804,3.913464781907068,3017764.0,977710500.0,0.003086561921959517,301762500.0,0.30864197530864196,0.010000460627148834
GroupAssignment,314-group-assignment-250-25-middle.asp,235446,369646,0.63695,0.405705,0.258414,1.569982,2.464844,3.86976,0.401578,0.194312,0.0,0.209691,46346,0.391156,0.207266,0.207266,AMOCLINGO-INF-MR,228.1275,2.5604566744474035,11325881.0,917543700.0,0.01234369654546154,283192500.0,0.30864197530864196,0.03999357680729539
GroupAssignment,315-group-assignment-250-25-middle.asp,261696,411646,0.635731,0.404154,0.256933,1.572993,2.474307,3.892068,0.40142,0.194883,0.0,0.208719,51596,0.392043,0.206537,0.206537,AMOCLINGO-INF-MR,169.81874000000002,3.490253608052915,12626968.0,1022835600.0,0.012345061122237044,315690000.0,0.30864197530864196,0.03999799803604802
GroupAssignment,316-group-assignment-250-25-middle.asp,254196,399646,0.636053,0.404563,0.257324,1.572196,2.471801,3.886156,0.401462,0.194732,0.0,0.208977,50096,0.391808,0.20673,0.20673,AMOCLINGO-INF-MR,108.40904,6.044597572305777,12259013.0,992752200.0,0.012348512549254486,306405000.0,0.30864197530864196,0.04000918065958454
GroupAssignment,317-group-assignment-250-25-middle.asp,227946,357646,0.637351,0.406216,0.258902,1.568994,2.461743,3.862462,0.40163,0.194125,0.0,0.21001,44846,0.390865,0.207505,0.207505,AMOCLINGO-INF-MR,56.09291,8.224165941827586,10957883.0,887460300.0,0.01234746275410855,273907500.0,0.30864197530864196,0.0400057793233117
GroupAssignment,322-group-assignment-150-35-sat.asp,231416,365896,0.632464,0.400011,0.252992,1.581118,2.499934,3.952691,0.40088,0.1964,0.0,0.20617,45876,0.39464,0.20448,0.20448,AMOCLINGO-INF-MR,18.01503,1.4409065652402466,2018611.0,915453900.0,0.002205038396799664,282547500.0,0.30864197530864196,0.007144324405630911
GroupAssignment,324-group-assignment-150-35-middle.asp,172916,272296,0.63503,0.403262,0.256084,1.57473,2.479774,3.904975,0.401177,0.195181,0.0,0.208257,34176,0.392827,0.205996,0.205996,AMOCLINGO-INF-MR,19.10205,8.963073387411299,5994023.0,679792500.0,0.008817430318810519,209812500.0,0.30864197530864196,0.028568474232946083
GroupAssignment,325-group-assignment-150-35-middle.asp,217916,344296,0.632932,0.400603,0.253555,1.579948,2.496236,3.943924,0.400934,0.196177,0.0,0.206552,43176,0.394308,0.204758,0.204758,AMOCLINGO-INF-MR,45.35667,5.325383014229219,7594573.0,861070500.0,0.008819920087844144,265762500.0,0.30864197530864196,0.028576541084615024
GroupAssignment,326-group-assignment-150-35-middle.asp,204416,322696,0.633463,0.401275,0.254193,1.578624,2.492054,3.934016,0.400996,0.195924,0.0,0.206985,40476,0.393932,0.205072,0.205072,AMOCLINGO-INF-MR,45.3552,5.850034174692207,7113900.0,806687100.0,0.00881866091573796,248977500.0,0.30864197530864196,0.028572461366990994
GroupAssignment,327-group-assignment-150-35-middle.asp,206666,326296,0.63337,0.401157,0.254081,1.578857,2.492788,3.935756,0.400985,0.195968,0.0,0.206909,40926,0.393998,0.205017,0.205017,AMOCLINGO-INF-MR,47.77937,5.2511454211305,7191662.0,815751000.0,0.00881600145142329,251775000.0,0.30864197530864196,0.02856384470261146
GroupAssignment,330-group-assignment-200-35-sat.asp,245466,386996,0.634286,0.402318,0.255185,1.576577,2.485594,3.91873,0.401155,0.195546,0.0,0.207609,48526,0.393236,0.205609,0.205609,AMOCLINGO-INF-MR,20.89999,1.562806967850224,2126677.0,964224000.0,0.002205583972189035,297600000.0,0.30864197530864196,0.0071460920698924735
GroupAssignment,331-group-assignment-200-35-sat.asp,296466,468596,0.632669,0.40027,0.253238,1.580606,2.498316,3.948854,0.400957,0.196313,0.0,0.2063,58726,0.394399,0.204644,0.204644,AMOCLINGO-INF-MR,31.64406,2.334573060473277,2577334.0,1169121600.0,0.0022045046469075587,360840000.0,0.30864197530864196,0.00714259505598049
GroupAssignment,332-group-assignment-200-35-sat.asp,305466,482996,0.63244,0.39998,0.252964,1.581178,2.500123,3.953138,0.400928,0.196421,0.0,0.206115,60526,0.394564,0.204507,0.204507,AMOCLINGO-INF-MR,59.534380000000006,1.2198162473515302,2657559.0,1205280000.0,0.0022049308044603745,372000000.0,0.30864197530864196,0.007143975806451613
GroupAssignment,333-group-assignment-200-35-sat.asp,293466,463796,0.632748,0.40037,0.253333,1.580408,2.497689,3.947368,0.400966,0.196275,0.0,0.206365,58126,0.394342,0.204692,0.204692,AMOCLINGO-INF-MR,23.88155,2.6575298504494054,2550775.0,1157068800.0,0.00220451454572105,357120000.0,0.30864197530864196,0.007142627128136201
GroupAssignment,334-group-assignment-200-35-middle.asp,245466,386996,0.634286,0.402318,0.255185,1.576577,2.485594,3.91873,0.401155,0.195546,0.0,0.207609,48526,0.393236,0.205609,0.205609,AMOCLINGO-INF-MR,64.73083,5.205827424119233,8505870.0,964224000.0,0.008821466796097173,297600000.0,0.30864197530864196,0.02858155241935484
GroupAssignment,335-group-assignment-200-35-middle.asp,248466,391796,0.634172,0.402174,0.255047,1.57686,2.486486,3.92084,0.401141,0.1956,0.0,0.207517,49126,0.393317,0.205541,0.205541,AMOCLINGO-INF-MR,58.1203,6.578394640082725,8609740.0,976276800.0,0.00881895380490451,301320000.0,0.30864197530864196,0.028573410327890614
GroupAssignment,336-group-assignment-200-35-middle.asp,248466,391796,0.634172,0.402174,0.255047,1.57686,2.486486,3.92084,0.401141,0.1956,0.0,0.207517,49126,0.393317,0.205541,0.205541,AMOCLINGO-INF-MR,77.12149,5.584645084009658,8609273.0,976276800.0,0.008818475456960568,301320000.0,0.30864197530864196,0.028571860480552238
GroupAssignment,337-group-assignment-200-35-middle.asp,263466,415796,0.633642,0.401503,0.254409,1.578177,2.490643,3.930675,0.401076,0.195851,0.0,0.207089,52126,0.393698,0.205226,0.205226,AMOCLINGO-INF-MR,107.73218,4.436696816123093,9137777.0,1036540800.0,0.008815646234089387,319920000.0,0.30864197530864196,0.028562693798449612
GroupAssignment,340-group-assignment-250-35-sat.asp,306766,483696,0.634212,0.402225,0.255096,1.576759,2.486168,3.920088,0.401185,0.195589,0.0,0.207523,60626,0.393218,0.205596,0.205596,AMOCLINGO-INF-MR,31.0308,2.447668123283963,2653007.0,1203336000.0,0.002204710072664659,371400000.0,0.30864197530864196,0.007143260635433495
GroupAssignment,341-group-assignment-250-35-sat.asp,336766,531696,0.633381,0.401171,0.254094,1.578829,2.492702,3.93555,0.40108,0.195982,0.0,0.206853,66626,0.393822,0.205098,0.205098,AMOCLINGO-INF-MR,32.94744,1.5701590169069282,2916741.0,1323669600.0,0.002203526469143055,408540000.0,0.30864197530864196,0.007139425760023499
GroupAssignment,342-group-assignment-250-35-sat.asp,363016,573696,0.632767,0.400394,0.253356,1.58036,2.497538,3.947009,0.401002,0.196272,0.0,0.206357,71876,0.394269,0.204729,0.204729,AMOCLINGO-INF-MR,30.37424,2.862761339872208,3149177.0,1428961500.0,0.0022038221463629355,441037500.0,0.30864197530864196,0.007140383754215911
GroupAssignment,343-group-assignment-250-35-sat.asp,303016,477696,0.634328,0.402372,0.255236,1.576471,2.485261,3.917943,0.4012,0.195534,0.0,0.207616,59876,0.393134,0.205666,0.205666,AMOCLINGO-INF-MR,33.62648,1.422507202656954,2620289.0,1188294300.0,0.002205084211882528,366757500.0,0.30864197530864196,0.00714447284649939
GroupAssignment,344-group-assignment-250-35-middle.asp,359266,567696,0.632849,0.400498,0.253455,1.580155,2.49689,3.945474,0.401012,0.196233,0.0,0.206424,71126,0.394209,0.204779,0.204779,AMOCLINGO-INF-MR,244.36164,3.2458159554011834,12469183.0,1413919800.0,0.008818875724068649,436395000.0,0.30864197530864196,0.028573157345982425
GroupAssignment,345-group-assignment-250-35-middle.asp,404266,639696,0.631966,0.399381,0.252395,1.582364,2.503876,3.962044,0.400899,0.196653,0.0,0.205709,80126,0.394854,0.204247,0.204247,AMOCLINGO-INF-MR,148.93595,6.5220699904892,14056561.0,1594420200.0,0.008816095656590401,492105000.0,0.30864197530864196,0.028564149927352903
GroupAssignment,346-group-assignment-250-35-middle.asp,299266,471696,0.634447,0.402523,0.255379,1.576176,2.484332,3.915745,0.401215,0.195478,0.0,0.207712,59126,0.393048,0.205737,0.205737,AMOCLINGO-INF-MR,228.52209,3.037874019093734,10346001.0,1173252600.0,0.008818221242382076,362115000.0,0.30864197530864196,0.028571036825317923
GroupAssignment,347-group-assignment-250-35-middle.asp,378016,597696,0.632455,0.4,0.252982,1.581139,2.500002,3.952852,0.400962,0.19642,0.0,0.206105,74876,0.394497,0.204542,0.204542,AMOCLINGO-INF-MR,193.07606,5.799486430373604,13131359.0,1489128300.0,0.008818151532007015,459607500.0,0.30864197530864196,0.028570810963702724
Knapsack,0006-knapsack-10-22089-251308-type3.asp,67,245,0.273469,0.074786,0.020452,3.656716,13.371575,48.896058,0.328358,0.149254,0.0,0.358209,23,0.492537,0.179104,0.179104,AMOCLINGO-L,13.465249,1.4354960684351252,251308.0,2873850.0,0.08744645684360701,273700.0,0.09523809523809523,0.9181877968578736
Knapsack,0007-knapsack-10-22687-241052-type3.asp,67,245,0.273469,0.074786,0.020452,3.656716,13.371575,48.896058,0.328358,0.149254,0.0,0.358209,23,0.492537,0.179104,0.179104,AMOCLINGO-L,178.690347,2.0869083207947434,241052.0,2873850.0,0.08387772500304469,273700.0,0.09523809523809523,0.8807161125319694
Knapsack,0011-knapsack-15-32223-358414-type1.asp,97,365,0.265753,0.070625,0.018769,3.762887,14.159316,53.279899,0.329897,0.154639,0.0,0.350515,33,0.494845,0.175258,0.175258,AMOCLINGO-L,3.502702,29.34209047757988,358414.0,4739490.0,0.07562290457412084,451380.0,0.09523809523809523,0.7940404980282688
Knapsack,0049-knapsack-30-63347-901935-type4.asp,187,725,0.257931,0.066528,0.01716,3.877005,15.03117,58.275928,0.331551,0.160428,0.0,0.342246,63,0.497326,0.171123,0.171123,AMOCLINGO-L,139.51058500000002,3.542428325420612,901935.0,9579780.0,0.09414986565453487,912360.0,0.09523809523809523,0.9885735893726161
Knapsack,0072-knapsack-45-96057-1058357-type1.asp,277,1085,0.2553,0.065178,0.01664,3.916968,15.342634,60.096601,0.33213,0.162455,0.0,0.33935,93,0.498195,0.169675,0.169675,CLINGO-AMO,89.345297,13.48709471523722,1058357.0,14488740.0,0.07304686259812793,1379880.0,0.09523809523809523,0.7669920572803433
Knapsack,0087-knapsack-50-104471-1073978-type3.asp,307,1205,0.254772,0.064909,0.016537,3.925081,15.406264,60.470842,0.332248,0.162866,0.0,0.338762,103,0.498371,0.169381,0.169381,CLINGO-AMO,5.460538,220.66911410560647,1073978.0,15570660.0,0.06897446864808557,1482920.0,0.09523809523809523,0.7242319208048984