domain,instance_name,r,a,r_a,r_a_2,r_a_3,a_r,a_r_2,a_r_3,f1,f2,f3,f_horn,n_facts,f_normal,f_constr,c_r,best_config,min_time,performance_ratio,bound,C2_sum,tightness,C1_mps,rho,mps_ratio
GraphColouring,0031-wgc-n40-d30-p41.asp,2953,822,3.592457,12.90575,46.363359,0.278361,0.077485,0.021569,0.02743,0.775483,0.0,0.945141,541,0.196749,0.775821,0.775821,AMOCLINGO-L,0.6009720000000001,1.7937957176041477,1068.0,3760.0,0.28404255319148936,2560.0,0.6808510638297872,0.4171875
GraphColouring,0034-wgc-n40-d30-p40.asp,3121,850,3.671765,13.481856,49.502203,0.272349,0.074174,0.020201,0.025953,0.778597,0.0,0.948094,569,0.19513,0.778917,0.778917,AMOCLINGO-L,0.5869489999999999,1.2118855300886449,1041.0,3760.0,0.2768617021276596,2560.0,0.6808510638297872,0.406640625
GraphColouring,0035-wgc-n40-d30-p39.asp,2989,828,3.609903,13.031402,47.042104,0.277016,0.076738,0.021258,0.027099,0.776179,0.0,0.945801,547,0.196387,0.776514,0.776514,AMOCLINGO-L,0.670302,1.5764103344462643,1001.0,3760.0,0.26622340425531915,2560.0,0.6808510638297872,0.391015625
GraphColouring,0036-wgc-n40-d30-p39.asp,2881,810,3.55679,12.650756,44.996084,0.281152,0.079047,0.022224,0.028115,0.774037,0.0,0.94377,529,0.197501,0.774384,0.774384,AMOCLINGO-L,0.654571,1.7836674707556552,1001.0,3760.0,0.26622340425531915,2560.0,0.6808510638297872,0.391015625
GraphColouring,0038-wgc-n40-d30-p39.asp,2929,818,3.580685,12.821302,45.909039,0.279276,0.077995,0.021782,0.027654,0.775009,0.0,0.944691,537,0.196996,0.77535,0.77535,AMOCLINGO-L,1.119532,5.8176389777156885,1004.0,3760.0,0.2670212765957447,2560.0,0.6808510638297872,0.3921875
GraphColouring,0039-wgc-n40-d30-p41.asp,2929,818,3.580685,12.821302,45.909039,0.279276,0.077995,0.021782,0.027654,0.775009,0.0,0.944691,537,0.196996,0.77535,0.77535,AMOCLINGO-L,0.587341,1.395552157945725,1051.0,3760.0,0.27952127659574466,2560.0,0.6808510638297872,0.410546875
GraphColouring,0040-wgc-n40-d30-p39.asp,2881,810,3.55679,12.650756,44.996084,0.281152,0.079047,0.022224,0.028115,0.774037,0.0,0.94377,529,0.197501,0.774384,0.774384,AMOCLINGO-L,1.038437,8.512593445726607,1011.0,3760.0,0.2688829787234043,2560.0,0.6808510638297872,0.394921875
GraphColouring,0041-wgc-n40-d50-p28.asp,5113,1182,4.325719,18.711846,80.94219,0.231175,0.053442,0.012354,0.015842,0.799922,0.0,0.968316,901,0.184041,0.800117,0.800117,AMOCLINGO-L,1.2362840000000002,5.7643680578249,721.0,3760.0,0.19175531914893618,2560.0,0.6808510638297872,0.281640625
GraphColouring,0042-wgc-n40-d50-p29.asp,5185,1194,4.342546,18.857706,81.890458,0.23028,0.053029,0.012211,0.015622,0.800386,0.0,0.968756,913,0.183799,0.800579,0.800579,AMOCLINGO-L,1.483373,1.3313320385364975,752.0,3760.0,0.2,2560.0,0.6808510638297872,0.29375
GraphColouring,0043-wgc-n40-d50-p29.asp,5005,1164,4.299828,18.488522,79.497469,0.232567,0.054088,0.012579,0.016184,0.799201,0.0,0.967632,883,0.184416,0.799401,0.799401,AMOCLINGO-L,0.7391430000000001,3.4469216376262777,747.0,3760.0,0.19867021276595745,2560.0,0.6808510638297872,0.291796875
GraphColouring,0044-wgc-n40-d50-p31.asp,4765,1124,4.239324,17.971867,76.188563,0.235887,0.055643,0.013125,0.016999,0.797482,0.0,0.966002,843,0.18531,0.797692,0.797692,AMOCLINGO-L,0.687046,2.6079913135365023,812.0,3760.0,0.21595744680851064,2560.0,0.6808510638297872,0.3171875
GraphColouring,0045-wgc-n40-d50-p29.asp,5029,1168,4.305651,18.538628,79.820856,0.232253,0.053941,0.012528,0.016107,0.799364,0.0,0.967787,887,0.184331,0.799563,0.799563,AMOCLINGO-L,0.6880860000000001,2.5610955607293278,764.0,3760.0,0.20319148936170212,2560.0,0.6808510638297872,0.2984375
GraphColouring,0046-wgc-n40-d50-p29.asp,4969,1158,4.291019,18.412844,79.009864,0.233045,0.05431,0.012657,0.016301,0.798954,0.0,0.967398,877,0.184544,0.799155,0.799155,AMOCLINGO-L,0.729958,1.7649125018151728,762.0,3760.0,0.2026595744680851,2560.0,0.6808510638297872,0.29765625
GraphColouring,0047-wgc-n40-d50-p29.asp,4573,1092,4.187729,17.537074,73.440511,0.238793,0.057022,0.013616,0.017713,0.795976,0.0,0.964575,811,0.186092,0.796195,0.796195,AMOCLINGO-L,1.821626,7.564559355213419,755.0,3760.0,0.20079787234042554,2560.0,0.6808510638297872,0.294921875
GraphColouring,0048-wgc-n40-d50-p29.asp,4849,1138,4.260984,18.155986,77.36237,0.234688,0.055078,0.012926,0.016704,0.798103,0.0,0.966591,857,0.184987,0.798309,0.798309,AMOCLINGO-L,0.74048,1.828072331460674,761.0,3760.0,0.2023936170212766,2560.0,0.6808510638297872,0.297265625
GraphColouring,0049-wgc-n40-d50-p31.asp,4525,1084,4.174354,17.425233,72.739097,0.239558,0.057388,0.013748,0.017901,0.79558,0.0,0.964199,803,0.186298,0.795801,0.795801,AMOCLINGO-L,0.739001,1.6508989838985335,802.0,3760.0,0.21329787234042552,2560.0,0.6808510638297872,0.31328125
GraphColouring,0050-wgc-n40-d50-p28.asp,5029,1168,4.305651,18.538628,79.820856,0.232253,0.053941,0.012528,0.016107,0.799364,0.0,0.967787,887,0.184331,0.799563,0.799563,AMOCLINGO-L,4.223434,3.335474639831,716.0,3760.0,0.19042553191489361,2560.0,0.6808510638297872,0.2796875
GraphColouring,0051-wgc-n40-d70-p18.asp,6901,1480,4.662838,21.742057,101.379685,0.214462,0.045994,0.009864,0.011737,0.808578,0.0,0.976525,1199,0.179539,0.808723,0.808723,AMOCLINGO-L,163.17499700000002,2.889102194988856,463.0,3760.0,0.12313829787234043,2560.0,0.6808510638297872,0.180859375
GraphColouring,0051-wgc-n40-d70-p28.asp,6901,1480,4.662838,21.742057,101.379685,0.214462,0.045994,0.009864,0.011737,0.808578,0.0,0.976525,1199,0.179539,0.808723,0.808723,AMOCLINGO-L,0.625467,1.330759256683406,724.0,3760.0,0.1925531914893617,2560.0,0.6808510638297872,0.2828125
GraphColouring,0052-wgc-n40-d70-p18.asp,7081,1510,4.689404,21.99051,103.122383,0.213247,0.045474,0.009697,0.011439,0.809208,0.0,0.977122,1229,0.179212,0.809349,0.809349,AMOCLINGO-L,33.719974,3.1369135990437003,483.0,3760.0,0.12845744680851065,2560.0,0.6808510638297872,0.188671875
GraphColouring,0053-wgc-n40-d70-p21.asp,6925,1484,4.666442,21.775681,101.614955,0.214296,0.045923,0.009841,0.011697,0.808664,0.0,0.976606,1203,0.179495,0.808809,0.808809,AMOCLINGO-L,1.412505,2.582379531399889,553.0,3760.0,0.14707446808510638,2560.0,0.6808510638297872,0.216015625
GraphColouring,0054-wgc-n40-d70-p19.asp,6685,1444,4.629501,21.432283,99.220784,0.216006,0.046659,0.010079,0.012117,0.807779,0.0,0.975767,1163,0.179955,0.807928,0.807928,AMOCLINGO-L,33.042264,2.992811993754423,493.0,3760.0,0.13111702127659575,2560.0,0.6808510638297872,0.192578125
GraphColouring,0055-wgc-n40-d70-p21.asp,6973,1492,4.673592,21.842467,102.082789,0.213968,0.045782,0.009796,0.011616,0.808834,0.0,0.976768,1211,0.179406,0.808977,0.808977,AMOCLINGO-L,5.187706,1.4373380064329009,552.0,3760.0,0.14680851063829786,2560.0,0.6808510638297872,0.215625
GraphColouring,0055-wgc-n40-d70-p29.asp,6973,1492,4.673592,21.842467,102.082789,0.213968,0.045782,0.009796,0.011616,0.808834,0.0,0.976768,1211,0.179406,0.808977,0.808977,AMOCLINGO-L,0.616508,1.221296398424676,747.0,3760.0,0.19867021276595745,2560.0,0.6808510638297872,0.291796875
GraphColouring,0056-wgc-n40-d70-p19.asp,6685,1444,4.629501,21.432283,99.220784,0.216006,0.046659,0.010079,0.012117,0.807779,0.0,0.975767,1163,0.179955,0.807928,0.807928,AMOCLINGO-INF-MR,90.981784,4.7810095480211725,494.0,3760.0,0.13138297872340426,2560.0,0.6808510638297872,0.19296875
GraphColouring,0056-wgc-n40-d70-p29.asp,6685,1444,4.629501,21.432283,99.220784,0.216006,0.046659,0.010079,0.012117,0.807779,0.0,0.975767,1163,0.179955,0.807928,0.807928,AMOCLINGO-L,0.614817,1.2729332468035206,748.0,3760.0,0.19893617021276597,2560.0,0.6808510638297872,0.2921875
GraphColouring,0057-wgc-n40-d70-p21.asp,6709,1448,4.633287,21.467351,99.464405,0.215829,0.046582,0.010054,0.012073,0.80787,0.0,0.975853,1167,0.179908,0.808019,0.808019,AMOCLINGO-L,2.027871,3.670638812823893,558.0,3760.0,0.14840425531914894,2560.0,0.6808510638297872,0.21796875
GraphColouring,0057-wgc-n40-d70-p28.asp,6709,1448,4.633287,21.467351,99.464405,0.215829,0.046582,0.010054,0.012073,0.80787,0.0,0.975853,1167,0.179908,0.808019,0.808019,AMOCLINGO-L,0.624703,1.413777427033326,723.0,3760.0,0.19228723404255318,2560.0,0.6808510638297872,0.282421875
GraphColouring,0058-wgc-n40-d70-p21.asp,6853,1472,4.655571,21.674338,100.906412,0.214796,0.046138,0.00991,0.01182,0.808405,0.0,0.976361,1191,0.179629,0.808551,0.808551,AMOCLINGO-L,1.685086,3.236060948818042,557.0,3760.0,0.14813829787234042,2560.0,0.6808510638297872,0.217578125
GraphColouring,0059-wgc-n40-d70-p19.asp,6913,1482,4.664642,21.758888,101.497433,0.214379,0.045958,0.009852,0.011717,0.808621,0.0,0.976566,1201,0.179517,0.808766,0.808766,AMOCLINGO-L,30.961521,2.8596306363631165,489.0,3760.0,0.1300531914893617,2560.0,0.6808510638297872,0.191015625
GraphColouring,0059-wgc-n40-d70-p29.asp,6913,1482,4.664642,21.758888,101.497433,0.214379,0.045958,0.009852,0.011717,0.808621,0.0,0.976566,1201,0.179517,0.808766,0.808766,AMOCLINGO-L,0.614858,1.2843973730519893,743.0,3760.0,0.1976063829787234,2560.0,0.6808510638297872,0.290234375
GraphColouring,0060-wgc-n40-d70-p20.asp,6973,1492,4.673592,21.842467,102.082789,0.213968,0.045782,0.009796,0.011616,0.808834,0.0,0.976768,1211,0.179406,0.808977,0.808977,AMOCLINGO-L,3.047568,3.3961306195628773,530.0,3760.0,0.14095744680851063,2560.0,0.6808510638297872,0.20703125
GraphColouring,0061-wgc-n60-d30-p39.asp,6709,1608,4.172264,17.407784,72.629866,0.239678,0.057446,0.013768,0.018035,0.795946,0.0,0.963929,1187,0.18587,0.796095,0.796095,AMOCLINGO-L,0.863211,2.3773179442801355,1506.0,5640.0,0.2670212765957447,3840.0,0.6808510638297872,0.3921875
GraphColouring,0062-wgc-n60-d30-p21.asp,6577,1586,4.14691,17.196866,71.313865,0.241143,0.05815,0.014023,0.018397,0.795195,0.0,0.963205,1165,0.186255,0.795347,0.795347,AMOCLINGO-INF-MR,0.868784,1.2645133888285236,812.0,5640.0,0.14397163120567377,3840.0,0.6808510638297872,0.21145833333333333
GraphColouring,0062-wgc-n60-d30-p41.asp,6577,1586,4.14691,17.196866,71.313865,0.241143,0.05815,0.014023,0.018397,0.795195,0.0,0.963205,1165,0.186255,0.795347,0.795347,AMOCLINGO-L,0.717604,1.2882035217194998,1598.0,5640.0,0.2833333333333333,3840.0,0.6808510638297872,0.4161458333333333
GraphColouring,0063-wgc-n60-d30-p40.asp,6985,1654,4.223096,17.834536,75.316948,0.236793,0.056071,0.013277,0.017323,0.797423,0.0,0.965354,1233,0.185111,0.797566,0.797566,AMOCLINGO-L,0.698412,4.494219744219744,1571.0,5640.0,0.27854609929078017,3840.0,0.6808510638297872,0.40911458333333334
GraphColouring,0064-wgc-n60-d30-p38.asp,7021,1660,4.229518,17.888823,75.661101,0.236434,0.055901,0.013217,0.017234,0.797607,0.0,0.965532,1239,0.185016,0.79775,0.79775,AMOCLINGO-L,0.763328,2.682747128364216,1490.0,5640.0,0.2641843971631206,3840.0,0.6808510638297872,0.3880208333333333
GraphColouring,0065-wgc-n60-d30-p41.asp,6745,1614,4.179058,17.464528,72.985279,0.239288,0.057259,0.013701,0.017939,0.796145,0.0,0.964122,1193,0.185767,0.796294,0.796294,AMOCLINGO-L,0.711679,1.3275423329900138,1591.0,5640.0,0.28209219858156026,3840.0,0.6808510638297872,0.41432291666666665
GraphColouring,0066-wgc-n60-d30-p40.asp,6949,1648,4.216626,17.779937,74.971347,0.237156,0.056243,0.013338,0.017413,0.797237,0.0,0.965175,1227,0.185207,0.797381,0.797381,AMOCLINGO-L,0.713135,1.951281314197172,1539.0,5640.0,0.27287234042553193,3840.0,0.6808510638297872,0.40078125
GraphColouring,0067-wgc-n60-d30-p41.asp,6913,1642,4.21011,17.725023,74.62429,0.237524,0.056417,0.0134,0.017503,0.797049,0.0,0.964993,1221,0.185303,0.797194,0.797194,AMOCLINGO-L,0.786108,2.0935443984795983,1602.0,5640.0,0.28404255319148936,3840.0,0.6808510638297872,0.4171875
GraphColouring,0068-wgc-n60-d30-p39.asp,6673,1602,4.165418,17.350709,72.27296,0.240072,0.057635,0.013836,0.018133,0.795744,0.0,0.963734,1181,0.185973,0.795894,0.795894,AMOCLINGO-L,0.791412,2.5170593824708245,1510.0,5640.0,0.26773049645390073,3840.0,0.6808510638297872,0.3932291666666667
GraphColouring,0069-wgc-n60-d30-p21.asp,6625,1594,4.156211,17.274088,71.794752,0.240604,0.05789,0.013929,0.018264,0.795472,0.0,0.963472,1173,0.186113,0.795623,0.795623,AMOCLINGO-L,0.628735,1.6499049679117592,836.0,5640.0,0.14822695035460992,3840.0,0.6808510638297872,0.21770833333333334
GraphColouring,0069-wgc-n60-d30-p41.asp,6625,1594,4.156211,17.274088,71.794752,0.240604,0.05789,0.013929,0.018264,0.795472,0.0,0.963472,1173,0.186113,0.795623,0.795623,AMOCLINGO-L,0.726162,2.1792162079535973,1588.0,5640.0,0.2815602836879433,3840.0,0.6808510638297872,0.41354166666666664
GraphColouring,0070-wgc-n60-d30-p38.asp,6421,1560,4.116026,16.941667,69.732336,0.242953,0.059026,0.014341,0.018844,0.794269,0.0,0.962311,1139,0.186731,0.794425,0.794425,AMOCLINGO-L,1.173112,3.8712032610697023,1460.0,5640.0,0.25886524822695034,3840.0,0.6808510638297872,0.3802083333333333
GraphColouring,0071-wgc-n60-d50-p30.asp,10993,2322,4.734281,22.413415,106.111398,0.211225,0.044616,0.009424,0.011007,0.810516,0.0,0.977986,1901,0.178386,0.810607,0.810607,AMOCLINGO-L,1.435336,10.242075026335296,1174.0,5640.0,0.20815602836879432,3840.0,0.6808510638297872,0.30572916666666666
GraphColouring,0072-wgc-n60-d50-p29.asp,10981,2320,4.73319,22.403084,106.038047,0.211274,0.044637,0.009431,0.011019,0.810491,0.0,0.977962,1899,0.178399,0.810582,0.810582,AMOCLINGO-L,2.044968,3.5366812585820417,1121.0,5640.0,0.19875886524822695,3840.0,0.6808510638297872,0.29192708333333334
GraphColouring,0072-wgc-n60-d50-p40.asp,10981,2320,4.73319,22.403084,106.038047,0.211274,0.044637,0.009431,0.011019,0.810491,0.0,0.977962,1899,0.178399,0.810582,0.810582,AMOCLINGO-L,0.697532,1.6588772988192657,1564.0,5640.0,0.2773049645390071,3840.0,0.6808510638297872,0.40729166666666666
GraphColouring,0073-wgc-n60-d50-p31.asp,11269,2368,4.758868,22.646827,107.773266,0.210134,0.044156,0.009279,0.010737,0.811075,0.0,0.978525,1947,0.178099,0.811163,0.811163,AMOCLINGO-L,1.545731,4.66780959947106,1216.0,5640.0,0.21560283687943263,3840.0,0.6808510638297872,0.31666666666666665
GraphColouring,0073-wgc-n60-d50-p39.asp,11269,2368,4.758868,22.646827,107.773266,0.210134,0.044156,0.009279,0.010737,0.811075,0.0,0.978525,1947,0.178099,0.811163,0.811163,AMOCLINGO-L,0.69767,1.6556251522926313,1514.0,5640.0,0.26843971631205676,3840.0,0.6808510638297872,0.39427083333333335
GraphColouring,0074-wgc-n60-d50-p29.asp,11365,2384,4.767198,22.726177,108.340184,0.209767,0.044002,0.00923,0.010647,0.811263,0.0,0.978707,1963,0.178003,0.811351,0.811351,AMOCLINGO-L,1.405379,10.939283282303208,1149.0,5640.0,0.20372340425531915,3840.0,0.6808510638297872,0.29921875
GraphColouring,0074-wgc-n60-d50-p41.asp,11365,2384,4.767198,22.726177,108.340184,0.209767,0.044002,0.00923,0.010647,0.811263,0.0,0.978707,1963,0.178003,0.811351,0.811351,AMOCLINGO-L,0.6850849999999999,1.229389053913018,1582.0,5640.0,0.2804964539007092,3840.0,0.6808510638297872,0.4119791666666667
GraphColouring,0075-wgc-n60-d50-p31.asp,10765,2284,4.713222,22.214466,104.701717,0.212169,0.045016,0.009551,0.01124,0.810033,0.0,0.97752,1863,0.178634,0.810125,0.810125,AMOCLINGO-L,0.941022,10.82849816476129,1214.0,5640.0,0.21524822695035462,3840.0,0.6808510638297872,0.31614583333333335
GraphColouring,0075-wgc-n60-d50-p40.asp,10765,2284,4.713222,22.214466,104.701717,0.212169,0.045016,0.009551,0.01124,0.810033,0.0,0.97752,1863,0.178634,0.810125,0.810125,AMOCLINGO-L,0.680558,1.7472559282236046,1559.0,5640.0,0.2764184397163121,3840.0,0.6808510638297872,0.40598958333333335
GraphColouring,0076-wgc-n60-d50-p31.asp,10897,2306,4.725499,22.330338,105.521983,0.211618,0.044782,0.009477,0.011104,0.810315,0.0,0.977792,1885,0.178489,0.810407,0.810407,AMOCLINGO-L,1.127707,5.735560744058518,1195.0,5640.0,0.21187943262411346,3840.0,0.6808510638297872,0.3111979166666667
GraphColouring,0076-wgc-n60-d50-p40.asp,10897,2306,4.725499,22.330338,105.521983,0.211618,0.044782,0.009477,0.011104,0.810315,0.0,0.977792,1885,0.178489,0.810407,0.810407,AMOCLINGO-L,0.681543,1.5629329330651185,1539.0,5640.0,0.27287234042553193,3840.0,0.6808510638297872,0.40078125
GraphColouring,0077-wgc-n60-d50-p31.asp,11245,2364,4.756768,22.626844,107.63065,0.210227,0.044195,0.009291,0.01076,0.811027,0.0,0.978479,1943,0.178124,0.811116,0.811116,AMOCLINGO-L,0.861137,3.1457305864223697,1217.0,5640.0,0.21578014184397162,3840.0,0.6808510638297872,0.31692708333333336
GraphColouring,0077-wgc-n60-d50-p39.asp,11245,2364,4.756768,22.626844,107.63065,0.210227,0.044195,0.009291,0.01076,0.811027,0.0,0.978479,1943,0.178124,0.811116,0.811116,AMOCLINGO-L,0.702069,1.4780014499999288,1530.0,5640.0,0.2712765957446808,3840.0,0.6808510638297872,0.3984375
GraphColouring,0078-wgc-n60-d50-p29.asp,11485,2404,4.777454,22.824069,109.040945,0.209316,0.043813,0.009171,0.010535,0.811493,0.0,0.978929,1983,0.177884,0.81158,0.81158,AMOCLINGO-L,4.877280000000001,2.8514069317324404,1116.0,5640.0,0.19787234042553192,3840.0,0.6808510638297872,0.290625
GraphColouring,0079-wgc-n60-d50-p30.asp,11509,2408,4.779485,22.843477,109.180058,0.209228,0.043776,0.009159,0.010514,0.811539,0.0,0.978973,1987,0.177861,0.811626,0.811626,AMOCLINGO-L,1.214385,15.583985309436462,1159.0,5640.0,0.20549645390070923,3840.0,0.6808510638297872,0.30182291666666666
GraphColouring,0079-wgc-n60-d50-p39.asp,11509,2408,4.779485,22.843477,109.180058,0.209228,0.043776,0.009159,0.010514,0.811539,0.0,0.978973,1987,0.177861,0.811626,0.811626,AMOCLINGO-L,0.751904,2.058831978550453,1516.0,5640.0,0.26879432624113475,3840.0,0.6808510638297872,0.39479166666666665
GraphColouring,0080-wgc-n60-d50-p30.asp,10897,2306,4.725499,22.330338,105.521983,0.211618,0.044782,0.009477,0.011104,0.810315,0.0,0.977792,1885,0.178489,0.810407,0.810407,AMOCLINGO-L,4.205276,2.093840689647957,1162.0,5640.0,0.20602836879432623,3840.0,0.6808510638297872,0.3026041666666667
GraphColouring,0080-wgc-n60-d50-p38.asp,10897,2306,4.725499,22.330338,105.521983,0.211618,0.044782,0.009477,0.011104,0.810315,0.0,0.977792,1885,0.178489,0.810407,0.810407,AMOCLINGO-L,0.688298,2.177267695097182,1477.0,5640.0,0.26187943262411345,3840.0,0.6808510638297872,0.3846354166666667
GraphColouring,0081-wgc-n60-d70-p20.asp,14929,2978,5.013096,25.131132,125.984778,0.199478,0.039791,0.007937,0.008105,0.816532,0.0,0.98379,2557,0.175296,0.816599,0.816599,AMOCLINGO-L,112.697822,4.10878561610534,775.0,5640.0,0.1374113475177305,3840.0,0.6808510638297872,0.20182291666666666
GraphColouring,0081-wgc-n60-d70-p31.asp,14929,2978,5.013096,25.131132,125.984778,0.199478,0.039791,0.007937,0.008105,0.816532,0.0,0.98379,2557,0.175296,0.816599,0.816599,AMOCLINGO-L,0.761691,1.4789041750526133,1228.0,5640.0,0.21773049645390072,3840.0,0.6808510638297872,0.31979166666666664
GraphColouring,0082-wgc-n60-d70-p30.asp,15421,3060,5.039542,25.396988,127.989202,0.198431,0.039375,0.007813,0.007846,0.817068,0.0,0.984307,2639,0.175021,0.817132,0.817132,AMOCLINGO-L,0.771762,1.56048237669126,1169.0,5640.0,0.2072695035460993,3840.0,0.6808510638297872,0.30442708333333335
GraphColouring,0083-wgc-n60-d70-p31.asp,15025,2994,5.01837,25.184038,126.382824,0.199268,0.039708,0.007912,0.008053,0.816639,0.0,0.983894,2573,0.175241,0.816705,0.816705,AMOCLINGO-L,0.752914,2.013953784894424,1191.0,5640.0,0.21117021276595746,3840.0,0.6808510638297872,0.31015625
GraphColouring,0083-wgc-n60-d70-p38.asp,15025,2994,5.01837,25.184038,126.382824,0.199268,0.039708,0.007912,0.008053,0.816639,0.0,0.983894,2573,0.175241,0.816705,0.816705,AMOCLINGO-L,0.758769,1.2866155575675864,1462.0,5640.0,0.2592198581560284,3840.0,0.6808510638297872,0.3807291666666667
GraphColouring,0084-wgc-n60-d70-p19.asp,15337,3046,5.035128,25.352514,127.653156,0.198605,0.039444,0.007834,0.007889,0.816979,0.0,0.984221,2625,0.175067,0.817044,0.817044,AMOCLINGO-L,125.821425,2.2082699270017008,738.0,5640.0,0.13085106382978723,3840.0,0.6808510638297872,0.1921875
GraphColouring,0084-wgc-n60-d70-p31.asp,15337,3046,5.035128,25.352514,127.653156,0.198605,0.039444,0.007834,0.007889,0.816979,0.0,0.984221,2625,0.175067,0.817044,0.817044,AMOCLINGO-L,0.760764,1.4553199152430976,1221.0,5640.0,0.21648936170212765,3840.0,0.6808510638297872,0.31796875
GraphColouring,0085-wgc-n60-d70-p11.asp,15409,3058,5.038914,25.390658,127.941348,0.198455,0.039385,0.007816,0.007853,0.817055,0.0,0.984295,2637,0.175028,0.81712,0.81712,AMOCLINGO-INF-MR,25.995797,21.22186044151676,454.0,5640.0,0.08049645390070923,3840.0,0.6808510638297872,0.11822916666666666
GraphColouring,0085-wgc-n60-d70-p19.asp,15409,3058,5.038914,25.390658,127.941348,0.198455,0.039385,0.007816,0.007853,0.817055,0.0,0.984295,2637,0.175028,0.81712,0.81712,AMOCLINGO-L,266.876973,2.6060968100084074,733.0,5640.0,0.1299645390070922,3840.0,0.6808510638297872,0.19088541666666667
GraphColouring,0085-wgc-n60-d70-p31.asp,15409,3058,5.038914,25.390658,127.941348,0.198455,0.039385,0.007816,0.007853,0.817055,0.0,0.984295,2637,0.175028,0.81712,0.81712,AMOCLINGO-L,0.7553310000000001,1.4028988615587072,1221.0,5640.0,0.21648936170212765,3840.0,0.6808510638297872,0.31796875
GraphColouring,0086-wgc-n60-d70-p19.asp,15157,3016,5.025531,25.255957,126.924582,0.198984,0.039595,0.007879,0.007983,0.816784,0.0,0.984034,2595,0.175167,0.81685,0.81685,AMOCLINGO-L,114.710117,2.010401802658784,767.0,5640.0,0.13599290780141843,3840.0,0.6808510638297872,0.19973958333333333
GraphColouring,0086-wgc-n60-d70-p31.asp,15157,3016,5.025531,25.255957,126.924582,0.198984,0.039595,0.007879,0.007983,0.816784,0.0,0.984034,2595,0.175167,0.81685,0.81685,AMOCLINGO-L,0.747842,1.8571663533206213,1191.0,5640.0,0.21117021276595746,3840.0,0.6808510638297872,0.31015625
GraphColouring,0087-wgc-n60-d70-p18.asp,14989,2988,5.016399,25.164258,126.233958,0.199346,0.039739,0.007922,0.008073,0.816599,0.0,0.983855,2567,0.175262,0.816666,0.816666,AMOCLINGO-L,1091.853035,1.1035531920282655,694.0,5640.0,0.12304964539007092,3840.0,0.6808510638297872,0.18072916666666666
GraphColouring,0087-wgc-n60-d70-p29.asp,14989,2988,5.016399,25.164258,126.233958,0.199346,0.039739,0.007922,0.008073,0.816599,0.0,0.983855,2567,0.175262,0.816666,0.816666,AMOCLINGO-L,0.801018,3.113543016511489,1134.0,5640.0,0.20106382978723406,3840.0,0.6808510638297872,0.2953125
GraphColouring,0087-wgc-n60-d70-p59.asp,14989,2988,5.016399,25.164258,126.233958,0.199346,0.039739,0.007922,0.008073,0.816599,0.0,0.983855,2567,0.175262,0.816666,0.816666,CLINGO-AMO,0.5845779999999999,1.2420652162756725,2267.0,5640.0,0.40195035460992906,3840.0,0.6808510638297872,0.5903645833333333
GraphColouring,0088-wgc-n60-d70-p21.asp,15253,3032,5.030673,25.307669,127.314603,0.198781,0.039514,0.007855,0.007933,0.816888,0.0,0.984134,2611,0.175113,0.816954,0.816954,AMOCLINGO-L,5.306402,5.27965540492409,813.0,5640.0,0.14414893617021277,3840.0,0.6808510638297872,0.21171875
GraphColouring,0088-wgc-n60-d70-p31.asp,15253,3032,5.030673,25.307669,127.314603,0.198781,0.039514,0.007855,0.007933,0.816888,0.0,0.984134,2611,0.175113,0.816954,0.816954,AMOCLINGO-L,0.7483839999999999,1.462881355026297,1203.0,5640.0,0.21329787234042552,3840.0,0.6808510638297872,0.31328125
GraphColouring,0088-wgc-n60-d70-p38.asp,15253,3032,5.030673,25.307669,127.314603,0.198781,0.039514,0.007855,0.007933,0.816888,0.0,0.984134,2611,0.175113,0.816954,0.816954,AMOCLINGO-L,0.760191,1.2775920788328197,1486.0,5640.0,0.26347517730496456,3840.0,0.6808510638297872,0.38697916666666665
GraphColouring,0089-wgc-n60-d70-p11.asp,15589,3088,5.048251,25.484841,128.653882,0.198088,0.039239,0.007773,0.007762,0.817243,0.0,0.984476,2667,0.174931,0.817307,0.817307,AMOCLINGO-L,2.552724,39.29113449005847,445.0,5640.0,0.07890070921985816,3840.0,0.6808510638297872,0.11588541666666667
GraphColouring,0089-wgc-n60-d70-p21.asp,15589,3088,5.048251,25.484841,128.653882,0.198088,0.039239,0.007773,0.007762,0.817243,0.0,0.984476,2667,0.174931,0.817307,0.817307,AMOCLINGO-L,2.338936,11.302212630016385,839.0,5640.0,0.14875886524822696,3840.0,0.6808510638297872,0.21848958333333332
GraphColouring,0089-wgc-n60-d70-p28.asp,15589,3088,5.048251,25.484841,128.653882,0.198088,0.039239,0.007773,0.007762,0.817243,0.0,0.984476,2667,0.174931,0.817307,0.817307,AMOCLINGO-L,0.851998,2.211393688717579,1098.0,5640.0,0.1946808510638298,3840.0,0.6808510638297872,0.2859375
GraphColouring,0089-wgc-n60-d70-p40.asp,15589,3088,5.048251,25.484841,128.653882,0.198088,0.039239,0.007773,0.007762,0.817243,0.0,0.984476,2667,0.174931,0.817307,0.817307,AMOCLINGO-L,0.7447119999999999,1.2921948350503285,1565.0,5640.0,0.2774822695035461,3840.0,0.6808510638297872,0.4075520833333333
GraphColouring,0090-wgc-n60-d70-p30.asp,15073,3002,5.020986,25.210301,126.580566,0.199164,0.039666,0.0079,0.008028,0.816692,0.0,0.983945,2581,0.175214,0.816758,0.816758,AMOCLINGO-L,0.831769,1.5978823447375414,1158.0,5640.0,0.2053191489361702,3840.0,0.6808510638297872,0.3015625
GraphColouring,0090-wgc-n60-d70-p41.asp,15073,3002,5.020986,25.210301,126.580566,0.199164,0.039666,0.0079,0.008028,0.816692,0.0,0.983945,2581,0.175214,0.816758,0.816758,AMOCLINGO-L,0.731925,1.325862622536462,1575.0,5640.0,0.27925531914893614,3840.0,0.6808510638297872,0.41015625
GraphColouring,0090-wgc-n60-d70-p49.asp,15073,3002,5.020986,25.210301,126.580566,0.199164,0.039666,0.0079,0.008028,0.816692,0.0,0.983945,2581,0.175214,0.816758,0.816758,CLINGO-AMO,0.533946,1.361800631524536,1885.0,5640.0,0.3342198581560284,3840.0,0.6808510638297872,0.4908854166666667
GraphColouring,0090-wgc-n60-d70-p59.asp,15073,3002,5.020986,25.210301,126.580566,0.199164,0.039666,0.0079,0.008028,0.816692,0.0,0.983945,2581,0.175214,0.816758,0.816758,CLINGO-AMO,0.549411,1.3374832320430423,2274.0,5640.0,0.4031914893617021,3840.0,0.6808510638297872,0.5921875
GraphColouring,0091-wgc-n80-d30-p38.asp,12085,2664,4.536411,20.579028,93.35494,0.220439,0.048593,0.010712,0.013322,0.805958,0.0,0.973355,2103,0.180637,0.806041,0.806041,AMOCLINGO-L,1.551529,5.831041508086539,1957.0,7520.0,0.26023936170212764,5120.0,0.6808510638297872,0.3822265625
GraphColouring,0091-wgc-n80-d30-p50.asp,12085,2664,4.536411,20.579028,93.35494,0.220439,0.048593,0.010712,0.013322,0.805958,0.0,0.973355,2103,0.180637,0.806041,0.806041,AMOCLINGO-L,0.785077,3.1896068793252126,2570.0,7520.0,0.34175531914893614,5120.0,0.6808510638297872,0.501953125
GraphColouring,0091-wgc-n80-d30-p61.asp,12085,2664,4.536411,20.579028,93.35494,0.220439,0.048593,0.010712,0.013322,0.805958,0.0,0.973355,2103,0.180637,0.806041,0.806041,AMOCLINGO-L,0.69641,1.519808733361095,3129.0,7520.0,0.4160904255319149,5120.0,0.6808510638297872,0.6111328125
GraphColouring,0092-wgc-n80-d30-p41.asp,11401,2550,4.47098,19.989666,89.373403,0.223665,0.050026,0.011189,0.014122,0.804315,0.0,0.971757,1989,0.181475,0.804403,0.804403,AMOCLINGO-L,1.347456,5.732166393559419,2099.0,7520.0,0.2791223404255319,5120.0,0.6808510638297872,0.4099609375
GraphColouring,0092-wgc-n80-d30-p48.asp,11401,2550,4.47098,19.989666,89.373403,0.223665,0.050026,0.011189,0.014122,0.804315,0.0,0.971757,1989,0.181475,0.804403,0.804403,AMOCLINGO-L,0.8104699999999999,7.357427171887918,2467.0,7520.0,0.3280585106382979,5120.0,0.6808510638297872,0.4818359375
GraphColouring,0092-wgc-n80-d30-p61.asp,11401,2550,4.47098,19.989666,89.373403,0.223665,0.050026,0.011189,0.014122,0.804315,0.0,0.971757,1989,0.181475,0.804403,0.804403,AMOCLINGO-L,0.6831200000000001,1.2571656517156575,3172.0,7520.0,0.4218085106382979,5120.0,0.6808510638297872,0.61953125
GraphColouring,0092-wgc-n80-d30-p71.asp,11401,2550,4.47098,19.989666,89.373403,0.223665,0.050026,0.011189,0.014122,0.804315,0.0,0.971757,1989,0.181475,0.804403,0.804403,AMOCLINGO-L,0.689576,1.2306402775038576,3638.0,7520.0,0.48377659574468085,5120.0,0.6808510638297872,0.710546875
GraphColouring,0093-wgc-n80-d30-p20.asp,11521,2570,4.482879,20.096208,90.088874,0.223071,0.049761,0.0111,0.013974,0.804618,0.0,0.972051,2009,0.181321,0.804704,0.804704,AMOCLINGO-L,1.367382,241.09166641070303,1064.0,7520.0,0.14148936170212767,5120.0,0.6808510638297872,0.2078125
GraphColouring,0093-wgc-n80-d30-p39.asp,11521,2570,4.482879,20.096208,90.088874,0.223071,0.049761,0.0111,0.013974,0.804618,0.0,0.972051,2009,0.181321,0.804704,0.804704,AMOCLINGO-L,1.611557,10.70556921039715,2022.0,7520.0,0.2688829787234043,5120.0,0.6808510638297872,0.394921875
GraphColouring,0093-wgc-n80-d30-p49.asp,11521,2570,4.482879,20.096208,90.088874,0.223071,0.049761,0.0111,0.013974,0.804618,0.0,0.972051,2009,0.181321,0.804704,0.804704,AMOCLINGO-L,0.8113710000000001,4.32910222327394,2544.0,7520.0,0.3382978723404255,5120.0,0.6808510638297872,0.496875
GraphColouring,0093-wgc-n80-d30-p60.asp,11521,2570,4.482879,20.096208,90.088874,0.223071,0.049761,0.0111,0.013974,0.804618,0.0,0.972051,2009,0.181321,0.804704,0.804704,AMOCLINGO-L,0.685735,1.2001327043245569,3114.0,7520.0,0.4140957446808511,5120.0,0.6808510638297872,0.608203125
GraphColouring,0094-wgc-n80-d30-p40.asp,11545,2574,4.485237,20.117351,90.231086,0.222954,0.049708,0.011083,0.013945,0.804677,0.0,0.972109,2013,0.181291,0.804764,0.804764,AMOCLINGO-L,1.045609,5.772315464002318,2098.0,7520.0,0.2789893617021277,5120.0,0.6808510638297872,0.409765625
GraphColouring,0094-wgc-n80-d30-p50.asp,11545,2574,4.485237,20.117351,90.231086,0.222954,0.049708,0.011083,0.013945,0.804677,0.0,0.972109,2013,0.181291,0.804764,0.804764,AMOCLINGO-L,0.749622,6.557091440752807,2565.0,7520.0,0.3410904255319149,5120.0,0.6808510638297872,0.5009765625
GraphColouring,0094-wgc-n80-d30-p89.asp,11545,2574,4.485237,20.117351,90.231086,0.222954,0.049708,0.011083,0.013945,0.804677,0.0,0.972109,2013,0.181291,0.804764,0.804764,CLINGO-AMO,0.55636,1.216440793730678,4560.0,7520.0,0.6063829787234043,5120.0,0.6808510638297872,0.890625
GraphColouring,0095-wgc-n80-d30-p18.asp,11965,2644,4.52534,20.478706,92.673114,0.220978,0.048831,0.010791,0.013456,0.805683,0.0,0.973088,2083,0.180777,0.805767,0.805767,AMOCLINGO-L,2.1449640000000003,7.288326517368123,953.0,7520.0,0.1267287234042553,5120.0,0.6808510638297872,0.1861328125
GraphColouring,0095-wgc-n80-d30-p38.asp,11965,2644,4.52534,20.478706,92.673114,0.220978,0.048831,0.010791,0.013456,0.805683,0.0,0.973088,2083,0.180777,0.805767,0.805767,AMOCLINGO-L,1.580957,29.232493356871817,1987.0,7520.0,0.2642287234042553,5120.0,0.6808510638297872,0.3880859375
GraphColouring,0095-wgc-n80-d30-p50.asp,11965,2644,4.52534,20.478706,92.673114,0.220978,0.048831,0.010791,0.013456,0.805683,0.0,0.973088,2083,0.180777,0.805767,0.805767,AMOCLINGO-L,0.747198,5.827321539939882,2566.0,7520.0,0.34122340425531916,5120.0,0.6808510638297872,0.501171875
GraphColouring,0095-wgc-n80-d30-p59.asp,11965,2644,4.52534,20.478706,92.673114,0.220978,0.048831,0.010791,0.013456,0.805683,0.0,0.973088,2083,0.180777,0.805767,0.805767,AMOCLINGO-L,0.700541,1.3441468807678638,3050.0,7520.0,0.40558510638297873,5120.0,0.6808510638297872,0.595703125
GraphColouring,0095-wgc-n80-d30-p69.asp,11965,2644,4.52534,20.478706,92.673114,0.220978,0.048831,0.010791,0.013456,0.805683,0.0,0.973088,2083,0.180777,0.805767,0.805767,AMOCLINGO-L,0.686382,1.3306875763059054,3561.0,7520.0,0.4735372340425532,5120.0,0.6808510638297872,0.6955078125
GraphColouring,0096-wgc-n80-d30-p19.asp,12193,2682,4.546234,20.668245,93.962681,0.219962,0.048383,0.010643,0.013204,0.8062,0.0,0.973591,2121,0.180513,0.806282,0.806282,AMOCLINGO-INF-MR,340.177281,2.1840574209304706,1014.0,7520.0,0.1348404255319149,5120.0,0.6808510638297872,0.198046875
GraphColouring,0096-wgc-n80-d30-p39.asp,12193,2682,4.546234,20.668245,93.962681,0.219962,0.048383,0.010643,0.013204,0.8062,0.0,0.973591,2121,0.180513,0.806282,0.806282,AMOCLINGO-L,1.077116,3.930411394872976,2009.0,7520.0,0.26715425531914894,5120.0,0.6808510638297872,0.3923828125
GraphColouring,0096-wgc-n80-d30-p48.asp,12193,2682,4.546234,20.668245,93.962681,0.219962,0.048383,0.010643,0.013204,0.8062,0.0,0.973591,2121,0.180513,0.806282,0.806282,AMOCLINGO-L,0.909211,3.647586753789824,2458.0,7520.0,0.3268617021276596,5120.0,0.6808510638297872,0.480078125
GraphColouring,0096-wgc-n80-d30-p58.asp,12193,2682,4.546234,20.668245,93.962681,0.219962,0.048383,0.010643,0.013204,0.8062,0.0,0.973591,2121,0.180513,0.806282,0.806282,AMOCLINGO-L,0.6965210000000001,1.4477926724391654,2996.0,7520.0,0.3984042553191489,5120.0,0.6808510638297872,0.58515625
GraphColouring,0096-wgc-n80-d30-p79.asp,12193,2682,4.546234,20.668245,93.962681,0.219962,0.048383,0.010643,0.013204,0.8062,0.0,0.973591,2121,0.180513,0.806282,0.806282,AMOCLINGO-L,0.6838489999999999,1.2911739287474282,4078.0,7520.0,0.5422872340425532,5120.0,0.6808510638297872,0.796484375
GraphColouring,0097-wgc-n80-d30-p19.asp,11917,2636,4.520865,20.43822,92.398432,0.221197,0.048928,0.010823,0.01351,0.805572,0.0,0.97298,2075,0.180834,0.805656,0.805656,AMOCLINGO-INF-MR,26.603725,1.747347862000528,993.0,7520.0,0.13204787234042553,5120.0,0.6808510638297872,0.1939453125
GraphColouring,0097-wgc-n80-d30-p40.asp,11917,2636,4.520865,20.43822,92.398432,0.221197,0.048928,0.010823,0.01351,0.805572,0.0,0.97298,2075,0.180834,0.805656,0.805656,AMOCLINGO-L,1.220559,4.414887768637158,2058.0,7520.0,0.27367021276595743,5120.0,0.6808510638297872,0.401953125
GraphColouring,0097-wgc-n80-d30-p48.asp,11917,2636,4.520865,20.43822,92.398432,0.221197,0.048928,0.010823,0.01351,0.805572,0.0,0.97298,2075,0.180834,0.805656,0.805656,AMOCLINGO-L,0.747058,3.297802847971644,2505.0,7520.0,0.33311170212765956,5120.0,0.6808510638297872,0.4892578125
GraphColouring,0097-wgc-n80-d30-p60.asp,11917,2636,4.520865,20.43822,92.398432,0.221197,0.048928,0.010823,0.01351,0.805572,0.0,0.97298,2075,0.180834,0.805656,0.805656,AMOCLINGO-L,0.768675,1.5057169805184247,3104.0,7520.0,0.4127659574468085,5120.0,0.6808510638297872,0.60625
GraphColouring,0098-wgc-n80-d30-p21.asp,11629,2588,4.493431,20.190924,90.726529,0.222547,0.049527,0.011022,0.013845,0.804884,0.0,0.972311,2027,0.181185,0.80497,0.80497,AMOCLINGO-L,177.88940699999998,6.773270220637704,1121.0,7520.0,0.1490691489361702,5120.0,0.6808510638297872,0.2189453125
GraphColouring,0098-wgc-n80-d30-p39.asp,11629,2588,4.493431,20.190924,90.726529,0.222547,0.049527,0.011022,0.013845,0.804884,0.0,0.972311,2027,0.181185,0.80497,0.80497,AMOCLINGO-L,1.401288,10.531625904168166,2003.0,7520.0,0.2663563829787234,5120.0,0.6808510638297872,0.3912109375
GraphColouring,0098-wgc-n80-d30-p48.asp,11629,2588,4.493431,20.190924,90.726529,0.222547,0.049527,0.011022,0.013845,0.804884,0.0,0.972311,2027,0.181185,0.80497,0.80497,AMOCLINGO-L,0.7453670000000001,8.356113163045855,2469.0,7520.0,0.3283244680851064,5120.0,0.6808510638297872,0.4822265625
GraphColouring,0098-wgc-n80-d30-p61.asp,11629,2588,4.493431,20.190924,90.726529,0.222547,0.049527,0.011022,0.013845,0.804884,0.0,0.972311,2027,0.181185,0.80497,0.80497,AMOCLINGO-L,0.686697,1.5220220854321485,3151.0,7520.0,0.41901595744680853,5120.0,0.6808510638297872,0.6154296875
GraphColouring,0099-wgc-n80-d30-p19.asp,11377,2546,4.468578,19.968191,89.229421,0.223785,0.05008,0.011207,0.014151,0.804254,0.0,0.971697,1985,0.181507,0.804342,0.804342,AMOCLINGO-L,10.147953,6.980258974396118,973.0,7520.0,0.12938829787234044,5120.0,0.6808510638297872,0.1900390625
GraphColouring,0099-wgc-n80-d30-p40.asp,11377,2546,4.468578,19.968191,89.229421,0.223785,0.05008,0.011207,0.014151,0.804254,0.0,0.971697,1985,0.181507,0.804342,0.804342,AMOCLINGO-L,1.297676,31.58545122203077,2080.0,7520.0,0.2765957446808511,5120.0,0.6808510638297872,0.40625
GraphColouring,0099-wgc-n80-d30-p51.asp,11377,2546,4.468578,19.968191,89.229421,0.223785,0.05008,0.011207,0.014151,0.804254,0.0,0.971697,1985,0.181507,0.804342,0.804342,AMOCLINGO-L,0.762168,4.212142204868218,2660.0,7520.0,0.3537234042553192,5120.0,0.6808510638297872,0.51953125
GraphColouring,0099-wgc-n80-d30-p69.asp,11377,2546,4.468578,19.968191,89.229421,0.223785,0.05008,0.011207,0.014151,0.804254,0.0,0.971697,1985,0.181507,0.804342,0.804342,AMOCLINGO-L,0.6782750000000001,1.294697578415834,3567.0,7520.0,0.4743351063829787,5120.0,0.6808510638297872,0.6966796875
GraphColouring,0100-wgc-n80-d30-p18.asp,11665,2594,4.496916,20.222253,90.937773,0.222375,0.04945,0.010997,0.013802,0.804972,0.0,0.972396,2033,0.18114,0.805058,0.805058,AMOCLINGO-L,0.8077639999999999,1.4384424163493297,963.0,7520.0,0.12805851063829787,5120.0,0.6808510638297872,0.1880859375
GraphColouring,0100-wgc-n80-d30-p38.asp,11665,2594,4.496916,20.222253,90.937773,0.222375,0.04945,0.010997,0.013802,0.804972,0.0,0.972396,2033,0.18114,0.805058,0.805058,AMOCLINGO-L,1.708051,4.71137454326598,1985.0,7520.0,0.26396276595744683,5120.0,0.6808510638297872,0.3876953125
GraphColouring,0100-wgc-n80-d30-p51.asp,11665,2594,4.496916,20.222253,90.937773,0.222375,0.04945,0.010997,0.013802,0.804972,0.0,0.972396,2033,0.18114,0.805058,0.805058,AMOCLINGO-L,0.731492,4.37458509457383,2617.0,7520.0,0.3480053191489362,5120.0,0.6808510638297872,0.5111328125
GraphColouring,0100-wgc-n80-d30-p59.asp,11665,2594,4.496916,20.222253,90.937773,0.222375,0.04945,0.010997,0.013802,0.804972,0.0,0.972396,2033,0.18114,0.805058,0.805058,AMOCLINGO-L,0.691102,1.7022103828378443,3046.0,7520.0,0.4050531914893617,5120.0,0.6808510638297872,0.594921875
GraphColouring,0100-wgc-n80-d30-p69.asp,11665,2594,4.496916,20.222253,90.937773,0.222375,0.04945,0.010997,0.013802,0.804972,0.0,0.972396,2033,0.18114,0.805058,0.805058,AMOCLINGO-L,0.681914,1.246314051331986,3565.0,7520.0,0.4740691489361702,5120.0,0.6808510638297872,0.6962890625
GraphColouring,0101-wgc-n80-d50-p29.asp,19801,3950,5.012911,25.129281,125.970857,0.199485,0.039794,0.007938,0.008131,0.816625,0.0,0.983738,3389,0.175193,0.816676,0.816676,AMOCLINGO-L,7.345816,11.010205129014938,1524.0,7520.0,0.2026595744680851,5120.0,0.6808510638297872,0.29765625
GraphColouring,0101-wgc-n80-d50-p40.asp,19801,3950,5.012911,25.129281,125.970857,0.199485,0.039794,0.007938,0.008131,0.816625,0.0,0.983738,3389,0.175193,0.816676,0.816676,AMOCLINGO-L,0.842284,2.288964292328953,2049.0,7520.0,0.27247340425531913,5120.0,0.6808510638297872,0.4001953125
GraphColouring,0101-wgc-n80-d50-p51.asp,19801,3950,5.012911,25.129281,125.970857,0.199485,0.039794,0.007938,0.008131,0.816625,0.0,0.983738,3389,0.175193,0.816676,0.816676,AMOCLINGO-L,0.831315,1.5792100467331878,2620.0,7520.0,0.3484042553191489,5120.0,0.6808510638297872,0.51171875
GraphColouring,0102-wgc-n80-d50-p28.asp,19093,3832,4.982516,24.825462,123.693255,0.200702,0.040281,0.008085,0.008432,0.816006,0.0,0.983135,3271,0.175509,0.816058,0.816058,AMOCLINGO-L,71.31500999999999,6.466904120184518,1472.0,7520.0,0.19574468085106383,5120.0,0.6808510638297872,0.2875
GraphColouring,0102-wgc-n80-d50-p38.asp,19093,3832,4.982516,24.825462,123.693255,0.200702,0.040281,0.008085,0.008432,0.816006,0.0,0.983135,3271,0.175509,0.816058,0.816058,AMOCLINGO-L,0.894196,2.683870202953268,1966.0,7520.0,0.26143617021276594,5120.0,0.6808510638297872,0.383984375
GraphColouring,0102-wgc-n80-d50-p49.asp,19093,3832,4.982516,24.825462,123.693255,0.200702,0.040281,0.008085,0.008432,0.816006,0.0,0.983135,3271,0.175509,0.816058,0.816058,AMOCLINGO-L,0.867812,2.100209492378533,2520.0,7520.0,0.3351063829787234,5120.0,0.6808510638297872,0.4921875
GraphColouring,0103-wgc-n80-d50-p31.asp,19741,3940,5.010406,25.104169,125.782082,0.199585,0.039834,0.00795,0.008156,0.816575,0.0,0.983689,3379,0.175219,0.816625,0.816625,AMOCLINGO-L,1.22076,3.035381237917363,1631.0,7520.0,0.21688829787234043,5120.0,0.6808510638297872,0.3185546875
GraphColouring,0103-wgc-n80-d50-p39.asp,19741,3940,5.010406,25.104169,125.782082,0.199585,0.039834,0.00795,0.008156,0.816575,0.0,0.983689,3379,0.175219,0.816625,0.816625,AMOCLINGO-L,0.861816,2.6978484966628606,2033.0,7520.0,0.27034574468085104,5120.0,0.6808510638297872,0.3970703125
GraphColouring,0103-wgc-n80-d50-p48.asp,19741,3940,5.010406,25.104169,125.782082,0.199585,0.039834,0.00795,0.008156,0.816575,0.0,0.983689,3379,0.175219,0.816625,0.816625,AMOCLINGO-L,0.826898,2.094190577314252,2479.0,7520.0,0.32965425531914894,5120.0,0.6808510638297872,0.4841796875
GraphColouring,0103-wgc-n80-d50-p58.asp,19741,3940,5.010406,25.104169,125.782082,0.199585,0.039834,0.00795,0.008156,0.816575,0.0,0.983689,3379,0.175219,0.816625,0.816625,CLINGO-AMO,0.540516,1.4997280376529096,3018.0,7520.0,0.40132978723404256,5120.0,0.6808510638297872,0.589453125
GraphColouring,0104-wgc-n80-d50-p11.asp,20029,3988,5.022317,25.223668,126.681253,0.199111,0.039645,0.007894,0.008038,0.816816,0.0,0.983923,3427,0.175096,0.816866,0.816866,AMOCLINGO-L,0.877713,1.4312070118592295,579.0,7520.0,0.07699468085106383,5120.0,0.6808510638297872,0.1130859375
GraphColouring,0104-wgc-n80-d50-p29.asp,20029,3988,5.022317,25.223668,126.681253,0.199111,0.039645,0.007894,0.008038,0.816816,0.0,0.983923,3427,0.175096,0.816866,0.816866,AMOCLINGO-L,25.230509,3.946579872803993,1504.0,7520.0,0.2,5120.0,0.6808510638297872,0.29375
GraphColouring,0104-wgc-n80-d50-p39.asp,20029,3988,5.022317,25.223668,126.681253,0.199111,0.039645,0.007894,0.008038,0.816816,0.0,0.983923,3427,0.175096,0.816866,0.816866,AMOCLINGO-L,0.876399,2.4434418569624112,2013.0,7520.0,0.267686170212766,5120.0,0.6808510638297872,0.3931640625
GraphColouring,0104-wgc-n80-d50-p49.asp,20029,3988,5.022317,25.223668,126.681253,0.199111,0.039645,0.007894,0.008038,0.816816,0.0,0.983923,3427,0.175096,0.816866,0.816866,AMOCLINGO-L,0.869955,2.2063750423872497,2520.0,7520.0,0.3351063829787234,5120.0,0.6808510638297872,0.4921875
GraphColouring,0105-wgc-n80-d50-p10.asp,19669,3928,5.007383,25.073883,125.554535,0.199705,0.039882,0.007965,0.008185,0.816513,0.0,0.983629,3367,0.17525,0.816564,0.816564,AMOCLINGO-L,0.833148,1.2834142313250467,545.0,7520.0,0.07247340425531915,5120.0,0.6808510638297872,0.1064453125
GraphColouring,0105-wgc-n80-d50-p30.asp,19669,3928,5.007383,25.073883,125.554535,0.199705,0.039882,0.007965,0.008185,0.816513,0.0,0.983629,3367,0.17525,0.816564,0.816564,AMOCLINGO-L,3.96261,15.485189811765478,1543.0,7520.0,0.20518617021276594,5120.0,0.6808510638297872,0.3013671875
GraphColouring,0105-wgc-n80-d50-p41.asp,19669,3928,5.007383,25.073883,125.554535,0.199705,0.039882,0.007965,0.008185,0.816513,0.0,0.983629,3367,0.17525,0.816564,0.816564,AMOCLINGO-L,0.940047,3.0141354634395943,2136.0,7520.0,0.28404255319148936,5120.0,0.6808510638297872,0.4171875
GraphColouring,0105-wgc-n80-d50-p51.asp,19669,3928,5.007383,25.073883,125.554535,0.199705,0.039882,0.007965,0.008185,0.816513,0.0,0.983629,3367,0.17525,0.816564,0.816564,AMOCLINGO-L,0.846997,1.4712743964854658,2634.0,7520.0,0.3502659574468085,5120.0,0.6808510638297872,0.514453125
GraphColouring,0106-wgc-n80-d50-p31.asp,19861,3960,5.015404,25.154278,126.158866,0.199386,0.039755,0.007927,0.008106,0.816676,0.0,0.983787,3399,0.175167,0.816726,0.816726,AMOCLINGO-L,1.012868,3.2668709051919893,1631.0,7520.0,0.21688829787234043,5120.0,0.6808510638297872,0.3185546875
GraphColouring,0106-wgc-n80-d50-p39.asp,19861,3960,5.015404,25.154278,126.158866,0.199386,0.039755,0.007927,0.008106,0.816676,0.0,0.983787,3399,0.175167,0.816726,0.816726,AMOCLINGO-L,0.958259,2.429233641426796,2025.0,7520.0,0.269281914893617,5120.0,0.6808510638297872,0.3955078125
GraphColouring,0106-wgc-n80-d50-p50.asp,19861,3960,5.015404,25.154278,126.158866,0.199386,0.039755,0.007927,0.008106,0.816676,0.0,0.983787,3399,0.175167,0.816726,0.816726,AMOCLINGO-L,0.830024,1.6329961543280678,2607.0,7520.0,0.34667553191489364,5120.0,0.6808510638297872,0.5091796875
GraphColouring,0107-wgc-n80-d50-p30.asp,18961,3810,4.97664,24.76695,123.256204,0.200939,0.040376,0.008113,0.008491,0.815885,0.0,0.983018,3249,0.175571,0.815938,0.815938,AMOCLINGO-L,13.120454,4.054101862633717,1556.0,7520.0,0.20691489361702128,5120.0,0.6808510638297872,0.30390625
GraphColouring,0107-wgc-n80-d50-p38.asp,18961,3810,4.97664,24.76695,123.256204,0.200939,0.040376,0.008113,0.008491,0.815885,0.0,0.983018,3249,0.175571,0.815938,0.815938,AMOCLINGO-L,0.866832,3.69726775199808,1989.0,7520.0,0.2644946808510638,5120.0,0.6808510638297872,0.3884765625
GraphColouring,0107-wgc-n80-d50-p50.asp,18961,3810,4.97664,24.76695,123.256204,0.200939,0.040376,0.008113,0.008491,0.815885,0.0,0.983018,3249,0.175571,0.815938,0.815938,AMOCLINGO-L,0.802943,2.1085942588701814,2583.0,7520.0,0.3434840425531915,5120.0,0.6808510638297872,0.5044921875
GraphColouring,0108-wgc-n80-d50-p29.asp,19285,3864,4.990942,24.909502,124.321882,0.200363,0.040145,0.008044,0.008348,0.816178,0.0,0.983303,3303,0.175421,0.81623,0.81623,AMOCLINGO-L,25.695702,9.288287239632526,1492.0,7520.0,0.19840425531914893,5120.0,0.6808510638297872,0.29140625
GraphColouring,0108-wgc-n80-d50-p39.asp,19285,3864,4.990942,24.909502,124.321882,0.200363,0.040145,0.008044,0.008348,0.816178,0.0,0.983303,3303,0.175421,0.81623,0.81623,AMOCLINGO-L,0.918415,3.077237414458605,2004.0,7520.0,0.26648936170212767,5120.0,0.6808510638297872,0.39140625
GraphColouring,0108-wgc-n80-d50-p48.asp,19285,3864,4.990942,24.909502,124.321882,0.200363,0.040145,0.008044,0.008348,0.816178,0.0,0.983303,3303,0.175421,0.81623,0.81623,AMOCLINGO-L,0.846839,2.325953339418709,2480.0,7520.0,0.32978723404255317,5120.0,0.6808510638297872,0.484375
GraphColouring,0109-wgc-n80-d50-p29.asp,19429,3888,4.997171,24.971716,124.787929,0.200113,0.040045,0.008014,0.008287,0.816306,0.0,0.983427,3327,0.175356,0.816357,0.816357,AMOCLINGO-L,4.825294,4.7508618127724445,1530.0,7520.0,0.20345744680851063,5120.0,0.6808510638297872,0.298828125
GraphColouring,0109-wgc-n80-d50-p40.asp,19429,3888,4.997171,24.971716,124.787929,0.200113,0.040045,0.008014,0.008287,0.816306,0.0,0.983427,3327,0.175356,0.816357,0.816357,AMOCLINGO-L,0.885779,4.151302977379234,2080.0,7520.0,0.2765957446808511,5120.0,0.6808510638297872,0.40625
GraphColouring,0109-wgc-n80-d50-p49.asp,19429,3888,4.997171,24.971716,124.787929,0.200113,0.040045,0.008014,0.008287,0.816306,0.0,0.983427,3327,0.175356,0.816357,0.816357,AMOCLINGO-L,0.8186279999999999,1.8934534367258389,2535.0,7520.0,0.3371010638297872,5120.0,0.6808510638297872,0.4951171875
GraphColouring,0109-wgc-n80-d50-p88.asp,19429,3888,4.997171,24.971716,124.787929,0.200113,0.040045,0.008014,0.008287,0.816306,0.0,0.983427,3327,0.175356,0.816357,0.816357,CLINGO-AMO,0.539613,1.476309873928167,4541.0,7520.0,0.6038563829787233,5120.0,0.6808510638297872,0.8869140625
GraphColouring,0110-wgc-n80-d50-p31.asp,19429,3888,4.997171,24.971716,124.787929,0.200113,0.040045,0.008014,0.008287,0.816306,0.0,0.983427,3327,0.175356,0.816357,0.816357,AMOCLINGO-L,6.715069000000001,16.95980041307096,1592.0,7520.0,0.21170212765957447,5120.0,0.6808510638297872,0.3109375
GraphColouring,0110-wgc-n80-d50-p38.asp,19429,3888,4.997171,24.971716,124.787929,0.200113,0.040045,0.008014,0.008287,0.816306,0.0,0.983427,3327,0.175356,0.816357,0.816357,AMOCLINGO-L,0.889597,3.7540403126359463,1951.0,7520.0,0.25944148936170214,5120.0,0.6808510638297872,0.3810546875
GraphColouring,0110-wgc-n80-d50-p48.asp,19429,3888,4.997171,24.971716,124.787929,0.200113,0.040045,0.008014,0.008287,0.816306,0.0,0.983427,3327,0.175356,0.816357,0.816357,AMOCLINGO-L,0.829113,2.056503757630142,2470.0,7520.0,0.32845744680851063,5120.0,0.6808510638297872,0.482421875
GraphColouring,0110-wgc-n80-d50-p60.asp,19429,3888,4.997171,24.971716,124.787929,0.200113,0.040045,0.008014,0.008287,0.816306,0.0,0.983427,3327,0.175356,0.816357,0.816357,CLINGO-AMO,0.6327320000000001,1.2619703128654784,3074.0,7520.0,0.40877659574468084,5120.0,0.6808510638297872,0.600390625
GraphColouring,0111-wgc-n80-d70-p19.asp,26989,5148,5.242618,27.485049,144.093624,0.190744,0.036383,0.00694,0.005965,0.821075,0.0,0.988069,4587,0.172922,0.821112,0.821112,AMOCLINGO-L,344.972252,2.008232053400051,989.0,7520.0,0.13151595744680852,5120.0,0.6808510638297872,0.1931640625
GraphColouring,0111-wgc-n80-d70-p30.asp,26989,5148,5.242618,27.485049,144.093624,0.190744,0.036383,0.00694,0.005965,0.821075,0.0,0.988069,4587,0.172922,0.821112,0.821112,AMOCLINGO-L,1.073157,1.7620953877205294,1540.0,7520.0,0.2047872340425532,5120.0,0.6808510638297872,0.30078125
GraphColouring,0111-wgc-n80-d70-p39.asp,26989,5148,5.242618,27.485049,144.093624,0.190744,0.036383,0.00694,0.005965,0.821075,0.0,0.988069,4587,0.172922,0.821112,0.821112,AMOCLINGO-L,0.938678,1.6730135360581582,2011.0,7520.0,0.26742021276595745,5120.0,0.6808510638297872,0.3927734375
GraphColouring,0111-wgc-n80-d70-p48.asp,26989,5148,5.242618,27.485049,144.093624,0.190744,0.036383,0.00694,0.005965,0.821075,0.0,0.988069,4587,0.172922,0.821112,0.821112,AMOCLINGO-L,0.928651,1.4447795781192287,2481.0,7520.0,0.32992021276595745,5120.0,0.6808510638297872,0.4845703125
GraphColouring,0111-wgc-n80-d70-p9.asp,26989,5148,5.242618,27.485049,144.093624,0.190744,0.036383,0.00694,0.005965,0.821075,0.0,0.988069,4587,0.172922,0.821112,0.821112,AMOCLINGO-L,8.267531,20.66808409911012,498.0,7520.0,0.06622340425531915,5120.0,0.6808510638297872,0.097265625
GraphColouring,0112-wgc-n80-d70-p21.asp,27349,5208,5.251344,27.576615,144.814293,0.190427,0.036263,0.006905,0.005887,0.821237,0.0,0.988226,4647,0.17284,0.821273,0.821273,AMOCLINGO-L,5.220193999999999,3.849496014899064,1082.0,7520.0,0.14388297872340425,5120.0,0.6808510638297872,0.211328125
GraphColouring,0112-wgc-n80-d70-p28.asp,27349,5208,5.251344,27.576615,144.814293,0.190427,0.036263,0.006905,0.005887,0.821237,0.0,0.988226,4647,0.17284,0.821273,0.821273,AMOCLINGO-L,1.794172,3.102334112894416,1450.0,7520.0,0.19281914893617022,5120.0,0.6808510638297872,0.283203125
GraphColouring,0112-wgc-n80-d70-p38.asp,27349,5208,5.251344,27.576615,144.814293,0.190427,0.036263,0.006905,0.005887,0.821237,0.0,0.988226,4647,0.17284,0.821273,0.821273,AMOCLINGO-L,0.979106,1.6648830667976704,1956.0,7520.0,0.2601063829787234,5120.0,0.6808510638297872,0.38203125
GraphColouring,0113-wgc-n80-d70-p20.asp,27337,5206,5.251056,27.573594,144.7905,0.190438,0.036267,0.006907,0.005889,0.821231,0.0,0.988221,4645,0.172843,0.821268,0.821268,AMOCLINGO-L,276.204594,2.446301896050288,1024.0,7520.0,0.13617021276595745,5120.0,0.6808510638297872,0.2
GraphColouring,0113-wgc-n80-d70-p31.asp,27337,5206,5.251056,27.573594,144.7905,0.190438,0.036267,0.006907,0.005889,0.821231,0.0,0.988221,4645,0.172843,0.821268,0.821268,AMOCLINGO-L,0.972071,1.7947835086120252,1621.0,7520.0,0.21555851063829787,5120.0,0.6808510638297872,0.3166015625
GraphColouring,0113-wgc-n80-d70-p38.asp,27337,5206,5.251056,27.573594,144.7905,0.190438,0.036267,0.006907,0.005889,0.821231,0.0,0.988221,4645,0.172843,0.821268,0.821268,AMOCLINGO-L,0.947104,1.6278750802446196,1953.0,7520.0,0.25970744680851066,5120.0,0.6808510638297872,0.3814453125
GraphColouring,0114-wgc-n80-d70-p10.asp,27217,5186,5.248168,27.543269,144.551706,0.190543,0.036307,0.006918,0.005915,0.821178,0.0,0.988169,4625,0.17287,0.821215,0.821215,AMOCLINGO-L,36.216181,2.922013560734082,516.0,7520.0,0.06861702127659575,5120.0,0.6808510638297872,0.10078125
GraphColouring,0114-wgc-n80-d70-p19.asp,27217,5186,5.248168,27.543269,144.551706,0.190543,0.036307,0.006918,0.005915,0.821178,0.0,0.988169,4625,0.17287,0.821215,0.821215,AMOCLINGO-INF-MR,207.921249,1.9922110462120204,1012.0,7520.0,0.1345744680851064,5120.0,0.6808510638297872,0.19765625
GraphColouring,0114-wgc-n80-d70-p28.asp,27217,5186,5.248168,27.543269,144.551706,0.190543,0.036307,0.006918,0.005915,0.821178,0.0,0.988169,4625,0.17287,0.821215,0.821215,AMOCLINGO-L,2.259773,4.626296977616778,1452.0,7520.0,0.1930851063829787,5120.0,0.6808510638297872,0.28359375
GraphColouring,0114-wgc-n80-d70-p40.asp,27217,5186,5.248168,27.543269,144.551706,0.190543,0.036307,0.006918,0.005915,0.821178,0.0,0.988169,4625,0.17287,0.821215,0.821215,AMOCLINGO-L,0.969627,1.780474347352126,2084.0,7520.0,0.2771276595744681,5120.0,0.6808510638297872,0.40703125
GraphColouring,0115-wgc-n80-d70-p20.asp,27577,5246,5.256767,27.6336,145.263398,0.190231,0.036188,0.006884,0.005838,0.821337,0.0,0.988324,4685,0.172789,0.821373,0.821373,AMOCLINGO-L,53.951531,3.858824636505681,1028.0,7520.0,0.13670212765957446,5120.0,0.6808510638297872,0.20078125
GraphColouring,0115-wgc-n80-d70-p31.asp,27577,5246,5.256767,27.6336,145.263398,0.190231,0.036188,0.006884,0.005838,0.821337,0.0,0.988324,4685,0.172789,0.821373,0.821373,AMOCLINGO-L,1.029283,2.237633381684144,1610.0,7520.0,0.21409574468085107,5120.0,0.6808510638297872,0.314453125
GraphColouring,0115-wgc-n80-d70-p40.asp,27577,5246,5.256767,27.6336,145.263398,0.190231,0.036188,0.006884,0.005838,0.821337,0.0,0.988324,4685,0.172789,0.821373,0.821373,AMOCLINGO-L,0.960041,1.7817874444945578,2083.0,7520.0,0.2769946808510638,5120.0,0.6808510638297872,0.4068359375
GraphColouring,0115-wgc-n80-d70-p49.asp,27577,5246,5.256767,27.6336,145.263398,0.190231,0.036188,0.006884,0.005838,0.821337,0.0,0.988324,4685,0.172789,0.821373,0.821373,CLINGO-AMO,0.659452,1.4293504303573268,2519.0,7520.0,0.33497340425531913,5120.0,0.6808510638297872,0.4919921875
GraphColouring,0115-wgc-n80-d70-p8.asp,27577,5246,5.256767,27.6336,145.263398,0.190231,0.036188,0.006884,0.005838,0.821337,0.0,0.988324,4685,0.172789,0.821373,0.821373,WASP-AMO,1.300967,1.665215182245207,442.0,7520.0,0.05877659574468085,5120.0,0.6808510638297872,0.086328125
GraphColouring,0116-wgc-n80-d70-p18.asp,27193,5182,5.247588,27.537178,144.503758,0.190564,0.036315,0.00692,0.005921,0.821167,0.0,0.988159,4621,0.172875,0.821204,0.821204,AMOCLINGO-L,739.9627,1.6283739896619112,938.0,7520.0,0.1247340425531915,5120.0,0.6808510638297872,0.183203125
GraphColouring,0116-wgc-n80-d70-p29.asp,27193,5182,5.247588,27.537178,144.503758,0.190564,0.036315,0.00692,0.005921,0.821167,0.0,0.988159,4621,0.172875,0.821204,0.821204,AMOCLINGO-L,1.016369,2.15855265164522,1517.0,7520.0,0.20172872340425532,5120.0,0.6808510638297872,0.2962890625
GraphColouring,0116-wgc-n80-d70-p41.asp,27193,5182,5.247588,27.537178,144.503758,0.190564,0.036315,0.00692,0.005921,0.821167,0.0,0.988159,4621,0.172875,0.821204,0.821204,AMOCLINGO-L,0.942462,1.67497257183844,2147.0,7520.0,0.2855053191489362,5120.0,0.6808510638297872,0.4193359375
GraphColouring,0117-wgc-n80-d70-p10.asp,26773,5112,5.237285,27.429152,143.654283,0.190939,0.036458,0.006961,0.006014,0.820976,0.0,0.987973,4551,0.172973,0.821014,0.821014,AMOCLINGO-L,85.33720100000001,3.3359090486223,530.0,7520.0,0.07047872340425532,5120.0,0.6808510638297872,0.103515625
GraphColouring,0117-wgc-n80-d70-p31.asp,26773,5112,5.237285,27.429152,143.654283,0.190939,0.036458,0.006961,0.006014,0.820976,0.0,0.987973,4551,0.172973,0.821014,0.821014,AMOCLINGO-L,0.995425,2.0440676093126053,1618.0,7520.0,0.21515957446808512,5120.0,0.6808510638297872,0.316015625
GraphColouring,0117-wgc-n80-d70-p39.asp,26773,5112,5.237285,27.429152,143.654283,0.190939,0.036458,0.006961,0.006014,0.820976,0.0,0.987973,4551,0.172973,0.821014,0.821014,AMOCLINGO-L,0.95682,1.7418041010848435,2004.0,7520.0,0.26648936170212767,5120.0,0.6808510638297872,0.39140625
GraphColouring,0118-wgc-n80-d70-p29.asp,27205,5184,5.247878,27.540224,144.52774,0.190553,0.036311,0.006919,0.005918,0.821173,0.0,0.988164,4623,0.172873,0.821209,0.821209,AMOCLINGO-L,1.027035,1.4195046906872697,1528.0,7520.0,0.20319148936170212,5120.0,0.6808510638297872,0.2984375
GraphColouring,0118-wgc-n80-d70-p39.asp,27205,5184,5.247878,27.540224,144.52774,0.190553,0.036311,0.006919,0.005918,0.821173,0.0,0.988164,4623,0.172873,0.821209,0.821209,AMOCLINGO-L,0.968025,1.638971100952971,2028.0,7520.0,0.2696808510638298,5120.0,0.6808510638297872,0.39609375
GraphColouring,0118-wgc-n80-d70-p51.asp,27205,5184,5.247878,27.540224,144.52774,0.190553,0.036311,0.006919,0.005918,0.821173,0.0,0.988164,4623,0.172873,0.821209,0.821209,CLINGO-AMO,0.625792,1.4957861398036407,2653.0,7520.0,0.3527925531914894,5120.0,0.6808510638297872,0.5181640625
GraphColouring,0119-wgc-n80-d70-p19.asp,26893,5132,5.240257,27.460296,143.899012,0.19083,0.036416,0.006949,0.005987,0.821031,0.0,0.988027,4571,0.172945,0.821069,0.821069,AMOCLINGO-L,308.507632,3.2042721944719994,981.0,7520.0,0.13045212765957448,5120.0,0.6808510638297872,0.1916015625
GraphColouring,0119-wgc-n80-d70-p28.asp,26893,5132,5.240257,27.460296,143.899012,0.19083,0.036416,0.006949,0.005987,0.821031,0.0,0.988027,4571,0.172945,0.821069,0.821069,AMOCLINGO-L,1.415015,10.80486213927061,1438.0,7520.0,0.19122340425531914,5120.0,0.6808510638297872,0.280859375
GraphColouring,0119-wgc-n80-d70-p39.asp,26893,5132,5.240257,27.460296,143.899012,0.19083,0.036416,0.006949,0.005987,0.821031,0.0,0.988027,4571,0.172945,0.821069,0.821069,AMOCLINGO-L,0.940324,1.7271153347144177,2011.0,7520.0,0.26742021276595745,5120.0,0.6808510638297872,0.3927734375
GraphColouring,0120-wgc-n80-d70-p20.asp,27229,5188,5.248458,27.546311,144.575657,0.190532,0.036303,0.006917,0.005913,0.821183,0.0,0.988174,4627,0.172867,0.82122,0.82122,AMOCLINGO-L,12.541779,9.25326789764036,1059.0,7520.0,0.14082446808510637,5120.0,0.6808510638297872,0.2068359375
GraphColouring,0120-wgc-n80-d70-p28.asp,27229,5188,5.248458,27.546311,144.575657,0.190532,0.036303,0.006917,0.005913,0.821183,0.0,0.988174,4627,0.172867,0.82122,0.82122,AMOCLINGO-L,1.460493,1.7809588953866946,1468.0,7520.0,0.1952127659574468,5120.0,0.6808510638297872,0.28671875
GraphColouring,0120-wgc-n80-d70-p40.asp,27229,5188,5.248458,27.546311,144.575657,0.190532,0.036303,0.006917,0.005913,0.821183,0.0,0.988174,4627,0.172867,0.82122,0.82122,AMOCLINGO-L,0.954457,1.5840252625314708,2072.0,7520.0,0.275531914893617,5120.0,0.6808510638297872,0.4046875
GraphColouring,0121-wgc-n100-d30-p39.asp,17953,3802,4.721988,22.297175,105.287001,0.211775,0.044849,0.009498,0.011196,0.81045,0.0,0.977608,3101,0.178299,0.810505,0.810505,AMOCLINGO-L,2.829995,425.79325193154057,2553.0,9400.0,0.27159574468085107,6400.0,0.6808510638297872,0.39890625
GraphColouring,0121-wgc-n100-d30-p49.asp,17953,3802,4.721988,22.297175,105.287001,0.211775,0.044849,0.009498,0.011196,0.81045,0.0,0.977608,3101,0.178299,0.810505,0.810505,AMOCLINGO-L,0.931221,4.35461506989211,3191.0,9400.0,0.339468085106383,6400.0,0.6808510638297872,0.49859375
GraphColouring,0121-wgc-n100-d30-p58.asp,17953,3802,4.721988,22.297175,105.287001,0.211775,0.044849,0.009498,0.011196,0.81045,0.0,0.977608,3101,0.178299,0.810505,0.810505,AMOCLINGO-L,0.812443,3.561664018275744,3768.0,9400.0,0.40085106382978725,6400.0,0.6808510638297872,0.58875
GraphColouring,0121-wgc-n100-d30-p68.asp,17953,3802,4.721988,22.297175,105.287001,0.211775,0.044849,0.009498,0.011196,0.81045,0.0,0.977608,3101,0.178299,0.810505,0.810505,AMOCLINGO-L,0.7873680000000001,1.2103577996565773,4393.0,9400.0,0.4673404255319149,6400.0,0.6808510638297872,0.68640625
GraphColouring,0122-wgc-n100-d30-p38.asp,18361,3870,4.744444,22.509753,106.796273,0.210773,0.044425,0.009364,0.010947,0.810958,0.0,0.978106,3169,0.17804,0.811012,0.811012,AMOCLINGO-L,7.052451,35.520480610216225,2433.0,9400.0,0.25882978723404254,6400.0,0.6808510638297872,0.38015625
GraphColouring,0122-wgc-n100-d30-p50.asp,18361,3870,4.744444,22.509753,106.796273,0.210773,0.044425,0.009364,0.010947,0.810958,0.0,0.978106,3169,0.17804,0.811012,0.811012,AMOCLINGO-L,0.897377,22.18193802604702,3215.0,9400.0,0.34202127659574466,6400.0,0.6808510638297872,0.50234375
GraphColouring,0122-wgc-n100-d30-p61.asp,18361,3870,4.744444,22.509753,106.796273,0.210773,0.044425,0.009364,0.010947,0.810958,0.0,0.978106,3169,0.17804,0.811012,0.811012,AMOCLINGO-L,0.829158,3.1661299776399674,3947.0,9400.0,0.4198936170212766,6400.0,0.6808510638297872,0.61671875
GraphColouring,0122-wgc-n100-d30-p70.asp,18361,3870,4.744444,22.509753,106.796273,0.210773,0.044425,0.009364,0.010947,0.810958,0.0,0.978106,3169,0.17804,0.811012,0.811012,AMOCLINGO-L,0.7908029999999999,1.224927067803233,4484.0,9400.0,0.47702127659574467,6400.0,0.6808510638297872,0.700625
GraphColouring,0122-wgc-n100-d30-p79.asp,18361,3870,4.744444,22.509753,106.796273,0.210773,0.044425,0.009364,0.010947,0.810958,0.0,0.978106,3169,0.17804,0.811012,0.811012,CLINGO-AMO,0.501551,1.5767469310199762,5061.0,9400.0,0.5384042553191489,6400.0,0.6808510638297872,0.79078125
GraphColouring,0123-wgc-n100-d30-p40.asp,18709,3928,4.762984,22.686014,108.053114,0.209952,0.04408,0.009255,0.010743,0.811374,0.0,0.978513,3227,0.177829,0.811428,0.811428,AMOCLINGO-L,2.706148,445.2675662971871,2592.0,9400.0,0.27574468085106385,6400.0,0.6808510638297872,0.405
GraphColouring,0123-wgc-n100-d30-p48.asp,18709,3928,4.762984,22.686014,108.053114,0.209952,0.04408,0.009255,0.010743,0.811374,0.0,0.978513,3227,0.177829,0.811428,0.811428,AMOCLINGO-L,0.98612,14.210789761895104,3116.0,9400.0,0.33148936170212767,6400.0,0.6808510638297872,0.486875
GraphColouring,0123-wgc-n100-d30-p60.asp,18709,3928,4.762984,22.686014,108.053114,0.209952,0.04408,0.009255,0.010743,0.811374,0.0,0.978513,3227,0.177829,0.811428,0.811428,AMOCLINGO-L,0.839116,2.155636407838726,3884.0,9400.0,0.41319148936170214,6400.0,0.6808510638297872,0.606875
GraphColouring,0123-wgc-n100-d30-p78.asp,18709,3928,4.762984,22.686014,108.053114,0.209952,0.04408,0.009255,0.010743,0.811374,0.0,0.978513,3227,0.177829,0.811428,0.811428,CLINGO-AMO,0.592754,1.3474358671556834,4992.0,9400.0,0.531063829787234,6400.0,0.6808510638297872,0.78
GraphColouring,0124-wgc-n100-d30-p39.asp,18517,3896,4.752823,22.58933,107.363098,0.210401,0.044269,0.009314,0.010855,0.811147,0.0,0.97829,3195,0.177945,0.811201,0.811201,AMOCLINGO-L,7.35756,163.77215313228842,2501.0,9400.0,0.26606382978723403,6400.0,0.6808510638297872,0.39078125
GraphColouring,0124-wgc-n100-d30-p50.asp,18517,3896,4.752823,22.58933,107.363098,0.210401,0.044269,0.009314,0.010855,0.811147,0.0,0.97829,3195,0.177945,0.811201,0.811201,AMOCLINGO-L,1.000538,6.480259620324266,3208.0,9400.0,0.34127659574468083,6400.0,0.6808510638297872,0.50125
GraphColouring,0124-wgc-n100-d30-p60.asp,18517,3896,4.752823,22.58933,107.363098,0.210401,0.044269,0.009314,0.010855,0.811147,0.0,0.97829,3195,0.177945,0.811201,0.811201,AMOCLINGO-L,0.829157,2.275985127062788,3862.0,9400.0,0.41085106382978726,6400.0,0.6808510638297872,0.6034375
GraphColouring,0124-wgc-n100-d30-p79.asp,18517,3896,4.752823,22.58933,107.363098,0.210401,0.044269,0.009314,0.010855,0.811147,0.0,0.97829,3195,0.177945,0.811201,0.811201,CLINGO-AMO,0.554518,1.4448530074767638,5079.0,9400.0,0.5403191489361702,6400.0,0.6808510638297872,0.79359375
GraphColouring,0125-wgc-n100-d30-p38.asp,18541,3900,4.754103,22.601491,107.449807,0.210345,0.044245,0.009307,0.010841,0.811175,0.0,0.978318,3199,0.17793,0.811229,0.811229,AMOCLINGO-L,9.986737,21.62932377211896,2439.0,9400.0,0.259468085106383,6400.0,0.6808510638297872,0.38109375
GraphColouring,0125-wgc-n100-d30-p48.asp,18541,3900,4.754103,22.601491,107.449807,0.210345,0.044245,0.009307,0.010841,0.811175,0.0,0.978318,3199,0.17793,0.811229,0.811229,AMOCLINGO-L,0.995017,9.304984738954207,3133.0,9400.0,0.3332978723404255,6400.0,0.6808510638297872,0.48953125
GraphColouring,0125-wgc-n100-d30-p61.asp,18541,3900,4.754103,22.601491,107.449807,0.210345,0.044245,0.009307,0.010841,0.811175,0.0,0.978318,3199,0.17793,0.811229,0.811229,AMOCLINGO-L,0.822445,2.545595146179988,3911.0,9400.0,0.41606382978723405,6400.0,0.6808510638297872,0.61109375
GraphColouring,0125-wgc-n100-d30-p68.asp,18541,3900,4.754103,22.601491,107.449807,0.210345,0.044245,0.009307,0.010841,0.811175,0.0,0.978318,3199,0.17793,0.811229,0.811229,AMOCLINGO-L,0.794742,1.3728354610678688,4385.0,9400.0,0.4664893617021277,6400.0,0.6808510638297872,0.68515625
GraphColouring,0126-wgc-n100-d30-p11.asp,18445,3884,4.74897,22.552717,107.102181,0.210572,0.044341,0.009337,0.010897,0.81106,0.0,0.978205,3183,0.177989,0.811114,0.811114,WASP-AMO,0.539198,1.499497401696594,761.0,9400.0,0.08095744680851064,6400.0,0.6808510638297872,0.11890625
GraphColouring,0126-wgc-n100-d30-p41.asp,18445,3884,4.74897,22.552717,107.102181,0.210572,0.044341,0.009337,0.010897,0.81106,0.0,0.978205,3183,0.177989,0.811114,0.811114,AMOCLINGO-L,1.872718,24.23853404516857,2679.0,9400.0,0.285,6400.0,0.6808510638297872,0.41859375
GraphColouring,0126-wgc-n100-d30-p50.asp,18445,3884,4.74897,22.552717,107.102181,0.210572,0.044341,0.009337,0.010897,0.81106,0.0,0.978205,3183,0.177989,0.811114,0.811114,AMOCLINGO-L,0.955205,12.298995503583,3257.0,9400.0,0.3464893617021277,6400.0,0.6808510638297872,0.50890625
GraphColouring,0126-wgc-n100-d30-p60.asp,18445,3884,4.74897,22.552717,107.102181,0.210572,0.044341,0.009337,0.010897,0.81106,0.0,0.978205,3183,0.177989,0.811114,0.811114,AMOCLINGO-L,0.816099,3.574585926462353,3885.0,9400.0,0.41329787234042553,6400.0,0.6808510638297872,0.60703125
GraphColouring,0127-wgc-n100-d30-p39.asp,18625,3914,4.758559,22.643884,107.752258,0.210148,0.044162,0.009281,0.010792,0.811275,0.0,0.978416,3213,0.177879,0.811329,0.811329,AMOCLINGO-L,2.631647,64.19339219887773,2517.0,9400.0,0.26776595744680853,6400.0,0.6808510638297872,0.39328125
GraphColouring,0127-wgc-n100-d30-p50.asp,18625,3914,4.758559,22.643884,107.752258,0.210148,0.044162,0.009281,0.010792,0.811275,0.0,0.978416,3213,0.177879,0.811329,0.811329,AMOCLINGO-L,1.035063,5.005837325843934,3210.0,9400.0,0.3414893617021277,6400.0,0.6808510638297872,0.5015625
GraphColouring,0127-wgc-n100-d30-p61.asp,18625,3914,4.758559,22.643884,107.752258,0.210148,0.044162,0.009281,0.010792,0.811275,0.0,0.978416,3213,0.177879,0.811329,0.811329,AMOCLINGO-L,0.8147460000000001,3.475540843403956,3907.0,9400.0,0.4156382978723404,6400.0,0.6808510638297872,0.61046875
GraphColouring,0127-wgc-n100-d30-p70.asp,18625,3914,4.758559,22.643884,107.752258,0.210148,0.044162,0.009281,0.010792,0.811275,0.0,0.978416,3213,0.177879,0.811329,0.811329,AMOCLINGO-L,0.812558,1.3157866884579317,4484.0,9400.0,0.47702127659574467,6400.0,0.6808510638297872,0.700625
GraphColouring,0128-wgc-n100-d30-p40.asp,18397,3876,4.746388,22.528199,106.927576,0.210687,0.044389,0.009352,0.010926,0.811002,0.0,0.978149,3175,0.178018,0.811056,0.811056,AMOCLINGO-L,2.425036,29.88746641286975,2577.0,9400.0,0.27414893617021274,6400.0,0.6808510638297872,0.40265625
GraphColouring,0128-wgc-n100-d30-p48.asp,18397,3876,4.746388,22.528199,106.927576,0.210687,0.044389,0.009352,0.010926,0.811002,0.0,0.978149,3175,0.178018,0.811056,0.811056,AMOCLINGO-L,1.0617869999999998,13.827900511119465,3098.0,9400.0,0.3295744680851064,6400.0,0.6808510638297872,0.4840625
GraphColouring,0128-wgc-n100-d30-p58.asp,18397,3876,4.746388,22.528199,106.927576,0.210687,0.044389,0.009352,0.010926,0.811002,0.0,0.978149,3175,0.178018,0.811056,0.811056,AMOCLINGO-L,0.8272740000000001,4.9516411732992935,3747.0,9400.0,0.39861702127659576,6400.0,0.6808510638297872,0.58546875
GraphColouring,0128-wgc-n100-d30-p68.asp,18397,3876,4.746388,22.528199,106.927576,0.210687,0.044389,0.009352,0.010926,0.811002,0.0,0.978149,3175,0.178018,0.811056,0.811056,AMOCLINGO-L,0.794872,1.3107645004478707,4391.0,9400.0,0.4671276595744681,6400.0,0.6808510638297872,0.68609375
GraphColouring,0128-wgc-n100-d30-p79.asp,18397,3876,4.746388,22.528199,106.927576,0.210687,0.044389,0.009352,0.010926,0.811002,0.0,0.978149,3175,0.178018,0.811056,0.811056,CLINGO-AMO,0.5705020000000001,1.3840109237128002,5116.0,9400.0,0.5442553191489362,6400.0,0.6808510638297872,0.799375
GraphColouring,0129-wgc-n100-d30-p18.asp,18409,3878,4.747035,22.534337,106.971277,0.210658,0.044377,0.009348,0.010919,0.811016,0.0,0.978163,3177,0.178011,0.811071,0.811071,AMOCLINGO-L,462.009949,2.608031111901445,1165.0,9400.0,0.12393617021276596,6400.0,0.6808510638297872,0.18203125
GraphColouring,0129-wgc-n100-d30-p38.asp,18409,3878,4.747035,22.534337,106.971277,0.210658,0.044377,0.009348,0.010919,0.811016,0.0,0.978163,3177,0.178011,0.811071,0.811071,AMOCLINGO-L,7.593383999999999,26.804368645125816,2451.0,9400.0,0.26074468085106384,6400.0,0.6808510638297872,0.38296875
GraphColouring,0129-wgc-n100-d30-p51.asp,18409,3878,4.747035,22.534337,106.971277,0.210658,0.044377,0.009348,0.010919,0.811016,0.0,0.978163,3177,0.178011,0.811071,0.811071,AMOCLINGO-L,1.161146,4.777518072662697,3298.0,9400.0,0.35085106382978726,6400.0,0.6808510638297872,0.5153125
GraphColouring,0129-wgc-n100-d30-p60.asp,18409,3878,4.747035,22.534337,106.971277,0.210658,0.044377,0.009348,0.010919,0.811016,0.0,0.978163,3177,0.178011,0.811071,0.811071,AMOCLINGO-L,0.836715,3.959993546189563,3880.0,9400.0,0.4127659574468085,6400.0,0.6808510638297872,0.60625
GraphColouring,0129-wgc-n100-d30-p70.asp,18409,3878,4.747035,22.534337,106.971277,0.210658,0.044377,0.009348,0.010919,0.811016,0.0,0.978163,3177,0.178011,0.811071,0.811071,AMOCLINGO-L,0.790497,1.2190330893096368,4493.0,9400.0,0.47797872340425535,6400.0,0.6808510638297872,0.70203125
GraphColouring,0130-wgc-n100-d30-p38.asp,18841,3950,4.769873,22.751692,108.522693,0.209649,0.043953,0.009215,0.010668,0.811528,0.0,0.978664,3249,0.177751,0.811581,0.811581,AMOCLINGO-L,5.937562,38.34563664345737,2451.0,9400.0,0.26074468085106384,6400.0,0.6808510638297872,0.38296875
GraphColouring,0130-wgc-n100-d30-p49.asp,18841,3950,4.769873,22.751692,108.522693,0.209649,0.043953,0.009215,0.010668,0.811528,0.0,0.978664,3249,0.177751,0.811581,0.811581,AMOCLINGO-L,0.931314,11.509284731035931,3165.0,9400.0,0.33670212765957447,6400.0,0.6808510638297872,0.49453125
GraphColouring,0130-wgc-n100-d30-p60.asp,18841,3950,4.769873,22.751692,108.522693,0.209649,0.043953,0.009215,0.010668,0.811528,0.0,0.978664,3249,0.177751,0.811581,0.811581,AMOCLINGO-L,0.84056,2.43975207004854,3866.0,9400.0,0.41127659574468084,6400.0,0.6808510638297872,0.6040625
GraphColouring,0130-wgc-n100-d30-p69.asp,18841,3950,4.769873,22.751692,108.522693,0.209649,0.043953,0.009215,0.010668,0.811528,0.0,0.978664,3249,0.177751,0.811581,0.811581,AMOCLINGO-L,0.802211,1.6873428561812294,4449.0,9400.0,0.47329787234042553,6400.0,0.6808510638297872,0.69515625
GraphColouring,0131-wgc-n100-d50-p31.asp,29749,5768,5.157594,26.600772,137.195972,0.193889,0.037593,0.007289,0.006757,0.819523,0.0,0.986487,5067,0.173687,0.819557,0.819557,AMOCLINGO-L,2.1193820000000003,56.29504685799916,2029.0,9400.0,0.21585106382978722,6400.0,0.6808510638297872,0.31703125
GraphColouring,0131-wgc-n100-d50-p39.asp,29749,5768,5.157594,26.600772,137.195972,0.193889,0.037593,0.007289,0.006757,0.819523,0.0,0.986487,5067,0.173687,0.819557,0.819557,AMOCLINGO-L,1.116983,8.971525081402312,2552.0,9400.0,0.2714893617021277,6400.0,0.6808510638297872,0.39875
GraphColouring,0131-wgc-n100-d50-p48.asp,29749,5768,5.157594,26.600772,137.195972,0.193889,0.037593,0.007289,0.006757,0.819523,0.0,0.986487,5067,0.173687,0.819557,0.819557,AMOCLINGO-L,1.082523,3.380637640031667,3130.0,9400.0,0.33297872340425533,6400.0,0.6808510638297872,0.4890625
GraphColouring,0131-wgc-n100-d50-p58.asp,29749,5768,5.157594,26.600772,137.195972,0.193889,0.037593,0.007289,0.006757,0.819523,0.0,0.986487,5067,0.173687,0.819557,0.819557,CLINGO-AMO,0.7126279999999999,1.3837177321126872,3767.0,9400.0,0.40074468085106385,6400.0,0.6808510638297872,0.58859375
GraphColouring,0132-wgc-n100-d50-p10.asp,30181,5840,5.167979,26.708012,138.026455,0.193499,0.037442,0.007245,0.00666,0.819721,0.0,0.98668,5139,0.173586,0.819754,0.819754,AMOCLINGO-L,5.398353999999999,4.10150167995652,663.0,9400.0,0.07053191489361701,6400.0,0.6808510638297872,0.10359375
GraphColouring,0132-wgc-n100-d50-p31.asp,30181,5840,5.167979,26.708012,138.026455,0.193499,0.037442,0.007245,0.00666,0.819721,0.0,0.98668,5139,0.173586,0.819754,0.819754,AMOCLINGO-L,2.173721,15.042451630177007,2004.0,9400.0,0.21319148936170212,6400.0,0.6808510638297872,0.313125
GraphColouring,0132-wgc-n100-d50-p40.asp,30181,5840,5.167979,26.708012,138.026455,0.193499,0.037442,0.007245,0.00666,0.819721,0.0,0.98668,5139,0.173586,0.819754,0.819754,AMOCLINGO-L,1.427319,3.946475875399963,2590.0,9400.0,0.275531914893617,6400.0,0.6808510638297872,0.4046875
GraphColouring,0132-wgc-n100-d50-p50.asp,30181,5840,5.167979,26.708012,138.026455,0.193499,0.037442,0.007245,0.00666,0.819721,0.0,0.98668,5139,0.173586,0.819754,0.819754,AMOCLINGO-L,1.049961,2.6288757391941227,3202.0,9400.0,0.3406382978723404,6400.0,0.6808510638297872,0.5003125
GraphColouring,0132-wgc-n100-d50-p58.asp,30181,5840,5.167979,26.708012,138.026455,0.193499,0.037442,0.007245,0.00666,0.819721,0.0,0.98668,5139,0.173586,0.819754,0.819754,AMOCLINGO-L,1.014197,1.3471485322871195,3758.0,9400.0,0.3997872340425532,6400.0,0.6808510638297872,0.5871875
GraphColouring,0133-wgc-n100-d50-p30.asp,30301,5860,5.170819,26.73737,138.254105,0.193393,0.037401,0.007233,0.006633,0.819775,0.0,0.986733,5159,0.173559,0.819808,0.819808,AMOCLINGO-L,3.219964,7.648036127111981,1978.0,9400.0,0.2104255319148936,6400.0,0.6808510638297872,0.3090625
GraphColouring,0133-wgc-n100-d50-p40.asp,30301,5860,5.170819,26.73737,138.254105,0.193393,0.037401,0.007233,0.006633,0.819775,0.0,0.986733,5159,0.173559,0.819808,0.819808,AMOCLINGO-L,1.119152,3.9864299040702247,2617.0,9400.0,0.2784042553191489,6400.0,0.6808510638297872,0.40890625
GraphColouring,0133-wgc-n100-d50-p51.asp,30301,5860,5.170819,26.73737,138.254105,0.193393,0.037401,0.007233,0.006633,0.819775,0.0,0.986733,5159,0.173559,0.819808,0.819808,AMOCLINGO-L,1.006618,2.6185991110828537,3313.0,9400.0,0.3524468085106383,6400.0,0.6808510638297872,0.51765625
GraphColouring,0133-wgc-n100-d50-p60.asp,30301,5860,5.170819,26.73737,138.254105,0.193393,0.037401,0.007233,0.006633,0.819775,0.0,0.986733,5159,0.173559,0.819808,0.819808,CLINGO-AMO,0.755329,1.3227097066311502,3841.0,9400.0,0.40861702127659577,6400.0,0.6808510638297872,0.60015625
GraphColouring,0134-wgc-n100-d50-p28.asp,30577,5906,5.177277,26.804201,138.772781,0.193152,0.037308,0.007206,0.006574,0.819897,0.0,0.986853,5205,0.173496,0.81993,0.81993,AMOCLINGO-L,69.327964,17.380439457301822,1844.0,9400.0,0.19617021276595745,6400.0,0.6808510638297872,0.288125
GraphColouring,0134-wgc-n100-d50-p39.asp,30577,5906,5.177277,26.804201,138.772781,0.193152,0.037308,0.007206,0.006574,0.819897,0.0,0.986853,5205,0.173496,0.81993,0.81993,AMOCLINGO-L,1.112169,6.605162524760176,2501.0,9400.0,0.26606382978723403,6400.0,0.6808510638297872,0.39078125
GraphColouring,0134-wgc-n100-d50-p49.asp,30577,5906,5.177277,26.804201,138.772781,0.193152,0.037308,0.007206,0.006574,0.819897,0.0,0.986853,5205,0.173496,0.81993,0.81993,AMOCLINGO-L,1.119873,2.257621176687,3166.0,9400.0,0.33680851063829786,6400.0,0.6808510638297872,0.4946875
GraphColouring,0134-wgc-n100-d50-p9.asp,30577,5906,5.177277,26.804201,138.772781,0.193152,0.037308,0.007206,0.006574,0.819897,0.0,0.986853,5205,0.173496,0.81993,0.81993,WASP-AMO,0.6338959999999999,2.0739269533172635,598.0,9400.0,0.06361702127659574,6400.0,0.6808510638297872,0.0934375
GraphColouring,0135-wgc-n100-d50-p10.asp,30925,5964,5.185278,26.887111,139.417156,0.192854,0.037193,0.007173,0.0065,0.820049,0.0,0.987001,5263,0.17342,0.820081,0.820081,AMOCLINGO-INF-MR,1.469419,2.1467573238130173,660.0,9400.0,0.07021276595744681,6400.0,0.6808510638297872,0.103125
GraphColouring,0135-wgc-n100-d50-p29.asp,30925,5964,5.185278,26.887111,139.417156,0.192854,0.037193,0.007173,0.0065,0.820049,0.0,0.987001,5263,0.17342,0.820081,0.820081,AMOCLINGO-L,187.656774,1.893056719604484,1856.0,9400.0,0.1974468085106383,6400.0,0.6808510638297872,0.29
GraphColouring,0135-wgc-n100-d50-p40.asp,30925,5964,5.185278,26.887111,139.417156,0.192854,0.037193,0.007173,0.0065,0.820049,0.0,0.987001,5263,0.17342,0.820081,0.820081,AMOCLINGO-L,1.062696,3.509574704336893,2621.0,9400.0,0.27882978723404256,6400.0,0.6808510638297872,0.40953125
GraphColouring,0135-wgc-n100-d50-p51.asp,30925,5964,5.185278,26.887111,139.417156,0.192854,0.037193,0.007173,0.0065,0.820049,0.0,0.987001,5263,0.17342,0.820081,0.820081,AMOCLINGO-L,1.021484,2.482315924674297,3303.0,9400.0,0.35138297872340424,6400.0,0.6808510638297872,0.51609375
GraphColouring,0135-wgc-n100-d50-p58.asp,30925,5964,5.185278,26.887111,139.417156,0.192854,0.037193,0.007173,0.0065,0.820049,0.0,0.987001,5263,0.17342,0.820081,0.820081,AMOCLINGO-L,1.022865,1.3370083051038018,3766.0,9400.0,0.4006382978723404,6400.0,0.6808510638297872,0.5884375
GraphColouring,0136-wgc-n100-d50-p31.asp,30325,5864,5.171385,26.74322,138.299479,0.193372,0.037393,0.007231,0.006628,0.819786,0.0,0.986744,5163,0.173553,0.819819,0.819819,AMOCLINGO-L,1.664002,7.25011868976119,2040.0,9400.0,0.2170212765957447,6400.0,0.6808510638297872,0.31875
GraphColouring,0136-wgc-n100-d50-p38.asp,30325,5864,5.171385,26.74322,138.299479,0.193372,0.037393,0.007231,0.006628,0.819786,0.0,0.986744,5163,0.173553,0.819819,0.819819,AMOCLINGO-L,1.13414,4.837553564815631,2449.0,9400.0,0.26053191489361704,6400.0,0.6808510638297872,0.38265625
GraphColouring,0136-wgc-n100-d50-p50.asp,30325,5864,5.171385,26.74322,138.299479,0.193372,0.037393,0.007231,0.006628,0.819786,0.0,0.986744,5163,0.173553,0.819819,0.819819,AMOCLINGO-L,1.038411,2.390081576562652,3250.0,9400.0,0.34574468085106386,6400.0,0.6808510638297872,0.5078125
GraphColouring,0137-wgc-n100-d50-p11.asp,30685,5924,5.179777,26.830092,138.973896,0.193058,0.037272,0.007196,0.00655,0.819945,0.0,0.986899,5223,0.173472,0.819977,0.819977,AMOCLINGO-L,38.434221,12.021503597015794,723.0,9400.0,0.07691489361702128,6400.0,0.6808510638297872,0.11296875
GraphColouring,0137-wgc-n100-d50-p31.asp,30685,5924,5.179777,26.830092,138.973896,0.193058,0.037272,0.007196,0.00655,0.819945,0.0,0.986899,5223,0.173472,0.819977,0.819977,AMOCLINGO-L,1.572045,4.253452032225541,2005.0,9400.0,0.21329787234042552,6400.0,0.6808510638297872,0.31328125
GraphColouring,0137-wgc-n100-d50-p40.asp,30685,5924,5.179777,26.830092,138.973896,0.193058,0.037272,0.007196,0.00655,0.819945,0.0,0.986899,5223,0.173472,0.819977,0.819977,AMOCLINGO-L,1.188736,3.7665343692796394,2622.0,9400.0,0.27893617021276595,6400.0,0.6808510638297872,0.4096875
GraphColouring,0137-wgc-n100-d50-p49.asp,30685,5924,5.179777,26.830092,138.973896,0.193058,0.037272,0.007196,0.00655,0.819945,0.0,0.986899,5223,0.173472,0.819977,0.819977,AMOCLINGO-L,1.139014,2.9004165005873506,3172.0,9400.0,0.3374468085106383,6400.0,0.6808510638297872,0.495625
GraphColouring,0137-wgc-n100-d50-p61.asp,30685,5924,5.179777,26.830092,138.973896,0.193058,0.037272,0.007196,0.00655,0.819945,0.0,0.986899,5223,0.173472,0.819977,0.819977,AMOCLINGO-L,1.000709,1.3385699539026827,3937.0,9400.0,0.41882978723404257,6400.0,0.6808510638297872,0.61515625
GraphColouring,0138-wgc-n100-d50-p11.asp,30805,5944,5.182537,26.85869,139.196154,0.192956,0.037232,0.007184,0.006525,0.819997,0.0,0.98695,5243,0.173446,0.820029,0.820029,AMOCLINGO-INF-MR,33.962518,10.48302637631285,724.0,9400.0,0.07702127659574468,6400.0,0.6808510638297872,0.113125
GraphColouring,0138-wgc-n100-d50-p31.asp,30805,5944,5.182537,26.85869,139.196154,0.192956,0.037232,0.007184,0.006525,0.819997,0.0,0.98695,5243,0.173446,0.820029,0.820029,AMOCLINGO-L,1.476846,13.347620537280122,2038.0,9400.0,0.21680851063829787,6400.0,0.6808510638297872,0.3184375
GraphColouring,0138-wgc-n100-d50-p41.asp,30805,5944,5.182537,26.85869,139.196154,0.192956,0.037232,0.007184,0.006525,0.819997,0.0,0.98695,5243,0.173446,0.820029,0.820029,AMOCLINGO-L,1.080187,4.395151950541896,2637.0,9400.0,0.280531914893617,6400.0,0.6808510638297872,0.41203125
GraphColouring,0138-wgc-n100-d50-p50.asp,30805,5944,5.182537,26.85869,139.196154,0.192956,0.037232,0.007184,0.006525,0.819997,0.0,0.98695,5243,0.173446,0.820029,0.820029,AMOCLINGO-L,1.096249,2.583237932258091,3230.0,9400.0,0.34361702127659577,6400.0,0.6808510638297872,0.5046875
GraphColouring,0138-wgc-n100-d50-p68.asp,30805,5944,5.182537,26.85869,139.196154,0.192956,0.037232,0.007184,0.006525,0.819997,0.0,0.98695,5243,0.173446,0.820029,0.820029,CLINGO-AMO,0.724558,1.3704755174879029,4415.0,9400.0,0.4696808510638298,6400.0,0.6808510638297872,0.68984375
GraphColouring,0139-wgc-n100-d50-p28.asp,30793,5942,5.182262,26.855838,139.173985,0.192966,0.037236,0.007185,0.006527,0.819992,0.0,0.986945,5241,0.173449,0.820024,0.820024,AMOCLINGO-L,350.838619,3.4346923620743133,1799.0,9400.0,0.19138297872340426,6400.0,0.6808510638297872,0.28109375
GraphColouring,0139-wgc-n100-d50-p41.asp,30793,5942,5.182262,26.855838,139.173985,0.192966,0.037236,0.007185,0.006527,0.819992,0.0,0.986945,5241,0.173449,0.820024,0.820024,AMOCLINGO-L,1.282773,2.808195994147055,2686.0,9400.0,0.2857446808510638,6400.0,0.6808510638297872,0.4196875
GraphColouring,0139-wgc-n100-d50-p50.asp,30793,5942,5.182262,26.855838,139.173985,0.192966,0.037236,0.007185,0.006527,0.819992,0.0,0.986945,5241,0.173449,0.820024,0.820024,AMOCLINGO-L,1.125003,1.958664999115558,3244.0,9400.0,0.3451063829787234,6400.0,0.6808510638297872,0.506875
GraphColouring,0139-wgc-n100-d50-p69.asp,30793,5942,5.182262,26.855838,139.173985,0.192966,0.037236,0.007185,0.006527,0.819992,0.0,0.986945,5241,0.173449,0.820024,0.820024,CLINGO-AMO,0.7438,1.330997579994622,4437.0,9400.0,0.47202127659574467,6400.0,0.6808510638297872,0.69328125
GraphColouring,0139-wgc-n100-d50-p9.asp,30793,5942,5.182262,26.855838,139.173985,0.192966,0.037236,0.007185,0.006527,0.819992,0.0,0.986945,5241,0.173449,0.820024,0.820024,AMOCLINGO-INF-MR,2.273694,1.6105219084010425,618.0,9400.0,0.06574468085106383,6400.0,0.6808510638297872,0.0965625
GraphColouring,0140-wgc-n100-d50-p31.asp,30877,5956,5.184184,26.875764,139.328906,0.192894,0.037208,0.007177,0.00651,0.820028,0.0,0.986981,5255,0.17343,0.82006,0.82006,AMOCLINGO-L,1.991974,3.7492863862680954,1999.0,9400.0,0.21265957446808512,6400.0,0.6808510638297872,0.31234375
GraphColouring,0140-wgc-n100-d50-p39.asp,30877,5956,5.184184,26.875764,139.328906,0.192894,0.037208,0.007177,0.00651,0.820028,0.0,0.986981,5255,0.17343,0.82006,0.82006,AMOCLINGO-L,1.092968,3.5377183961470053,2532.0,9400.0,0.2693617021276596,6400.0,0.6808510638297872,0.395625
GraphColouring,0140-wgc-n100-d50-p50.asp,30877,5956,5.184184,26.875764,139.328906,0.192894,0.037208,0.007177,0.00651,0.820028,0.0,0.986981,5255,0.17343,0.82006,0.82006,AMOCLINGO-L,1.153486,2.8341210903296616,3232.0,9400.0,0.34382978723404256,6400.0,0.6808510638297872,0.505
GraphColouring,0140-wgc-n100-d50-p58.asp,30877,5956,5.184184,26.875764,139.328906,0.192894,0.037208,0.007177,0.00651,0.820028,0.0,0.986981,5255,0.17343,0.82006,0.82006,AMOCLINGO-L,1.04933,1.2800844348298437,3712.0,9400.0,0.3948936170212766,6400.0,0.6808510638297872,0.58
GraphColouring,0140-wgc-n100-d50-p9.asp,30877,5956,5.184184,26.875764,139.328906,0.192894,0.037208,0.007177,0.00651,0.820028,0.0,0.986981,5255,0.17343,0.82006,0.82006,WASP-AMO,0.769688,2.497096226003264,578.0,9400.0,0.06148936170212766,6400.0,0.6808510638297872,0.0903125
GraphColouring,0141-wgc-n100-d70-p21.asp,42157,7836,5.379913,28.943466,155.713337,0.185877,0.03455,0.006422,0.004768,0.823588,0.0,0.990464,7135,0.17162,0.823612,0.823612,AMOCLINGO-INF-MR,50.232795,1.5892391414811775,1394.0,9400.0,0.14829787234042552,6400.0,0.6808510638297872,0.2178125
GraphColouring,0141-wgc-n100-d70-p30.asp,42157,7836,5.379913,28.943466,155.713337,0.185877,0.03455,0.006422,0.004768,0.823588,0.0,0.990464,7135,0.17162,0.823612,0.823612,AMOCLINGO-L,1.372734,3.0663857673810075,1979.0,9400.0,0.21053191489361703,6400.0,0.6808510638297872,0.30921875
GraphColouring,0141-wgc-n100-d70-p38.asp,42157,7836,5.379913,28.943466,155.713337,0.185877,0.03455,0.006422,0.004768,0.823588,0.0,0.990464,7135,0.17162,0.823612,0.823612,AMOCLINGO-L,1.2540520000000002,1.9625733223183728,2480.0,9400.0,0.26382978723404255,6400.0,0.6808510638297872,0.3875
GraphColouring,0141-wgc-n100-d70-p50.asp,42157,7836,5.379913,28.943466,155.713337,0.185877,0.03455,0.006422,0.004768,0.823588,0.0,0.990464,7135,0.17162,0.823612,0.823612,CLINGO-AMO,0.951165,1.3662529634711116,3200.0,9400.0,0.3404255319148936,6400.0,0.6808510638297872,0.5
GraphColouring,0141-wgc-n100-d70-p59.asp,42157,7836,5.379913,28.943466,155.713337,0.185877,0.03455,0.006422,0.004768,0.823588,0.0,0.990464,7135,0.17162,0.823612,0.823612,CLINGO-AMO,0.925786,1.336364991477512,3804.0,9400.0,0.4046808510638298,6400.0,0.6808510638297872,0.594375
GraphColouring,0141-wgc-n100-d70-p68.asp,42157,7836,5.379913,28.943466,155.713337,0.185877,0.03455,0.006422,0.004768,0.823588,0.0,0.990464,7135,0.17162,0.823612,0.823612,CLINGO-AMO,0.709515,1.677426129116368,4373.0,9400.0,0.4652127659574468,6400.0,0.6808510638297872,0.68328125
GraphColouring,0141-wgc-n100-d70-p78.asp,42157,7836,5.379913,28.943466,155.713337,0.185877,0.03455,0.006422,0.004768,0.823588,0.0,0.990464,7135,0.17162,0.823612,0.823612,CLINGO-AMO,0.712705,1.689509684932756,5047.0,9400.0,0.5369148936170213,6400.0,0.6808510638297872,0.78859375
GraphColouring,0141-wgc-n100-d70-p8.asp,42157,7836,5.379913,28.943466,155.713337,0.185877,0.03455,0.006422,0.004768,0.823588,0.0,0.990464,7135,0.17162,0.823612,0.823612,AMOCLINGO-INF-MR,32.048099,1.3210973917672932,532.0,9400.0,0.056595744680851066,6400.0,0.6808510638297872,0.083125
GraphColouring,0142-wgc-n100-d70-p19.asp,42097,7826,5.379121,28.934941,155.644548,0.185904,0.03456,0.006425,0.004775,0.823574,0.0,0.990451,7125,0.171627,0.823598,0.823598,AMOCLINGO-L,535.8973259999999,1.2948046040446188,1218.0,9400.0,0.1295744680851064,6400.0,0.6808510638297872,0.1903125
GraphColouring,0142-wgc-n100-d70-p30.asp,42097,7826,5.379121,28.934941,155.644548,0.185904,0.03456,0.006425,0.004775,0.823574,0.0,0.990451,7125,0.171627,0.823598,0.823598,AMOCLINGO-L,1.399093,3.5981082029572016,1923.0,9400.0,0.20457446808510638,6400.0,0.6808510638297872,0.30046875
GraphColouring,0142-wgc-n100-d70-p38.asp,42097,7826,5.379121,28.934941,155.644548,0.185904,0.03456,0.006425,0.004775,0.823574,0.0,0.990451,7125,0.171627,0.823598,0.823598,AMOCLINGO-L,1.24826,2.1364980052232707,2493.0,9400.0,0.2652127659574468,6400.0,0.6808510638297872,0.38953125
GraphColouring,0142-wgc-n100-d70-p50.asp,42097,7826,5.379121,28.934941,155.644548,0.185904,0.03456,0.006425,0.004775,0.823574,0.0,0.990451,7125,0.171627,0.823598,0.823598,CLINGO-AMO,0.904965,1.3734011812611535,3210.0,9400.0,0.3414893617021277,6400.0,0.6808510638297872,0.5015625
GraphColouring,0142-wgc-n100-d70-p8.asp,42097,7826,5.379121,28.934941,155.644548,0.185904,0.03456,0.006425,0.004775,0.823574,0.0,0.990451,7125,0.171627,0.823598,0.823598,AMOCLINGO-L,4.652581,19.42090959834982,522.0,9400.0,0.05553191489361702,6400.0,0.6808510638297872,0.0815625
GraphColouring,0143-wgc-n100-d70-p19.asp,42709,7928,5.387109,29.020943,156.338984,0.185628,0.034458,0.006396,0.004706,0.823714,0.0,0.990587,7227,0.171556,0.823737,0.823737,AMOCLINGO-L,350.371819,2.2983532131618154,1262.0,9400.0,0.13425531914893618,6400.0,0.6808510638297872,0.1971875
GraphColouring,0143-wgc-n100-d70-p31.asp,42709,7928,5.387109,29.020943,156.338984,0.185628,0.034458,0.006396,0.004706,0.823714,0.0,0.990587,7227,0.171556,0.823737,0.823737,AMOCLINGO-L,1.397974,3.0734212510390035,2028.0,9400.0,0.21574468085106382,6400.0,0.6808510638297872,0.316875
GraphColouring,0143-wgc-n100-d70-p41.asp,42709,7928,5.387109,29.020943,156.338984,0.185628,0.034458,0.006396,0.004706,0.823714,0.0,0.990587,7227,0.171556,0.823737,0.823737,AMOCLINGO-L,1.307191,1.9787276687186488,2676.0,9400.0,0.2846808510638298,6400.0,0.6808510638297872,0.418125
GraphColouring,0143-wgc-n100-d70-p59.asp,42709,7928,5.387109,29.020943,156.338984,0.185628,0.034458,0.006396,0.004706,0.823714,0.0,0.990587,7227,0.171556,0.823737,0.823737,CLINGO-AMO,0.994026,1.2302535346157948,3814.0,9400.0,0.40574468085106385,6400.0,0.6808510638297872,0.5959375
GraphColouring,0143-wgc-n100-d70-p71.asp,42709,7928,5.387109,29.020943,156.338984,0.185628,0.034458,0.006396,0.004706,0.823714,0.0,0.990587,7227,0.171556,0.823737,0.823737,CLINGO-AMO,0.7065,1.7016716206652511,4565.0,9400.0,0.4856382978723404,6400.0,0.6808510638297872,0.71328125
GraphColouring,0144-wgc-n100-d70-p21.asp,42505,7894,5.384469,28.992509,156.109271,0.185719,0.034492,0.006406,0.004729,0.823668,0.0,0.990542,7193,0.17158,0.823691,0.823691,AMOCLINGO-L,453.354366,1.289772636710418,1360.0,9400.0,0.14468085106382977,6400.0,0.6808510638297872,0.2125
GraphColouring,0144-wgc-n100-d70-p29.asp,42505,7894,5.384469,28.992509,156.109271,0.185719,0.034492,0.006406,0.004729,0.823668,0.0,0.990542,7193,0.17158,0.823691,0.823691,AMOCLINGO-L,1.319356,2.223150537080212,1907.0,9400.0,0.20287234042553193,6400.0,0.6808510638297872,0.29796875
GraphColouring,0144-wgc-n100-d70-p40.asp,42505,7894,5.384469,28.992509,156.109271,0.185719,0.034492,0.006406,0.004729,0.823668,0.0,0.990542,7193,0.17158,0.823691,0.823691,AMOCLINGO-L,1.277123,2.22065611534676,2570.0,9400.0,0.2734042553191489,6400.0,0.6808510638297872,0.4015625
GraphColouring,0144-wgc-n100-d70-p61.asp,42505,7894,5.384469,28.992509,156.109271,0.185719,0.034492,0.006406,0.004729,0.823668,0.0,0.990542,7193,0.17158,0.823691,0.823691,CLINGO-AMO,0.754814,1.6454782237743342,3938.0,9400.0,0.41893617021276597,6400.0,0.6808510638297872,0.6153125
GraphColouring,0144-wgc-n100-d70-p71.asp,42505,7894,5.384469,28.992509,156.109271,0.185719,0.034492,0.006406,0.004729,0.823668,0.0,0.990542,7193,0.17158,0.823691,0.823691,CLINGO-AMO,0.691496,1.7304713259368096,4600.0,9400.0,0.48936170212765956,6400.0,0.6808510638297872,0.71875
GraphColouring,0144-wgc-n100-d70-p8.asp,42505,7894,5.384469,28.992509,156.109271,0.185719,0.034492,0.006406,0.004729,0.823668,0.0,0.990542,7193,0.17158,0.823691,0.823691,AMOCLINGO-L,374.830561,2.585781888793214,535.0,9400.0,0.056914893617021275,6400.0,0.6808510638297872,0.08359375
GraphColouring,0145-wgc-n100-d70-p20.asp,41857,7786,5.375931,28.900636,155.367829,0.186014,0.034601,0.006436,0.004802,0.823518,0.0,0.990396,7085,0.171656,0.823542,0.823542,AMOCLINGO-INF-MR,811.7453790000001,1.4844128395093703,1312.0,9400.0,0.13957446808510637,6400.0,0.6808510638297872,0.205
GraphColouring,0145-wgc-n100-d70-p28.asp,41857,7786,5.375931,28.900636,155.367829,0.186014,0.034601,0.006436,0.004802,0.823518,0.0,0.990396,7085,0.171656,0.823542,0.823542,AMOCLINGO-L,2.669932,2.089188413787318,1818.0,9400.0,0.19340425531914893,6400.0,0.6808510638297872,0.2840625
GraphColouring,0145-wgc-n100-d70-p41.asp,41857,7786,5.375931,28.900636,155.367829,0.186014,0.034601,0.006436,0.004802,0.823518,0.0,0.990396,7085,0.171656,0.823542,0.823542,AMOCLINGO-L,1.217423,1.9969131517968692,2683.0,9400.0,0.2854255319148936,6400.0,0.6808510638297872,0.41921875
GraphColouring,0145-wgc-n100-d70-p48.asp,41857,7786,5.375931,28.900636,155.367829,0.186014,0.034601,0.006436,0.004802,0.823518,0.0,0.990396,7085,0.171656,0.823542,0.823542,AMOCLINGO-L,1.211654,1.918406574814262,3078.0,9400.0,0.3274468085106383,6400.0,0.6808510638297872,0.4809375
GraphColouring,0145-wgc-n100-d70-p59.asp,41857,7786,5.375931,28.900636,155.367829,0.186014,0.034601,0.006436,0.004802,0.823518,0.0,0.990396,7085,0.171656,0.823542,0.823542,CLINGO-AMO,0.756137,1.5775051346515248,3839.0,9400.0,0.4084042553191489,6400.0,0.6808510638297872,0.59984375
GraphColouring,0145-wgc-n100-d70-p68.asp,41857,7786,5.375931,28.900636,155.367829,0.186014,0.034601,0.006436,0.004802,0.823518,0.0,0.990396,7085,0.171656,0.823542,0.823542,CLINGO-AMO,0.678923,1.730468698217618,4373.0,9400.0,0.4652127659574468,6400.0,0.6808510638297872,0.68328125
GraphColouring,0146-wgc-n100-d70-p30.asp,42241,7850,5.381019,28.955367,155.809381,0.185838,0.034536,0.006418,0.004758,0.823607,0.0,0.990483,7149,0.171611,0.823631,0.823631,AMOCLINGO-L,1.35324,4.4245100647335285,1923.0,9400.0,0.20457446808510638,6400.0,0.6808510638297872,0.30046875
GraphColouring,0146-wgc-n100-d70-p41.asp,42241,7850,5.381019,28.955367,155.809381,0.185838,0.034536,0.006418,0.004758,0.823607,0.0,0.990483,7149,0.171611,0.823631,0.823631,AMOCLINGO-L,1.235229,2.1612057359404613,2639.0,9400.0,0.28074468085106385,6400.0,0.6808510638297872,0.41234375
GraphColouring,0146-wgc-n100-d70-p50.asp,42241,7850,5.381019,28.955367,155.809381,0.185838,0.034536,0.006418,0.004758,0.823607,0.0,0.990483,7149,0.171611,0.823631,0.823631,AMOCLINGO-L,1.204831,1.806386953854939,3225.0,9400.0,0.34308510638297873,6400.0,0.6808510638297872,0.50390625
GraphColouring,0146-wgc-n100-d70-p59.asp,42241,7850,5.381019,28.955367,155.809381,0.185838,0.034536,0.006418,0.004758,0.823607,0.0,0.990483,7149,0.171611,0.823631,0.823631,CLINGO-AMO,0.860907,1.4384271471831451,3782.0,9400.0,0.4023404255319149,6400.0,0.6808510638297872,0.5909375
GraphColouring,0146-wgc-n100-d70-p70.asp,42241,7850,5.381019,28.955367,155.809381,0.185838,0.034536,0.006418,0.004758,0.823607,0.0,0.990483,7149,0.171611,0.823631,0.823631,CLINGO-AMO,0.730385,1.6317161497018695,4512.0,9400.0,0.48,6400.0,0.6808510638297872,0.705
GraphColouring,0147-wgc-n100-d70-p20.asp,42517,7896,5.384625,28.994188,156.122832,0.185714,0.03449,0.006405,0.004728,0.823671,0.0,0.990545,7195,0.171578,0.823694,0.823694,AMOCLINGO-L,142.778451,2.085940713840634,1325.0,9400.0,0.14095744680851063,6400.0,0.6808510638297872,0.20703125
GraphColouring,0147-wgc-n100-d70-p28.asp,42517,7896,5.384625,28.994188,156.122832,0.185714,0.03449,0.006405,0.004728,0.823671,0.0,0.990545,7195,0.171578,0.823694,0.823694,AMOCLINGO-L,1.859569,10.024936423440057,1799.0,9400.0,0.19138297872340426,6400.0,0.6808510638297872,0.28109375
GraphColouring,0147-wgc-n100-d70-p38.asp,42517,7896,5.384625,28.994188,156.122832,0.185714,0.03449,0.006405,0.004728,0.823671,0.0,0.990545,7195,0.171578,0.823694,0.823694,AMOCLINGO-L,1.247255,2.133581344632814,2437.0,9400.0,0.2592553191489362,6400.0,0.6808510638297872,0.38078125
GraphColouring,0147-wgc-n100-d70-p60.asp,42517,7896,5.384625,28.994188,156.122832,0.185714,0.03449,0.006405,0.004728,0.823671,0.0,0.990545,7195,0.171578,0.823694,0.823694,CLINGO-AMO,0.739572,1.6216622587117957,3883.0,9400.0,0.41308510638297874,6400.0,0.6808510638297872,0.60671875
GraphColouring,0148-wgc-n100-d70-p29.asp,42769,7938,5.387881,29.029263,156.406214,0.185602,0.034448,0.006394,0.0047,0.823727,0.0,0.990601,7237,0.171549,0.823751,0.823751,AMOCLINGO-L,1.598721,2.929349773975572,1872.0,9400.0,0.19914893617021276,6400.0,0.6808510638297872,0.2925
GraphColouring,0148-wgc-n100-d70-p41.asp,42769,7938,5.387881,29.029263,156.406214,0.185602,0.034448,0.006394,0.0047,0.823727,0.0,0.990601,7237,0.171549,0.823751,0.823751,AMOCLINGO-L,1.315867,2.137996469248032,2666.0,9400.0,0.28361702127659577,6400.0,0.6808510638297872,0.4165625
GraphColouring,0148-wgc-n100-d70-p50.asp,42769,7938,5.387881,29.029263,156.406214,0.185602,0.034448,0.006394,0.0047,0.823727,0.0,0.990601,7237,0.171549,0.823751,0.823751,AMOCLINGO-L,1.228905,1.9818830584951648,3212.0,9400.0,0.3417021276595745,6400.0,0.6808510638297872,0.501875
GraphColouring,0148-wgc-n100-d70-p60.asp,42769,7938,5.387881,29.029263,156.406214,0.185602,0.034448,0.006394,0.0047,0.823727,0.0,0.990601,7237,0.171549,0.823751,0.823751,CLINGO-AMO,0.791094,1.5280447077085657,3901.0,9400.0,0.415,6400.0,0.6808510638297872,0.60953125
GraphColouring,0148-wgc-n100-d70-p79.asp,42769,7938,5.387881,29.029263,156.406214,0.185602,0.034448,0.006394,0.0047,0.823727,0.0,0.990601,7237,0.171549,0.823751,0.823751,CLINGO-AMO,0.6585340000000001,1.8108313314118931,5112.0,9400.0,0.5438297872340425,6400.0,0.6808510638297872,0.79875
GraphColouring,0149-wgc-n100-d70-p30.asp,41677,7756,5.373517,28.874688,155.158634,0.186098,0.034632,0.006445,0.004823,0.823476,0.0,0.990354,7055,0.171677,0.8235,0.8235,AMOCLINGO-L,1.415673,3.870316803386092,1968.0,9400.0,0.2093617021276596,6400.0,0.6808510638297872,0.3075
GraphColouring,0149-wgc-n100-d70-p38.asp,41677,7756,5.373517,28.874688,155.158634,0.186098,0.034632,0.006445,0.004823,0.823476,0.0,0.990354,7055,0.171677,0.8235,0.8235,AMOCLINGO-L,1.23788,2.421271044043041,2439.0,9400.0,0.259468085106383,6400.0,0.6808510638297872,0.38109375
GraphColouring,0149-wgc-n100-d70-p48.asp,41677,7756,5.373517,28.874688,155.158634,0.186098,0.034632,0.006445,0.004823,0.823476,0.0,0.990354,7055,0.171677,0.8235,0.8235,AMOCLINGO-L,1.267529,1.806121990108313,3078.0,9400.0,0.3274468085106383,6400.0,0.6808510638297872,0.4809375
GraphColouring,0149-wgc-n100-d70-p60.asp,41677,7756,5.373517,28.874688,155.158634,0.186098,0.034632,0.006445,0.004823,0.823476,0.0,0.990354,7055,0.171677,0.8235,0.8235,CLINGO-AMO,0.78047,1.525279639191769,3873.0,9400.0,0.41202127659574467,6400.0,0.6808510638297872,0.60515625
GraphColouring,0150-wgc-n100-d70-p30.asp,41977,7806,5.37753,28.91783,155.506502,0.185959,0.034581,0.006431,0.004788,0.823546,0.0,0.990423,7105,0.171642,0.82357,0.82357,AMOCLINGO-L,1.396642,3.655658357689372,1972.0,9400.0,0.2097872340425532,6400.0,0.6808510638297872,0.308125
GraphColouring,0150-wgc-n100-d70-p39.asp,41977,7806,5.37753,28.91783,155.506502,0.185959,0.034581,0.006431,0.004788,0.823546,0.0,0.990423,7105,0.171642,0.82357,0.82357,AMOCLINGO-L,1.3273799999999998,1.8678178065060496,2516.0,9400.0,0.2676595744680851,6400.0,0.6808510638297872,0.393125
GraphColouring,0150-wgc-n100-d70-p60.asp,41977,7806,5.37753,28.91783,155.506502,0.185959,0.034581,0.006431,0.004788,0.823546,0.0,0.990423,7105,0.171642,0.82357,0.82357,CLINGO-AMO,0.96618,1.2347926887329483,3897.0,9400.0,0.4145744680851064,6400.0,0.6808510638297872,0.60890625
GraphColouring,0150-wgc-n100-d70-p71.asp,41977,7806,5.37753,28.91783,155.506502,0.185959,0.034581,0.006431,0.004788,0.823546,0.0,0.990423,7105,0.171642,0.82357,0.82357,CLINGO-AMO,0.6653530000000001,1.771928585277289,4577.0,9400.0,0.4869148936170213,6400.0,0.6808510638297872,0.71515625
GroupAssignment,00003-group_assignment-p50-pr5-sat.asp,9606,13946,0.6888,0.474445,0.326798,1.451801,2.107726,3.059999,0.407037,0.171768,0.0,0.248907,1786,0.357693,0.23527,0.23527,CLINGO-AMO,0.779788,1.899771476349982,507308.0,32877900.0,0.015430060922382513,10147500.0,0.30864197530864196,0.04999339738851934
GroupAssignment,00004-group_assignment-p50-pr5-sat.asp,12606,18746,0.672463,0.452207,0.304093,1.48707,2.211376,3.28847,0.405363,0.178486,0.0,0.237268,2386,0.367761,0.226876,0.226876,AMOCLINGO-L,2.722607,1.5147481806959284,691779.0,44833500.0,0.015429957509451638,13837500.0,0.30864197530864196,0.049993062330623304
GroupAssignment,00005-group_assignment-p50-pr5-sat.asp,11106,16346,0.679432,0.461628,0.313645,1.471817,2.166245,3.188317,0.406087,0.175581,0.0,0.242301,2086,0.363407,0.230506,0.230506,CLINGO-AMO,2.235253,1.268511439197263,599752.0,38855700.0,0.015435367269152274,11992500.0,0.30864197530864196,0.05001058995205337
GroupAssignment,00008-group_assignment-p50-pr5-middle.asp,11856,17546,0.67571,0.456583,0.308518,1.479926,2.19018,3.241304,0.405702,0.177126,0.0,0.239626,2236,0.365722,0.228576,0.228576,AMOCLINGO-INF-MR,7.131149,1.2983665044721406,2584070.0,41844600.0,0.061753965864173636,12915000.0,0.30864197530864196,0.20008284939992257
GroupAssignment,00010-group_assignment-p50-pr5-middle.asp,9606,13946,0.6888,0.474445,0.326798,1.451801,2.107726,3.059999,0.407037,0.171768,0.0,0.248907,1786,0.357693,0.23527,0.23527,AMOCLINGO-INF-MR,2.521428,1.4299024203744863,2027895.0,32877900.0,0.061679578075242034,10147500.0,0.30864197530864196,0.1998418329637842
GroupAssignment,00012-group_assignment-p50-pr5-middle.asp,11106,16346,0.679432,0.461628,0.313645,1.471817,2.166245,3.188317,0.406087,0.175581,0.0,0.242301,2086,0.363407,0.230506,0.230506,AMOCLINGO-INF-MR,11.459341,1.2028324316380845,2398592.0,38855700.0,0.06173076279670679,11992500.0,0.30864197530864196,0.20000767146133
GroupAssignment,00013-group_assignment-p50-pr5-middle.asp,11106,16346,0.679432,0.461628,0.313645,1.471817,2.166245,3.188317,0.406087,0.175581,0.0,0.242301,2086,0.363407,0.230506,0.230506,AMOCLINGO-INF-MR,2.306176,4.093804635899429,2398099.0,38855700.0,0.061718074825572566,11992500.0,0.30864197530864196,0.1999665624348551
GroupAssignment,00014-group_assignment-p50-pr5-middle.asp,14106,21146,0.667077,0.444991,0.296843,1.499078,2.247236,3.368783,0.404792,0.180774,0.0,0.233305,2686,0.37119,0.224018,0.224018,AMOCLINGO-INF-MR,12.674551,1.766252863710912,3136764.0,50811300.0,0.06173359075638687,15682500.0,0.30864197530864196,0.20001683405069345
GroupAssignment,00015-group_assignment-p50-pr5-middle.asp,11856,17546,0.67571,0.456583,0.308518,1.479926,2.19018,3.241304,0.405702,0.177126,0.0,0.239626,2236,0.365722,0.228576,0.228576,AMOCLINGO-L,10.800513,1.474296822752771,2583219.0,41844600.0,0.06173362871194849,12915000.0,0.30864197530864196,0.20001695702671313
GroupAssignment,00031-group_assignment-p100-pr5-sat.asp,25156,37446,0.671794,0.451307,0.303186,1.488551,2.215785,3.298311,0.405867,0.178884,0.0,0.236166,4736,0.367149,0.226984,0.226984,AMOCLINGO-INF-MR,17.391053,1.2118464017101207,1395615.0,90396000.0,0.015438902163812558,27900000.0,0.30864197530864196,0.050022043010752686
GroupAssignment,00033-group_assignment-p100-pr5-sat.asp,19156,27846,0.687926,0.473243,0.325556,1.453644,2.11308,3.071666,0.407705,0.17227,0.0,0.247494,3536,0.356859,0.235435,0.235435,AMOCLINGO-L,3.742009,1.291668459375699,1023390.0,66290400.0,0.015437981970240034,20460000.0,0.30864197530864196,0.05001906158357771
GroupAssignment,00034-group_assignment-p100-pr5-sat.asp,17656,25446,0.693862,0.481444,0.334055,1.44121,2.077086,2.993516,0.40836,0.169914,0.0,0.251529,3236,0.353194,0.238446,0.238446,AMOCLINGO-L,3.0370890000000004,2.472127422014962,930649.0,60264000.0,0.015442868047258728,18600000.0,0.30864197530864196,0.05003489247311828
GroupAssignment,00036-group_assignment-p100-pr5-middle.asp,17656,25446,0.693862,0.481444,0.334055,1.44121,2.077086,2.993516,0.40836,0.169914,0.0,0.251529,3236,0.353194,0.238446,0.238446,AMOCLINGO-L,37.063316,1.510926059611072,3719521.0,60264000.0,0.061720446701181465,18600000.0,0.30864197530864196,0.19997424731182795
GroupAssignment,00037-group_assignment-p100-pr5-middle.asp,17656,25446,0.693862,0.481444,0.334055,1.44121,2.077086,2.993516,0.40836,0.169914,0.0,0.251529,3236,0.353194,0.238446,0.238446,AMOCLINGO-INF-MR,13.612136,1.7241969225109122,3717031.0,60264000.0,0.061679128501261116,18600000.0,0.30864197530864196,0.19984037634408602
GroupAssignment,00038-group_assignment-p100-pr5-middle.asp,22156,32646,0.678674,0.460599,0.312597,1.473461,2.171087,3.199012,0.406662,0.176025,0.0,0.241063,4136,0.362701,0.230637,0.230637,AMOCLINGO-INF-MR,17.796043,2.5871570438439604,4837516.0,78343200.0,0.061747745815846175,24180000.0,0.30864197530864196,0.2000626964433416
GroupAssignment,00039-group_assignment-p100-pr5-middle.asp,20656,30246,0.682933,0.466398,0.318519,1.464272,2.144092,3.139534,0.407146,0.174284,0.0,0.244045,3836,0.359992,0.232862,0.232862,AMOCLINGO-L,31.209803,1.3293614829930198,4457897.0,72316800.0,0.06164400250011062,22320000.0,0.30864197530864196,0.1997265681003584
GroupAssignment,00040-group_assignment-p100-pr5-middle.asp,28156,42246,0.666477,0.444192,0.296044,1.500426,2.251279,3.377878,0.405242,0.181134,0.0,0.232313,5336,0.370649,0.224109,0.224109,AMOCLINGO-INF-MR,28.113427,4.386649518039903,6328162.0,102448800.0,0.06176902023254543,31620000.0,0.30864197530864196,0.20013162555344718
GroupAssignment,00041-group_assignment-p100-pr5-middle.asp,22156,32646,0.678674,0.460599,0.312597,1.473461,2.171087,3.199012,0.406662,0.176025,0.0,0.241063,4136,0.362701,0.230637,0.230637,AMOCLINGO-INF-MR,10.566355,6.586034635406438,4837701.0,78343200.0,0.06175010722053733,24180000.0,0.30864197530864196,0.20007034739454094
GroupAssignment,00043-group_assignment-p100-pr5-middle.asp,20656,30246,0.682933,0.466398,0.318519,1.464272,2.144092,3.139534,0.407146,0.174284,0.0,0.244045,3836,0.359992,0.232862,0.232862,AMOCLINGO-INF-MR,7.235959999999999,5.819991956837794,4463577.0,72316800.0,0.061722545798486655,22320000.0,0.30864197530864196,0.19998104838709677
GroupAssignment,00044-group_assignment-p100-pr5-middle.asp,17656,25446,0.693862,0.481444,0.334055,1.44121,2.077086,2.993516,0.40836,0.169914,0.0,0.251529,3236,0.353194,0.238446,0.238446,AMOCLINGO-L,18.91617,1.3848071781972775,3723290.0,60264000.0,0.06178298818531793,18600000.0,0.30864197530864196,0.2001768817204301
GroupAssignment,00061-group_assignment-p150-pr5-sat.asp,21356,30646,0.696861,0.485615,0.338406,1.435007,2.059244,2.955028,0.407848,0.168571,0.0,0.254776,3936,0.352875,0.239277,0.239277,AMOCLINGO-INF-MR,3.007117,2.134030368622172,1118741.0,72511200.0,0.01542852690343009,22380000.0,0.30864197530864196,0.04998842716711349
GroupAssignment,00062-group_assignment-p150-pr5-sat.asp,35456,52546,0.674761,0.455303,0.307221,1.482006,2.196341,3.254991,0.406419,0.177685,0.0,0.23807,6636,0.364847,0.228734,0.228734,AMOCLINGO-L,14.640189,1.9257775292381811,1958297.0,126894600.0,0.015432469151563582,39165000.0,0.30864197530864196,0.050001200051066
GroupAssignment,00063-group_assignment-p150-pr5-sat.asp,35456,52546,0.674761,0.455303,0.307221,1.482006,2.196341,3.254991,0.406419,0.177685,0.0,0.23807,6636,0.364847,0.228734,0.228734,AMOCLINGO-INF-MR,22.18361,1.403890755382014,1959658.0,126894600.0,0.015443194588264592,39165000.0,0.30864197530864196,0.05003595046597727
GroupAssignment,00064-group_assignment-p150-pr5-sat.asp,26456,38146,0.693546,0.481006,0.3336,1.441866,2.078977,2.997605,0.408603,0.170094,0.0,0.251021,4836,0.352888,0.238509,0.238509,AMOCLINGO-L,9.623044,1.8990608377141367,1399193.0,90639000.0,0.015436986286256468,27975000.0,0.30864197530864196,0.050015835567470954
GroupAssignment,00065-group_assignment-p150-pr5-sat.asp,26456,38146,0.693546,0.481006,0.3336,1.441866,2.078977,2.997605,0.408603,0.170094,0.0,0.251021,4836,0.352888,0.238509,0.238509,AMOCLINGO-L,6.084234,6.520990152581245,1398483.0,90639000.0,0.015429153013603416,27975000.0,0.30864197530864196,0.04999045576407507
GroupAssignment,00066-group_assignment-p150-pr5-middle.asp,44456,66946,0.664058,0.440972,0.292831,1.505893,2.267715,3.414937,0.40512,0.182203,0.0,0.230363,8436,0.371963,0.222917,0.222917,AMOCLINGO-INF-MR,190.77018,1.7225085597759566,10076870.0,163150200.0,0.06176437417790478,50355000.0,0.30864197530864196,0.20011657233641147
GroupAssignment,00067-group_assignment-p150-pr5-middle.asp,35456,52546,0.674761,0.455303,0.307221,1.482006,2.196341,3.254991,0.406419,0.177685,0.0,0.23807,6636,0.364847,0.228734,0.228734,AMOCLINGO-L,41.676371,7.052237345713235,7837046.0,126894600.0,0.06176027979125983,39165000.0,0.30864197530864196,0.20010330652368186
GroupAssignment,00068-group_assignment-p150-pr5-middle.asp,28706,41746,0.687635,0.472842,0.325142,1.45426,2.114873,3.075577,0.407929,0.172438,0.0,0.247022,5286,0.356581,0.235491,0.235491,AMOCLINGO-L,17.117791,2.8359336785920566,6152452.0,99702900.0,0.06170785403433601,30772500.0,0.30864197530864196,0.1999334470712487
GroupAssignment,00069-group_assignment-p150-pr5-middle.asp,44456,66946,0.664058,0.440972,0.292831,1.505893,2.267715,3.414937,0.40512,0.182203,0.0,0.230363,8436,0.371963,0.222917,0.222917,AMOCLINGO-INF-MR,252.45011,1.3926453032640786,10075039.0,163150200.0,0.061753151390559126,50355000.0,0.30864197530864196,0.20008021050541158
GroupAssignment,00070-group_assignment-p150-pr5-middle.asp,28706,41746,0.687635,0.472842,0.325142,1.45426,2.114873,3.075577,0.407929,0.172438,0.0,0.247022,5286,0.356581,0.235491,0.235491,AMOCLINGO-L,52.042715,1.949522233803521,6149171.0,99702900.0,0.061674946265354365,30772500.0,0.30864197530864196,0.19982682589974815
GroupAssignment,00071-group_assignment-p150-pr5-middle.asp,26456,38146,0.693546,0.481006,0.3336,1.441866,2.078977,2.997605,0.408603,0.170094,0.0,0.251021,4836,0.352888,0.238509,0.238509,AMOCLINGO-INF-MR,8.531452,1.9750109360047967,5592635.0,90639000.0,0.06170230254084886,27975000.0,0.30864197530864196,0.19991546023235032
GroupAssignment,00072-group_assignment-p150-pr5-middle.asp,30956,45346,0.682662,0.466028,0.318139,1.464853,2.145795,3.143275,0.407352,0.174441,0.0,0.243604,5736,0.359736,0.232911,0.232911,AMOCLINGO-L,37.454824,3.0342203717203424,6713604.0,108766800.0,0.061724754244861485,33570000.0,0.30864197530864196,0.19998820375335122
GroupAssignment,00073-group_assignment-p150-pr5-middle.asp,35456,52546,0.674761,0.455303,0.307221,1.482006,2.196341,3.254991,0.406419,0.177685,0.0,0.23807,6636,0.364847,0.228734,0.228734,AMOCLINGO-INF-MR,119.06518,1.3257323425706828,7839019.0,126894600.0,0.0617758281282261,39165000.0,0.30864197530864196,0.20015368313545256
GroupAssignment,00074-group_assignment-p150-pr5-middle.asp,30956,45346,0.682662,0.466028,0.318139,1.464853,2.145795,3.143275,0.407352,0.174441,0.0,0.243604,5736,0.359736,0.232911,0.232911,AMOCLINGO-L,39.643115,4.597612220936725,6712505.0,108766800.0,0.0617146500586576,33570000.0,0.30864197530864196,0.19995546619005064
GroupAssignment,00091-group_assignment-p200-pr5-sat.asp,35256,50846,0.693388,0.480787,0.333372,1.442194,2.079924,2.999655,0.408725,0.170184,0.0,0.250766,6436,0.352734,0.238541,0.238541,AMOCLINGO-L,19.552414,5.08525781010979,1859448.0,120528000.0,0.015427518916766228,37200000.0,0.30864197530864196,0.04998516129032258
GroupAssignment,00092-group_assignment-p200-pr5-sat.asp,50256,74846,0.671459,0.450857,0.302732,1.489295,2.217999,3.303254,0.406121,0.179083,0.0,0.235614,9436,0.366842,0.227038,0.227038,AMOCLINGO-INF-MR,29.79423,1.4130989792318849,2788566.0,180792000.0,0.015424166998539759,55800000.0,0.30864197530864196,0.04997430107526882
GroupAssignment,00093-group_assignment-p200-pr5-sat.asp,47256,70046,0.674642,0.455142,0.307058,1.482267,2.197115,3.25671,0.406509,0.177755,0.0,0.237875,8836,0.364737,0.228754,0.228754,AMOCLINGO-INF-MR,25.666889,2.3977225288191333,2602777.0,168739200.0,0.01542485089416093,52080000.0,0.30864197530864196,0.049976516897081415
GroupAssignment,00094-group_assignment-p200-pr5-sat.asp,38256,55646,0.687489,0.472641,0.324935,1.454569,2.115772,3.077536,0.408041,0.172522,0.0,0.246785,7036,0.356441,0.235519,0.235519,AMOCLINGO-L,25.63757,1.3078572579226502,2045784.0,132580800.0,0.015430469570254516,40920000.0,0.30864197530864196,0.049994721407624634
GroupAssignment,00095-group_assignment-p200-pr5-sat.asp,22456,31246,0.718684,0.516507,0.371205,1.391432,1.936083,2.693929,0.410135,0.160314,0.0,0.269015,4036,0.340043,0.249822,0.249822,AMOCLINGO-L,2.970535,2.3943296409569323,1115288.0,72316800.0,0.015422253197044117,22320000.0,0.30864197530864196,0.04996810035842294
GroupAssignment,00097-group_assignment-p200-pr5-middle.asp,35256,50846,0.693388,0.480787,0.333372,1.442194,2.079924,2.999655,0.408725,0.170184,0.0,0.250766,6436,0.352734,0.238541,0.238541,AMOCLINGO-L,67.858087,1.4227456780501342,7436506.0,120528000.0,0.0616994059471658,37200000.0,0.30864197530864196,0.1999060752688172
GroupAssignment,00098-group_assignment-p200-pr5-middle.asp,44256,65246,0.678294,0.460083,0.312072,1.474286,2.173519,3.204389,0.40695,0.176247,0.0,0.240442,8236,0.362346,0.230703,0.230703,AMOCLINGO-INF-MR,173.26843,1.230713367691968,9664759.0,156686400.0,0.06168218173370503,48360000.0,0.30864197530864196,0.1998502688172043
GroupAssignment,00099-group_assignment-p200-pr5-middle.asp,56256,84446,0.666177,0.443792,0.295644,1.501102,2.253308,3.382445,0.405468,0.181314,0.0,0.231815,10636,0.370378,0.224154,0.224154,AMOCLINGO-INF-MR,96.36181,2.032162087864476,12647905.0,204897600.0,0.0617279314154973,63240000.0,0.30864197530864196,0.19999849778621126
GroupAssignment,00100-group_assignment-p200-pr5-middle.asp,35256,50846,0.693388,0.480787,0.333372,1.442194,2.079924,2.999655,0.408725,0.170184,0.0,0.250766,6436,0.352734,0.238541,0.238541,AMOCLINGO-L,99.494983,4.697229206019363,7439252.0,120528000.0,0.06172218903491305,37200000.0,0.30864197530864196,0.1999798924731183
GroupAssignment,00101-group_assignment-p200-pr5-middle.asp,35256,50846,0.693388,0.480787,0.333372,1.442194,2.079924,2.999655,0.408725,0.170184,0.0,0.250766,6436,0.352734,0.238541,0.238541,AMOCLINGO-L,27.698942,3.2352867484974697,7435939.0,120528000.0,0.06169470164609053,37200000.0,0.30864197530864196,0.19989083333333332
GroupAssignment,00103-group_assignment-p200-pr5-middle.asp,47256,70046,0.674642,0.455142,0.307058,1.482267,2.197115,3.25671,0.406509,0.177755,0.0,0.237875,8836,0.364737,0.228754,0.228754,AMOCLINGO-L,84.44737400000001,5.079908346232293,10415186.0,168739200.0,0.0617235710492879,52080000.0,0.30864197530864196,0.19998437019969278
GroupAssignment,00104-group_assignment-p200-pr5-middle.asp,47256,70046,0.674642,0.455142,0.307058,1.482267,2.197115,3.25671,0.406509,0.177755,0.0,0.237875,8836,0.364737,0.228754,0.228754,AMOCLINGO-INF-MR,84.43127000000001,1.4596478532183632,10406074.0,168739200.0,0.0616695705562193,52080000.0,0.30864197530864196,0.19980940860215055
GroupAssignment,00105-group_assignment-p200-pr5-middle.asp,34856,50646,0.688228,0.473658,0.325985,1.453007,2.111228,3.067629,0.407677,0.172137,0.0,0.247906,6436,0.356782,0.235541,0.235541,AMOCLINGO-INF-MR,39.75293,2.869953887675701,7439333.0,120528000.0,0.0617228610779238,37200000.0,0.30864197530864196,0.1999820698924731
GroupAssignment,00121-group_assignment-p250-pr5-sat.asp,59056,87546,0.674571,0.455046,0.306961,1.482423,2.197579,3.257743,0.406563,0.177797,0.0,0.237757,11036,0.364671,0.228766,0.228766,AMOCLINGO-L,87.755544,1.4763965225946296,3249519.0,210583800.0,0.015431001814954427,64995000.0,0.30864197530864196,0.04999644588045234
GroupAssignment,00122-group_assignment-p250-pr5-sat.asp,44056,63546,0.693293,0.480655,0.333235,1.442392,2.080493,3.000886,0.408798,0.170238,0.0,0.250613,8036,0.352642,0.23856,0.23856,AMOCLINGO-INF-MR,11.275818,3.5294077112631657,2321780.0,150417000.0,0.015435622303330076,46425000.0,0.30864197530864196,0.050011416262789446
GroupAssignment,00124-group_assignment-p250-pr5-sat.asp,55306,81546,0.678218,0.45998,0.311967,1.474451,2.174006,3.205466,0.407008,0.176292,0.0,0.240318,10286,0.362275,0.230716,0.230716,AMOCLINGO-L,33.293887,1.6328267708723827,3019085.0,195542100.0,0.015439565188263806,60352500.0,0.30864197530864196,0.050024191209974735
GroupAssignment,00126-group_assignment-p250-pr5-middle.asp,51556,75546,0.682445,0.465731,0.317836,1.465319,2.147161,3.146276,0.407518,0.174567,0.0,0.24325,9536,0.359531,0.232951,0.232951,AMOCLINGO-L,241.037886,1.8241123306234108,11143198.0,180500400.0,0.061735032166133706,55710000.0,0.30864197530864196,0.2000215042182732
GroupAssignment,00127-group_assignment-p250-pr5-middle.asp,66556,99546,0.668595,0.44702,0.298875,1.495673,2.237037,3.345876,0.405824,0.180299,0.0,0.233503,12536,0.368652,0.225524,0.225524,AMOCLINGO-L,317.616997,1.3070689349789424,14863414.0,240667200.0,0.06175920108764302,74280000.0,0.30864197530864196,0.2000998115239634
GroupAssignment,00128-group_assignment-p250-pr5-middle.asp,47806,69546,0.687401,0.47252,0.324811,1.454755,2.116311,3.078713,0.408108,0.172572,0.0,0.246643,8786,0.356357,0.235535,0.235535,AMOCLINGO-L,57.929495,1.9633678836661703,10217064.0,165458700.0,0.06174993518019905,51067500.0,0.30864197530864196,0.20006978998384492
GroupAssignment,00129-group_assignment-p250-pr5-middle.asp,62806,93546,0.671392,0.450767,0.302641,1.489444,2.218442,3.304245,0.406171,0.179123,0.0,0.235503,11786,0.36678,0.227048,0.227048,AMOCLINGO-L,321.985706,1.3068110234682282,13928592.0,225625500.0,0.061733234940199576,69637500.0,0.30864197530864196,0.20001568120624663
GroupAssignment,00130-group_assignment-p250-pr5-middle.asp,59056,87546,0.674571,0.455046,0.306961,1.482423,2.197579,3.257743,0.406563,0.177797,0.0,0.237757,11036,0.364671,0.228766,0.228766,AMOCLINGO-L,140.369167,2.610277084568009,13005070.0,210583800.0,0.06175721969116333,64995000.0,0.30864197530864196,0.2000933917993692
GroupAssignment,00131-group_assignment-p250-pr5-middle.asp,40306,57546,0.700414,0.490579,0.343608,1.427728,2.038407,2.91029,0.409616,0.167469,0.0,0.255322,7286,0.348236,0.242148,0.242148,AMOCLINGO-L,38.246956,8.983107832163167,8361781.0,135375300.0,0.06176740513225086,41782500.0,0.30864197530864196,0.2001263926284928
GroupAssignment,00132-group_assignment-p250-pr5-middle.asp,32306,45296,0.71322,0.508682,0.362802,1.402092,1.965863,2.756322,0.41045,0.162509,0.0,0.264378,5786,0.341608,0.247942,0.247942,AMOCLINGO-INF-MR,18.050375000000003,2.462544129969599,6494062.0,105291900.0,0.061676748163913844,32497500.0,0.30864197530864196,0.19983266405108085
GroupAssignment,00133-group_assignment-p250-pr5-middle.asp,81556,123546,0.660127,0.435767,0.287661,1.514861,2.294804,3.476309,0.404753,0.183923,0.0,0.227341,15536,0.374418,0.22083,0.22083,AMOCLINGO-INF-MR,470.48509,2.56037715031522,18556109.0,300834000.0,0.06168222009480311,92850000.0,0.30864197530864196,0.1998503931071621
GroupAssignment,00135-group_assignment-p250-pr5-middle.asp,55306,81546,0.678218,0.45998,0.311967,1.474451,2.174006,3.205466,0.407008,0.176292,0.0,0.240318,10286,0.362275,0.230716,0.230716,AMOCLINGO-INF-MR,98.33675,1.6386260579081575,12083690.0,195542100.0,0.06179584856662581,60352500.0,0.30864197530864196,0.2002185493558676
GroupAssignment,00137-group_assignment-p250-pr5-punsat.asp,81556,123546,0.660127,0.435767,0.287661,1.514861,2.294804,3.476309,0.404753,0.183923,0.0,0.227341,15536,0.374418,0.22083,0.22083,AMOCLINGO-INF-MR,662.9722800000001,1.8176237986903463,83597463.0,300834000.0,0.2778856877879495,92850000.0,0.30864197530864196,0.9003496284329564
GroupAssignment,00139-group_assignment-p250-pr5-punsat.asp,47806,69546,0.687401,0.47252,0.324811,1.454755,2.116311,3.078713,0.408108,0.172572,0.0,0.246643,8786,0.356357,0.235535,0.235535,AMOCLINGO-INF-MR,570.7644,2.111207771542864,45964053.0,165458700.0,0.2777977404633301,51067500.0,0.30864197530864196,0.9000646791011896
GroupAssignment,00143-group_assignment-p250-pr5-punsat.asp,47806,69546,0.687401,0.47252,0.324811,1.454755,2.116311,3.078713,0.408108,0.172572,0.0,0.246643,8786,0.356357,0.235535,0.235535,AMOCLINGO-INF-MR,596.27874,2.020880258115525,45978957.0,165458700.0,0.2778878173223892,51067500.0,0.30864197530864196,0.900356528124541
GroupAssignment,00152-group_assignment-p300-pr5-sat.asp,66356,97846,0.678168,0.459911,0.311897,1.474561,2.174331,3.206185,0.407047,0.176322,0.0,0.240234,12336,0.362228,0.230725,0.230725,AMOCLINGO-L,53.402102,2.359087850137435,3628661.0,235029600.0,0.01543916596037265,72540000.0,0.30864197530864196,0.05002289771160739
GroupAssignment,00154-group_assignment-p300-pr5-sat.asp,57356,83446,0.687343,0.47244,0.324728,1.454878,2.116671,3.079499,0.408153,0.172606,0.0,0.246548,10536,0.356301,0.235546,0.235546,AMOCLINGO-L,38.065471,1.6420692653454885,3069729.0,198871200.0,0.015435764454581658,61380000.0,0.30864197530864196,0.050011876832844575
GroupAssignment,00155-group_assignment-p300-pr5-sat.asp,61856,90646,0.682391,0.465657,0.31776,1.465436,2.147502,3.147027,0.407559,0.174599,0.0,0.243162,11436,0.35948,0.23296,0.23296,AMOCLINGO-L,59.396556,3.187322174033121,3346857.0,216950400.0,0.01542683028010089,66960000.0,0.30864197530864196,0.049982930107526885
GroupAssignment,00157-group_assignment-p300-pr5-middle.asp,70856,105046,0.674524,0.454982,0.306896,1.482528,2.197889,3.258432,0.406599,0.177825,0.0,0.237679,13236,0.364627,0.228774,0.228774,AMOCLINGO-L,341.48271000000005,1.316042267557265,15624070.0,253108800.0,0.06172867162263817,78120000.0,0.30864197530864196,0.20000089605734767
GroupAssignment,00158-group_assignment-p300-pr5-middle.asp,75356,112246,0.671347,0.450707,0.30258,1.489543,2.218738,3.304906,0.406205,0.17915,0.0,0.235429,14136,0.366739,0.227056,0.227056,AMOCLINGO-INF-MR,65.01179,3.2499261441655425,16738494.0,271188000.0,0.06172284171866012,83700000.0,0.30864197530864196,0.1999820071684588
GroupAssignment,00161-group_assignment-p300-pr5-middle.asp,70856,105046,0.674524,0.454982,0.306896,1.482528,2.197889,3.258432,0.406599,0.177825,0.0,0.237679,13236,0.364627,0.228774,0.228774,AMOCLINGO-L,172.23442599999998,2.584810716064395,15620911.0,253108800.0,0.06171619082386705,78120000.0,0.30864197530864196,0.19996045826932923
GroupAssignment,00162-group_assignment-p300-pr5-middle.asp,70856,105046,0.674524,0.454982,0.306896,1.482528,2.197889,3.258432,0.406599,0.177825,0.0,0.237679,13236,0.364627,0.228774,0.228774,AMOCLINGO-L,102.628548,4.141872395973097,15623729.0,253108800.0,0.06172732437592055,78120000.0,0.30864197530864196,0.1999965309779826
GroupAssignment,00163-group_assignment-p300-pr5-middle.asp,75356,112246,0.671347,0.450707,0.30258,1.489543,2.218738,3.304906,0.406205,0.17915,0.0,0.235429,14136,0.366739,0.227056,0.227056,AMOCLINGO-L,244.461783,1.8700079594854304,16733307.0,271188000.0,0.061703714766140096,83700000.0,0.30864197530864196,0.1999200358422939
GroupAssignment,00164-group_assignment-p300-pr5-middle.asp,47156,68446,0.688952,0.474655,0.327014,1.45148,2.106795,3.057971,0.407371,0.17177,0.0,0.248982,8736,0.357028,0.235601,0.235601,AMOCLINGO-INF-MR,135.17301,1.4656394645647086,10040640.0,162712800.0,0.061707745180465214,50220000.0,0.30864197530864196,0.1999330943847073
GroupAssignment,00166-group_assignment-p300-pr5-punsat.asp,66356,97846,0.678168,0.459911,0.311897,1.474561,2.174331,3.206185,0.407047,0.176322,0.0,0.240234,12336,0.362228,0.230725,0.230725,AMOCLINGO-INF-MR,638.5223599999999,1.887009275603129,65210157.0,235029600.0,0.2774550822534694,72540000.0,0.30864197530864196,0.8989544665012407
GroupAssignment,00169-group_assignment-p300-pr5-punsat.asp,79856,119446,0.668553,0.446963,0.298819,1.495767,2.23732,3.34651,0.405856,0.180325,0.0,0.233433,15036,0.368614,0.225531,0.225531,AMOCLINGO-INF-MR,669.1449200000001,1.8006120094283908,80393976.0,289267200.0,0.2779228892871366,89280000.0,0.30864197530864196,0.9004701612903225
GroupAssignment,00173-group_assignment-p300-pr5-punsat.asp,61856,90646,0.682391,0.465657,0.31776,1.465436,2.147502,3.147027,0.407559,0.174599,0.0,0.243162,11436,0.35948,0.23296,0.23296,AMOCLINGO-INF-MR,595.99101,2.021738621527194,60308973.0,216950400.0,0.27798507400769945,66960000.0,0.30864197530864196,0.9006716397849462
GroupAssignment,00174-group_assignment-p300-pr5-punsat.asp,75356,112246,0.671347,0.450707,0.30258,1.489543,2.218738,3.304906,0.406205,0.17915,0.0,0.235429,14136,0.366739,0.227056,0.227056,AMOCLINGO-INF-MR,598.87764,2.012007593070264,75290533.0,271188000.0,0.2776322440520967,83700000.0,0.30864197530864196,0.8995284707287933
GroupAssignment,00182-group_assignment-p50-pr10-sat.asp,23891,36771,0.649724,0.422141,0.274275,1.539115,2.368875,3.645972,0.402662,0.188355,0.0,0.220208,4651,0.383031,0.214307,0.214307,AMOCLINGO-INF-MR,2.038508,1.5720247357380983,692025.0,89667000.0,0.007717722238950784,27675000.0,0.30864197530864196,0.02500542005420054
GroupAssignment,00183-group_assignment-p50-pr10-sat.asp,26141,40371,0.647519,0.419281,0.271493,1.544356,2.385034,3.683341,0.402433,0.189358,0.0,0.218469,5101,0.384492,0.213075,0.213075,AMOCLINGO-INF-MR,3.3047690000000003,1.4590453977267397,760772.0,98633700.0,0.007713104141890652,30442500.0,0.30864197530864196,0.024990457419725713
GroupAssignment,00184-group_assignment-p50-pr10-sat.asp,19391,29571,0.655744,0.43,0.28197,1.524986,2.325582,3.546479,0.40328,0.185653,0.0,0.224898,3751,0.379093,0.217627,0.217627,CLINGO-AMO,0.599856,3.849722266677337,553660.0,71733600.0,0.007718279857695696,22140000.0,0.30864197530864196,0.025007226738934057
GroupAssignment,00186-group_assignment-p50-pr10-middle.asp,21641,33171,0.652407,0.425635,0.277687,1.532785,2.34943,3.601171,0.402939,0.187145,0.0,0.22231,4201,0.381267,0.215794,0.215794,AMOCLINGO-L,8.046476,1.2688924940557829,2490811.0,80700300.0,0.030864953414051745,24907500.0,0.30864197530864196,0.10000244906152765
GroupAssignment,00187-group_assignment-p50-pr10-middle.asp,16391,24771,0.661701,0.437848,0.289725,1.511256,2.283895,3.451551,0.40388,0.183027,0.0,0.229455,3151,0.375267,0.220853,0.220853,AMOCLINGO-L,4.299653999999999,1.2374907376267954,1845736.0,59778000.0,0.030876509752751847,18450000.0,0.30864197530864196,0.10003989159891599
GroupAssignment,00188-group_assignment-p50-pr10-middle.asp,23891,36771,0.649724,0.422141,0.274275,1.539115,2.368875,3.645972,0.402662,0.188355,0.0,0.220208,4651,0.383031,0.214307,0.214307,AMOCLINGO-INF-MR,2.586685,3.5788992474924477,2768062.0,89667000.0,0.030870465165557005,27675000.0,0.30864197530864196,0.1000203071364047
GroupAssignment,00189-group_assignment-p50-pr10-middle.asp,19391,29571,0.655744,0.43,0.28197,1.524986,2.325582,3.546479,0.40328,0.185653,0.0,0.224898,3751,0.379093,0.217627,0.217627,AMOCLINGO-INF-MR,3.701788,2.635131455393988,2214687.0,71733600.0,0.030873774632808056,22140000.0,0.30864197530864196,0.1000310298102981
GroupAssignment,00191-group_assignment-p50-pr10-middle.asp,20891,31971,0.653436,0.426979,0.279003,1.530372,2.342038,3.58419,0.403044,0.186683,0.0,0.22311,4051,0.380595,0.216361,0.216361,AMOCLINGO-INF-MR,4.125261,1.9266865781340865,2399993.0,77711400.0,0.030883409641313888,23985000.0,0.30864197530864196,0.10006224723785699
GroupAssignment,00192-group_assignment-p50-pr10-middle.asp,15641,23571,0.66357,0.440325,0.292186,1.507001,2.271052,3.422477,0.404066,0.182213,0.0,0.230868,3001,0.374081,0.221853,0.221853,AMOCLINGO-INF-MR,1.564351,2.4566238651044427,1752206.0,56789100.0,0.030854618227793715,17527500.0,0.30864197530864196,0.09996896305805163
GroupAssignment,00193-group_assignment-p50-pr10-middle.asp,23141,35571,0.650558,0.423226,0.275333,1.537142,2.362805,3.631967,0.402748,0.187978,0.0,0.220863,4501,0.382481,0.21477,0.21477,AMOCLINGO-L,9.600952,1.3161585434444418,2674123.0,86678100.0,0.03085119539999146,26752500.0,0.30864197530864196,0.09995787309597234
GroupAssignment,00194-group_assignment-p50-pr10-middle.asp,23141,35571,0.650558,0.423226,0.275333,1.537142,2.362805,3.631967,0.402748,0.187978,0.0,0.220863,4501,0.382481,0.21477,0.21477,AMOCLINGO-L,8.62161,1.2572245787039775,2674806.0,86678100.0,0.030859075129704042,26752500.0,0.30864197530864196,0.0999834034202411
GroupAssignment,00212-group_assignment-p100-pr10-sat.asp,47691,73471,0.649113,0.421348,0.273503,1.540563,2.373335,3.656273,0.403011,0.188715,0.0,0.21935,9251,0.382693,0.214296,0.214296,AMOCLINGO-L,6.844725,1.246927378382623,1394865.0,180792000.0,0.007715302668259657,55800000.0,0.30864197530864196,0.02499758064516129
GroupAssignment,00213-group_assignment-p100-pr10-sat.asp,29691,44671,0.664659,0.441772,0.293628,1.50453,2.26361,3.40567,0.404836,0.181873,0.0,0.23108,5651,0.3722,0.222963,0.222963,AMOCLINGO-INF-MR,2.247453,2.5009092514949143,837139.0,108475200.0,0.007717330781598006,33480000.0,0.30864197530864196,0.02500415173237754
GroupAssignment,00215-group_assignment-p100-pr10-sat.asp,49191,75871,0.64835,0.420358,0.27254,1.542376,2.378923,3.669192,0.402919,0.189059,0.0,0.21876,9551,0.383221,0.21386,0.21386,AMOCLINGO-L,6.5391770000000005,1.8913560529100224,1441605.0,186818400.0,0.007716611425855269,57660000.0,0.30864197530864196,0.02500182101977107
GroupAssignment,00216-group_assignment-p100-pr10-middle.asp,40191,61471,0.653821,0.427481,0.279496,1.529472,2.339284,3.577869,0.403573,0.186609,0.0,0.22296,7751,0.379463,0.216964,0.216964,AMOCLINGO-INF-MR,10.109107,6.787951497595188,4650704.0,150660000.0,0.030868870303995752,46500000.0,0.30864197530864196,0.10001513978494624
GroupAssignment,00217-group_assignment-p100-pr10-middle.asp,44691,68671,0.650799,0.423539,0.275639,1.536573,2.361058,3.627938,0.403213,0.187957,0.0,0.220648,8651,0.381531,0.215256,0.215256,AMOCLINGO-INF-MR,30.418189,2.48494655615428,5210576.0,168739200.0,0.030879463693083763,52080000.0,0.30864197530864196,0.1000494623655914
GroupAssignment,00218-group_assignment-p100-pr10-middle.asp,40191,61471,0.653821,0.427481,0.279496,1.529472,2.339284,3.577869,0.403573,0.186609,0.0,0.22296,7751,0.379463,0.216964,0.216964,AMOCLINGO-INF-MR,14.959152,3.9788621707968472,4650530.0,150660000.0,0.030867715385636534,46500000.0,0.30864197530864196,0.10001139784946236
GroupAssignment,00219-group_assignment-p100-pr10-middle.asp,37191,56671,0.656262,0.430679,0.282638,1.523783,2.321914,3.538092,0.403861,0.185529,0.0,0.224812,7151,0.377806,0.218332,0.218332,AMOCLINGO-INF-MR,26.215672,2.3002864088320907,4275202.0,138607200.0,0.030844010989328114,42780000.0,0.30864197530864196,0.0999345956054231
GroupAssignment,00221-group_assignment-p100-pr10-middle.asp,34191,51871,0.659154,0.434485,0.286392,1.517095,2.301578,3.491712,0.4042,0.184259,0.0,0.22699,6551,0.375859,0.219941,0.219941,AMOCLINGO-INF-MR,8.527351,5.891317362214831,3904804.0,126554400.0,0.03085474704949018,39060000.0,0.30864197530864196,0.09996938044034819
GroupAssignment,00222-group_assignment-p100-pr10-middle.asp,43191,66271,0.651733,0.424756,0.276827,1.534371,2.354293,3.612358,0.403325,0.187539,0.0,0.221366,8351,0.38089,0.215786,0.215786,AMOCLINGO-INF-MR,13.761599,7.509622391990931,5022930.0,162712800.0,0.030869913122999543,50220000.0,0.30864197530864196,0.10001851851851852
GroupAssignment,00223-group_assignment-p100-pr10-middle.asp,37191,56671,0.656262,0.430679,0.282638,1.523783,2.321914,3.538092,0.403861,0.185529,0.0,0.224812,7151,0.377806,0.218332,0.218332,AMOCLINGO-INF-MR,18.116521,3.09325184454565,4274459.0,138607200.0,0.03083865051743344,42780000.0,0.30864197530864196,0.09991722767648434
GroupAssignment,00224-group_assignment-p100-pr10-middle.asp,38691,59071,0.654991,0.429014,0.281,1.526737,2.330927,3.558714,0.403711,0.18609,0.0,0.223851,7451,0.378667,0.217622,0.217622,AMOCLINGO-INF-MR,7.617898,10.24569691009252,4463581.0,144633600.0,0.030861300555334308,44640000.0,0.30864197530864196,0.09999061379928316
GroupAssignment,00225-group_assignment-p100-pr10-middle.asp,38691,59071,0.654991,0.429014,0.281,1.526737,2.330927,3.558714,0.403711,0.18609,0.0,0.223851,7451,0.378667,0.217622,0.217622,AMOCLINGO-INF-MR,10.369398,3.862881818211626,4464276.0,144633600.0,0.030866105801141644,44640000.0,0.30864197530864196,0.10000618279569892
GroupAssignment,00241-group_assignment-p150-pr10-sat.asp,60241,92171,0.653579,0.427165,0.279186,1.530038,2.341015,3.581842,0.403712,0.18675,0.0,0.222622,11601,0.379326,0.216962,0.216962,AMOCLINGO-L,26.093912,2.0634723149215803,1748395.0,226597500.0,0.0077158618254835115,69937500.0,0.30864197530864196,0.024999392314566576
GroupAssignment,00242-group_assignment-p150-pr10-sat.asp,64741,99371,0.651508,0.424463,0.276541,1.534901,2.35592,3.616103,0.403454,0.187671,0.0,0.22105,12501,0.380763,0.215783,0.215783,AMOCLINGO-L,11.465016,3.1078578520954525,1888538.0,244725300.0,0.0077169708240218725,75532500.0,0.30864197530864196,0.025002985469830867
GroupAssignment,00243-group_assignment-p150-pr10-sat.asp,55741,84971,0.656,0.430336,0.282301,1.52439,2.323764,3.542321,0.404011,0.18568,0.0,0.224449,10701,0.377657,0.218331,0.218331,AMOCLINGO-INF-MR,8.799934,1.5370778917205516,1609299.0,208469700.0,0.007719582270229198,64342500.0,0.30864197530864196,0.025011446555542605
GroupAssignment,00245-group_assignment-p150-pr10-sat.asp,57991,88571,0.65474,0.428685,0.280677,1.527323,2.332716,3.562812,0.403856,0.186236,0.0,0.2235,11151,0.378524,0.21762,0.21762,AMOCLINGO-INF-MR,11.648845,2.8609660442730585,1678192.0,217533600.0,0.0077146335094900285,67140000.0,0.30864197530864196,0.02499541257074769
GroupAssignment,00246-group_assignment-p150-pr10-middle.asp,64741,99371,0.651508,0.424463,0.276541,1.534901,2.35592,3.616103,0.403454,0.187671,0.0,0.22105,12501,0.380763,0.215783,0.215783,AMOCLINGO-INF-MR,39.562803,2.9094767122541847,7550292.0,244725300.0,0.030852110509211758,75532500.0,0.30864197530864196,0.0999608380498461
GroupAssignment,00248-group_assignment-p150-pr10-middle.asp,60241,92171,0.653579,0.427165,0.279186,1.530038,2.341015,3.581842,0.403712,0.18675,0.0,0.222622,11601,0.379326,0.216962,0.216962,AMOCLINGO-INF-MR,70.82033999999999,2.081926054012167,6990803.0,226597500.0,0.030851192091704453,69937500.0,0.30864197530864196,0.09995786237712243
GroupAssignment,00249-group_assignment-p150-pr10-middle.asp,71491,110171,0.648909,0.421083,0.273245,1.541047,2.374826,3.659719,0.403128,0.188835,0.0,0.219063,13851,0.38258,0.214293,0.214293,AMOCLINGO-INF-MR,20.138834000000003,3.942641416081983,8390859.0,271917000.0,0.03085816260108783,83925000.0,0.30864197530864196,0.09998044682752458
GroupAssignment,00251-group_assignment-p150-pr10-middle.asp,62491,95771,0.652504,0.425762,0.277812,1.532557,2.34873,3.599562,0.403578,0.187227,0.0,0.221808,12051,0.380071,0.216351,0.216351,AMOCLINGO-INF-MR,43.86006,2.117366027315056,7273845.0,235661400.0,0.030865661495688305,72735000.0,0.30864197530864196,0.1000047432460301
GroupAssignment,00252-group_assignment-p150-pr10-middle.asp,57991,88571,0.65474,0.428685,0.280677,1.527323,2.332716,3.562812,0.403856,0.186236,0.0,0.2235,11151,0.378524,0.21762,0.21762,AMOCLINGO-L,52.760290000000005,1.2808274935562332,6712788.0,217533600.0,0.030858625977779983,67140000.0,0.30864197530864196,0.09998194816800715
GroupAssignment,00253-group_assignment-p150-pr10-middle.asp,71491,110171,0.648909,0.421083,0.273245,1.541047,2.374826,3.659719,0.403128,0.188835,0.0,0.219063,13851,0.38258,0.214293,0.214293,AMOCLINGO-L,93.281444,2.2488341839991244,8396673.0,271917000.0,0.03087954412559715,83925000.0,0.30864197530864196,0.10004972296693476
GroupAssignment,00254-group_assignment-p150-pr10-middle.asp,53491,81371,0.657372,0.432138,0.284075,1.521209,2.314077,3.520196,0.40418,0.185078,0.0,0.225477,10251,0.376718,0.219102,0.219102,AMOCLINGO-L,74.631187,1.5672413196375934,6154228.0,199405800.0,0.03086283347826392,61545000.0,0.30864197530864196,0.0999955804695751
GroupAssignment,00255-group_assignment-p150-pr10-middle.asp,55741,84971,0.656,0.430336,0.282301,1.52439,2.323764,3.542321,0.404011,0.18568,0.0,0.224449,10701,0.377657,0.218331,0.218331,AMOCLINGO-INF-MR,41.338,1.565529609560211,6436371.0,208469700.0,0.030874371671278846,64342500.0,0.30864197530864196,0.10003296421494347
GroupAssignment,00272-group_assignment-p200-pr10-sat.asp,74291,113271,0.65587,0.430165,0.282132,1.524693,2.32469,3.54444,0.404087,0.185756,0.0,0.224267,14251,0.377583,0.218331,0.218331,AMOCLINGO-INF-MR,12.525666,4.67247266532574,2139331.0,277214400.0,0.0077172434043830335,85560000.0,0.30864197530864196,0.02500386863020103
GroupAssignment,00273-group_assignment-p200-pr10-sat.asp,101291,156471,0.647347,0.419058,0.271276,1.544767,2.386305,3.686286,0.402997,0.189553,0.0,0.217798,19651,0.383558,0.213444,0.213444,AMOCLINGO-INF-MR,24.149408,1.2478393259163951,2976827.0,385689600.0,0.007718193594019647,119040000.0,0.30864197530864196,0.025006947244623656
GroupAssignment,00274-group_assignment-p200-pr10-sat.asp,74291,113271,0.65587,0.430165,0.282132,1.524693,2.32469,3.54444,0.404087,0.185756,0.0,0.224267,14251,0.377583,0.218331,0.218331,AMOCLINGO-L,22.721964,1.450140269564726,2138937.0,277214400.0,0.007715822121794539,85560000.0,0.30864197530864196,0.024999263674614306
GroupAssignment,00275-group_assignment-p200-pr10-sat.asp,74291,113271,0.65587,0.430165,0.282132,1.524693,2.32469,3.54444,0.404087,0.185756,0.0,0.224267,14251,0.377583,0.218331,0.218331,AMOCLINGO-L,13.777404,3.3981975123905785,2138781.0,277214400.0,0.007715259380465084,85560000.0,0.30864197530864196,0.024997440392706873
GroupAssignment,00276-group_assignment-p200-pr10-middle.asp,89291,137271,0.650472,0.423114,0.275224,1.537344,2.363427,3.633401,0.4034,0.188149,0.0,0.22019,17251,0.381349,0.215251,0.215251,AMOCLINGO-INF-MR,106.48935,4.410455947003151,10409693.0,337478400.0,0.03084550892738617,104160000.0,0.30864197530864196,0.09993944892473118
GroupAssignment,00278-group_assignment-p200-pr10-middle.asp,95291,146871,0.648807,0.420951,0.273116,1.541289,2.375573,3.661445,0.403186,0.188895,0.0,0.218919,18451,0.382523,0.214291,0.214291,AMOCLINGO-INF-MR,97.67636,4.664300911704736,11155800.0,361584000.0,0.030852581972653656,111600000.0,0.30864197530864196,0.09996236559139784
GroupAssignment,00279-group_assignment-p200-pr10-middle.asp,59291,89271,0.664169,0.44112,0.292978,1.505642,2.266957,3.413225,0.405121,0.182152,0.0,0.230406,11251,0.371911,0.222968,0.222968,AMOCLINGO-INF-MR,9.750867,5.627327498159907,6696751.0,216950400.0,0.03086765915158488,66960000.0,0.30864197530864196,0.10001121565113501
GroupAssignment,00280-group_assignment-p200-pr10-middle.asp,89291,137271,0.650472,0.423114,0.275224,1.537344,2.363427,3.633401,0.4034,0.188149,0.0,0.22019,17251,0.381349,0.215251,0.215251,AMOCLINGO-INF-MR,228.94866,1.5430470350863814,10414043.0,337478400.0,0.03085839864121674,104160000.0,0.30864197530864196,0.09998121159754224
GroupAssignment,00281-group_assignment-p200-pr10-middle.asp,65291,98871,0.660366,0.436083,0.287974,1.514313,2.293143,3.472536,0.40465,0.183793,0.0,0.227612,12451,0.374493,0.220857,0.220857,AMOCLINGO-INF-MR,26.5043,6.906672238089668,7438307.0,241056000.0,0.030857174266560466,74400000.0,0.30864197530864196,0.09997724462365591
GroupAssignment,00282-group_assignment-p200-pr10-middle.asp,65291,98871,0.660366,0.436083,0.287974,1.514313,2.293143,3.472536,0.40465,0.183793,0.0,0.227612,12451,0.374493,0.220857,0.220857,AMOCLINGO-INF-MR,45.53652,1.7151417148258143,7435585.0,241056000.0,0.030845882284614365,74400000.0,0.30864197530864196,0.09994065860215054
GroupAssignment,00283-group_assignment-p200-pr10-middle.asp,89291,137271,0.650472,0.423114,0.275224,1.537344,2.363427,3.633401,0.4034,0.188149,0.0,0.22019,17251,0.381349,0.215251,0.215251,AMOCLINGO-INF-MR,40.99716,11.484953055284803,10416379.0,337478400.0,0.03086532056570139,104160000.0,0.30864197530864196,0.10000363863287251
GroupAssignment,00284-group_assignment-p200-pr10-middle.asp,92291,142071,0.649612,0.421996,0.274133,1.539381,2.369693,3.647861,0.40329,0.188534,0.0,0.219534,17851,0.381955,0.214756,0.214756,AMOCLINGO-INF-MR,139.73901999999998,3.13002640923058,10786390.0,349531200.0,0.030859591361228983,107880000.0,0.30864197530864196,0.09998507601038191
GroupAssignment,00285-group_assignment-p200-pr10-middle.asp,80291,122871,0.653458,0.427007,0.279031,1.530321,2.341882,3.583831,0.403781,0.18682,0.0,0.222453,15451,0.379258,0.216961,0.216961,AMOCLINGO-INF-MR,105.49784,2.8587079318401214,9302418.0,301320000.0,0.03087222222222222,93000000.0,0.30864197530864196,0.100026
GroupAssignment,00301-group_assignment-p250-pr10-sat.asp,126591,195571,0.647289,0.418983,0.271203,1.544904,2.38673,3.687269,0.40303,0.189587,0.0,0.217717,24551,0.383526,0.213443,0.213443,AMOCLINGO-INF-MR,45.04162,1.8374434800524493,3712904.0,481334400.0,0.007713772379451791,148560000.0,0.30864197530864196,0.0249926225094238
GroupAssignment,00303-group_assignment-p250-pr10-sat.asp,100341,153571,0.653385,0.426912,0.278938,1.530491,2.342403,3.585026,0.403823,0.186863,0.0,0.222352,19301,0.379217,0.21696,0.21696,AMOCLINGO-INF-MR,39.20018,1.3752140168744122,2900860.0,376042500.0,0.007714181242811651,116062500.0,0.30864197530864196,0.024993947226709747
GroupAssignment,00304-group_assignment-p250-pr10-sat.asp,111591,171571,0.650407,0.423029,0.275141,1.537499,2.363902,3.634496,0.403438,0.188187,0.0,0.220098,21551,0.381312,0.21525,0.21525,AMOCLINGO-INF-MR,34.831865,1.6756292262846104,3248723.0,421167600.0,0.007713610923537328,129990000.0,0.30864197530864196,0.024992099392260943
GroupAssignment,00305-group_assignment-p250-pr10-sat.asp,89091,135571,0.657154,0.431851,0.283793,1.521714,2.315613,3.5237,0.404306,0.185204,0.0,0.225174,17051,0.376592,0.219102,0.219102,AMOCLINGO-L,22.594856,3.8945236030714248,2552574.0,330917400.0,0.007713628839100029,102135000.0,0.30864197530864196,0.024992157438684093
GroupAssignment,00306-group_assignment-p250-pr10-middle.asp,104091,159571,0.652318,0.425518,0.277573,1.532995,2.350074,3.602652,0.403685,0.187336,0.0,0.221547,20051,0.379966,0.216349,0.216349,AMOCLINGO-L,246.584739,1.3304447847439578,12063999.0,391084200.0,0.030847574512087167,120705000.0,0.30864197530864196,0.09994614141916242
GroupAssignment,00307-group_assignment-p250-pr10-middle.asp,81591,123571,0.660276,0.435965,0.287857,1.514518,2.293763,3.473945,0.404701,0.183844,0.0,0.227488,15551,0.374441,0.220858,0.220858,AMOCLINGO-L,124.68377,1.9996706066876224,9285675.0,300834000.0,0.03086644129320489,92850000.0,0.30864197530864196,0.10000726978998384
GroupAssignment,00308-group_assignment-p250-pr10-middle.asp,119091,183571,0.648746,0.420872,0.273039,1.541435,2.376021,3.662481,0.403221,0.188931,0.0,0.218833,23051,0.382489,0.21429,0.21429,AMOCLINGO-L,369.8248,1.29753429191336,13926128.0,451251000.0,0.03086115709438871,139275000.0,0.30864197530864196,0.09999014898581943
GroupAssignment,00309-group_assignment-p250-pr10-middle.asp,107841,165571,0.651328,0.424228,0.276311,1.535325,2.357223,3.619104,0.403557,0.187776,0.0,0.220797,20801,0.380662,0.215781,0.215781,AMOCLINGO-L,279.308594,1.291115732729656,12531715.0,406125900.0,0.030856724478788473,125347500.0,0.30864197530864196,0.09997578731127466
GroupAssignment,00310-group_assignment-p250-pr10-middle.asp,100341,153571,0.653385,0.426912,0.278938,1.530491,2.342403,3.585026,0.403823,0.186863,0.0,0.222352,19301,0.379217,0.21696,0.21696,AMOCLINGO-INF-MR,203.03542,1.306627774602087,11611473.0,376042500.0,0.03087808691836694,116062500.0,0.30864197530864196,0.10004500161550889
GroupAssignment,00311-group_assignment-p250-pr10-middle.asp,92841,141571,0.655791,0.430062,0.282031,1.524876,2.325246,3.545712,0.404132,0.185802,0.0,0.224157,17801,0.377538,0.21833,0.21833,AMOCLINGO-INF-MR,132.34581,1.673125548893463,10679246.0,345959100.0,0.030868521741442848,106777500.0,0.30864197530864196,0.10001401044227483
GroupAssignment,00313-group_assignment-p250-pr10-middle.asp,74091,111571,0.66407,0.44099,0.292848,1.505864,2.267628,3.41474,0.405177,0.182208,0.0,0.230271,14051,0.371854,0.222969,0.222969,AMOCLINGO-L,41.53159599999999,6.294854163562605,8360307.0,270750600.0,0.03087825844153254,83565000.0,0.30864197530864196,0.10004555735056543
GroupAssignment,00314-group_assignment-p250-pr10-middle.asp,96591,147571,0.654539,0.428422,0.280419,1.527792,2.33415,3.566096,0.403971,0.186353,0.0,0.22322,18551,0.37841,0.217619,0.217619,AMOCLINGO-INF-MR,82.05826,4.674273461318824,11140104.0,361000800.0,0.030858945464940796,111420000.0,0.30864197530864196,0.09998298330640819
GroupAssignment,00315-group_assignment-p250-pr10-middle.asp,92841,141571,0.655791,0.430062,0.282031,1.524876,2.325246,3.545712,0.404132,0.185802,0.0,0.224157,17801,0.377538,0.21833,0.21833,AMOCLINGO-L,100.785457,4.581928224029386,10681051.0,345959100.0,0.030873739121185136,106777500.0,0.30864197530864196,0.10003091475263984
GroupAssignment,00331-group_assignment-p300-pr10-sat.asp,106891,162671,0.657099,0.431779,0.283722,1.52184,2.315997,3.524577,0.404337,0.185235,0.0,0.225098,20451,0.376561,0.219102,0.219102,AMOCLINGO-L,22.509845,1.916734211186261,3067765.0,397742400.0,0.0077129443579563054,122760000.0,0.30864197530864196,0.02498993971977843
GroupAssignment,00332-group_assignment-p300-pr10-sat.asp,133891,205871,0.650364,0.422973,0.275086,1.537601,2.364218,3.635226,0.403463,0.188213,0.0,0.220037,25851,0.381288,0.21525,0.21525,AMOCLINGO-L,133.73466,1.4887538503481448,3904493.0,506217600.0,0.007713072402065831,156240000.0,0.30864197530864196,0.024990354582693292
GroupAssignment,00333-group_assignment-p300-pr10-sat.asp,88891,133871,0.664005,0.440903,0.292761,1.506013,2.268075,3.415751,0.405215,0.182246,0.0,0.230181,16851,0.371815,0.22297,0.22297,AMOCLINGO-INF-MR,16.249240999999998,2.077691690338029,2511742.0,325425600.0,0.007718329473772193,100440000.0,0.30864197530864196,0.025007387495021904
GroupAssignment,00334-group_assignment-p300-pr10-sat.asp,124891,191471,0.652271,0.425458,0.277514,1.533105,2.350411,3.603426,0.403712,0.187363,0.0,0.221481,24051,0.379939,0.216349,0.216349,AMOCLINGO-L,59.54124,2.4266803983255976,3627322.0,470059200.0,0.007716734402815646,145080000.0,0.30864197530864196,0.02500221946512269
GroupAssignment,00335-group_assignment-p300-pr10-sat.asp,124891,191471,0.652271,0.425458,0.277514,1.533105,2.350411,3.603426,0.403712,0.187363,0.0,0.221481,24051,0.379939,0.216349,0.216349,AMOCLINGO-INF-MR,46.94841,1.8334132934427383,3627025.0,470059200.0,0.007716102567506391,145080000.0,0.30864197530864196,0.025000172318720707
GroupAssignment,00336-group_assignment-p300-pr10-middle.asp,124891,191471,0.652271,0.425458,0.277514,1.533105,2.350411,3.603426,0.403712,0.187363,0.0,0.221481,24051,0.379939,0.216349,0.216349,AMOCLINGO-INF-MR,218.5371,3.822724516798292,14503356.0,470059200.0,0.0308543179242104,145080000.0,0.30864197530864196,0.09996799007444168
GroupAssignment,00339-group_assignment-p300-pr10-middle.asp,111391,169871,0.655739,0.429993,0.281963,1.524998,2.325617,3.546561,0.404162,0.185832,0.0,0.224085,21351,0.377508,0.21833,0.21833,AMOCLINGO-INF-MR,79.80642999999999,2.463166351382965,12838776.0,415821600.0,0.03087568322569102,128340000.0,0.30864197530864196,0.1000372136512389
GroupAssignment,00340-group_assignment-p300-pr10-middle.asp,129391,198671,0.651283,0.424169,0.276254,1.535431,2.357549,3.619855,0.403583,0.187803,0.0,0.220734,24951,0.380637,0.21578,0.21578,AMOCLINGO-INF-MR,374.01157,1.3518389818796248,15061372.0,488138400.0,0.03085471661315725,150660000.0,0.30864197530864196,0.0999692818266295
GroupAssignment,00341-group_assignment-p300-pr10-middle.asp,124891,191471,0.652271,0.425458,0.277514,1.533105,2.350411,3.603426,0.403712,0.187363,0.0,0.221481,24051,0.379939,0.216349,0.216349,AMOCLINGO-INF-MR,136.41915,6.717608561554591,14517532.0,470059200.0,0.03088447582772553,145080000.0,0.30864197530864196,0.10006570168183071
GroupAssignment,00342-group_assignment-p300-pr10-middle.asp,124891,191471,0.652271,0.425458,0.277514,1.533105,2.350411,3.603426,0.403712,0.187363,0.0,0.221481,24051,0.379939,0.216349,0.216349,AMOCLINGO-INF-MR,161.70817,2.420994888508107,14510313.0,470059200.0,0.030869118187666574,145080000.0,0.30864197530864196,0.1000159429280397
GroupAssignment,00345-group_assignment-p300-pr10-middle.asp,115891,177071,0.654489,0.428356,0.280354,1.52791,2.334508,3.566919,0.404,0.186382,0.0,0.223149,22251,0.378381,0.217618,0.217618,AMOCLINGO-L,217.299983,2.281655907906813,13393763.0,433900800.0,0.03086826067156364,133920000.0,0.30864197530864196,0.10001316457586619
GroupAssignment,00346-group_assignment-p300-pr10-punsat.asp,151891,234671,0.647251,0.418934,0.271155,1.544996,2.387013,3.687926,0.403052,0.18961,0.0,0.217663,29451,0.383505,0.213443,0.213443,AMOCLINGO-INF-MR,907.91663,1.3272041156466097,160720233.0,578534400.0,0.2778058366105801,178560000.0,0.30864197530864196,0.9000909106182796
GroupAssignment,00348-group_assignment-p300-pr10-punsat.asp,120391,184271,0.653337,0.426849,0.278876,1.530604,2.34275,3.585824,0.403851,0.186891,0.0,0.222284,23151,0.379189,0.21696,0.21696,AMOCLINGO-INF-MR,658.98718,1.8285836395178432,125543560.0,451980000.0,0.27776352935970616,139500000.0,0.30864197530864196,0.899953835125448
GroupAssignment,00349-group_assignment-p300-pr10-punsat.asp,124891,191471,0.652271,0.425458,0.277514,1.533105,2.350411,3.603426,0.403712,0.187363,0.0,0.221481,24051,0.379939,0.216349,0.216349,AMOCLINGO-INF-MR,710.0134300000001,1.6971506834736914,130603494.0,470059200.0,0.27784477784925815,145080000.0,0.30864197530864196,0.9002170802315964
GroupAssignment,00350-group_assignment-p300-pr10-punsat.asp,133891,205871,0.650364,0.422973,0.275086,1.537601,2.364218,3.635226,0.403463,0.188213,0.0,0.220037,25851,0.381288,0.21525,0.21525,AMOCLINGO-INF-MR,643.1869899999999,1.8735268137186671,140583466.0,506217600.0,0.2777135089732163,156240000.0,0.30864197530864196,0.8997917690732207
GroupAssignment,00361-group_assignment-p50-pr15-sat.asp,28426,43996,0.646104,0.417451,0.269717,1.547738,2.395493,3.707595,0.402097,0.189967,0.0,0.217442,5566,0.385774,0.21213,0.21213,CLINGO-AMO,1.01087,2.099728946353141,553612.0,107600400.0,0.005145073810134535,33210000.0,0.30864197530864196,0.016670039144835894
GroupAssignment,00363-group_assignment-p50-pr15-sat.asp,27676,42796,0.646696,0.418216,0.270458,1.546322,2.391111,3.697427,0.402153,0.189695,0.0,0.217914,5416,0.385388,0.212458,0.212458,CLINGO-AMO,0.942282,2.2396543709844825,538153.0,104611500.0,0.0051443005788082575,32287500.0,0.30864197530864196,0.016667533875338755
GroupAssignment,00364-group_assignment-p50-pr15-sat.asp,24676,37996,0.649437,0.421768,0.273912,1.539796,2.370971,3.650811,0.402415,0.188442,0.0,0.220092,4816,0.383612,0.213973,0.213973,WASP-AMO,0.618415,1.512280588278098,476605.0,92655900.0,0.005143817069393314,28597500.0,0.30864197530864196,0.01666596730483434
GroupAssignment,00365-group_assignment-p50-pr15-sat.asp,32176,49996,0.643571,0.414184,0.266557,1.553829,2.414384,3.75154,0.401852,0.191136,0.0,0.215409,6316,0.387432,0.210716,0.210716,CLINGO-AMO,1.487995,1.7744602636433593,630576.0,122544900.0,0.0051456731369481715,37822500.0,0.30864197530864196,0.016671980963712075
GroupAssignment,00366-group_assignment-p50-pr15-middle.asp,34426,53596,0.642324,0.41258,0.26501,1.556847,2.423771,3.77344,0.401731,0.191716,0.0,0.214402,6766,0.388253,0.210016,0.210016,AMOCLINGO-INF-MR,9.417655,1.8309542025058252,2706430.0,131511600.0,0.020579401360792508,40590000.0,0.30864197530864196,0.06667726040896772
GroupAssignment,00367-group_assignment-p50-pr15-middle.asp,27676,42796,0.646696,0.418216,0.270458,1.546322,2.391111,3.697427,0.402153,0.189695,0.0,0.217914,5416,0.385388,0.212458,0.212458,AMOCLINGO-INF-MR,4.014203,1.911568996386082,2152932.0,104611500.0,0.020580261252347975,32287500.0,0.30864197530864196,0.06668004645760743
GroupAssignment,00368-group_assignment-p50-pr15-middle.asp,27676,42796,0.646696,0.418216,0.270458,1.546322,2.391111,3.697427,0.402153,0.189695,0.0,0.217914,5416,0.385388,0.212458,0.212458,AMOCLINGO-INF-MR,4.736729,1.8577072912552104,2153135.0,104611500.0,0.020582201765580267,32287500.0,0.30864197530864196,0.06668633372048006
GroupAssignment,00370-group_assignment-p50-pr15-middle.asp,32176,49996,0.643571,0.414184,0.266557,1.553829,2.414384,3.75154,0.401852,0.191136,0.0,0.215409,6316,0.387432,0.210716,0.210716,AMOCLINGO-INF-MR,3.743763,3.1080450338336054,2522141.0,122544900.0,0.020581362423079213,37822500.0,0.30864197530864196,0.06668361425077665
GroupAssignment,00371-group_assignment-p50-pr15-middle.asp,33676,52396,0.642721,0.41309,0.265502,1.555885,2.42078,3.766456,0.40177,0.191531,0.0,0.214723,6616,0.387991,0.210239,0.210239,AMOCLINGO-INF-MR,4.767853000000001,3.927158828093064,2644656.0,128522700.0,0.020577345480603814,39667500.0,0.30864197530864196,0.06667059935715636
GroupAssignment,00372-group_assignment-p50-pr15-middle.asp,26176,40396,0.647985,0.419884,0.272079,1.543246,2.381607,3.675405,0.402277,0.189105,0.0,0.218941,5116,0.384551,0.213172,0.213172,AMOCLINGO-INF-MR,3.163784,1.5786517031504048,2029888.0,98633700.0,0.020580065434025085,30442500.0,0.30864197530864196,0.06667941200624128
GroupAssignment,00373-group_assignment-p50-pr15-middle.asp,35176,54796,0.641945,0.412093,0.264541,1.557767,2.426637,3.780134,0.401694,0.191892,0.0,0.214095,6916,0.388504,0.209802,0.209802,AMOCLINGO-INF-MR,7.109114,1.9629576906489328,2766912.0,134500500.0,0.02057175995628269,41512500.0,0.30864197530864196,0.06665250225835592
GroupAssignment,00374-group_assignment-p50-pr15-middle.asp,38926,60796,0.640272,0.409949,0.262479,1.561835,2.439329,3.809831,0.401531,0.192673,0.0,0.212737,7666,0.389611,0.208858,0.208858,AMOCLINGO-INF-MR,8.405951,1.8253634835606347,3074599.0,149445000.0,0.020573448425842283,46125000.0,0.30864197530864196,0.066657972899729
GroupAssignment,00375-group_assignment-p50-pr15-middle.asp,29176,45196,0.645544,0.416727,0.269015,1.549081,2.399653,3.717258,0.402043,0.190225,0.0,0.216993,5716,0.386139,0.211818,0.211818,AMOCLINGO-INF-MR,4.57018,2.3165249508772083,2275358.0,110589300.0,0.020574847657051813,34132500.0,0.30864197530864196,0.06666250640884787
GroupAssignment,00392-group_assignment-p100-pr15-sat.asp,80726,126296,0.639181,0.408552,0.261139,1.564502,2.447667,3.82938,0.401729,0.193246,0.0,0.211592,15866,0.389788,0.208483,0.208483,AMOCLINGO-INF-MR,8.001018,2.1700417371889427,1612650.0,313372800.0,0.00514610712863401,96720000.0,0.30864197530864196,0.016673387096774194
GroupAssignment,00393-group_assignment-p100-pr15-sat.asp,62726,97496,0.64337,0.413925,0.266307,1.554316,2.415897,3.755066,0.402226,0.191308,0.0,0.214919,12266,0.386857,0.210917,0.210917,AMOCLINGO-INF-MR,5.410845,1.7712462656017685,1239401.0,241056000.0,0.005141548022036374,74400000.0,0.30864197530864196,0.01665861559139785
GroupAssignment,00394-group_assignment-p100-pr15-sat.asp,56726,87896,0.645376,0.416511,0.268806,1.549483,2.400899,3.720153,0.402461,0.190389,0.0,0.216497,11066,0.385467,0.212072,0.212072,AMOCLINGO-INF-MR,4.9521,1.4619965267260355,1116143.0,216950400.0,0.005144692058645663,66960000.0,0.30864197530864196,0.016668802270011947
GroupAssignment,00395-group_assignment-p100-pr15-sat.asp,67226,104696,0.642107,0.412301,0.264741,1.557374,2.425413,3.777274,0.402077,0.19189,0.0,0.21392,13166,0.387737,0.210187,0.210187,AMOCLINGO-INF-MR,5.008437,3.894979012414452,1332847.0,259135200.0,0.005143442496426576,79980000.0,0.30864197530864196,0.016664753688422105
GroupAssignment,00396-group_assignment-p100-pr15-middle.asp,62726,97496,0.64337,0.413925,0.266307,1.554316,2.415897,3.755066,0.402226,0.191308,0.0,0.214919,12266,0.386857,0.210917,0.210917,AMOCLINGO-INF-MR,20.301834,2.657577537083596,4960160.0,241056000.0,0.02057679543342626,74400000.0,0.30864197530864196,0.06666881720430108
GroupAssignment,00397-group_assignment-p100-pr15-middle.asp,53726,83096,0.646553,0.418031,0.27028,1.546663,2.392165,3.699873,0.402598,0.189852,0.0,0.217418,10466,0.384655,0.212746,0.212746,AMOCLINGO-INF-MR,8.340087,3.842704278744334,4214352.0,204897600.0,0.020568088645254997,63240000.0,0.30864197530864196,0.06664060721062619
GroupAssignment,00398-group_assignment-p100-pr15-middle.asp,58226,90296,0.644835,0.415812,0.26813,1.550785,2.404934,3.729535,0.402398,0.190636,0.0,0.216072,11366,0.385841,0.211761,0.211761,AMOCLINGO-INF-MR,6.133708,6.006096638444478,4586348.0,222976800.0,0.02056872284470851,68820000.0,0.30864197530864196,0.06664266201685556
GroupAssignment,00399-group_assignment-p100-pr15-middle.asp,46226,71096,0.650191,0.422749,0.274868,1.538009,2.365471,3.638116,0.40302,0.188206,0.0,0.220244,8966,0.382166,0.214814,0.214814,AMOCLINGO-INF-MR,8.589846,1.879438932898215,3596316.0,174765600.0,0.02057793982339774,53940000.0,0.30864197530864196,0.06667252502780868
GroupAssignment,00402-group_assignment-p100-pr15-middle.asp,65726,102296,0.642508,0.412817,0.265238,1.556401,2.422383,3.7702,0.402124,0.191705,0.0,0.214238,12866,0.387457,0.210419,0.210419,AMOCLINGO-INF-MR,7.617110999999999,8.189743591763335,5210917.0,253108800.0,0.020587656375440126,78120000.0,0.30864197530864196,0.06670400665642601
GroupAssignment,00403-group_assignment-p100-pr15-middle.asp,49226,75896,0.648598,0.420679,0.272852,1.541787,2.377107,3.664992,0.402836,0.188925,0.0,0.21901,9566,0.383253,0.213911,0.213911,AMOCLINGO-INF-MR,11.337513,1.9803368692939975,3844369.0,186818400.0,0.020578106867417772,57660000.0,0.30864197530864196,0.06667306625043358
GroupAssignment,00404-group_assignment-p100-pr15-middle.asp,61226,95096,0.643834,0.414522,0.266883,1.553196,2.412419,3.74696,0.40228,0.191095,0.0,0.215284,11966,0.386535,0.211185,0.211185,AMOCLINGO-INF-MR,22.892862,2.1199015658243168,4836659.0,235029600.0,0.020578935589389592,72540000.0,0.30864197530864196,0.06667575130962228
GroupAssignment,00405-group_assignment-p100-pr15-middle.asp,53726,83096,0.646553,0.418031,0.27028,1.546663,2.392165,3.699873,0.402598,0.189852,0.0,0.217418,10466,0.384655,0.212746,0.212746,AMOCLINGO-INF-MR,7.451502,4.713305585907379,4215229.0,204897600.0,0.020572368832040982,63240000.0,0.30864197530864196,0.06665447501581277
GroupAssignment,00423-group_assignment-p150-pr15-sat.asp,116526,182196,0.639564,0.409042,0.261609,1.563565,2.444736,3.822504,0.401885,0.19309,0.0,0.211807,22866,0.389321,0.208795,0.208795,AMOCLINGO-INF-MR,12.319982,2.790191982423351,2331437.0,453195000.0,0.0051444455477222826,139875000.0,0.30864197530864196,0.016668003574620196
GroupAssignment,00424-group_assignment-p150-pr15-sat.asp,78276,120996,0.64693,0.418519,0.270753,1.545761,2.389378,3.693407,0.402805,0.189713,0.0,0.217576,15216,0.384102,0.213092,0.213092,AMOCLINGO-INF-MR,7.198422,1.4642645290870693,1538725.0,299108700.0,0.0051443672484284145,92317500.0,0.30864197530864196,0.016667749884908063
GroupAssignment,00425-group_assignment-p150-pr15-sat.asp,87276,135396,0.644598,0.415507,0.267835,1.551354,2.4067,3.733645,0.402516,0.190774,0.0,0.215764,17016,0.385742,0.211742,0.211742,AMOCLINGO-INF-MR,9.123464,1.9811101353608676,1725548.0,335364300.0,0.005145294236744937,103507500.0,0.30864197530864196,0.016670753327053596
GroupAssignment,00426-group_assignment-p150-pr15-middle.asp,76026,117396,0.647603,0.41939,0.271598,1.544156,2.384418,3.681913,0.402888,0.189409,0.0,0.218096,14766,0.383632,0.21348,0.21348,AMOCLINGO-INF-MR,46.34433,1.2661280247227655,5969437.0,290044800.0,0.020581086094286122,89520000.0,0.30864197530864196,0.06668271894548704
GroupAssignment,00427-group_assignment-p150-pr15-middle.asp,91776,142596,0.643609,0.414232,0.266603,1.55374,2.414107,3.750893,0.402393,0.191226,0.0,0.214991,17916,0.386441,0.211166,0.211166,AMOCLINGO-INF-MR,28.443012,3.4368580233345187,7271554.0,353492100.0,0.020570626613720645,109102500.0,0.30864197530864196,0.0666488302284549
GroupAssignment,00428-group_assignment-p150-pr15-middle.asp,78276,120996,0.64693,0.418519,0.270753,1.545761,2.389378,3.693407,0.402805,0.189713,0.0,0.217576,15216,0.384102,0.213092,0.213092,AMOCLINGO-L,70.143918,2.4185930132958924,6154481.0,299108700.0,0.020576068165185434,92317500.0,0.30864197530864196,0.0666664608552008
GroupAssignment,00429-group_assignment-p150-pr15-middle.asp,100776,156996,0.641902,0.412038,0.264488,1.557871,2.426962,3.780893,0.402179,0.19201,0.0,0.213652,19716,0.387652,0.210169,0.210169,AMOCLINGO-INF-MR,98.37173,1.5605399640730115,8021625.0,389747700.0,0.020581583932374713,120292500.0,0.30864197530864196,0.06668433194089407
GroupAssignment,00430-group_assignment-p150-pr15-middle.asp,112026,174996,0.640163,0.409809,0.262345,1.562102,2.440162,3.81178,0.40196,0.192812,0.0,0.212281,21966,0.388892,0.209148,0.209148,AMOCLINGO-INF-MR,58.13684,4.901000054354519,8950828.0,435067200.0,0.020573437850520564,134280000.0,0.30864197530864196,0.06665793863568663
GroupAssignment,00431-group_assignment-p150-pr15-middle.asp,71526,110196,0.64908,0.421305,0.27346,1.540643,2.37358,3.656838,0.40307,0.188743,0.0,0.219235,13866,0.382602,0.214328,0.214328,AMOCLINGO-L,58.186196,1.3106665367847727,5596157.0,271917000.0,0.020580386662106452,83925000.0,0.30864197530864196,0.0666804527852249
GroupAssignment,00432-group_assignment-p150-pr15-middle.asp,100776,156996,0.641902,0.412038,0.264488,1.557871,2.426962,3.780893,0.402179,0.19201,0.0,0.213652,19716,0.387652,0.210169,0.210169,AMOCLINGO-INF-MR,97.11542,3.370742720363048,8019400.0,389747700.0,0.020575875111001295,120292500.0,0.30864197530864196,0.0666658353596442
GroupAssignment,00433-group_assignment-p150-pr15-middle.asp,94026,146196,0.64315,0.413642,0.266034,1.554847,2.417548,3.758916,0.402336,0.191436,0.0,0.214632,18366,0.386765,0.210899,0.210899,AMOCLINGO-INF-MR,81.53952,1.577652909901849,7459074.0,362556000.0,0.02057357759904677,111900000.0,0.30864197530864196,0.06665839142091153
GroupAssignment,00434-group_assignment-p150-pr15-middle.asp,100776,156996,0.641902,0.412038,0.264488,1.557871,2.426962,3.780893,0.402179,0.19201,0.0,0.213652,19716,0.387652,0.210169,0.210169,AMOCLINGO-INF-MR,48.48626,5.138634037766575,8019563.0,389747700.0,0.020576293330274945,120292500.0,0.30864197530864196,0.06666719039009082
GroupAssignment,00435-group_assignment-p150-pr15-middle.asp,107526,167796,0.640814,0.410642,0.263145,1.560516,2.435209,3.800182,0.402042,0.192512,0.0,0.212795,21066,0.388427,0.209531,0.209531,AMOCLINGO-INF-MR,118.97369,2.205229357852144,8579969.0,416939400.0,0.020578455765993812,128685000.0,0.30864197530864196,0.06667419668181995
GroupAssignment,00451-group_assignment-p200-pr15-sat.asp,116326,180496,0.64448,0.415354,0.267687,1.551639,2.407585,3.735703,0.402576,0.190843,0.0,0.21561,22666,0.385692,0.211733,0.211733,AMOCLINGO-L,29.127276,1.8391304425446449,2294757.0,445953600.0,0.005145730407827182,137640000.0,0.30864197530864196,0.01667216652136007
GroupAssignment,00452-group_assignment-p200-pr15-sat.asp,101326,156496,0.647467,0.419214,0.271427,1.54448,2.385419,3.684232,0.402957,0.189487,0.0,0.21792,19666,0.383574,0.213469,0.213469,AMOCLINGO-INF-MR,7.927769,2.374719041384783,1984667.0,385689600.0,0.005145762291749635,119040000.0,0.30864197530864196,0.01667226982526882
GroupAssignment,00453-group_assignment-p200-pr15-sat.asp,128326,199696,0.642607,0.412943,0.26536,1.556162,2.421639,3.768462,0.402335,0.191699,0.0,0.21415,25066,0.38703,0.210635,0.210635,AMOCLINGO-INF-MR,33.05517,1.5033631047730205,2542365.0,494164800.0,0.00514477154180144,152520000.0,0.30864197530864196,0.016669059795436664
GroupAssignment,00454-group_assignment-p200-pr15-sat.asp,107326,166096,0.646168,0.417534,0.269797,1.547584,2.395016,3.706489,0.402791,0.190075,0.0,0.216919,20866,0.384492,0.212716,0.212716,AMOCLINGO-INF-MR,9.546467,2.2042023504611707,2108335.0,409795200.0,0.005144850403323416,126480000.0,0.30864197530864196,0.01666931530676787
GroupAssignment,00455-group_assignment-p200-pr15-sat.asp,125326,194896,0.64304,0.413501,0.265898,1.555112,2.418374,3.760843,0.402391,0.191501,0.0,0.214489,24466,0.386719,0.21089,0.21089,AMOCLINGO-INF-MR,24.957672,1.6571967529663825,2480275.0,482112000.0,0.00514460332868711,148800000.0,0.30864197530864196,0.016668514784946235
GroupAssignment,00456-group_assignment-p200-pr15-middle.asp,107326,166096,0.646168,0.417534,0.269797,1.547584,2.395016,3.706489,0.402791,0.190075,0.0,0.216919,20866,0.384492,0.212716,0.212716,AMOCLINGO-INF-MR,35.89199,4.131926538483935,8429089.0,409795200.0,0.020569028138933788,126480000.0,0.30864197530864196,0.06664365117014548
GroupAssignment,00457-group_assignment-p200-pr15-middle.asp,122326,190096,0.643496,0.414087,0.266463,1.554011,2.414951,3.752862,0.402449,0.191292,0.0,0.214844,23866,0.386394,0.211157,0.211157,AMOCLINGO-INF-MR,72.63264000000001,3.2784006887261703,9669916.0,470059200.0,0.020571698203119947,145080000.0,0.30864197530864196,0.06665230217810864
GroupAssignment,00458-group_assignment-p200-pr15-middle.asp,131326,204496,0.642193,0.412412,0.264849,1.557163,2.424757,3.775742,0.402281,0.191889,0.0,0.213827,25666,0.387326,0.210392,0.210392,AMOCLINGO-INF-MR,161.27652,1.4178250435959308,10417810.0,506217600.0,0.020579707224719173,156240000.0,0.30864197530864196,0.06667825140809011
GroupAssignment,00459-group_assignment-p200-pr15-middle.asp,143326,223696,0.640718,0.410519,0.263027,1.56075,2.435939,3.801891,0.40209,0.192568,0.0,0.212669,28066,0.388387,0.209522,0.209522,AMOCLINGO-INF-MR,79.30105,4.041479677759626,11409446.0,554428800.0,0.020578739776865848,171120000.0,0.30864197530864196,0.06667511687704535
GroupAssignment,00460-group_assignment-p200-pr15-middle.asp,122326,190096,0.643496,0.414087,0.266463,1.554011,2.414951,3.752862,0.402449,0.191292,0.0,0.214844,23866,0.386394,0.211157,0.211157,AMOCLINGO-INF-MR,99.17671,2.165810178619557,9671639.0,470059200.0,0.02057536369887027,145080000.0,0.30864197530864196,0.06666417838433968
GroupAssignment,00461-group_assignment-p200-pr15-middle.asp,113326,175696,0.645012,0.41604,0.268351,1.550359,2.403613,3.726464,0.402644,0.190601,0.0,0.216023,22066,0.385313,0.212043,0.212043,AMOCLINGO-INF-MR,154.54986,1.2006182212005885,8929943.0,433900800.0,0.0205806096693069,133920000.0,0.30864197530864196,0.06668117532855436
GroupAssignment,00462-group_assignment-p200-pr15-middle.asp,116326,180496,0.64448,0.415354,0.267687,1.551639,2.407585,3.735703,0.402576,0.190843,0.0,0.21561,22666,0.385692,0.211733,0.211733,AMOCLINGO-L,152.156016,1.4725290257336916,9173539.0,445953600.0,0.020570613175899914,137640000.0,0.30864197530864196,0.06664878668991572
GroupAssignment,00463-group_assignment-p200-pr15-middle.asp,116326,180496,0.64448,0.415354,0.267687,1.551639,2.407585,3.735703,0.402576,0.190843,0.0,0.21561,22666,0.385692,0.211733,0.211733,AMOCLINGO-INF-MR,51.98021,2.62589741365031,9179575.0,445953600.0,0.020584148216316676,137640000.0,0.30864197530864196,0.06669264022086603
GroupAssignment,00464-group_assignment-p200-pr15-middle.asp,146326,228496,0.640388,0.410096,0.262621,1.561554,2.438452,3.807775,0.402047,0.19272,0.0,0.212409,28666,0.388625,0.209327,0.209327,AMOCLINGO-INF-MR,75.0214,4.406407904944456,11653149.0,566481600.0,0.020571098867112364,174840000.0,0.30864197530864196,0.06665036032944406
GroupAssignment,00465-group_assignment-p200-pr15-middle.asp,128326,199696,0.642607,0.412943,0.26536,1.556162,2.421639,3.768462,0.402335,0.191699,0.0,0.21415,25066,0.38703,0.210635,0.210635,AMOCLINGO-INF-MR,79.54801,2.792211407928369,10166703.0,494164800.0,0.020573507056755154,152520000.0,0.30864197530864196,0.0666581628638867
GroupAssignment,00481-group_assignment-p250-pr15-sat.asp,141626,219596,0.644939,0.415946,0.26826,1.550535,2.404157,3.727729,0.40268,0.190643,0.0,0.215928,27566,0.385282,0.212037,0.212037,AMOCLINGO-INF-MR,32.12736,1.2567597524353074,2785146.0,541501200.0,0.005143379183647238,167130000.0,0.30864197530864196,0.01666454855501705
GroupAssignment,00482-group_assignment-p250-pr15-sat.asp,141626,219596,0.644939,0.415946,0.26826,1.550535,2.404157,3.727729,0.40268,0.190643,0.0,0.215928,27566,0.385282,0.212037,0.212037,AMOCLINGO-INF-MR,41.02084,1.232104510780374,2786329.0,541501200.0,0.005145563851012704,167130000.0,0.30864197530864196,0.01667162687728116
GroupAssignment,00483-group_assignment-p250-pr15-sat.asp,149126,231596,0.643906,0.414615,0.266973,1.553022,2.411878,3.745701,0.402545,0.191114,0.0,0.215127,29066,0.386023,0.211432,0.211432,AMOCLINGO-INF-MR,14.079851,2.235711940417552,2940050.0,571584600.0,0.005143683017352112,176415000.0,0.30864197530864196,0.016665532976220844
GroupAssignment,00484-group_assignment-p250-pr15-sat.asp,141626,219596,0.644939,0.415946,0.26826,1.550535,2.404157,3.727729,0.40268,0.190643,0.0,0.215928,27566,0.385282,0.212037,0.212037,CLINGO-AMO,54.460329,1.2219459232425864,2785153.0,541501200.0,0.00514339211067307,167130000.0,0.30864197530864196,0.016664590438580745
GroupAssignment,00486-group_assignment-p250-pr15-middle.asp,126626,195596,0.647385,0.419108,0.271324,1.544675,2.38602,3.685626,0.402998,0.189535,0.0,0.217815,24566,0.383539,0.213463,0.213463,AMOCLINGO-INF-MR,132.61847,1.4298849021557856,9901373.0,481334400.0,0.020570673943104835,148560000.0,0.30864197530864196,0.06664898357565967
GroupAssignment,00487-group_assignment-p250-pr15-middle.asp,164126,255596,0.642131,0.412332,0.264771,1.557316,2.425232,3.776852,0.402313,0.191926,0.0,0.213744,32066,0.3873,0.210387,0.210387,AMOCLINGO-INF-MR,271.36475,2.0885955158140472,12997234.0,631751400.0,0.020573336283861026,194985000.0,0.30864197530864196,0.06665760955970972
GroupAssignment,00488-group_assignment-p250-pr15-middle.asp,156626,243596,0.642974,0.413416,0.265816,1.555272,2.41887,3.762001,0.402424,0.191539,0.0,0.214402,30566,0.386692,0.210885,0.210885,AMOCLINGO-INF-MR,131.78855,3.9822413252137614,12383432.0,601668000.0,0.020581835829726693,185700000.0,0.30864197530864196,0.06668514808831448
GroupAssignment,00489-group_assignment-p250-pr15-middle.asp,119126,183596,0.648849,0.421004,0.273168,1.541192,2.375272,3.660749,0.403187,0.188876,0.0,0.218936,23066,0.382503,0.214311,0.214311,AMOCLINGO-L,210.42398,1.3317861871066217,9281157.0,451251000.0,0.020567615362625236,139275000.0,0.30864197530864196,0.06663907377490576
GroupAssignment,00491-group_assignment-p250-pr15-middle.asp,156626,243596,0.642974,0.413416,0.265816,1.555272,2.41887,3.762001,0.402424,0.191539,0.0,0.214402,30566,0.386692,0.210885,0.210885,AMOCLINGO-INF-MR,156.32203,2.540213884121131,12380349.0,601668000.0,0.02057671174135902,185700000.0,0.30864197530864196,0.06666854604200323
GroupAssignment,00492-group_assignment-p250-pr15-middle.asp,137876,213596,0.645499,0.416669,0.268959,1.549189,2.399987,3.718034,0.402753,0.190388,0.0,0.216361,26816,0.384882,0.212365,0.212365,AMOCLINGO-INF-MR,38.333180000000006,7.156013771881174,10834995.0,526459500.0,0.02058087089320261,162487500.0,0.30864197530864196,0.06668202169397645
GroupAssignment,00493-group_assignment-p250-pr15-middle.asp,141626,219596,0.644939,0.415946,0.26826,1.550535,2.404157,3.727729,0.40268,0.190643,0.0,0.215928,27566,0.385282,0.212037,0.212037,AMOCLINGO-INF-MR,160.92557,1.3059314315307382,11141364.0,541501200.0,0.02057495717461014,167130000.0,0.30864197530864196,0.06666286124573685
GroupAssignment,00494-group_assignment-p250-pr15-middle.asp,126626,195596,0.647385,0.419108,0.271324,1.544675,2.38602,3.685626,0.402998,0.189535,0.0,0.217815,24566,0.383539,0.213463,0.213463,AMOCLINGO-INF-MR,77.72865999999999,3.3960932042312324,9908428.0,481334400.0,0.02058533111283964,148560000.0,0.30864197530864196,0.06669647280560043
GroupAssignment,00495-group_assignment-p250-pr15-middle.asp,145376,225596,0.644409,0.415262,0.267599,1.55181,2.408116,3.736939,0.402611,0.190884,0.0,0.215517,28316,0.385662,0.211727,0.211727,AMOCLINGO-INF-MR,268.6288,1.438014311942725,11446167.0,556542900.0,0.020566549317222446,171772500.0,0.30864197530864196,0.06663561978780072
GroupAssignment,00498-group_assignment-p250-pr15-punsat.asp,156626,243596,0.642974,0.413416,0.265816,1.555272,2.41887,3.762001,0.402424,0.191539,0.0,0.214402,30566,0.386692,0.210885,0.210885,AMOCLINGO-INF-MR,591.31248,2.037845993035696,167105387.0,601668000.0,0.2777368698351915,185700000.0,0.30864197530864196,0.8998674582660204
GroupAssignment,00499-group_assignment-p250-pr15-punsat.asp,141626,219596,0.644939,0.415946,0.26826,1.550535,2.404157,3.727729,0.40268,0.190643,0.0,0.215928,27566,0.385282,0.212037,0.212037,AMOCLINGO-INF-MR,722.4471500000001,1.6677257291415708,150402362.0,541501200.0,0.27775074552004686,167130000.0,0.30864197530864196,0.8999124154849518
GroupAssignment,00503-group_assignment-p250-pr15-punsat.asp,186626,291596,0.640016,0.40962,0.262163,1.562462,2.441287,3.814418,0.402034,0.192899,0.0,0.212087,36566,0.388831,0.209135,0.209135,AMOCLINGO-INF-MR,747.08034,1.612948567218353,200481649.0,722001600.0,0.27767479878160933,222840000.0,0.30864197530864196,0.8996663480524143
GroupAssignment,00511-group_assignment-p300-pr15-sat.asp,160926,249096,0.64604,0.417368,0.269636,1.547892,2.395968,3.708699,0.402856,0.19015,0.0,0.216752,31266,0.384438,0.212706,0.212706,AMOCLINGO-INF-MR,26.212194,3.3216434305346585,3162759.0,614692800.0,0.0051452676849314,189720000.0,0.30864197530864196,0.016670667299177735
GroupAssignment,00512-group_assignment-p300-pr15-sat.asp,142926,220296,0.648791,0.420929,0.273095,1.541329,2.375695,3.661728,0.403216,0.188909,0.0,0.218862,27666,0.382478,0.214307,0.214307,AMOCLINGO-INF-MR,18.109567,1.6007446229940232,2789875.0,542376000.0,0.005143802454385888,167400000.0,0.30864197530864196,0.016665919952210274
GroupAssignment,00513-group_assignment-p300-pr15-sat.asp,223926,349896,0.639979,0.409573,0.262118,1.562552,2.441568,3.815078,0.402052,0.192921,0.0,0.212039,43866,0.388816,0.209132,0.209132,AMOCLINGO-INF-MR,42.22176,3.54604189877447,4467950.0,867801600.0,0.005148584653450743,267840000.0,0.30864197530864196,0.016681414277180406
GroupAssignment,00514-group_assignment-p300-pr15-sat.asp,169926,263496,0.64489,0.415883,0.268199,1.550651,2.40452,3.728572,0.402705,0.190671,0.0,0.215865,33066,0.385262,0.212033,0.212033,AMOCLINGO-INF-MR,24.152413,2.709551505267817,3348514.0,650851200.0,0.005144822656853057,200880000.0,0.30864197530864196,0.016669225408203904
GroupAssignment,00515-group_assignment-p300-pr15-sat.asp,142926,220296,0.648791,0.420929,0.273095,1.541329,2.375695,3.661728,0.403216,0.188909,0.0,0.218862,27666,0.382478,0.214307,0.214307,CLINGO-AMO,48.277786,1.4541686315109812,2790619.0,542376000.0,0.00514517419649837,167400000.0,0.30864197530864196,0.01667036439665472
GroupAssignment,00517-group_assignment-p300-pr15-middle.asp,165426,256296,0.645449,0.416604,0.268897,1.549309,2.400359,3.718897,0.402778,0.190417,0.0,0.216296,32166,0.384861,0.212361,0.212361,AMOCLINGO-INF-MR,131.47628,4.173952974635426,13025066.0,632772000.0,0.020584137730493765,195300000.0,0.30864197530864196,0.06669260624679979
GroupAssignment,00518-group_assignment-p300-pr15-middle.asp,174426,270696,0.644361,0.415201,0.26754,1.551925,2.40847,3.737764,0.402635,0.190912,0.0,0.215455,33966,0.385642,0.211723,0.211723,AMOCLINGO-INF-MR,178.67072000000002,3.748732808598969,13762336.0,668930400.0,0.020573644133978664,206460000.0,0.30864197530864196,0.06665860699409086
GroupAssignment,00519-group_assignment-p300-pr15-middle.asp,187926,292296,0.64293,0.41336,0.265761,1.555378,2.419201,3.762773,0.402446,0.191565,0.0,0.214345,36666,0.386673,0.210881,0.210881,AMOCLINGO-INF-MR,110.1212,8.545550357242746,14879131.0,723168000.0,0.020574930030089828,223200000.0,0.30864197530864196,0.06666277329749104
GroupAssignment,00520-group_assignment-p300-pr15-middle.asp,214926,335496,0.640622,0.410396,0.262909,1.560984,2.43667,3.803603,0.402138,0.192624,0.0,0.212543,42066,0.388348,0.209514,0.209514,AMOCLINGO-INF-MR,431.39435,1.6443063058197218,17111763.0,831643200.0,0.020575846709261856,256680000.0,0.30864197530864196,0.06666574333800841
GroupAssignment,00521-group_assignment-p300-pr15-middle.asp,174426,270696,0.644361,0.415201,0.26754,1.551925,2.40847,3.737764,0.402635,0.190912,0.0,0.215455,33966,0.385642,0.211723,0.211723,AMOCLINGO-INF-MR,141.23745,5.100669050595292,13757815.0,668930400.0,0.0205668855833133,206460000.0,0.30864197530864196,0.06663670928993509
GroupAssignment,00522-group_assignment-p300-pr15-middle.asp,187926,292296,0.64293,0.41336,0.265761,1.555378,2.419201,3.762773,0.402446,0.191565,0.0,0.214345,36666,0.386673,0.210881,0.210881,AMOCLINGO-INF-MR,116.70916,4.799240693703904,14876660.0,723168000.0,0.02057151312004956,223200000.0,0.30864197530864196,0.06665170250896058
GroupAssignment,00523-group_assignment-p300-pr15-middle.asp,160926,249096,0.64604,0.417368,0.269636,1.547892,2.395968,3.708699,0.402856,0.19015,0.0,0.216752,31266,0.384438,0.212706,0.212706,AMOCLINGO-INF-MR,123.09358,2.753763762496793,12639977.0,614692800.0,0.02056307963913031,189720000.0,0.30864197530864196,0.06662437803078221
GroupAssignment,00524-group_assignment-p300-pr15-middle.asp,196926,306696,0.642089,0.412278,0.264719,1.557418,2.425549,3.777593,0.402334,0.19195,0.0,0.213689,38466,0.387283,0.210384,0.210384,AMOCLINGO-INF-MR,125.99562,4.748691502133169,15625009.0,759326400.0,0.02057746049656643,234360000.0,0.30864197530864196,0.06667097200887523
GroupAssignment,00525-group_assignment-p300-pr15-middle.asp,115926,177096,0.654594,0.428493,0.280489,1.527664,2.333758,3.565198,0.403965,0.186326,0.0,0.223254,22266,0.378397,0.217639,0.217639,AMOCLINGO-INF-MR,79.59304999999999,3.585729683684694,8926306.0,433900800.0,0.020572227569066476,133920000.0,0.30864197530864196,0.06665401732377539
GroupAssignment,00526-group_assignment-p300-pr15-punsat.asp,183426,285096,0.643383,0.413942,0.266323,1.554283,2.415797,3.754834,0.402506,0.191358,0.0,0.214697,35766,0.386347,0.211148,0.211148,AMOCLINGO-INF-MR,615.56226,1.9575819398024823,195949396.0,705088800.0,0.2779074011670587,217620000.0,0.30864197530864196,0.9004199797812701
GroupAssignment,00528-group_assignment-p300-pr15-punsat.asp,169926,263496,0.64489,0.415883,0.268199,1.550651,2.40452,3.728572,0.402705,0.190671,0.0,0.215865,33066,0.385262,0.212033,0.212033,AMOCLINGO-INF-MR,624.53427,1.9294343719520788,180770022.0,650851200.0,0.2777440096906943,200880000.0,0.30864197530864196,0.8998905913978494
GroupAssignment,00531-group_assignment-p300-pr15-punsat.asp,196926,306696,0.642089,0.412278,0.264719,1.557418,2.425549,3.777593,0.402334,0.19195,0.0,0.213689,38466,0.387283,0.210384,0.210384,AMOCLINGO-INF-MR,655.3198600000001,1.838636457622389,210896291.0,759326400.0,0.27774128622421135,234360000.0,0.30864197530864196,0.8998817673664448
GroupAssignment,00534-group_assignment-p300-pr15-punsat.asp,156426,241896,0.646666,0.418177,0.270421,1.546393,2.39133,3.697935,0.402938,0.189866,0.0,0.217234,30366,0.38399,0.213072,0.213072,AMOCLINGO-INF-MR,746.12998,1.615006810207519,165725024.0,596613600.0,0.2777761418780933,184140000.0,0.30864197530864196,0.8999946996850222
GroupAssignment,00535-group_assignment-p300-pr15-punsat.asp,210426,328296,0.640964,0.410835,0.263331,1.560149,2.434066,3.797507,0.402184,0.192467,0.0,0.212811,41166,0.388098,0.209717,0.209717,AMOCLINGO-INF-MR,571.29753,2.1092740870068174,226000544.0,813564000.0,0.2777907380365896,251100000.0,0.30864197530864196,0.9000419912385503
GroupAssignment,00541-group_assignment-p50-pr20-sat.asp,44211,69221,0.638693,0.407929,0.260542,1.565696,2.451405,3.838156,0.401258,0.193391,0.0,0.211508,8731,0.390876,0.207867,0.207867,CLINGO-AMO,1.066055,2.908191416015121,657280.0,170367300.0,0.003858017354269276,52582500.0,0.30864197530864196,0.012499976227832454
GroupAssignment,00542-group_assignment-p50-pr20-sat.asp,47961,75221,0.637601,0.406535,0.259207,1.568378,2.459811,3.857915,0.401159,0.193908,0.0,0.210609,9481,0.391589,0.207252,0.207252,CLINGO-AMO,0.800886,2.01672397819415,714894.0,185311800.0,0.0038577899518541185,57195000.0,0.30864197530864196,0.012499239444007344
GroupAssignment,00543-group_assignment-p50-pr20-sat.asp,38211,59621,0.640898,0.410751,0.263249,1.56031,2.434567,3.798679,0.401455,0.192353,0.0,0.213316,7531,0.389443,0.209102,0.209102,CLINGO-AMO,0.7741520000000001,3.3679006189998857,565191.0,146456100.0,0.0038591154619029185,45202500.0,0.30864197530864196,0.012503534096565455
GroupAssignment,00544-group_assignment-p50-pr20-sat.asp,44211,69221,0.638693,0.407929,0.260542,1.565696,2.451405,3.838156,0.401258,0.193391,0.0,0.211508,8731,0.390876,0.207867,0.207867,CLINGO-AMO,1.139964,2.02828334929875,657179.0,170367300.0,0.0038574245174983696,52582500.0,0.30864197530864196,0.012498055436694718
GroupAssignment,00545-group_assignment-p50-pr20-sat.asp,36711,57221,0.641565,0.411606,0.264072,1.558688,2.429509,3.786846,0.401515,0.192041,0.0,0.21386,7231,0.389011,0.209474,0.209474,CLINGO-AMO,0.667134,1.9357325514814117,541843.0,140478300.0,0.0038571295353090123,43357500.0,0.30864197530864196,0.012497099694401199
GroupAssignment,00546-group_assignment-p50-pr20-middle.asp,38211,59621,0.640898,0.410751,0.263249,1.56031,2.434567,3.798679,0.401455,0.192353,0.0,0.213316,7531,0.389443,0.209102,0.209102,AMOCLINGO-INF-MR,5.398792,1.725232607590735,2259960.0,146456100.0,0.015430972147967889,45202500.0,0.30864197530864196,0.04999634975941596
GroupAssignment,00547-group_assignment-p50-pr20-middle.asp,38961,60821,0.640585,0.410349,0.262863,1.561074,2.436952,3.804262,0.401427,0.1925,0.0,0.213059,7681,0.389646,0.208927,0.208927,AMOCLINGO-INF-MR,4.045446,2.964160441147898,2306271.0,149445000.0,0.015432239285355816,46125000.0,0.30864197530864196,0.050000455284552846
GroupAssignment,00548-group_assignment-p50-pr20-middle.asp,32211,50021,0.64395,0.414671,0.267027,1.552917,2.41155,3.744937,0.401726,0.190929,0.0,0.215796,6331,0.387476,0.210798,0.210798,AMOCLINGO-INF-MR,2.99361,2.4445315188017145,1891471.0,122544900.0,0.015434922220345359,37822500.0,0.30864197530864196,0.050009147993918965
GroupAssignment,00549-group_assignment-p50-pr20-middle.asp,41211,64421,0.639714,0.409234,0.261792,1.563199,2.443592,3.81982,0.401349,0.19291,0.0,0.212346,8131,0.390211,0.208439,0.208439,AMOCLINGO-INF-MR,4.78887,2.5339255398455167,2443446.0,158411700.0,0.015424656133353786,48892500.0,0.30864197530864196,0.04997588587206627
GroupAssignment,00550-group_assignment-p50-pr20-middle.asp,39711,62021,0.640283,0.409962,0.262492,1.561809,2.439248,3.809639,0.4014,0.192642,0.0,0.212813,7831,0.389842,0.208758,0.208758,AMOCLINGO-INF-MR,4.708526,1.6351603452970207,2352594.0,152433900.0,0.015433535453727812,47047500.0,0.30864197530864196,0.05000465487007811
GroupAssignment,00551-group_assignment-p50-pr20-middle.asp,41961,65621,0.639445,0.40889,0.261462,1.563857,2.445648,3.824644,0.401325,0.193036,0.0,0.212126,8281,0.390386,0.208289,0.208289,AMOCLINGO-INF-MR,5.159174,2.142953309967836,2490021.0,161400600.0,0.015427582053598314,49815000.0,0.30864197530864196,0.04998536585365854
GroupAssignment,00552-group_assignment-p50-pr20-middle.asp,37461,58421,0.641225,0.411169,0.263652,1.559515,2.432088,3.792878,0.401484,0.1922,0.0,0.213582,7381,0.389231,0.209284,0.209284,AMOCLINGO-INF-MR,5.037832,1.8244240776588023,2213888.0,143467200.0,0.015431318099189222,44280000.0,0.30864197530864196,0.04999747064137308
GroupAssignment,00553-group_assignment-p50-pr20-middle.asp,32961,51221,0.643506,0.414099,0.266475,1.553988,2.414879,3.752693,0.401687,0.191135,0.0,0.215436,6481,0.387761,0.210552,0.210552,AMOCLINGO-L,5.972238,1.46602747579718,1938174.0,125533800.0,0.015439459332864934,38745000.0,0.30864197530864196,0.05002384823848238
GroupAssignment,00554-group_assignment-p50-pr20-middle.asp,47961,75221,0.637601,0.406535,0.259207,1.568378,2.459811,3.857915,0.401159,0.193908,0.0,0.210609,9481,0.391589,0.207252,0.207252,AMOCLINGO-INF-MR,10.629304,1.5739473628753116,2859945.0,185311800.0,0.015433151045966851,57195000.0,0.30864197530864196,0.0500034093889326
GroupAssignment,00555-group_assignment-p50-pr20-middle.asp,37461,58421,0.641225,0.411169,0.263652,1.559515,2.432088,3.792878,0.401484,0.1922,0.0,0.213582,7381,0.389231,0.209284,0.209284,AMOCLINGO-INF-MR,3.785987,2.230535128620357,2214873.0,143467200.0,0.015438183779985949,44280000.0,0.30864197530864196,0.05001971544715447
GroupAssignment,00571-group_assignment-p100-pr20-sat.asp,76261,119121,0.640198,0.409853,0.262387,1.562017,2.439898,3.811163,0.401778,0.192759,0.0,0.212441,14981,0.389203,0.209019,0.209019,AMOCLINGO-INF-MR,5.248393999999999,2.3486544645847856,1139873.0,295293600.0,0.003860134456012592,91140000.0,0.30864197530864196,0.012506835637480798
GroupAssignment,00572-group_assignment-p100-pr20-sat.asp,70261,109521,0.64153,0.411561,0.264028,1.558774,2.429775,3.78747,0.40193,0.192141,0.0,0.213504,13781,0.388281,0.209789,0.209789,CLINGO-AMO,2.3267200000000003,3.466727410259936,1045843.0,271188000.0,0.003856523887487647,83700000.0,0.30864197530864196,0.012495137395459975
GroupAssignment,00573-group_assignment-p100-pr20-sat.asp,79261,123921,0.639609,0.4091,0.261664,1.563455,2.444391,3.821696,0.401711,0.193033,0.0,0.211971,15581,0.389612,0.208678,0.208678,AMOCLINGO-INF-MR,8.109155,1.238355907613062,1185740.0,307346400.0,0.003857992154780404,94860000.0,0.30864197530864196,0.01249989458148851
GroupAssignment,00576-group_assignment-p100-pr20-middle.asp,70261,109521,0.64153,0.411561,0.264028,1.558774,2.429775,3.78747,0.40193,0.192141,0.0,0.213504,13781,0.388281,0.209789,0.209789,AMOCLINGO-INF-MR,16.609904,2.204878968596086,4184953.0,271188000.0,0.01543192545392864,83700000.0,0.30864197530864196,0.049999438470728796
GroupAssignment,00577-group_assignment-p100-pr20-middle.asp,77761,121521,0.639898,0.409469,0.262018,1.56275,2.442187,3.816528,0.401744,0.192899,0.0,0.212201,15281,0.389411,0.208845,0.208845,AMOCLINGO-INF-MR,11.009129,3.649417951229384,4649181.0,301320000.0,0.015429380724810832,93000000.0,0.30864197530864196,0.049991193548387096
GroupAssignment,00578-group_assignment-p100-pr20-middle.asp,83761,131121,0.638807,0.408074,0.260681,1.565418,2.450534,3.836111,0.401619,0.193407,0.0,0.211327,16481,0.39017,0.208211,0.208211,AMOCLINGO-INF-MR,15.184591,4.169669831739294,5021771.0,325425600.0,0.015431395071561672,100440000.0,0.30864197530864196,0.049997720031859816
GroupAssignment,00579-group_assignment-p100-pr20-middle.asp,79261,123921,0.639609,0.4091,0.261664,1.563455,2.444391,3.821696,0.401711,0.193033,0.0,0.211971,15581,0.389612,0.208678,0.208678,AMOCLINGO-INF-MR,16.639898,3.6336156026917954,4744022.0,307346400.0,0.01543542400366492,94860000.0,0.30864197530864196,0.050010773771874344
GroupAssignment,00580-group_assignment-p100-pr20-middle.asp,85261,133521,0.638559,0.407757,0.260377,1.566027,2.45244,3.840586,0.40159,0.193523,0.0,0.211128,16781,0.390343,0.208067,0.208067,AMOCLINGO-INF-MR,13.502066,4.350983767965584,5115556.0,331452000.0,0.015433776233059388,102300000.0,0.30864197530864196,0.05000543499511242
GroupAssignment,00581-group_assignment-p100-pr20-middle.asp,64261,99921,0.643118,0.413601,0.265994,1.554924,2.41779,3.759481,0.40211,0.191407,0.0,0.214765,12581,0.387187,0.210703,0.210703,AMOCLINGO-INF-MR,11.621292,2.656566756949227,3812228.0,247082400.0,0.015428974301690448,76260000.0,0.30864197530864196,0.049989876737477054
GroupAssignment,00582-group_assignment-p100-pr20-middle.asp,85261,133521,0.638559,0.407757,0.260377,1.566027,2.45244,3.840586,0.40159,0.193523,0.0,0.211128,16781,0.390343,0.208067,0.208067,AMOCLINGO-INF-MR,29.46963,2.332351508994175,5112855.0,331452000.0,0.01542562724014337,102300000.0,0.30864197530864196,0.049979032258064514
GroupAssignment,00583-group_assignment-p100-pr20-middle.asp,73261,114321,0.640836,0.410671,0.263172,1.560462,2.435041,3.799789,0.401851,0.192463,0.0,0.212951,14381,0.388761,0.209388,0.209388,AMOCLINGO-INF-MR,30.000545,1.8610757571237453,4370212.0,283240800.0,0.015429316680365257,87420000.0,0.30864197530864196,0.049990986044383436
GroupAssignment,00584-group_assignment-p100-pr20-middle.asp,77761,121521,0.639898,0.409469,0.262018,1.56275,2.442187,3.816528,0.401744,0.192899,0.0,0.212201,15281,0.389411,0.208845,0.208845,AMOCLINGO-INF-MR,43.64222,1.4441716759596557,4648646.0,301320000.0,0.015427605203770078,93000000.0,0.30864197530864196,0.04998544086021505
GroupAssignment,00585-group_assignment-p100-pr20-middle.asp,88261,138321,0.638088,0.407157,0.259802,1.567181,2.456058,3.849088,0.401536,0.193744,0.0,0.21075,17381,0.390671,0.207793,0.207793,AMOCLINGO-INF-MR,16.84936,3.172920870584995,5299234.0,343504800.0,0.01542695764367776,106020000.0,0.30864197530864196,0.04998334276551594
GroupAssignment,00601-group_assignment-p150-pr20-sat.asp,123311,193021,0.638848,0.408126,0.26073,1.565319,2.450222,3.835378,0.401748,0.193413,0.0,0.211263,24231,0.389917,0.208335,0.208335,AMOCLINGO-INF-MR,14.277809,1.242425290883216,1853492.0,480386700.0,0.003858333296904348,148267500.0,0.30864197530864196,0.012500999881970088
GroupAssignment,00602-group_assignment-p150-pr20-sat.asp,118811,185821,0.639384,0.408812,0.261388,1.564005,2.446112,3.825731,0.401815,0.193164,0.0,0.211689,23331,0.389535,0.208651,0.208651,AMOCLINGO-INF-MR,9.396005,2.11249674728781,1783034.0,462258900.0,0.0038572194067004444,142672500.0,0.30864197530864196,0.012497390877709439
GroupAssignment,00604-group_assignment-p150-pr20-sat.asp,114311,178621,0.639964,0.409554,0.2621,1.562588,2.441681,3.815342,0.401886,0.192895,0.0,0.212149,22431,0.389123,0.208991,0.208991,AMOCLINGO-INF-MR,8.322282,1.5054142601752742,1713828.0,444131100.0,0.0038588335741406086,137077500.0,0.30864197530864196,0.012502620780215572
GroupAssignment,00605-group_assignment-p150-pr20-sat.asp,123311,193021,0.638848,0.408126,0.26073,1.565319,2.450222,3.835378,0.401748,0.193413,0.0,0.211263,24231,0.389917,0.208335,0.208335,AMOCLINGO-INF-MR,10.083408,2.5941897818674,1853073.0,480386700.0,0.0038574610829150767,148267500.0,0.30864197530864196,0.012498173908644848
GroupAssignment,00606-group_assignment-p150-pr20-middle.asp,145811,229021,0.636671,0.40535,0.258074,1.57067,2.467005,3.874851,0.401479,0.19443,0.0,0.209525,28731,0.391473,0.207049,0.207049,AMOCLINGO-INF-MR,100.16431,2.1514672142203146,8810023.0,571025700.0,0.01542841767016791,176242500.0,0.30864197530864196,0.04998807325134403
GroupAssignment,00607-group_assignment-p150-pr20-middle.asp,114311,178621,0.639964,0.409554,0.2621,1.562588,2.441681,3.815342,0.401886,0.192895,0.0,0.212149,22431,0.389123,0.208991,0.208991,AMOCLINGO-INF-MR,53.76877,2.6947480293858312,6858531.0,444131100.0,0.015442582156484875,137077500.0,0.30864197530864196,0.050033966187010996
GroupAssignment,00608-group_assignment-p150-pr20-middle.asp,94061,146221,0.64328,0.413809,0.266195,1.554534,2.416575,3.756648,0.402292,0.191365,0.0,0.214765,18381,0.386781,0.210927,0.210927,AMOCLINGO-INF-MR,19.172546,3.575663868533684,5595966.0,362556000.0,0.015434763181411975,111900000.0,0.30864197530864196,0.0500086327077748
GroupAssignment,00610-group_assignment-p150-pr20-middle.asp,127811,200221,0.63835,0.40749,0.260121,1.56654,2.454046,3.844361,0.401687,0.193645,0.0,0.210866,25131,0.390272,0.208042,0.208042,AMOCLINGO-INF-MR,35.00458,4.440401113225755,7691140.0,498514500.0,0.015428116935415119,153862500.0,0.30864197530864196,0.049987098870744984
GroupAssignment,00611-group_assignment-p150-pr20-middle.asp,123311,193021,0.638848,0.408126,0.26073,1.565319,2.450222,3.835378,0.401748,0.193413,0.0,0.211263,24231,0.389917,0.208335,0.208335,AMOCLINGO-INF-MR,33.711189999999995,4.065548323865163,7413704.0,480386700.0,0.015432783630354462,148267500.0,0.30864197530864196,0.05000221896234846
GroupAssignment,00612-group_assignment-p150-pr20-middle.asp,107561,167821,0.640927,0.410787,0.263285,1.56024,2.43435,3.79817,0.402004,0.192449,0.0,0.212912,21081,0.38844,0.209556,0.209556,AMOCLINGO-INF-MR,38.93712,2.410740059870889,6431926.0,416939400.0,0.015426524813917802,128685000.0,0.30864197530864196,0.04998194039709368
GroupAssignment,00613-group_assignment-p150-pr20-middle.asp,141311,221821,0.63705,0.405832,0.258535,1.569736,2.464072,3.867943,0.401526,0.194252,0.0,0.209828,27831,0.391201,0.207273,0.207273,AMOCLINGO-INF-MR,35.0124,5.818499817207618,8532530.0,552897900.0,0.015432379106522199,170647500.0,0.30864197530864196,0.05000090830513192
GroupAssignment,00614-group_assignment-p150-pr20-middle.asp,139061,218221,0.637248,0.406086,0.258777,1.569247,2.462535,3.864324,0.40155,0.194159,0.0,0.209987,27381,0.391059,0.207391,0.207391,AMOCLINGO-INF-MR,53.68502,3.749804712748547,8391483.0,543834000.0,0.015430228709495912,167850000.0,0.30864197530864196,0.04999394101876676
GroupAssignment,00615-group_assignment-p150-pr20-middle.asp,121061,189421,0.639111,0.408463,0.261053,1.564674,2.448205,3.830642,0.401781,0.193291,0.0,0.211472,23781,0.389729,0.20849,0.20849,AMOCLINGO-INF-MR,52.03639,3.800748918208969,7276126.0,471322800.0,0.015437670318516311,145470000.0,0.30864197530864196,0.05001805183199285
GroupAssignment,00631-group_assignment-p200-pr20-sat.asp,152361,238121,0.639847,0.409404,0.261956,1.562874,2.442574,3.817435,0.40194,0.192963,0.0,0.212003,29881,0.389083,0.208977,0.208977,AMOCLINGO-INF-MR,21.680282,1.3564320796196287,2278006.0,590587200.0,0.003857188235708461,182280000.0,0.30864197530864196,0.012497289883695414
GroupAssignment,00632-group_assignment-p200-pr20-sat.asp,191361,300521,0.636764,0.405469,0.258188,1.57044,2.466282,3.873149,0.401545,0.194397,0.0,0.209557,37681,0.391308,0.207148,0.207148,AMOCLINGO-INF-MR,39.65612,2.0039717955261382,2883726.0,747273600.0,0.0038589962230701044,230640000.0,0.30864197530864196,0.012503147762747139
GroupAssignment,00633-group_assignment-p200-pr20-sat.asp,167361,262121,0.638488,0.407666,0.26029,1.566201,2.452986,3.84187,0.401766,0.193593,0.0,0.210927,32881,0.390061,0.208173,0.208173,AMOCLINGO-INF-MR,20.534101,1.7598419818817488,2510301.0,650851200.0,0.003856950713158399,200880000.0,0.30864197530864196,0.012496520310633214
GroupAssignment,00634-group_assignment-p200-pr20-sat.asp,140361,218921,0.641149,0.411072,0.263559,1.5597,2.432663,3.794223,0.402106,0.192361,0.0,0.213029,27481,0.388149,0.209745,0.209745,AMOCLINGO-INF-MR,18.771636,1.4292285445978177,2092496.0,542376000.0,0.0038580173164004306,167400000.0,0.30864197530864196,0.012499976105137395
GroupAssignment,00635-group_assignment-p200-pr20-sat.asp,158361,247721,0.639272,0.408668,0.26125,1.56428,2.446973,3.827752,0.401867,0.193229,0.0,0.211548,31081,0.389496,0.208637,0.208637,AMOCLINGO-INF-MR,16.036514,1.8509604394072177,2370799.0,614692800.0,0.003856884284312424,189720000.0,0.30864197530864196,0.012496305081172254
GroupAssignment,00636-group_assignment-p200-pr20-middle.asp,143361,223721,0.640803,0.410628,0.263131,1.560543,2.435294,3.800381,0.402062,0.192521,0.0,0.212757,28081,0.388397,0.209541,0.209541,AMOCLINGO-INF-MR,43.60538,4.337840537108036,8558951.0,554428800.0,0.015437421360506525,171120000.0,0.30864197530864196,0.05001724520804114
GroupAssignment,00637-group_assignment-p200-pr20-middle.asp,149361,233321,0.640152,0.409795,0.262331,1.562128,2.440244,3.811973,0.401979,0.192821,0.0,0.212244,29281,0.388863,0.209158,0.209158,AMOCLINGO-INF-MR,82.55906999999999,3.376533529265774,8927364.0,578534400.0,0.015430999435815744,178560000.0,0.30864197530864196,0.04999643817204301
GroupAssignment,00638-group_assignment-p200-pr20-middle.asp,155361,242921,0.639554,0.409029,0.261596,1.563591,2.444816,3.822691,0.401903,0.193099,0.0,0.211771,30481,0.389293,0.208804,0.208804,AMOCLINGO-INF-MR,137.05853,3.1118255463559987,9302392.0,602640000.0,0.015436067967609187,186000000.0,0.30864197530864196,0.050012860215053766
GroupAssignment,00640-group_assignment-p200-pr20-middle.asp,203361,319721,0.636058,0.404569,0.257329,1.572184,2.471764,3.886069,0.401454,0.194728,0.0,0.208993,40081,0.39182,0.206726,0.206726,AMOCLINGO-INF-MR,332.4424,1.3136672698789325,12274266.0,795484800.0,0.015429918962625055,245520000.0,0.30864197530864196,0.049992937438905184
GroupAssignment,00641-group_assignment-p200-pr20-middle.asp,149361,233321,0.640152,0.409795,0.262331,1.562128,2.440244,3.811973,0.401979,0.192821,0.0,0.212244,29281,0.388863,0.209158,0.209158,AMOCLINGO-INF-MR,45.51104,4.355746188177638,8925162.0,578534400.0,0.01542719326629497,178560000.0,0.30864197530864196,0.049984106182795696
GroupAssignment,00642-group_assignment-p200-pr20-middle.asp,185361,290921,0.637152,0.405963,0.25866,1.569483,2.463278,3.866074,0.401595,0.194216,0.0,0.209866,36481,0.391026,0.207379,0.207379,AMOCLINGO-INF-MR,136.35094,4.152277498050252,11157293.0,723168000.0,0.015428355513518297,223200000.0,0.30864197530864196,0.049987871863799285
GroupAssignment,00643-group_assignment-p200-pr20-middle.asp,182361,286121,0.637356,0.406223,0.258909,1.568981,2.461702,3.862365,0.401621,0.19412,0.0,0.210028,35881,0.390879,0.207501,0.207501,AMOCLINGO-INF-MR,106.12354,4.605800560365777,10976793.0,711115200.0,0.015436026399098204,219480000.0,0.30864197530864196,0.05001272553307819
GroupAssignment,00644-group_assignment-p200-pr20-middle.asp,131361,204521,0.642286,0.412531,0.264963,1.556939,2.424058,3.774109,0.40225,0.191838,0.0,0.213922,25681,0.387337,0.210413,0.210413,AMOCLINGO-INF-MR,60.70456,2.9598257033738484,7812420.0,506217600.0,0.015432928448161423,156240000.0,0.30864197530864196,0.05000268817204301
GroupAssignment,00645-group_assignment-p200-pr20-middle.asp,176361,276521,0.637785,0.40677,0.259432,1.567926,2.458392,3.854577,0.401676,0.19392,0.0,0.21037,34681,0.390568,0.207756,0.207756,AMOCLINGO-INF-MR,136.76487999999998,2.9347981879558565,10602258.0,687009600.0,0.015432474306035898,212040000.0,0.30864197530864196,0.05000121675155631
GroupAssignment,00661-group_assignment-p250-pr20-sat.asp,224161,351621,0.637507,0.406416,0.259093,1.568609,2.460535,3.859617,0.401676,0.194057,0.0,0.210121,44081,0.390706,0.207619,0.207619,AMOCLINGO-INF-MR,51.2719,1.7034018633988597,3364252.0,872418600.0,0.0038562359857985604,269265000.0,0.30864197530864196,0.012494204593987335
GroupAssignment,00663-group_assignment-p250-pr20-sat.asp,194161,303621,0.639485,0.408941,0.261511,1.563759,2.445342,3.823925,0.401934,0.193139,0.0,0.211685,38081,0.38927,0.208796,0.208796,AMOCLINGO-INF-MR,32.808350000000004,1.3660360548457935,2901098.0,752085000.0,0.003857407074998172,232125000.0,0.30864197530864196,0.012497998922994077
GroupAssignment,00664-group_assignment-p250-pr20-sat.asp,201661,315621,0.638934,0.408237,0.260836,1.565107,2.449559,3.833822,0.401863,0.193394,0.0,0.211251,39581,0.389669,0.208469,0.208469,AMOCLINGO-INF-MR,19.470024,3.983013682982621,3016955.0,782168400.0,0.003857168098327675,241410000.0,0.30864197530864196,0.012497224638581666
GroupAssignment,00665-group_assignment-p250-pr20-sat.asp,220411,345621,0.637725,0.406693,0.259358,1.568075,2.45886,3.855676,0.401704,0.193956,0.0,0.210293,43331,0.390548,0.207748,0.207748,AMOCLINGO-INF-MR,45.212,1.394238918871096,3306795.0,857376900.0,0.003856874380450418,264622500.0,0.30864197530864196,0.012496272992659355
GroupAssignment,00666-group_assignment-p250-pr20-middle.asp,175411,273621,0.641073,0.410974,0.263465,1.559885,2.433241,3.795577,0.402141,0.192405,0.0,0.212934,34331,0.388123,0.209736,0.209736,AMOCLINGO-INF-MR,57.00571,5.3710366908858775,10449160.0,676876500.0,0.015437321283867884,208912500.0,0.30864197530864196,0.050016920959731946
GroupAssignment,00667-group_assignment-p250-pr20-middle.asp,227911,357621,0.637298,0.406148,0.258837,1.569126,2.462155,3.863431,0.401648,0.194155,0.0,0.209955,44831,0.390859,0.207493,0.207493,AMOCLINGO-INF-MR,229.81454,3.640456691730645,13698679.0,887460300.0,0.01543582174887147,273907500.0,0.30864197530864196,0.050012062466343564
GroupAssignment,00668-group_assignment-p250-pr20-middle.asp,246661,387621,0.636346,0.404936,0.257679,1.571473,2.469526,3.880793,0.401523,0.194599,0.0,0.209198,48581,0.391554,0.206924,0.206924,AMOCLINGO-INF-MR,376.08755,2.1669744983581616,14857756.0,962668800.0,0.015433922861112772,297120000.0,0.30864197530864196,0.050005910070005384
GroupAssignment,00669-group_assignment-p250-pr20-middle.asp,186661,291621,0.640081,0.409703,0.262243,1.562303,2.44079,3.813253,0.402012,0.192863,0.0,0.212155,36581,0.388839,0.209149,0.209149,AMOCLINGO-INF-MR,99.5676,3.9747997340500327,11144176.0,722001600.0,0.015435112609168734,222840000.0,0.30864197530864196,0.050009764853706694
GroupAssignment,00670-group_assignment-p250-pr20-middle.asp,171661,267621,0.641433,0.411437,0.263909,1.559009,2.430508,3.789184,0.402188,0.192239,0.0,0.213217,33581,0.387863,0.209949,0.209949,AMOCLINGO-INF-MR,65.32141,4.611508278832316,10213387.0,661834800.0,0.015431928027961056,204270000.0,0.30864197530864196,0.049999446810593824
GroupAssignment,00672-group_assignment-p250-pr20-middle.asp,224161,351621,0.637507,0.406416,0.259093,1.568609,2.460535,3.859617,0.401676,0.194057,0.0,0.210121,44081,0.390706,0.207619,0.207619,AMOCLINGO-INF-MR,182.11237,3.590031198869138,13462146.0,872418600.0,0.01543083331785911,269265000.0,0.30864197530864196,0.04999589994986352
GroupAssignment,00673-group_assignment-p250-pr20-middle.asp,179161,279621,0.640728,0.410532,0.26304,1.560725,2.435862,3.801709,0.402096,0.192564,0.0,0.212663,35081,0.388371,0.209532,0.209532,AMOCLINGO-INF-MR,134.44538,2.021537296409888,10679340.0,691918200.0,0.01543439672493078,213555000.0,0.30864197530864196,0.050007445388775724
GroupAssignment,00674-group_assignment-p250-pr20-middle.asp,201661,315621,0.638934,0.408237,0.260836,1.565107,2.449559,3.833822,0.401863,0.193394,0.0,0.211251,39581,0.389669,0.208469,0.208469,AMOCLINGO-INF-MR,346.64672,1.6211658370804722,12072782.0,782168400.0,0.01543501629572353,241410000.0,0.30864197530864196,0.050009452798144234
GroupAssignment,00675-group_assignment-p250-pr20-middle.asp,205411,321621,0.638674,0.407905,0.260518,1.565744,2.451554,3.838505,0.401829,0.193514,0.0,0.211045,40331,0.389857,0.208314,0.208314,AMOCLINGO-INF-MR,55.2743,6.107233017876301,12301655.0,797210100.0,0.015430882022192142,246052500.0,0.30864197530864196,0.049996057751902544
GroupAssignment,00677-group_assignment-p250-pr20-punsat.asp,220411,345621,0.637725,0.406693,0.259358,1.568075,2.45886,3.855676,0.401704,0.193956,0.0,0.210293,43331,0.390548,0.207748,0.207748,AMOCLINGO-INF-MR,566.62945,2.1266361146601187,238191492.0,857376900.0,0.2778142168280951,264622500.0,0.30864197530864196,0.9001180625230281
GroupAssignment,00680-group_assignment-p250-pr20-punsat.asp,205411,321621,0.638674,0.407905,0.260518,1.565744,2.451554,3.838505,0.401829,0.193514,0.0,0.211045,40331,0.389857,0.208314,0.208314,AMOCLINGO-INF-MR,580.98703,2.0740890532444416,221521683.0,797210100.0,0.27787114463301454,246052500.0,0.30864197530864196,0.9003025086109672
GroupAssignment,00682-group_assignment-p250-pr20-punsat.asp,235411,369621,0.636898,0.405639,0.258351,1.570109,2.465243,3.870701,0.401596,0.194341,0.0,0.209638,46331,0.39115,0.207255,0.207255,AMOCLINGO-INF-MR,692.88739,1.739045135458447,254856622.0,917543700.0,0.2777596554801695,283192500.0,0.30864197530864196,0.8999412837557492
GroupAssignment,00691-group_assignment-p300-pr20-sat.asp,205961,321121,0.641381,0.41137,0.263845,1.559135,2.430902,3.790104,0.402212,0.192269,0.0,0.213152,40281,0.387845,0.209943,0.209943,AMOCLINGO-INF-MR,25.818040000000003,2.761315614973096,3067770.0,795484800.0,0.003856478464453375,245520000.0,0.30864197530864196,0.012494990224828934
GroupAssignment,00692-group_assignment-p300-pr20-sat.asp,264461,414721,0.637684,0.406641,0.259309,1.568175,2.459171,3.85641,0.401723,0.193979,0.0,0.210243,51981,0.390534,0.207743,0.207743,AMOCLINGO-INF-MR,51.8621,2.124070949691586,3975909.0,1030514400.0,0.0038581789832340045,318060000.0,0.30864197530864196,0.012500499905678173
GroupAssignment,00693-group_assignment-p300-pr20-sat.asp,241961,378721,0.63889,0.40818,0.260782,1.565215,2.449898,3.834617,0.401883,0.19342,0.0,0.211195,47481,0.389654,0.208463,0.208463,AMOCLINGO-INF-MR,46.73321,1.825311593190367,3627652.0,940118400.0,0.0038587182210240755,290160000.0,0.30864197530864196,0.012502247036118004
GroupAssignment,00694-group_assignment-p300-pr20-sat.asp,237461,371521,0.639159,0.408524,0.261112,1.564556,2.447835,3.829775,0.401919,0.193295,0.0,0.211407,46581,0.389458,0.208624,0.208624,AMOCLINGO-INF-MR,26.584000000000003,4.26236269936804,3556758.0,922039200.0,0.0038574910914850476,284580000.0,0.30864197530864196,0.012498271136411554
GroupAssignment,00695-group_assignment-p300-pr20-sat.asp,259961,407521,0.637908,0.406927,0.259582,1.567624,2.457444,3.852347,0.401753,0.193875,0.0,0.21042,51081,0.39037,0.207877,0.207877,AMOCLINGO-INF-MR,42.78613,3.242501016100311,3904843.0,1012435200.0,0.003856881902170134,312480000.0,0.30864197530864196,0.012496297363031234
GroupAssignment,00696-group_assignment-p300-pr20-middle.asp,196961,306721,0.64215,0.412357,0.264795,1.557268,2.425083,3.776503,0.402313,0.191916,0.0,0.213753,38481,0.38729,0.210397,0.210397,AMOCLINGO-INF-MR,213.94777,1.9899123977782056,11721337.0,759326400.0,0.01543649344998409,234360000.0,0.30864197530864196,0.05001423877794846
GroupAssignment,00697-group_assignment-p300-pr20-middle.asp,223961,349921,0.640033,0.409642,0.262185,1.562419,2.441154,3.814107,0.402034,0.192891,0.0,0.212095,43881,0.388822,0.209144,0.209144,AMOCLINGO-INF-MR,199.81318,1.5638328262429937,13392175.0,867801600.0,0.01543230042442881,267840000.0,0.30864197530864196,0.05000065337514934
GroupAssignment,00698-group_assignment-p300-pr20-middle.asp,268961,421921,0.637468,0.406365,0.259045,1.568707,2.460842,3.860339,0.401694,0.19408,0.0,0.210071,52881,0.390692,0.207614,0.207614,AMOCLINGO-INF-MR,432.38072,2.281833750589064,16183019.0,1048593600.0,0.015433070543249548,323640000.0,0.30864197530864196,0.05000314856012854
GroupAssignment,00699-group_assignment-p300-pr20-middle.asp,223961,349921,0.640033,0.409642,0.262185,1.562419,2.441154,3.814107,0.402034,0.192891,0.0,0.212095,43881,0.388822,0.209144,0.209144,AMOCLINGO-INF-MR,482.79476,1.2241312436779557,13393934.0,867801600.0,0.015434327385430035,267840000.0,0.30864197530864196,0.05000722072879331
GroupAssignment,00700-group_assignment-p300-pr20-middle.asp,237461,371521,0.639159,0.408524,0.261112,1.564556,2.447835,3.829775,0.401919,0.193295,0.0,0.211407,46581,0.389458,0.208624,0.208624,AMOCLINGO-INF-MR,186.36175,3.160808052081503,14226783.0,922039200.0,0.01542969431234594,284580000.0,0.30864197530864196,0.049992209572000845
GroupAssignment,00701-group_assignment-p300-pr20-middle.asp,210461,328321,0.641022,0.410909,0.263402,1.560009,2.433627,3.79648,0.402165,0.192435,0.0,0.212871,41181,0.388105,0.20973,0.20973,AMOCLINGO-INF-MR,180.32307,2.704178727658086,12554416.0,813564000.0,0.015431380936226284,251100000.0,0.30864197530864196,0.04999767423337316
GroupAssignment,00702-group_assignment-p300-pr20-middle.asp,264461,414721,0.637684,0.406641,0.259309,1.568175,2.459171,3.85641,0.401723,0.193979,0.0,0.210243,51981,0.390534,0.207743,0.207743,AMOCLINGO-INF-MR,454.01185,1.7773139401537648,15902408.0,1030514400.0,0.015431524295051093,318060000.0,0.30864197530864196,0.04999813871596554
GroupAssignment,00703-group_assignment-p300-pr20-middle.asp,246461,385921,0.638631,0.407849,0.260465,1.56585,2.451887,3.839287,0.401849,0.19354,0.0,0.210991,48381,0.389843,0.208309,0.208309,AMOCLINGO-INF-MR,229.02846,1.8974091691486727,14790932.0,958197600.0,0.01543620230315751,295740000.0,0.30864197530864196,0.05001329546223034
GroupAssignment,00704-group_assignment-p300-pr20-middle.asp,246461,385921,0.638631,0.407849,0.260465,1.56585,2.451887,3.839287,0.401849,0.19354,0.0,0.210991,48381,0.389843,0.208309,0.208309,AMOCLINGO-INF-MR,105.57193,7.854079204576444,14785532.0,958197600.0,0.015430566722354554,295740000.0,0.30864197530864196,0.049995036180428755
GroupAssignment,00705-group_assignment-p300-pr20-middle.asp,232961,364321,0.639439,0.408882,0.261455,1.563871,2.445693,3.824749,0.401956,0.193165,0.0,0.211628,45681,0.389254,0.20879,0.20879,AMOCLINGO-INF-MR,283.77959,2.639082465373919,13947875.0,903960000.0,0.015429747997699013,279000000.0,0.30864197530864196,0.0499923835125448
GroupAssignment,00706-group_assignment-p300-pr20-punsat.asp,228461,357121,0.63973,0.409254,0.261812,1.56316,2.443468,3.81953,0.401994,0.193031,0.0,0.211857,44781,0.389042,0.208963,0.208963,AMOCLINGO-INF-MR,634.51851,1.898941918967817,246059756.0,885880800.0,0.27775718358496987,273420000.0,0.30864197530864196,0.8999332748153025
GroupAssignment,00708-group_assignment-p300-pr20-punsat.asp,259961,407521,0.637908,0.406927,0.259582,1.567624,2.457444,3.852347,0.401753,0.193875,0.0,0.21042,51081,0.39037,0.207877,0.207877,AMOCLINGO-INF-MR,658.7323,1.8292819344064344,281273605.0,1012435200.0,0.2778188717658177,312480000.0,0.30864197530864196,0.9001331445212494
GroupAssignment,00711-group_assignment-p300-pr20-punsat.asp,268961,421921,0.637468,0.406365,0.259045,1.568707,2.460842,3.860339,0.401694,0.19408,0.0,0.210071,52881,0.390692,0.207614,0.207614,AMOCLINGO-INF-MR,993.8711,1.2124412964618854,291226453.0,1048593600.0,0.2777305268695136,323640000.0,0.30864197530864196,0.899846907057224
GroupAssignment,00712-group_assignment-p300-pr20-punsat.asp,241961,378721,0.63889,0.40818,0.260782,1.565215,2.449898,3.834617,0.401883,0.19342,0.0,0.211195,47481,0.389654,0.208463,0.208463,AMOCLINGO-INF-MR,619.7286799999999,1.944397591862297,261066950.0,940118400.0,0.27769582001586185,290160000.0,0.30864197530864196,0.8997344568513923
GroupAssignment,00715-group_assignment-p300-pr20-punsat.asp,268961,421921,0.637468,0.406365,0.259045,1.568707,2.460842,3.860339,0.401694,0.19408,0.0,0.210071,52881,0.390692,0.207614,0.207614,AMOCLINGO-INF-MR,588.98622,2.0459727003460286,291348498.0,1048593600.0,0.27784691609790485,323640000.0,0.30864197530864196,0.9002240081572117
GroupAssignment,00721-group_assignment-p50-pr25-sat.asp,56246,88446,0.635936,0.404415,0.257182,1.572485,2.47271,3.888299,0.400917,0.194681,0.0,0.209277,11146,0.392846,0.206237,0.206237,CLINGO-AMO,0.931641,1.477097937939614,673582.0,218189700.0,0.003087139310425744,67342500.0,0.30864197530864196,0.010002331365779412
GroupAssignment,00722-group_assignment-p50-pr25-sat.asp,46496,72846,0.638278,0.407399,0.260034,1.566715,2.454597,3.845655,0.40111,0.193565,0.0,0.211222,9196,0.391345,0.207545,0.207545,CLINGO-AMO,0.751481,1.3746428718756696,553508.0,179334000.0,0.0030864643625860126,55350000.0,0.30864197530864196,0.01000014453477868
GroupAssignment,00723-group_assignment-p50-pr25-sat.asp,55496,87246,0.636086,0.404606,0.257364,1.572113,2.47154,3.885541,0.40093,0.194609,0.0,0.209402,10996,0.392749,0.206321,0.206321,CLINGO-AMO,0.933348,1.3448574379545466,664177.0,215200800.0,0.0030863128761603117,66420000.0,0.30864197530864196,0.00999965371875941
GroupAssignment,00724-group_assignment-p50-pr25-sat.asp,43496,68046,0.639215,0.408595,0.26118,1.56442,2.447409,3.828775,0.401186,0.193121,0.0,0.211997,8596,0.390749,0.208065,0.208065,CLINGO-AMO,0.669952,4.562717926060374,516496.0,167378400.0,0.0030857984064849467,51660000.0,0.30864197530864196,0.009997986837011228
GroupAssignment,00725-group_assignment-p50-pr25-sat.asp,50246,78846,0.637268,0.40611,0.258801,1.5692,2.462387,3.863977,0.401027,0.194045,0.0,0.210385,9946,0.391991,0.206982,0.206982,CLINGO-AMO,0.849367,1.985699938895672,599612.0,194278500.0,0.0030863528388370303,59962500.0,0.30864197530864196,0.009999783197831978
GroupAssignment,00726-group_assignment-p50-pr25-middle.asp,47246,74046,0.638063,0.407124,0.259771,1.567244,2.456253,3.849547,0.401092,0.193667,0.0,0.211044,9346,0.391483,0.207425,0.207425,AMOCLINGO-INF-MR,5.146971,2.8120280840906235,2249994.0,182322900.0,0.012340709806612334,56272500.0,0.30864197530864196,0.03998389977342397
GroupAssignment,00727-group_assignment-p50-pr25-middle.asp,52496,82446,0.636732,0.405428,0.258149,1.57052,2.466532,3.873737,0.400983,0.194301,0.0,0.20994,10396,0.392335,0.206682,0.206682,AMOCLINGO-INF-MR,6.14451,2.67026581452386,2510023.0,203245200.0,0.012349728308466817,62730000.0,0.30864197530864196,0.040013119719432486
GroupAssignment,00728-group_assignment-p50-pr25-middle.asp,53996,84846,0.6364,0.405005,0.257745,1.571339,2.469105,3.8798,0.400956,0.194459,0.0,0.209664,10696,0.392548,0.206497,0.206497,AMOCLINGO-INF-MR,5.904197,3.340747607168257,2582977.0,209223000.0,0.012345569081793111,64575000.0,0.30864197530864196,0.03999964382500968
GroupAssignment,00729-group_assignment-p50-pr25-middle.asp,48746,76446,0.637653,0.406601,0.25927,1.568252,2.459414,3.85698,0.401059,0.193862,0.0,0.210704,9646,0.391745,0.207196,0.207196,AMOCLINGO-INF-MR,4.693709,2.4560220925498366,2326035.0,188300700.0,0.012352768736388128,58117500.0,0.30864197530864196,0.04002297070589753
GroupAssignment,00730-group_assignment-p50-pr25-middle.asp,51746,81246,0.636905,0.405648,0.258359,1.570092,2.46519,3.870576,0.400997,0.194218,0.0,0.210084,10246,0.392224,0.206779,0.206779,AMOCLINGO-INF-MR,5.432799,2.6173905936884467,2473128.0,200256300.0,0.01234981371372586,61807500.0,0.30864197530864196,0.04001339643247179
GroupAssignment,00731-group_assignment-p50-pr25-middle.asp,50246,78846,0.637268,0.40611,0.258801,1.5692,2.462387,3.863977,0.401027,0.194045,0.0,0.210385,9946,0.391991,0.206982,0.206982,AMOCLINGO-INF-MR,4.133716,2.477726336303704,2398663.0,194278500.0,0.012346518014088023,59962500.0,0.30864197530864196,0.040002718365645194
GroupAssignment,00732-group_assignment-p50-pr25-middle.asp,43496,68046,0.639215,0.408595,0.26118,1.56442,2.447409,3.828775,0.401186,0.193121,0.0,0.211997,8596,0.390749,0.208065,0.208065,AMOCLINGO-INF-MR,3.94206,2.883868332800617,2065855.0,167378400.0,0.012342422917174498,51660000.0,0.30864197530864196,0.039989450251645374
GroupAssignment,00733-group_assignment-p50-pr25-middle.asp,50246,78846,0.637268,0.40611,0.258801,1.5692,2.462387,3.863977,0.401027,0.194045,0.0,0.210385,9946,0.391991,0.206982,0.206982,AMOCLINGO-INF-MR,5.689172,2.002571375940119,2398179.0,194278500.0,0.012344026745110755,59962500.0,0.30864197530864196,0.03999464665415885
GroupAssignment,00734-group_assignment-p50-pr25-middle.asp,52496,82446,0.636732,0.405428,0.258149,1.57052,2.466532,3.873737,0.400983,0.194301,0.0,0.20994,10396,0.392335,0.206682,0.206682,AMOCLINGO-INF-MR,4.352147,3.606595779048823,2509114.0,203245200.0,0.0123452558781216,62730000.0,0.30864197530864196,0.03999862904511398
GroupAssignment,00735-group_assignment-p50-pr25-middle.asp,50996,80046,0.637084,0.405876,0.258577,1.569653,2.463809,3.867324,0.401012,0.194133,0.0,0.210232,10096,0.392109,0.206879,0.206879,AMOCLINGO-INF-MR,10.704448,1.4053002079135704,2435924.0,197267400.0,0.012348335305275985,60885000.0,0.30864197530864196,0.040008606389094196
GroupAssignment,00752-group_assignment-p100-pr25-sat.asp,85296,133546,0.638701,0.407939,0.260551,1.565677,2.451345,3.838015,0.401543,0.193444,0.0,0.211276,16796,0.390358,0.208099,0.208099,CLINGO-AMO,4.38593,1.2878137589975216,1022858.0,331452000.0,0.0030859913350952776,102300000.0,0.30864197530864196,0.0099986119257087
GroupAssignment,00753-group_assignment-p100-pr25-sat.asp,95796,150346,0.63717,0.405986,0.258682,1.569439,2.463139,3.865748,0.401374,0.194163,0.0,0.21004,18896,0.391415,0.207211,0.207211,AMOCLINGO-INF-MR,7.051321,1.456754131601724,1153327.0,373636800.0,0.0030867596553658524,115320000.0,0.30864197530864196,0.010001101283385362
GroupAssignment,00754-group_assignment-p100-pr25-sat.asp,101796,159946,0.63644,0.405056,0.257794,1.571241,2.468797,3.879074,0.401293,0.194507,0.0,0.209448,20096,0.391921,0.206786,0.206786,CLINGO-AMO,7.013946,1.2028885024207483,1227731.0,397742400.0,0.0030867491119880605,122760000.0,0.30864197530864196,0.010001067122841316
GroupAssignment,00755-group_assignment-p100-pr25-sat.asp,104796,164746,0.636106,0.404631,0.257389,1.572064,2.471385,3.885174,0.401256,0.194664,0.0,0.209178,20696,0.392152,0.206592,0.206592,CLINGO-AMO,8.806616,1.4595440518809948,1264694.0,409795200.0,0.0030861610872943363,126480000.0,0.30864197530864196,0.00999916192283365
GroupAssignment,00756-group_assignment-p100-pr25-middle.asp,89796,140746,0.638,0.407044,0.259695,1.567397,2.456734,3.850678,0.401466,0.193773,0.0,0.210711,17696,0.390841,0.207693,0.207693,AMOCLINGO-INF-MR,26.493561000000003,2.237914186016745,4314876.0,349531200.0,0.012344752056468778,107880000.0,0.30864197530864196,0.03999699666295884
GroupAssignment,00757-group_assignment-p100-pr25-middle.asp,103296,162346,0.636271,0.40484,0.257588,1.571658,2.470109,3.882167,0.401274,0.194586,0.0,0.209311,20396,0.392038,0.206688,0.206688,AMOCLINGO-INF-MR,15.318508,4.14712026784854,4985818.0,403768800.0,0.012348200257176879,124620000.0,0.30864197530864196,0.04000816883325309
GroupAssignment,00758-group_assignment-p100-pr25-middle.asp,107796,169546,0.635792,0.404232,0.257007,1.572841,2.47383,3.890942,0.401221,0.194812,0.0,0.208922,21296,0.392371,0.206408,0.206408,AMOCLINGO-INF-MR,17.42024,4.310934522142061,5207143.0,421848000.0,0.012343647474919877,130200000.0,0.30864197530864196,0.0399934178187404
GroupAssignment,00760-group_assignment-p100-pr25-middle.asp,112296,176746,0.635352,0.403673,0.256474,1.57393,2.477254,3.899024,0.401172,0.19502,0.0,0.208565,22196,0.392676,0.206152,0.206152,AMOCLINGO-INF-MR,25.504646,4.073209406631246,5430059.0,439927200.0,0.012343085401402778,135780000.0,0.30864197530864196,0.039991596700545
GroupAssignment,00761-group_assignment-p100-pr25-middle.asp,73296,114346,0.641002,0.410883,0.263377,1.560058,2.43378,3.796838,0.401795,0.192371,0.0,0.213122,14396,0.38878,0.209425,0.209425,AMOCLINGO-INF-MR,16.423039,1.5670512625586532,3495861.0,283240800.0,0.012342363811993188,87420000.0,0.30864197530864196,0.039989258750857924
GroupAssignment,00762-group_assignment-p100-pr25-middle.asp,86796,135946,0.638459,0.40763,0.260255,1.56627,2.453203,3.842379,0.401516,0.193557,0.0,0.211081,17096,0.390525,0.207959,0.207959,AMOCLINGO-INF-MR,16.870747,2.388561988393282,4165645.0,337478400.0,0.012343441832129109,104160000.0,0.30864197530864196,0.03999275153609831
GroupAssignment,00763-group_assignment-p100-pr25-middle.asp,104796,164746,0.636106,0.404631,0.257389,1.572064,2.471385,3.885174,0.401256,0.194664,0.0,0.209178,20696,0.392152,0.206592,0.206592,AMOCLINGO-INF-MR,54.89493,1.5500650060032866,5060437.0,409795200.0,0.012348697593334427,126480000.0,0.30864197530864196,0.04000978020240354
GroupAssignment,00764-group_assignment-p100-pr25-middle.asp,97296,152746,0.636979,0.405742,0.258449,1.56991,2.464619,3.86923,0.401353,0.194253,0.0,0.209885,19196,0.391547,0.2071,0.2071,AMOCLINGO-INF-MR,17.291915000000003,2.541706803439641,4687093.0,379663200.0,0.01234539718360905,117180000.0,0.30864197530864196,0.03999908687489333
GroupAssignment,00765-group_assignment-p100-pr25-middle.asp,91296,143146,0.637782,0.406766,0.259428,1.567933,2.458414,3.854627,0.401441,0.193875,0.0,0.210535,17996,0.390992,0.207567,0.207567,AMOCLINGO-INF-MR,12.561847,2.740549299796439,4389097.0,355557600.0,0.012344264332980085,109740000.0,0.30864197530864196,0.03999541643885548
GroupAssignment,00781-group_assignment-p150-pr25-sat.asp,136846,214646,0.637543,0.406461,0.259136,1.568522,2.460262,3.858976,0.401546,0.194014,0.0,0.210244,26946,0.390921,0.207533,0.207533,AMOCLINGO-INF-MR,11.338295,2.2217940175308546,1650268.0,534770100.0,0.003085939172739837,165052500.0,0.30864197530864196,0.009998442919677072
GroupAssignment,00783-group_assignment-p150-pr25-sat.asp,168346,265046,0.635158,0.403425,0.256239,1.574412,2.478774,3.902612,0.401257,0.195134,0.0,0.208327,33246,0.39262,0.206123,0.206123,AMOCLINGO-INF-MR,14.66899,2.813025095797325,2042462.0,661664700.0,0.003086853507524279,204217500.0,0.30864197530864196,0.010001405364378664
GroupAssignment,00784-group_assignment-p150-pr25-sat.asp,159346,250646,0.635741,0.404167,0.256946,1.572967,2.474225,3.891875,0.401328,0.194859,0.0,0.208797,31446,0.392203,0.206469,0.206469,AMOCLINGO-INF-MR,12.386499,2.2357152735409738,1929733.0,625409100.0,0.003085553120349544,193027500.0,0.30864197530864196,0.009997192109932523
GroupAssignment,00785-group_assignment-p150-pr25-sat.asp,123346,193046,0.638946,0.408252,0.260851,1.565077,2.449466,3.833604,0.401715,0.193359,0.0,0.211365,24246,0.389928,0.208357,0.208357,AMOCLINGO-INF-MR,8.545119,1.7001771420620355,1482450.0,480386700.0,0.0030859513804191497,148267500.0,0.30864197530864196,0.009998482472558046
GroupAssignment,00786-group_assignment-p150-pr25-middle.asp,168346,265046,0.635158,0.403425,0.256239,1.574412,2.478774,3.902612,0.401257,0.195134,0.0,0.208327,33246,0.39262,0.206123,0.206123,AMOCLINGO-INF-MR,79.24307,3.2710741393537632,8166385.0,661664700.0,0.012342180261392213,204217500.0,0.30864197530864196,0.03998866404691077
GroupAssignment,00787-group_assignment-p150-pr25-middle.asp,143596,225446,0.636942,0.405695,0.258404,1.570002,2.464906,3.869907,0.401474,0.194295,0.0,0.209762,28296,0.391348,0.207178,0.207178,AMOCLINGO-INF-MR,38.56597,3.606684831212595,6935972.0,561961800.0,0.012342426122202613,173445000.0,0.30864197530864196,0.03998946063593646
GroupAssignment,00788-group_assignment-p150-pr25-middle.asp,150346,236246,0.636396,0.405,0.25774,1.571349,2.469137,3.879875,0.401407,0.194551,0.0,0.209324,29646,0.391736,0.206856,0.206856,AMOCLINGO-INF-MR,38.03964,4.131541202808439,7272474.0,589153500.0,0.012343937530711436,181837500.0,0.30864197530864196,0.03999435759950505
GroupAssignment,00789-group_assignment-p150-pr25-middle.asp,148096,232646,0.636572,0.405224,0.257955,1.570913,2.467769,3.876652,0.401429,0.194468,0.0,0.209465,29196,0.391611,0.20696,0.20696,AMOCLINGO-INF-MR,55.93738,3.194622111368105,7161135.0,580089600.0,0.012344877412041174,179040000.0,0.30864197530864196,0.039997402815013405
GroupAssignment,00790-group_assignment-p150-pr25-middle.asp,154846,243446,0.636059,0.404571,0.257331,1.572181,2.471754,3.886046,0.401367,0.19471,0.0,0.209053,30546,0.391977,0.206657,0.206657,AMOCLINGO-INF-MR,38.10941,5.16645757570112,7497314.0,607281300.0,0.012345702065912453,187432500.0,0.30864197530864196,0.04000007469355635
GroupAssignment,00791-group_assignment-p150-pr25-middle.asp,139096,218246,0.637336,0.406197,0.258884,1.569031,2.46186,3.862735,0.401521,0.194111,0.0,0.210078,27396,0.391068,0.207411,0.207411,AMOCLINGO-INF-MR,45.8792,3.321082320528693,6713146.0,543834000.0,0.012344108680222274,167850000.0,0.30864197530864196,0.039994912123920166
GroupAssignment,00792-group_assignment-p150-pr25-middle.asp,152596,239846,0.636225,0.404782,0.257532,1.571771,2.470465,3.883005,0.401387,0.194632,0.0,0.209186,30096,0.391858,0.206755,0.206755,AMOCLINGO-INF-MR,44.0392,4.846396642082508,7385600.0,598217400.0,0.012346013338963393,184635000.0,0.30864197530864196,0.0400010832182414
GroupAssignment,00793-group_assignment-p150-pr25-middle.asp,181846,286646,0.634392,0.402454,0.255313,1.576312,2.484759,3.916755,0.401164,0.195495,0.0,0.207709,35946,0.393168,0.205669,0.205669,AMOCLINGO-INF-MR,119.00191,2.518112440380159,8836041.0,716048100.0,0.012340010398742766,221002500.0,0.30864197530864196,0.03998163369192656
GroupAssignment,00794-group_assignment-p150-pr25-middle.asp,127846,200246,0.638445,0.407612,0.260238,1.566306,2.453316,3.842644,0.401655,0.193592,0.0,0.210965,25146,0.390282,0.208063,0.208063,AMOCLINGO-INF-MR,77.07099,1.3602339349734576,6154272.0,498514500.0,0.012345221653532645,153862500.0,0.30864197530864196,0.03999851815744577
GroupAssignment,00795-group_assignment-p150-pr25-middle.asp,143596,225446,0.636942,0.405695,0.258404,1.570002,2.464906,3.869907,0.401474,0.194295,0.0,0.209762,28296,0.391348,0.207178,0.207178,AMOCLINGO-INF-MR,45.93974,2.6520728676305088,6937228.0,561961800.0,0.012344661149565683,173445000.0,0.30864197530864196,0.03999670212459281
GroupAssignment,00811-group_assignment-p200-pr25-sat.asp,191396,300546,0.636828,0.405549,0.258265,1.570284,2.465791,3.871991,0.401524,0.194361,0.0,0.209623,37696,0.391314,0.207162,0.207162,AMOCLINGO-L,42.818878,1.4934996661986333,2306085.0,747273600.0,0.003085998220732005,230640000.0,0.30864197530864196,0.009998634235171696
GroupAssignment,00812-group_assignment-p200-pr25-sat.asp,170396,266946,0.638316,0.407448,0.260081,1.566621,2.454302,3.844962,0.401711,0.193667,0.0,0.210809,33496,0.390244,0.208045,0.208045,AMOCLINGO-INF-MR,18.030367,1.5653916528709595,2045327.0,662904000.0,0.0030854045231285374,204600000.0,0.30864197530864196,0.009996710654936462
GroupAssignment,00813-group_assignment-p200-pr25-sat.asp,176396,276546,0.637854,0.406858,0.259516,1.567757,2.457861,3.853328,0.401653,0.193882,0.0,0.210441,34696,0.390576,0.207771,0.207771,AMOCLINGO-INF-MR,13.437144,3.4362237987477102,2120498.0,687009600.0,0.003086562400292514,212040000.0,0.30864197530864196,0.010000462176947746
GroupAssignment,00814-group_assignment-p200-pr25-sat.asp,218396,343746,0.635341,0.403658,0.256461,1.573957,2.477342,3.899231,0.401335,0.195059,0.0,0.208433,43096,0.392388,0.206277,0.206277,AMOCLINGO-INF-MR,23.03942,3.5989446348909824,2641592.0,855748800.0,0.0030868778314383847,264120000.0,0.30864197530864196,0.010001484173860367
GroupAssignment,00815-group_assignment-p200-pr25-sat.asp,212396,334146,0.635638,0.404036,0.256821,1.573222,2.475027,3.893766,0.401373,0.194919,0.0,0.208672,41896,0.392173,0.206454,0.206454,AMOCLINGO-INF-MR,19.34168,2.4969283950515155,2567495.0,831643200.0,0.003087255448009435,256680000.0,0.30864197530864196,0.010002707651550568
GroupAssignment,00816-group_assignment-p200-pr25-middle.asp,167396,262146,0.63856,0.407759,0.260379,1.566023,2.452428,3.840559,0.401742,0.193553,0.0,0.211003,32896,0.390069,0.208189,0.208189,AMOCLINGO-INF-MR,80.81623,2.9959588067891807,8035621.0,650851200.0,0.012346325857584653,200880000.0,0.30864197530864196,0.040002095778574276
GroupAssignment,00817-group_assignment-p200-pr25-middle.asp,179396,281346,0.637635,0.406578,0.259248,1.568296,2.459552,3.857305,0.401625,0.193984,0.0,0.210267,35296,0.390733,0.207641,0.207641,AMOCLINGO-INF-MR,147.0779,2.048444395792977,8633139.0,699062400.0,0.01234959711751054,215760000.0,0.30864197530864196,0.04001269466073415
GroupAssignment,00818-group_assignment-p200-pr25-middle.asp,212396,334146,0.635638,0.404036,0.256821,1.573222,2.475027,3.893766,0.401373,0.194919,0.0,0.208672,41896,0.392173,0.206454,0.206454,AMOCLINGO-INF-MR,150.14243,1.6960169087445836,10266665.0,831643200.0,0.012345035707620768,256680000.0,0.30864197530864196,0.03999791569269129
GroupAssignment,00819-group_assignment-p200-pr25-middle.asp,197396,310146,0.636462,0.405083,0.25782,1.571187,2.468628,3.878676,0.401477,0.194533,0.0,0.20933,38896,0.391578,0.206944,0.206944,AMOCLINGO-INF-MR,89.74141,4.021040676762266,9523186.0,771379200.0,0.012345660863035976,238080000.0,0.30864197530864196,0.03999994119623656
GroupAssignment,00820-group_assignment-p200-pr25-middle.asp,209396,329346,0.635793,0.404233,0.257009,1.572838,2.47382,3.890918,0.401393,0.194846,0.0,0.208796,41296,0.392061,0.206546,0.206546,AMOCLINGO-INF-MR,113.3123,3.411727323512099,10117543.0,819590400.0,0.012344633368082399,252960000.0,0.30864197530864196,0.03999661211258697
GroupAssignment,00821-group_assignment-p200-pr25-middle.asp,182396,286146,0.637423,0.406308,0.25899,1.568817,2.461188,3.861154,0.401599,0.194083,0.0,0.210098,35896,0.390886,0.207516,0.207516,AMOCLINGO-INF-MR,84.02288,3.1427761224085637,8779268.0,711115200.0,0.012345774636795839,219480000.0,0.30864197530864196,0.04000030982321852
GroupAssignment,00822-group_assignment-p200-pr25-middle.asp,194396,305346,0.636642,0.405313,0.258039,1.570742,2.467231,3.875384,0.4015,0.194448,0.0,0.209474,38296,0.391448,0.207052,0.207052,AMOCLINGO-INF-MR,60.10215,5.193812417692213,9372740.0,759326400.0,0.012343492864201746,234360000.0,0.30864197530864196,0.039992916880013656
GroupAssignment,00823-group_assignment-p200-pr25-middle.asp,242396,382146,0.634302,0.402339,0.255205,1.576536,2.485465,3.918426,0.401203,0.195548,0.0,0.207598,47896,0.393142,0.205655,0.205655,AMOCLINGO-INF-MR,139.81114,4.023693534005945,11751103.0,952171200.0,0.012341376214697525,293880000.0,0.30864197530864196,0.03998605893561998
GroupAssignment,00824-group_assignment-p200-pr25-middle.asp,197396,310146,0.636462,0.405083,0.25782,1.571187,2.468628,3.878676,0.401477,0.194533,0.0,0.20933,38896,0.391578,0.206944,0.206944,AMOCLINGO-INF-MR,67.67835,4.039668638493699,9524102.0,771379200.0,0.01234684834644232,238080000.0,0.30864197530864196,0.040003788642473115
GroupAssignment,00825-group_assignment-p200-pr25-middle.asp,191396,300546,0.636828,0.405549,0.258265,1.570284,2.465791,3.871991,0.401524,0.194361,0.0,0.209623,37696,0.391314,0.207162,0.207162,AMOCLINGO-INF-MR,78.72084,3.78515967309292,9227543.0,747273600.0,0.012348279130963546,230640000.0,0.30864197530864196,0.04000842438432189
GroupAssignment,00841-group_assignment-p250-pr25-sat.asp,246696,387646,0.636395,0.404999,0.257739,1.571351,2.469144,3.879892,0.401506,0.194571,0.0,0.209249,48596,0.391559,0.206935,0.206935,AMOCLINGO-INF-MR,30.03007,2.408667712063276,2970872.0,962668800.0,0.00308607903361987,297120000.0,0.30864197530864196,0.009998896068928379
GroupAssignment,00842-group_assignment-p250-pr25-sat.asp,224196,351646,0.637562,0.406485,0.259159,1.568476,2.460116,3.858633,0.401657,0.194027,0.0,0.210178,44096,0.390712,0.207631,0.207631,AMOCLINGO-INF-MR,26.693510000000003,2.666055157227356,2693040.0,872418600.0,0.0030868667861964428,269265000.0,0.30864197530864196,0.010001448387276474
GroupAssignment,00844-group_assignment-p250-pr25-sat.asp,287946,453646,0.634737,0.402891,0.25573,1.575455,2.482059,3.910372,0.401291,0.195349,0.0,0.207924,56846,0.392768,0.205941,0.205941,AMOCLINGO-INF-MR,37.86567,2.7250517421189167,3481829.0,1128127500.0,0.0030863789775535124,348187500.0,0.30864197530864196,0.00999986788727338
GroupAssignment,00845-group_assignment-p250-pr25-sat.asp,246696,387646,0.636395,0.404999,0.257739,1.571351,2.469144,3.879892,0.401506,0.194571,0.0,0.209249,48596,0.391559,0.206935,0.206935,AMOCLINGO-INF-MR,29.04885,2.723205910044632,2970982.0,962668800.0,0.003086193299294628,297120000.0,0.30864197530864196,0.009999266289714594
GroupAssignment,00846-group_assignment-p250-pr25-middle.asp,265446,417646,0.635577,0.403958,0.256746,1.573375,2.475508,3.894901,0.4014,0.194955,0.0,0.208596,52346,0.392155,0.206445,0.206445,AMOCLINGO-INF-MR,119.07259,6.45857270762314,12812573.0,1037877300.0,0.01234497854418822,320332500.0,0.30864197530864196,0.03999773048316983
GroupAssignment,00847-group_assignment-p250-pr25-middle.asp,250446,393646,0.636221,0.404778,0.257528,1.57178,2.470492,3.88307,0.401484,0.194653,0.0,0.209111,49346,0.391685,0.206831,0.206831,AMOCLINGO-INF-MR,188.24959,3.4658272562505976,12070598.0,977710500.0,0.0123457792465152,301762500.0,0.30864197530864196,0.04000032475870925
GroupAssignment,00848-group_assignment-p250-pr25-middle.asp,265446,417646,0.635577,0.403958,0.256746,1.573375,2.475508,3.894901,0.4014,0.194955,0.0,0.208596,52346,0.392155,0.206445,0.206445,AMOCLINGO-INF-MR,225.90162,3.327145816838321,12817550.0,1037877300.0,0.012349773908726975,320332500.0,0.30864197530864196,0.0400132674642754
GroupAssignment,00849-group_assignment-p250-pr25-middle.asp,284196,447646,0.634868,0.403057,0.255888,1.575131,2.481038,3.907961,0.401308,0.195288,0.0,0.208029,56096,0.392673,0.20602,0.20602,AMOCLINGO-INF-MR,231.12315,3.7266624740966017,13742201.0,1113085800.0,0.012346039272084865,343545000.0,0.30864197530864196,0.04000116724155496
GroupAssignment,00850-group_assignment-p250-pr25-middle.asp,265446,417646,0.635577,0.403958,0.256746,1.573375,2.475508,3.894901,0.4014,0.194955,0.0,0.208596,52346,0.392155,0.206445,0.206445,AMOCLINGO-INF-MR,209.81022,2.666597508929737,12808873.0,1037877300.0,0.012341413575573914,320332500.0,0.30864197530864196,0.03998617998485948
GroupAssignment,00851-group_assignment-p250-pr25-middle.asp,239196,375646,0.636759,0.405462,0.258182,1.570453,2.466322,3.873241,0.401554,0.194401,0.0,0.209539,47096,0.391294,0.207152,0.207152,AMOCLINGO-INF-MR,201.29911,2.315148586598321,11516463.0,932585400.0,0.012348963430051553,287835000.0,0.30864197530864196,0.040010641513367036
GroupAssignment,00852-group_assignment-p250-pr25-middle.asp,276696,435646,0.63514,0.403402,0.256217,1.574457,2.478915,3.902946,0.401343,0.19516,0.0,0.208247,54596,0.392474,0.206183,0.206183,AMOCLINGO-INF-MR,120.34256,6.647370805473973,13371348.0,1083002400.0,0.012346554356666246,334260000.0,0.30864197530864196,0.040002836115598635
GroupAssignment,00853-group_assignment-p250-pr25-middle.asp,239196,375646,0.636759,0.405462,0.258182,1.570453,2.466322,3.873241,0.401554,0.194401,0.0,0.209539,47096,0.391294,0.207152,0.207152,AMOCLINGO-INF-MR,100.86329,5.724676044178213,11511144.0,932585400.0,0.012343259930940372,287835000.0,0.30864197530864196,0.03999216217624681
GroupAssignment,00854-group_assignment-p250-pr25-middle.asp,246696,387646,0.636395,0.404999,0.257739,1.571351,2.469144,3.879892,0.401506,0.194571,0.0,0.209249,48596,0.391559,0.206935,0.206935,AMOCLINGO-INF-MR,357.20169,1.802064430322264,11885420.0,962668800.0,0.012346323055239767,297120000.0,0.30864197530864196,0.04000208669897685
GroupAssignment,00855-group_assignment-p250-pr25-middle.asp,242946,381646,0.636574,0.405227,0.257957,1.570909,2.467754,3.876617,0.40153,0.194488,0.0,0.209392,47846,0.391429,0.207042,0.207042,AMOCLINGO-INF-MR,73.77205000000001,9.23963845385888,11698267.0,947627100.0,0.012344799974589161,292477500.0,0.30864197530864196,0.03999715191766888
GroupAssignment,00857-group_assignment-p250-pr25-punsat.asp,220446,345646,0.63778,0.406763,0.259425,1.56794,2.458434,3.854677,0.401686,0.193925,0.0,0.210351,43346,0.390554,0.207761,0.207761,AMOCLINGO-INF-MR,509.01761,2.367286383274638,238272267.0,857376900.0,0.2779084286035698,264622500.0,0.30864197530864196,0.9004233086755662
GroupAssignment,00859-group_assignment-p250-pr25-punsat.asp,272946,429646,0.635281,0.403582,0.256388,1.574106,2.47781,3.900337,0.401361,0.195094,0.0,0.20836,53846,0.392371,0.206268,0.206268,AMOCLINGO-INF-MR,541.5170099999999,2.225282544679437,296669085.0,1067960700.0,0.27779026419230596,329617500.0,0.30864197530864196,0.9000404559830713
GroupAssignment,00862-group_assignment-p250-pr25-punsat.asp,239196,375646,0.636759,0.405462,0.258182,1.570453,2.466322,3.873241,0.401554,0.194401,0.0,0.209539,47096,0.391294,0.207152,0.207152,AMOCLINGO-INF-MR,525.50306,2.2930290149024057,258958377.0,932585400.0,0.2776779231156739,287835000.0,0.30864197530864196,0.8996764708947834
GroupAssignment,00871-group_assignment-p300-pr25-sat.asp,313996,493946,0.635689,0.4041,0.256882,1.573096,2.474633,3.892836,0.401438,0.194907,0.0,0.208668,61896,0.39203,0.206531,0.206531,AMOCLINGO-INF-MR,63.47555,1.998101316176071,3793895.0,1229385600.0,0.0030860089787939603,379440000.0,0.30864197530864196,0.00999866909129243
GroupAssignment,00872-group_assignment-p300-pr25-sat.asp,304996,479546,0.63601,0.404509,0.257271,1.572303,2.472135,3.886945,0.401481,0.194757,0.0,0.208924,60096,0.391795,0.206724,0.206724,AMOCLINGO-INF-MR,41.57592,1.9481839487857395,3682436.0,1193227200.0,0.0030861146980223045,368280000.0,0.30864197530864196,0.009999011621592268
GroupAssignment,00873-group_assignment-p300-pr25-sat.asp,223996,349946,0.640087,0.409712,0.262251,1.562287,2.44074,3.813136,0.402016,0.192861,0.0,0.212151,43896,0.388828,0.209156,0.209156,AMOCLINGO-INF-MR,26.26831,1.6239209907298948,2678340.0,867801600.0,0.003086350612858976,267840000.0,0.30864197530864196,0.009999775985663083
GroupAssignment,00874-group_assignment-p300-pr25-sat.asp,322996,508346,0.635386,0.403716,0.256515,1.573846,2.476992,3.898404,0.401398,0.195049,0.0,0.208427,63696,0.392253,0.206349,0.206349,AMOCLINGO-INF-MR,54.22374,3.372740242557964,3905223.0,1265544000.0,0.00308580578786672,390600000.0,0.30864197530864196,0.009998010752688172
GroupAssignment,00875-group_assignment-p300-pr25-sat.asp,259996,407546,0.637955,0.406987,0.259639,1.567509,2.457084,3.8515,0.401737,0.193849,0.0,0.210469,51096,0.390375,0.207888,0.207888,AMOCLINGO-INF-MR,44.97725,2.4412228404359984,3124070.0,1012435200.0,0.0030856987192859355,312480000.0,0.30864197530864196,0.009997663850486432
GroupAssignment,00876-group_assignment-p300-pr25-middle.asp,363496,573146,0.634212,0.402225,0.255096,1.57676,2.486173,3.920098,0.401242,0.195601,0.0,0.207488,71796,0.393116,0.205642,0.205642,AMOCLINGO-INF-MR,450.93051,2.58064352310071,17631619.0,1428256800.0,0.012344852130233163,440820000.0,0.30864197530864196,0.039997320901955444
GroupAssignment,00877-group_assignment-p300-pr25-middle.asp,309496,486746,0.635847,0.404301,0.257074,1.572705,2.473402,3.889932,0.401459,0.194833,0.0,0.208794,60996,0.391915,0.206626,0.206626,AMOCLINGO-INF-MR,365.17346,2.625106764330573,14962346.0,1211306400.0,0.012352238872014545,373860000.0,0.30864197530864196,0.04002125394532713
GroupAssignment,00878-group_assignment-p300-pr25-middle.asp,273496,429146,0.637303,0.406155,0.258844,1.569113,2.462114,3.863334,0.401651,0.194153,0.0,0.209952,53796,0.39085,0.207498,0.207498,AMOCLINGO-INF-MR,457.83285,1.3071106190829254,13165691.0,1066672800.0,0.012342764341605035,329220000.0,0.30864197530864196,0.03999055646680032
GroupAssignment,00879-group_assignment-p300-pr25-middle.asp,268996,421946,0.637513,0.406423,0.2591,1.568596,2.460493,3.859519,0.401679,0.194055,0.0,0.210118,52896,0.390697,0.207624,0.207624,AMOCLINGO-INF-MR,170.074,4.26121053188612,12946951.0,1048593600.0,0.012346967404721906,323640000.0,0.30864197530864196,0.040004174391298976
GroupAssignment,00880-group_assignment-p300-pr25-middle.asp,282496,443546,0.636904,0.405646,0.258357,1.570097,2.465203,3.870607,0.401599,0.194339,0.0,0.209635,55596,0.391142,0.20726,0.20726,AMOCLINGO-INF-MR,140.19982000000002,2.830280024610588,13616107.0,1102831200.0,0.012346501441018353,340380000.0,0.30864197530864196,0.040002664668899464
GroupAssignment,00881-group_assignment-p300-pr25-middle.asp,300496,472346,0.636178,0.404722,0.257475,1.571888,2.470831,3.88387,0.401503,0.194678,0.0,0.209058,59196,0.391672,0.206825,0.206825,AMOCLINGO-INF-MR,188.51072,4.524220532392004,14503073.0,1175148000.0,0.012341486348953493,362700000.0,0.30864197530864196,0.03998641577060932
GroupAssignment,00882-group_assignment-p300-pr25-middle.asp,286996,450746,0.636713,0.405404,0.258126,1.570565,2.466676,3.874076,0.401574,0.194428,0.0,0.209484,56496,0.391281,0.207146,0.207146,AMOCLINGO-INF-MR,209.77245,3.7507466304560015,13837304.0,1120910400.0,0.01234470123570983,345960000.0,0.30864197530864196,0.03999683200369985
GroupAssignment,00883-group_assignment-p300-pr25-middle.asp,313996,493946,0.635689,0.4041,0.256882,1.573096,2.474633,3.892836,0.401438,0.194907,0.0,0.208668,61896,0.39203,0.206531,0.206531,AMOCLINGO-INF-MR,262.1636,3.150733587729189,15176939.0,1229385600.0,0.012345141345400499,379440000.0,0.30864197530864196,0.039998257959097616
GroupAssignment,00884-group_assignment-p300-pr25-middle.asp,340996,537146,0.634829,0.403008,0.255841,1.575227,2.481339,3.908672,0.401324,0.19531,0.0,0.207982,67296,0.392661,0.206014,0.206014,AMOCLINGO-INF-MR,248.04814,4.512948575224148,16510572.0,1337860800.0,0.012341023819518444,412920000.0,0.30864197530864196,0.039984917175239755
GroupAssignment,00885-group_assignment-p300-pr25-middle.asp,295996,465146,0.636351,0.404942,0.257685,1.57146,2.469488,3.880702,0.401526,0.194597,0.0,0.209195,58296,0.391546,0.206928,0.206928,AMOCLINGO-INF-MR,145.45570999999998,5.545099329548493,14282296.0,1157068800.0,0.012343514923226691,357120000.0,0.30864197530864196,0.03999298835125448
GroupAssignment,00891-group_assignment-p300-pr25-punsat.asp,300496,472346,0.636178,0.404722,0.257475,1.571888,2.470831,3.88387,0.401503,0.194678,0.0,0.209058,59196,0.391672,0.206825,0.206825,AMOCLINGO-INF-MR,957.4111,1.2586342199291405,326535368.0,1175148000.0,0.27786744137759667,362700000.0,0.30864197530864196,0.9002905100634133
GroupAssignment,00892-group_assignment-p300-pr25-punsat.asp,291496,457946,0.636529,0.405169,0.257902,1.57102,2.468103,3.877439,0.401549,0.194514,0.0,0.209337,57396,0.391415,0.207035,0.207035,AMOCLINGO-INF-MR,574.3696000000001,2.097887003420794,316348379.0,1138989600.0,0.27774474762543927,351540000.0,0.30864197530864196,0.8998929823064231
GroupAssignment,00895-group_assignment-p300-pr25-punsat.asp,304996,479546,0.63601,0.404509,0.257271,1.572303,2.472135,3.886945,0.401481,0.194757,0.0,0.208924,60096,0.391795,0.206724,0.206724,AMOCLINGO-INF-MR,709.1249899999999,1.6993075452044075,331447914.0,1193227200.0,0.27777435345087675,368280000.0,0.30864197530864196,0.8999889051808406
GroupAssignment,00901-group_assignment-p50-pr30-sat.asp,56281,88471,0.636152,0.404689,0.257444,1.571951,2.471031,3.884341,0.400846,0.194559,0.0,0.209502,11161,0.392868,0.206286,0.206286,CLINGO-AMO,0.830037,1.9288935312522213,561190.0,218189700.0,0.002572027918824766,67342500.0,0.30864197530864196,0.00833337045699224
GroupAssignment,00902-group_assignment-p50-pr30-sat.asp,63031,99271,0.634939,0.403147,0.255974,1.574955,2.480484,3.906651,0.400755,0.195142,0.0,0.208485,12511,0.393632,0.205613,0.205613,CLINGO-AMO,0.935364,1.308304574475819,630188.0,245089800.0,0.0025712534752568243,75645000.0,0.30864197530864196,0.00833086125983211
GroupAssignment,00903-group_assignment-p50-pr30-sat.asp,60031,94471,0.635444,0.403789,0.256585,1.573704,2.476543,3.897345,0.400793,0.194899,0.0,0.208909,11911,0.393313,0.205894,0.205894,CLINGO-AMO,0.877782,1.289223292343657,599757.0,233134200.0,0.0025725826584001832,71955000.0,0.30864197530864196,0.008335167813216594
GroupAssignment,00904-group_assignment-p50-pr30-sat.asp,55531,87271,0.636305,0.404884,0.25763,1.571573,2.469841,3.881534,0.400857,0.194486,0.0,0.209631,11011,0.392772,0.206371,0.206371,CLINGO-AMO,0.803702,1.361894085121102,553590.0,215200800.0,0.0025724346749640336,66420000.0,0.30864197530864196,0.00833468834688347
GroupAssignment,00905-group_assignment-p50-pr30-sat.asp,60031,94471,0.635444,0.403789,0.256585,1.573704,2.476543,3.897345,0.400793,0.194899,0.0,0.208909,11911,0.393313,0.205894,0.205894,CLINGO-AMO,0.8981790000000001,4.65383848876449,599654.0,233134200.0,0.0025721408527792145,71955000.0,0.30864197530864196,0.008333736363004655
GroupAssignment,00906-group_assignment-p50-pr30-middle.asp,61531,96871,0.635185,0.40346,0.256272,1.574345,2.478561,3.902109,0.400774,0.195024,0.0,0.208692,12211,0.393476,0.20575,0.20575,AMOCLINGO-INF-MR,6.293855,3.051494989954487,2459616.0,239112000.0,0.010286459901636054,73800000.0,0.30864197530864196,0.03332813008130081
GroupAssignment,00908-group_assignment-p50-pr30-middle.asp,63031,99271,0.634939,0.403147,0.255974,1.574955,2.480484,3.906651,0.400755,0.195142,0.0,0.208485,12511,0.393632,0.205613,0.205613,AMOCLINGO-INF-MR,9.333525000000002,1.7897368893317365,2521547.0,245089800.0,0.01028825761006782,75645000.0,0.30864197530864196,0.03333395465661974
GroupAssignment,00909-group_assignment-p50-pr30-middle.asp,54031,84871,0.636625,0.405291,0.258019,1.570783,2.467361,3.875689,0.400881,0.194333,0.0,0.209898,10711,0.392571,0.206548,0.206548,AMOCLINGO-INF-MR,7.061704,1.8013805166571697,2152835.0,209223000.0,0.010289667006017503,64575000.0,0.30864197530864196,0.03333852109949671
GroupAssignment,00910-group_assignment-p50-pr30-middle.asp,53281,83671,0.636792,0.405504,0.258221,1.570372,2.466069,3.872646,0.400893,0.194253,0.0,0.210037,10561,0.392466,0.20664,0.20664,AMOCLINGO-INF-MR,5.233828,1.9915331569933132,2121418.0,206234100.0,0.010286456022549132,63652500.0,0.30864197530864196,0.03332811751305919
GroupAssignment,00911-group_assignment-p50-pr30-middle.asp,69031,108871,0.634062,0.402035,0.254915,1.577132,2.487345,3.922872,0.40069,0.195564,0.0,0.207747,13711,0.394185,0.205125,0.205125,AMOCLINGO-INF-MR,8.564581,2.184645576940658,2768693.0,269001000.0,0.010292500771372597,83025000.0,0.30864197530864196,0.03334770249924721
GroupAssignment,00912-group_assignment-p50-pr30-middle.asp,57781,90871,0.635857,0.404315,0.257086,1.57268,2.473321,3.889742,0.400824,0.194701,0.0,0.209256,11461,0.393053,0.206123,0.206123,AMOCLINGO-INF-MR,5.739654,2.28542730972982,2306520.0,224167500.0,0.010289270300110408,69187500.0,0.30864197530864196,0.033337235772357726
GroupAssignment,00913-group_assignment-p50-pr30-middle.asp,57031,89671,0.636003,0.404499,0.257263,1.57232,2.472191,3.887076,0.400835,0.194631,0.0,0.209377,11311,0.392962,0.206204,0.206204,AMOCLINGO-INF-MR,4.731375,2.7152373253018416,2275975.0,221178600.0,0.010290213429328154,68265000.0,0.30864197530864196,0.03334029151102322
GroupAssignment,00914-group_assignment-p50-pr30-middle.asp,63781,100471,0.63482,0.402996,0.25583,1.57525,2.481412,3.908843,0.400746,0.195199,0.0,0.208385,12661,0.393707,0.205547,0.205547,AMOCLINGO-INF-MR,6.887128,2.3119782295319617,2552732.0,248078700.0,0.010290008775441018,76567500.0,0.30864197530864196,0.0333396284324289
GroupAssignment,00915-group_assignment-p50-pr30-middle.asp,57781,90871,0.635857,0.404315,0.257086,1.57268,2.473321,3.889742,0.400824,0.194701,0.0,0.209256,11461,0.393053,0.206123,0.206123,AMOCLINGO-INF-MR,6.044806,2.2421083488866307,2305776.0,224167500.0,0.010285951353340693,69187500.0,0.30864197530864196,0.03332648238482385
GroupAssignment,00931-group_assignment-p100-pr30-sat.asp,125831,198371,0.634322,0.402364,0.255228,1.576488,2.485313,3.918065,0.401014,0.1955,0.0,0.207747,24911,0.393472,0.205514,0.205514,CLINGO-AMO,8.338079,1.2301477354676058,1271102.0,494164800.0,0.0025722228697794744,152520000.0,0.30864197530864196,0.008334002098085496
GroupAssignment,00932-group_assignment-p100-pr30-sat.asp,106331,167171,0.636061,0.404574,0.257334,1.572176,2.471736,3.886003,0.4012,0.194675,0.0,0.209168,21011,0.392275,0.206525,0.206525,CLINGO-AMO,3.582832,2.0257008980605287,1069481.0,415821600.0,0.0025719707682333,128340000.0,0.30864197530864196,0.008333185289075892
GroupAssignment,00933-group_assignment-p100-pr30-sat.asp,100331,157571,0.636735,0.405432,0.258153,1.570512,2.466507,3.873677,0.401272,0.194357,0.0,0.209716,19811,0.391813,0.206915,0.206915,CLINGO-AMO,3.82029,1.9681385444560493,1007331.0,391716000.0,0.0025715850258861014,120900000.0,0.30864197530864196,0.008331935483870968
GroupAssignment,00934-group_assignment-p100-pr30-sat.asp,124331,195971,0.634436,0.402509,0.255366,1.576204,2.484419,3.91595,0.401026,0.195446,0.0,0.20784,24611,0.393393,0.20558,0.20558,CLINGO-AMO,7.598638999999999,1.2084407484024444,1255843.0,488138400.0,0.002572719130476111,150660000.0,0.30864197530864196,0.0083356099827426
GroupAssignment,00936-group_assignment-p100-pr30-middle.asp,100331,157571,0.636735,0.405432,0.258153,1.570512,2.466507,3.873677,0.401272,0.194357,0.0,0.209716,19811,0.391813,0.206915,0.206915,AMOCLINGO-INF-MR,29.33375,1.8424111475689269,4029222.0,391716000.0,0.010286079710810893,120900000.0,0.30864197530864196,0.033326898263027295
GroupAssignment,00937-group_assignment-p100-pr30-middle.asp,115331,181571,0.635184,0.403459,0.256271,1.574347,2.478568,3.902126,0.401106,0.195091,0.0,0.208452,22811,0.392878,0.206016,0.206016,AMOCLINGO-INF-MR,13.982703,4.662696976400056,4649624.0,451980000.0,0.010287233948404797,139500000.0,0.30864197530864196,0.03333063799283154
GroupAssignment,00938-group_assignment-p100-pr30-middle.asp,121331,191171,0.634673,0.402809,0.255652,1.575615,2.482564,3.911566,0.401052,0.195333,0.0,0.208034,24011,0.39323,0.205718,0.205718,AMOCLINGO-INF-MR,27.155616,2.947429106377112,4897171.0,476085600.0,0.01028632456012112,146940000.0,0.30864197530864196,0.033327691574792435
GroupAssignment,00939-group_assignment-p100-pr30-middle.asp,106331,167171,0.636061,0.404574,0.257334,1.572176,2.471736,3.886003,0.4012,0.194675,0.0,0.209168,21011,0.392275,0.206525,0.206525,AMOCLINGO-INF-MR,10.586239,5.61426650201266,4277854.0,415821600.0,0.01028771473150986,128340000.0,0.30864197530864196,0.03333219573009194
GroupAssignment,00940-group_assignment-p100-pr30-middle.asp,131831,207971,0.633891,0.401818,0.254709,1.577558,2.488688,3.926049,0.400968,0.195705,0.0,0.207394,26111,0.393769,0.205263,0.205263,AMOCLINGO-INF-MR,22.596965,4.188813940279148,5330950.0,518270400.0,0.010286039874166073,159960000.0,0.30864197530864196,0.03332676919229807
GroupAssignment,00941-group_assignment-p100-pr30-middle.asp,116831,183971,0.635051,0.40329,0.25611,1.574676,2.479605,3.904576,0.401092,0.195154,0.0,0.208344,23111,0.392969,0.205938,0.205938,AMOCLINGO-INF-MR,21.431793,3.5285274545158214,4712294.0,458006400.0,0.010288707756048824,141360000.0,0.30864197530864196,0.03333541312959819
GroupAssignment,00942-group_assignment-p100-pr30-middle.asp,107831,169571,0.635905,0.404375,0.257144,1.572563,2.472953,3.888874,0.401183,0.194749,0.0,0.20904,21311,0.392383,0.206434,0.206434,AMOCLINGO-INF-MR,14.066525,4.386660102619516,4340234.0,421848000.0,0.010288620545789004,130200000.0,0.30864197530864196,0.03333513056835637
GroupAssignment,00943-group_assignment-p100-pr30-middle.asp,106331,167171,0.636061,0.404574,0.257334,1.572176,2.471736,3.886003,0.4012,0.194675,0.0,0.209168,21011,0.392275,0.206525,0.206525,AMOCLINGO-INF-MR,16.844639,3.2887367310157254,4277793.0,415821600.0,0.010287568033983804,128340000.0,0.30864197530864196,0.03333172043010753
GroupAssignment,00944-group_assignment-p100-pr30-middle.asp,116831,183971,0.635051,0.40329,0.25611,1.574676,2.479605,3.904576,0.401092,0.195154,0.0,0.208344,23111,0.392969,0.205938,0.205938,AMOCLINGO-INF-MR,19.23864,2.6648818731469586,4712975.0,458006400.0,0.010290194634834797,141360000.0,0.30864197530864196,0.033340230616864745
GroupAssignment,00945-group_assignment-p100-pr30-middle.asp,125831,198371,0.634322,0.402364,0.255228,1.576488,2.485313,3.918065,0.401014,0.1955,0.0,0.207747,24911,0.393472,0.205514,0.205514,AMOCLINGO-INF-MR,41.76392,2.060328580267369,5082226.0,494164800.0,0.010284475948104763,152520000.0,0.30864197530864196,0.03332170207185943
GroupAssignment,00961-group_assignment-p150-pr30-sat.asp,152631,239871,0.636305,0.404883,0.257629,1.571575,2.469847,3.881548,0.40136,0.194587,0.0,0.209269,30111,0.391867,0.206773,0.206773,AMOCLINGO-INF-MR,11.446217,2.366016649867812,1539160.0,598217400.0,0.0025729107846077363,184635000.0,0.30864197530864196,0.008336230942129066
GroupAssignment,00962-group_assignment-p150-pr30-sat.asp,188631,297471,0.634116,0.402103,0.25498,1.577,2.486928,3.921884,0.401101,0.19562,0.0,0.2075,37311,0.393419,0.205481,0.205481,AMOCLINGO-INF-MR,20.85378,1.3962616849319405,1911423.0,743239800.0,0.002571744677828071,229395000.0,0.30864197530864196,0.00833245275616295
GroupAssignment,00964-group_assignment-p150-pr30-sat.asp,177381,279471,0.634703,0.402848,0.255688,1.575541,2.482329,3.91101,0.40117,0.195342,0.0,0.207976,35061,0.393002,0.205828,0.205828,AMOCLINGO-INF-MR,15.342213,1.6169560414785011,1794610.0,697920300.0,0.0025713681060717105,215407500.0,0.30864197530864196,0.008331232663672342
GroupAssignment,00966-group_assignment-p150-pr30-middle.asp,175131,275871,0.634829,0.403008,0.255841,1.575227,2.481339,3.908671,0.401185,0.195282,0.0,0.208079,34611,0.392912,0.205903,0.205903,AMOCLINGO-INF-MR,62.37207,3.194162034384941,7085979.0,688856400.0,0.010286583676946313,212610000.0,0.30864197530864196,0.033328531113306054
GroupAssignment,00967-group_assignment-p150-pr30-middle.asp,181881,286671,0.634459,0.402538,0.255394,1.576146,2.484236,3.915519,0.401141,0.195457,0.0,0.207779,35961,0.393175,0.205684,0.205684,AMOCLINGO-INF-MR,63.21978,2.540617034731852,7364374.0,716048100.0,0.01028474763078067,221002500.0,0.30864197530864196,0.033322582323729366
GroupAssignment,00968-group_assignment-p150-pr30-middle.asp,150381,236271,0.636477,0.405103,0.257838,1.571149,2.46851,3.878398,0.40138,0.194506,0.0,0.209408,29661,0.391745,0.206875,0.206875,AMOCLINGO-INF-MR,20.085121,3.792122188360229,6060916.0,589153500.0,0.010287498928547485,181837500.0,0.30864197530864196,0.03333149652849385
GroupAssignment,00969-group_assignment-p150-pr30-middle.asp,172881,272271,0.634959,0.403173,0.255999,1.574904,2.480323,3.906271,0.401201,0.195221,0.0,0.208184,34161,0.392819,0.20598,0.20598,AMOCLINGO-INF-MR,69.56153,2.626684850088835,6992710.0,679792500.0,0.010286535965018738,209812500.0,0.30864197530864196,0.03332837652666071
GroupAssignment,00970-group_assignment-p150-pr30-middle.asp,141381,221871,0.637222,0.406051,0.258745,1.569313,2.462742,3.864813,0.401468,0.194156,0.0,0.210007,27861,0.391219,0.207312,0.207312,AMOCLINGO-INF-MR,21.878404,5.244126079763405,5689170.0,552897900.0,0.010289729803640056,170647500.0,0.30864197530864196,0.03333872456379378
GroupAssignment,00971-group_assignment-p150-pr30-middle.asp,179631,283071,0.634579,0.402691,0.255539,1.575847,2.483294,3.913292,0.401156,0.195401,0.0,0.207876,35511,0.393089,0.205755,0.205755,AMOCLINGO-INF-MR,69.06403999999999,2.838853200594695,7275078.0,706984200.0,0.010290297859556126,218205000.0,0.30864197530864196,0.03334056506496185
GroupAssignment,00972-group_assignment-p150-pr30-middle.asp,168381,265071,0.63523,0.403517,0.256326,1.574233,2.478211,3.901282,0.401233,0.195093,0.0,0.208402,33261,0.392627,0.20614,0.20614,AMOCLINGO-INF-MR,107.41709,1.5734375042183697,6806928.0,661664700.0,0.010287579192300875,204217500.0,0.30864197530864196,0.03333175658305483
GroupAssignment,00973-group_assignment-p150-pr30-middle.asp,163881,257871,0.635515,0.40388,0.256672,1.573526,2.475984,3.896025,0.401267,0.194959,0.0,0.208633,32361,0.392425,0.206308,0.206308,AMOCLINGO-INF-MR,56.47664,2.957631792542899,6619166.0,643536900.0,0.010285604446302924,198622500.0,0.30864197530864196,0.03332535840602147
GroupAssignment,00975-group_assignment-p150-pr30-middle.asp,206631,326271,0.633311,0.401083,0.25401,1.579003,2.493251,3.936851,0.401005,0.196002,0.0,0.206847,40911,0.393992,0.205003,0.205003,AMOCLINGO-INF-MR,65.0619,5.023872035707535,8391808.0,815751000.0,0.01028721754555005,251775000.0,0.30864197530864196,0.03333058484758217
GroupAssignment,00991-group_assignment-p200-pr30-sat.asp,236431,372571,0.634593,0.402708,0.255556,1.575813,2.483186,3.913036,0.401216,0.195406,0.0,0.207845,46711,0.392973,0.205811,0.205811,AMOCLINGO-INF-MR,25.43165,1.632249971983729,2386573.0,928065600.0,0.002571556364119088,286440000.0,0.30864197530864196,0.008331842619745846
GroupAssignment,00992-group_assignment-p200-pr30-sat.asp,239431,377371,0.634471,0.402554,0.255409,1.576116,2.484141,3.915294,0.401201,0.195463,0.0,0.207747,47311,0.393061,0.205738,0.205738,AMOCLINGO-INF-MR,36.36044,1.6470972298465036,2417991.0,940118400.0,0.0025720068876430883,290160000.0,0.30864197530864196,0.008333302315963607
GroupAssignment,00994-group_assignment-p200-pr30-sat.asp,215431,338971,0.635544,0.403916,0.256707,1.573455,2.475761,3.895499,0.401335,0.194958,0.0,0.20861,42511,0.392288,0.206377,0.206377,AMOCLINGO-INF-MR,27.8157,1.2578885305780547,2169954.0,843696000.0,0.0025719619388974227,260400000.0,0.30864197530864196,0.00833315668202765
GroupAssignment,00995-group_assignment-p200-pr30-sat.asp,224431,353371,0.635114,0.40337,0.256186,1.57452,2.479112,3.90341,0.401281,0.19516,0.0,0.208264,44311,0.392597,0.206121,0.206121,AMOCLINGO-INF-MR,19.92375,1.9478185582533407,2263417.0,879854400.0,0.0025724904029575803,271560000.0,0.30864197530864196,0.00833486890558256
GroupAssignment,00996-group_assignment-p200-pr30-middle.asp,224431,353371,0.635114,0.40337,0.256186,1.57452,2.479112,3.90341,0.401281,0.19516,0.0,0.208264,44311,0.392597,0.206121,0.206121,AMOCLINGO-INF-MR,86.05837,3.5653559322585355,9055564.0,879854400.0,0.010292116513823196,271560000.0,0.30864197530864196,0.03334645750478715
GroupAssignment,00997-group_assignment-p200-pr30-middle.asp,260431,410971,0.633697,0.401572,0.254475,1.578042,2.490216,3.929665,0.401104,0.195829,0.0,0.207122,51511,0.393621,0.205275,0.205275,AMOCLINGO-INF-MR,188.61223,2.878151432704019,10542543.0,1024488000.0,0.010290548059128072,316200000.0,0.30864197530864196,0.03334137571157495
GroupAssignment,00998-group_assignment-p200-pr30-middle.asp,221431,348571,0.635254,0.403547,0.256355,1.574174,2.478025,3.900843,0.401299,0.195095,0.0,0.208376,43711,0.392497,0.206204,0.206204,AMOCLINGO-INF-MR,119.80215,3.1224910404362527,8927790.0,867801600.0,0.010287823852825347,267840000.0,0.30864197530864196,0.03333254928315412
GroupAssignment,00999-group_assignment-p200-pr30-middle.asp,233431,367771,0.634718,0.402867,0.255707,1.575502,2.482206,3.910721,0.401232,0.195347,0.0,0.207946,46111,0.392883,0.205885,0.205885,AMOCLINGO-INF-MR,145.27373,1.3506924479739042,9420782.0,916012800.0,0.010284552792275392,282720000.0,0.30864197530864196,0.03332195104697227
GroupAssignment,01000-group_assignment-p200-pr30-middle.asp,233431,367771,0.634718,0.402867,0.255707,1.575502,2.482206,3.910721,0.401232,0.195347,0.0,0.207946,46111,0.392883,0.205885,0.205885,AMOCLINGO-INF-MR,137.43568,2.932682037153671,9427133.0,916012800.0,0.010291486101504259,282720000.0,0.30864197530864196,0.033344414968873796
GroupAssignment,01001-group_assignment-p200-pr30-middle.asp,242431,382171,0.634352,0.402403,0.255265,1.576411,2.485073,3.917497,0.401186,0.19552,0.0,0.207651,47911,0.393147,0.205667,0.205667,AMOCLINGO-INF-MR,153.57314,2.751493978699661,9793576.0,952171200.0,0.010285520082943067,293880000.0,0.30864197530864196,0.033325085068735535
GroupAssignment,01002-group_assignment-p200-pr30-middle.asp,251431,396571,0.634013,0.401972,0.254855,1.577256,2.487736,3.923796,0.401144,0.19568,0.0,0.207377,49711,0.393392,0.205464,0.205464,AMOCLINGO-INF-MR,125.26955,3.421462438397839,10167830.0,988329600.0,0.010287893836226296,305040000.0,0.30864197530864196,0.0333327760293732
GroupAssignment,01003-group_assignment-p200-pr30-middle.asp,203431,319771,0.636177,0.404721,0.257474,1.571889,2.470836,3.88388,0.401414,0.194661,0.0,0.209118,40111,0.391833,0.206753,0.206753,AMOCLINGO-INF-MR,77.13306,3.295427667461916,8185425.0,795484800.0,0.010289857204059713,245520000.0,0.30864197530864196,0.03333913734115347
GroupAssignment,01004-group_assignment-p200-pr30-middle.asp,266431,420571,0.633498,0.40132,0.254236,1.578536,2.491777,3.93336,0.401079,0.195923,0.0,0.206962,52711,0.393764,0.205156,0.205156,AMOCLINGO-INF-MR,91.98387,6.739134046001761,10788983.0,1048593600.0,0.010289003289739704,323640000.0,0.30864197530864196,0.033336370658756644
GroupAssignment,01005-group_assignment-p200-pr30-middle.asp,215431,338971,0.635544,0.403916,0.256707,1.573455,2.475761,3.895499,0.401335,0.194958,0.0,0.20861,42511,0.392288,0.206377,0.206377,AMOCLINGO-INF-MR,41.27785,6.455177534682645,8679244.0,843696000.0,0.010287169786273729,260400000.0,0.30864197530864196,0.033330430107526884
GroupAssignment,01021-group_assignment-p250-pr30-sat.asp,314231,495671,0.633951,0.401894,0.254781,1.57741,2.488221,3.924944,0.40117,0.195716,0.0,0.207303,62111,0.393376,0.205454,0.205454,AMOCLINGO-INF-MR,26.30242,1.5570232701021425,3172000.0,1233419400.0,0.0025717124280678575,380685000.0,0.30864197530864196,0.008332348266939859
GroupAssignment,01022-group_assignment-p250-pr30-sat.asp,317981,501671,0.633844,0.401758,0.254652,1.577676,2.489062,3.926933,0.401156,0.195766,0.0,0.207217,62861,0.393454,0.20539,0.20539,AMOCLINGO-L,43.57132,1.7201018927129128,3210733.0,1248461100.0,0.002571752535982098,385327500.0,0.30864197530864196,0.008332478216581998
GroupAssignment,01023-group_assignment-p250-pr30-sat.asp,291731,459671,0.634652,0.402783,0.255627,1.575667,2.482727,3.911953,0.40126,0.195385,0.0,0.207866,57611,0.392865,0.205875,0.205875,AMOCLINGO-L,37.499840000000006,1.9846319344295864,2940548.0,1143169200.0,0.0025722771397269978,352830000.0,0.30864197530864196,0.008334177932715472
GroupAssignment,01025-group_assignment-p250-pr30-sat.asp,287981,453671,0.634779,0.402945,0.255781,1.57535,2.481729,3.909593,0.401276,0.195325,0.0,0.207969,56861,0.392772,0.205951,0.205951,AMOCLINGO-INF-MR,35.95643,1.6498273048798229,2902335.0,1128127500.0,0.0025727012239308055,348187500.0,0.30864197530864196,0.008335551965535811
GroupAssignment,01026-group_assignment-p250-pr30-middle.asp,276731,435671,0.635183,0.403458,0.25627,1.574348,2.478573,3.902137,0.401328,0.195135,0.0,0.208293,54611,0.392479,0.206193,0.206193,AMOCLINGO-INF-MR,96.41743,3.959637795780286,11142487.0,1083002400.0,0.010288515519448526,334260000.0,0.30864197530864196,0.03333479028301322
GroupAssignment,01027-group_assignment-p250-pr30-middle.asp,269231,423671,0.635472,0.403824,0.256619,1.573634,2.476323,3.896826,0.401365,0.195,0.0,0.208524,53111,0.392269,0.206366,0.206366,AMOCLINGO-INF-MR,120.92173,2.5182276998517965,10829591.0,1052919000.0,0.010285303048002743,324975000.0,0.30864197530864196,0.033324381875528886
GroupAssignment,01028-group_assignment-p250-pr30-middle.asp,261731,411671,0.635777,0.404213,0.256989,1.572878,2.473946,3.891216,0.401404,0.194857,0.0,0.208768,51611,0.392048,0.206548,0.206548,AMOCLINGO-INF-MR,254.04777,1.9707237737217689,10521173.0,1022835600.0,0.010286279632816848,315690000.0,0.30864197530864196,0.033327546010326586
GroupAssignment,01029-group_assignment-p250-pr30-middle.asp,250481,393671,0.63627,0.404839,0.257587,1.57166,2.470116,3.882182,0.401468,0.194626,0.0,0.209162,49361,0.39169,0.206842,0.206842,AMOCLINGO-INF-MR,78.89402999999999,4.889286172857441,10057962.0,977710500.0,0.010287259879074634,301762500.0,0.30864197530864196,0.033330722008201814
GroupAssignment,01030-group_assignment-p250-pr30-middle.asp,261731,411671,0.635777,0.404213,0.256989,1.572878,2.473946,3.891216,0.401404,0.194857,0.0,0.208768,51611,0.392048,0.206548,0.206548,AMOCLINGO-INF-MR,55.90003,7.271446187059292,10524657.0,1022835600.0,0.010289685849808121,315690000.0,0.30864197530864196,0.033338582153378316
GroupAssignment,01031-group_assignment-p250-pr30-middle.asp,276731,435671,0.635183,0.403458,0.25627,1.574348,2.478573,3.902137,0.401328,0.195135,0.0,0.208293,54611,0.392479,0.206193,0.206193,AMOCLINGO-INF-MR,145.10000000000002,3.657808270158511,11142739.0,1083002400.0,0.010288748205913486,334260000.0,0.30864197530864196,0.0333355441871597
GroupAssignment,01032-group_assignment-p250-pr30-middle.asp,321731,507671,0.633739,0.401625,0.254526,1.577936,2.489883,3.928876,0.401143,0.195816,0.0,0.207133,63611,0.393531,0.205327,0.205327,AMOCLINGO-INF-MR,174.59156,5.528318035533906,13000066.0,1263502800.0,0.010288909529919522,389970000.0,0.30864197530864196,0.033336066876939255
GroupAssignment,01033-group_assignment-p250-pr30-middle.asp,302981,477671,0.634288,0.402321,0.255188,1.576571,2.485576,3.918686,0.401213,0.195557,0.0,0.207574,59861,0.39313,0.205656,0.205656,AMOCLINGO-INF-MR,131.69204,5.783273157587961,12221795.0,1188294300.0,0.010285158314737352,366757500.0,0.30864197530864196,0.03332391293974902
GroupAssignment,01034-group_assignment-p250-pr30-middle.asp,344231,543671,0.63316,0.400892,0.253829,1.579378,2.494436,3.939658,0.401068,0.196089,0.0,0.206666,68111,0.393953,0.204979,0.204979,AMOCLINGO-INF-MR,337.46562,2.487127873944611,13929328.0,1353753000.0,0.010289416163805363,417825000.0,0.30864197530864196,0.03333770837072937
GroupAssignment,01035-group_assignment-p250-pr30-middle.asp,284231,447671,0.63491,0.403111,0.25594,1.575025,2.480705,3.907172,0.401293,0.195264,0.0,0.208074,56111,0.392677,0.20603,0.20603,AMOCLINGO-INF-MR,336.91145,1.6279581177784253,11450403.0,1113085800.0,0.01028708029515784,343545000.0,0.30864197530864196,0.0333301401563114
GroupAssignment,01036-group_assignment-p250-pr30-punsat.asp,317981,501671,0.633844,0.401758,0.254652,1.577676,2.489062,3.926933,0.401156,0.195766,0.0,0.207217,62861,0.393454,0.20539,0.20539,AMOCLINGO-INF-MR,545.4000599999999,2.209469557080724,346863229.0,1248461100.0,0.2778326285056058,385327500.0,0.30864197530864196,0.9001777163581629
GroupAssignment,01039-group_assignment-p250-pr30-punsat.asp,302981,477671,0.634288,0.402321,0.255188,1.576571,2.485576,3.918686,0.401213,0.195557,0.0,0.207574,59861,0.39313,0.205656,0.205656,AMOCLINGO-INF-MR,625.44357,1.9266312786619584,330057573.0,1188294300.0,0.2777574318079284,366757500.0,0.30864197530864196,0.899934079057688
GroupAssignment,01040-group_assignment-p250-pr30-punsat.asp,287981,453671,0.634779,0.402945,0.255781,1.57535,2.481729,3.909593,0.401276,0.195325,0.0,0.207969,56861,0.392772,0.205951,0.205951,AMOCLINGO-INF-MR,501.01418,2.4048429527483632,313372080.0,1128127500.0,0.2777807295717904,348187500.0,0.30864197530864196,0.900009563812601
GroupAssignment,01044-group_assignment-p250-pr30-punsat.asp,269231,423671,0.635472,0.403824,0.256619,1.573634,2.476323,3.896826,0.401365,0.195,0.0,0.208524,53111,0.392269,0.206366,0.206366,AMOCLINGO-INF-MR,513.90823,2.344744953782896,292342237.0,1052919000.0,0.27764931300508394,324975000.0,0.30864197530864196,0.8995837741364721
GroupAssignment,01051-group_assignment-p300-pr30-sat.asp,336531,529971,0.634999,0.403224,0.256047,1.574806,2.480014,3.90554,0.40133,0.195227,0.0,0.208126,66411,0.392567,0.206103,0.206103,AMOCLINGO-INF-MR,51.22462,1.40147803927096,3394589.0,1319781600.0,0.0025720838963052676,407340000.0,0.30864197530864196,0.008333551824029067
GroupAssignment,01052-group_assignment-p300-pr30-sat.asp,372531,587571,0.634019,0.40198,0.254863,1.577241,2.487688,3.923682,0.401202,0.195688,0.0,0.207341,73611,0.393285,0.205513,0.205513,AMOCLINGO-INF-MR,87.39906,1.8995739771114244,3766868.0,1464415200.0,0.0025722677557567008,451980000.0,0.30864197530864196,0.008334147528651711
GroupAssignment,01053-group_assignment-p300-pr30-sat.asp,350031,551571,0.634607,0.402726,0.255573,1.575778,2.483075,3.912774,0.401279,0.195411,0.0,0.207813,69111,0.392854,0.205867,0.205867,AMOCLINGO-INF-MR,49.1076,2.973611416562813,3534341.0,1374019200.0,0.0025722646379322794,424080000.0,0.30864197530864196,0.008334137426900584
GroupAssignment,01054-group_assignment-p300-pr30-sat.asp,408531,645171,0.633214,0.400959,0.253893,1.579246,2.494018,3.938669,0.401096,0.196068,0.0,0.206694,80811,0.393877,0.205027,0.205027,AMOCLINGO-INF-MR,61.93577,1.662857343987166,4138067.0,1609048800.0,0.002571747357817861,496620000.0,0.30864197530864196,0.00833246143932987
GroupAssignment,01055-group_assignment-p300-pr30-sat.asp,305031,479571,0.63605,0.404559,0.25732,1.572204,2.471826,3.886215,0.401467,0.194734,0.0,0.208966,60111,0.3918,0.206733,0.206733,AMOCLINGO-INF-MR,34.20898,2.4943716532910365,3068549.0,1193227200.0,0.0025716384943286577,368280000.0,0.30864197530864196,0.008332108721624851
GroupAssignment,01056-group_assignment-p300-pr30-middle.asp,359031,565971,0.634363,0.402416,0.255278,1.576385,2.484989,3.917299,0.401247,0.195526,0.0,0.207617,70911,0.393033,0.20572,0.20572,AMOCLINGO-INF-MR,360.30357,2.3193524005326958,14510266.0,1410177600.0,0.010289672733420244,435240000.0,0.30864197530864196,0.03333853965628159
GroupAssignment,01057-group_assignment-p300-pr30-middle.asp,368031,580371,0.634131,0.402122,0.254998,1.576962,2.48681,3.921606,0.401216,0.195636,0.0,0.207431,72711,0.393203,0.205581,0.205581,AMOCLINGO-INF-MR,221.21513,5.447091837705677,14879954.0,1446336000.0,0.010288034039116776,446400000.0,0.30864197530864196,0.033333230286738354
GroupAssignment,01058-group_assignment-p300-pr30-middle.asp,341031,537171,0.634865,0.403053,0.255884,1.575138,2.481061,3.908014,0.401312,0.19529,0.0,0.208019,67311,0.392665,0.206022,0.206022,AMOCLINGO-INF-MR,162.30588,4.672288828969105,13764734.0,1337860800.0,0.010288614480669438,412920000.0,0.30864197530864196,0.03333511091736898
GroupAssignment,01059-group_assignment-p300-pr30-middle.asp,318531,501171,0.635573,0.403954,0.256742,1.573382,2.475531,3.894957,0.401405,0.194957,0.0,0.208586,62811,0.392147,0.206448,0.206448,AMOCLINGO-INF-MR,339.3369,2.391793553839856,12833142.0,1247464800.0,0.010287378048663177,385020000.0,0.30864197530864196,0.033331104877668695
GroupAssignment,01060-group_assignment-p300-pr30-middle.asp,264531,414771,0.637776,0.406758,0.259421,1.567949,2.458463,3.854743,0.401692,0.193928,0.0,0.210338,52011,0.390544,0.207764,0.207764,AMOCLINGO-INF-MR,62.83649,7.256121244200623,10605157.0,1030514400.0,0.010291129362190378,318060000.0,0.30864197530864196,0.033343259133496825
GroupAssignment,01061-group_assignment-p300-pr30-middle.asp,345531,544371,0.634734,0.402888,0.255727,1.575462,2.482081,3.910424,0.401295,0.195352,0.0,0.207915,68211,0.392761,0.205944,0.205944,AMOCLINGO-INF-MR,190.54481,3.6621334897549818,13949993.0,1355940000.0,0.010288060681151083,418500000.0,0.30864197530864196,0.03333331660692951
GroupAssignment,01062-group_assignment-p300-pr30-middle.asp,296031,465171,0.636392,0.404994,0.257735,1.571359,2.469169,3.879952,0.401512,0.194574,0.0,0.209238,58311,0.39155,0.206938,0.206938,AMOCLINGO-INF-MR,218.32694,2.473585257046153,11906612.0,1157068800.0,0.010290323272047435,357120000.0,0.30864197530864196,0.03334064740143369
GroupAssignment,01063-group_assignment-p300-pr30-middle.asp,336531,529971,0.634999,0.403224,0.256047,1.574806,2.480014,3.90554,0.40133,0.195227,0.0,0.208126,66411,0.392567,0.206103,0.206103,AMOCLINGO-INF-MR,235.78969,1.600568498139168,13575730.0,1319781600.0,0.010286345862072936,407340000.0,0.30864197530864196,0.03332776059311632
GroupAssignment,01064-group_assignment-p300-pr30-middle.asp,377031,594771,0.63391,0.401841,0.254731,1.577512,2.488545,3.92571,0.401187,0.19574,0.0,0.207254,74511,0.393366,0.205447,0.205447,AMOCLINGO-INF-MR,263.15422,3.624742821908765,15251811.0,1482494400.0,0.01028793835578738,457560000.0,0.30864197530864196,0.033332920272751115
GroupAssignment,01065-group_assignment-p300-pr30-middle.asp,287031,450771,0.636756,0.405458,0.258178,1.570461,2.466348,3.873303,0.401559,0.194404,0.0,0.209528,56511,0.391285,0.207155,0.207155,AMOCLINGO-INF-MR,87.98756,6.215438864312183,11530816.0,1120910400.0,0.010287009559372453,345960000.0,0.30864197530864196,0.03332991097236675
GroupAssignment,01067-group_assignment-p300-pr30-punsat.asp,363531,573171,0.634245,0.402267,0.255136,1.576677,2.485911,3.919478,0.401231,0.195582,0.0,0.207523,71811,0.393119,0.20565,0.20565,AMOCLINGO-INF-MR,571.97146,2.105550252454904,396565094.0,1428256800.0,0.27765671691533345,440820000.0,0.30864197530864196,0.8996077628056803
GroupAssignment,01069-group_assignment-p300-pr30-punsat.asp,327531,515571,0.635278,0.403578,0.256385,1.574114,2.477834,3.900392,0.401367,0.195096,0.0,0.20835,64611,0.392363,0.206271,0.206271,AMOCLINGO-INF-MR,595.14566,2.0244616805237223,356570381.0,1283623200.0,0.27778430695238293,396180000.0,0.30864197530864196,0.9000211545257206
GroupAssignment,01070-group_assignment-p300-pr30-punsat.asp,363531,573171,0.634245,0.402267,0.255136,1.576677,2.485911,3.919478,0.401231,0.195582,0.0,0.207523,71811,0.393119,0.20565,0.20565,AMOCLINGO-INF-MR,643.46402,1.8726943225201624,396706362.0,1428256800.0,0.27775562629913614,440820000.0,0.30864197530864196,0.899928229209201
GroupAssignment,01071-group_assignment-p300-pr30-punsat.asp,345531,544371,0.634734,0.402888,0.255727,1.575462,2.482081,3.910424,0.401295,0.195352,0.0,0.207915,68211,0.392761,0.205944,0.205944,AMOCLINGO-INF-MR,562.2076699999999,2.143363357173694,376617916.0,1355940000.0,0.2777541159638332,418500000.0,0.30864197530864196,0.8999233357228196
GroupAssignment,01072-group_assignment-p300-pr30-punsat.asp,368031,580371,0.634131,0.402122,0.254998,1.576962,2.48681,3.921606,0.401216,0.195636,0.0,0.207431,72711,0.393203,0.205581,0.205581,AMOCLINGO-INF-MR,611.70146,1.96991821140986,401762135.0,1446336000.0,0.2777792539216337,446400000.0,0.30864197530864196,0.9000047827060932
GroupAssignment,01074-group_assignment-p300-pr30-punsat.asp,327531,515571,0.635278,0.403578,0.256385,1.574114,2.477834,3.900392,0.401367,0.195096,0.0,0.20835,64611,0.392363,0.206271,0.206271,AMOCLINGO-INF-MR,702.56222,1.7151659037401696,356639258.0,1283623200.0,0.27783796522219295,396180000.0,0.30864197530864196,0.9001950073199051
GroupAssignment,01075-group_assignment-p300-pr30-punsat.asp,345531,544371,0.634734,0.402888,0.255727,1.575462,2.482081,3.910424,0.401295,0.195352,0.0,0.207915,68211,0.392761,0.205944,0.205944,AMOCLINGO-INF-MR,608.8903799999999,1.9788787039138311,376833317.0,1355940000.0,0.2779129732879036,418500000.0,0.30864197530864196,0.9004380334528076
GroupAssignment,01081-group_assignment-p50-pr35-sat.asp,60816,95696,0.635512,0.403876,0.256668,1.573533,2.476007,3.896079,0.400717,0.19485,0.0,0.209007,12076,0.393416,0.205867,0.205867,CLINGO-AMO,0.826623,1.304616493855119,520639.0,236123100.0,0.0022049473346741595,72877500.0,0.30864197530864196,0.007144029364344277
GroupAssignment,01082-group_assignment-p50-pr35-sat.asp,68316,107696,0.634341,0.402389,0.255252,1.576439,2.48516,3.917702,0.400638,0.195415,0.0,0.208019,13576,0.394139,0.205223,0.205223,CLINGO-AMO,0.956877,1.2734478935119145,586580.0,266012100.0,0.0022050876633055412,82102500.0,0.30864197530864196,0.007144484029109954
GroupAssignment,01083-group_assignment-p50-pr35-sat.asp,66816,105296,0.634554,0.402659,0.255509,1.57591,2.483492,3.91376,0.400653,0.195312,0.0,0.208199,13276,0.394007,0.20534,0.20534,CLINGO-AMO,0.974056,1.2183714283367693,572982.0,260034300.0,0.002203486232393188,80257500.0,0.30864197530864196,0.007139295392953929
GroupAssignment,01084-group_assignment-p50-pr35-sat.asp,58566,92096,0.635923,0.404399,0.257166,1.572516,2.472808,3.888531,0.400744,0.194652,0.0,0.209354,11626,0.393163,0.206092,0.206092,CLINGO-AMO,0.787034,1.2860422802572695,500815.0,227156400.0,0.0022047144610497435,70110000.0,0.30864197530864196,0.007143274853801169
GroupAssignment,01085-group_assignment-p50-pr35-sat.asp,62316,98096,0.635255,0.403549,0.256357,1.57417,2.478012,3.900814,0.4007,0.194974,0.0,0.208791,12376,0.393575,0.205726,0.205726,CLINGO-AMO,0.8831340000000001,1.2235074179003411,533663.0,242100900.0,0.002204299942709837,74722500.0,0.30864197530864196,0.007141931814379872
GroupAssignment,01087-group_assignment-p50-pr35-middle.asp,63816,100496,0.63501,0.403238,0.25606,1.574777,2.479924,3.905329,0.400683,0.195092,0.0,0.208584,12676,0.393726,0.205591,0.205591,AMOCLINGO-INF-MR,5.132819,2.5016377939685777,2187721.0,248078700.0,0.008818657143882164,76567500.0,0.30864197530864196,0.028572449146178208
GroupAssignment,01088-group_assignment-p50-pr35-middle.asp,66816,105296,0.634554,0.402659,0.255509,1.57591,2.483492,3.91376,0.400653,0.195312,0.0,0.208199,13276,0.394007,0.20534,0.20534,AMOCLINGO-INF-MR,9.01943,1.633885511612153,2292976.0,260034300.0,0.008817975167122183,80257500.0,0.30864197530864196,0.028570239541475875
GroupAssignment,01089-group_assignment-p50-pr35-middle.asp,75816,119696,0.633405,0.401201,0.254123,1.57877,2.492514,3.935105,0.400575,0.195869,0.0,0.207225,15076,0.394719,0.204706,0.204706,AMOCLINGO-INF-MR,7.057225,3.8873275260460014,2609778.0,295901100.0,0.008819764441565105,91327500.0,0.30864197530864196,0.028576036790670938
GroupAssignment,01090-group_assignment-p50-pr35-middle.asp,76566,120896,0.633321,0.401096,0.254022,1.578978,2.49317,3.93666,0.400569,0.195909,0.0,0.207155,15226,0.394771,0.20466,0.20466,AMOCLINGO-INF-MR,10.045356,2.1085738524348963,2635613.0,298890000.0,0.00881800327879822,92250000.0,0.30864197530864196,0.028570330623306234
GroupAssignment,01091-group_assignment-p50-pr35-middle.asp,73566,116096,0.633665,0.401532,0.254437,1.57812,2.490464,3.930251,0.400593,0.195743,0.0,0.207446,14626,0.394557,0.20485,0.20485,AMOCLINGO-INF-MR,9.833475,1.959157571458716,2530235.0,286934400.0,0.008818165406448303,88560000.0,0.30864197530864196,0.028570855916892502
GroupAssignment,01092-group_assignment-p50-pr35-middle.asp,61566,96896,0.635382,0.403711,0.256511,1.573856,2.477022,3.898475,0.400708,0.194913,0.0,0.208898,12226,0.393496,0.205795,0.205795,AMOCLINGO-INF-MR,5.818819,1.490989666459809,2108878.0,239112000.0,0.008819624276489678,73800000.0,0.30864197530864196,0.02857558265582656
GroupAssignment,01093-group_assignment-p50-pr35-middle.asp,72066,113696,0.633848,0.401763,0.254657,1.577665,2.489027,3.92685,0.400605,0.195654,0.0,0.207601,14326,0.394444,0.204951,0.204951,AMOCLINGO-INF-MR,10.242956,1.5475011315093028,2478070.0,280956600.0,0.00882011670129835,86715000.0,0.30864197530864196,0.028577178112206655
GroupAssignment,01094-group_assignment-p50-pr35-middle.asp,64566,101696,0.634892,0.403088,0.255918,1.57507,2.480847,3.907509,0.400675,0.195149,0.0,0.208484,12826,0.393799,0.205526,0.205526,AMOCLINGO-INF-MR,5.297405,2.92064718480086,2213821.0,251067600.0,0.008817629196280204,77490000.0,0.30864197530864196,0.028569118595947865
GroupAssignment,01095-group_assignment-p50-pr35-middle.asp,62316,98096,0.635255,0.403549,0.256357,1.57417,2.478012,3.900814,0.4007,0.194974,0.0,0.208791,12376,0.393575,0.205726,0.205726,AMOCLINGO-INF-MR,4.682479000000001,2.791819675005483,2135194.0,242100900.0,0.008819438506837439,74722500.0,0.30864197530864196,0.028574980762153302
GroupAssignment,01111-group_assignment-p100-pr35-sat.asp,139366,219996,0.633493,0.401314,0.25423,1.578549,2.491816,3.933452,0.400887,0.195887,0.0,0.207088,27626,0.394113,0.205,0.205,CLINGO-AMO,4.026221,2.54773967946618,1209206.0,548402400.0,0.0022049611744952248,169260000.0,0.30864197530864196,0.007144074205364528
GroupAssignment,01112-group_assignment-p100-pr35-sat.asp,128866,203196,0.634196,0.402204,0.255076,1.576801,2.4863,3.9204,0.400959,0.195552,0.0,0.207665,25526,0.393634,0.205407,0.205407,CLINGO-AMO,4.406645,2.2890659447266573,1115940.0,506217600.0,0.002204467011814682,156240000.0,0.30864197530864196,0.00714247311827957
GroupAssignment,01113-group_assignment-p100-pr35-sat.asp,139366,219996,0.633493,0.401314,0.25423,1.578549,2.491816,3.933452,0.400887,0.195887,0.0,0.207088,27626,0.394113,0.205,0.205,CLINGO-AMO,3.793056,2.7060937144086457,1208742.0,548402400.0,0.0022041150804591667,169260000.0,0.30864197530864196,0.007141332860687699
GroupAssignment,01114-group_assignment-p100-pr35-sat.asp,122866,193596,0.634652,0.402783,0.255627,1.575668,2.482729,3.911956,0.401006,0.195335,0.0,0.20804,24326,0.393323,0.205671,0.205671,CLINGO-AMO,3.033807,2.8589432353475352,1063097.0,482112000.0,0.0022050830512412053,148800000.0,0.30864197530864196,0.0071444690860215055
GroupAssignment,01115-group_assignment-p100-pr35-sat.asp,152866,241596,0.632734,0.400352,0.253317,1.580443,2.4978,3.947631,0.400809,0.19625,0.0,0.206462,30326,0.394633,0.204558,0.204558,CLINGO-AMO,5.475846000000001,2.189019194476981,1328927.0,602640000.0,0.0022051755608655252,186000000.0,0.30864197530864196,0.007144768817204301
GroupAssignment,01116-group_assignment-p100-pr35-middle.asp,140866,222396,0.633402,0.401198,0.254119,1.578777,2.492537,3.93516,0.400877,0.195931,0.0,0.207012,27926,0.394176,0.204947,0.204947,AMOCLINGO-INF-MR,18.436286,5.103296618418699,4888642.0,554428800.0,0.008817438776629207,171120000.0,0.30864197530864196,0.028568501636278634
GroupAssignment,01117-group_assignment-p100-pr35-middle.asp,157366,248796,0.63251,0.400069,0.253048,1.581002,2.499568,3.951823,0.400785,0.196358,0.0,0.206277,31226,0.394787,0.204428,0.204428,AMOCLINGO-INF-MR,36.36888,4.286449349003874,5473986.0,620719200.0,0.008818779892743772,191580000.0,0.30864197530864196,0.02857284685248982
GroupAssignment,01118-group_assignment-p100-pr35-middle.asp,160366,253596,0.632368,0.399889,0.252877,1.581358,2.500692,3.954488,0.400771,0.196426,0.0,0.20616,31826,0.394884,0.204345,0.204345,AMOCLINGO-INF-MR,32.452220000000004,4.750667165451239,5579676.0,632772000.0,0.008817830118905388,195300000.0,0.30864197530864196,0.028569769585253455
GroupAssignment,01119-group_assignment-p100-pr35-middle.asp,131866,207996,0.633983,0.401935,0.25482,1.577329,2.487965,3.924338,0.400937,0.195653,0.0,0.207491,26126,0.393779,0.205284,0.205284,AMOCLINGO-INF-MR,18.155062,3.799556729687841,4571337.0,518270400.0,0.008820370601909737,159960000.0,0.30864197530864196,0.028578000750187547
GroupAssignment,01120-group_assignment-p100-pr35-middle.asp,127366,200796,0.634305,0.402343,0.255209,1.576527,2.485439,3.918363,0.40097,0.1955,0.0,0.207756,25226,0.393559,0.205471,0.205471,AMOCLINGO-INF-MR,11.562618,8.575839917914783,4410013.0,500191200.0,0.008816654511314873,154380000.0,0.30864197530864196,0.02856596061666019
GroupAssignment,01121-group_assignment-p100-pr35-middle.asp,125866,198396,0.634418,0.402486,0.255345,1.576248,2.484557,3.916277,0.400982,0.195446,0.0,0.207848,24926,0.393482,0.205536,0.205536,AMOCLINGO-INF-MR,12.982206,6.072863502551107,4357498.0,494164800.0,0.008817904472354162,152520000.0,0.30864197530864196,0.028570010490427483
GroupAssignment,01122-group_assignment-p100-pr35-middle.asp,121366,191196,0.634773,0.402936,0.255773,1.575367,2.481781,3.909717,0.401018,0.195277,0.0,0.208139,24026,0.39324,0.205741,0.205741,AMOCLINGO-INF-MR,16.436477,3.735833840792039,4200688.0,476085600.0,0.008823388062986992,146940000.0,0.30864197530864196,0.028587777324077857
GroupAssignment,01123-group_assignment-p100-pr35-middle.asp,146866,231996,0.633054,0.400757,0.253701,1.579644,2.495275,3.941647,0.400842,0.196097,0.0,0.206726,29126,0.394414,0.204744,0.204744,AMOCLINGO-INF-MR,27.75214,3.87242727948187,5100833.0,578534400.0,0.00881681884430727,178560000.0,0.30864197530864196,0.028566493055555555
GroupAssignment,01124-group_assignment-p100-pr35-middle.asp,149866,236796,0.632891,0.400551,0.253505,1.580052,2.496563,3.944698,0.400825,0.196175,0.0,0.206591,29726,0.394526,0.204649,0.204649,AMOCLINGO-INF-MR,36.89142,1.7946824220916409,5208777.0,590587200.0,0.008819657791431986,182280000.0,0.30864197530864196,0.028575691244239632
GroupAssignment,01125-group_assignment-p100-pr35-middle.asp,143866,227196,0.633224,0.400973,0.253906,1.57922,2.493934,3.93847,0.400859,0.196016,0.0,0.206866,28526,0.394297,0.204843,0.204843,AMOCLINGO-INF-MR,29.18316,3.998289869911277,4995859.0,566481600.0,0.008819101979658298,174840000.0,0.30864197530864196,0.028573890414092886
GroupAssignment,01141-group_assignment-p150-pr35-sat.asp,193166,304696,0.633963,0.401909,0.254796,1.577379,2.488125,3.924716,0.401054,0.195687,0.0,0.207392,38226,0.393579,0.205367,0.205367,AMOCLINGO-INF-MR,15.035511,1.772154002614211,1678216.0,761367600.0,0.0022042125249353926,234990000.0,0.30864197530864196,0.007141648580790672
GroupAssignment,01142-group_assignment-p150-pr35-sat.asp,204416,322696,0.633463,0.401275,0.254193,1.578624,2.492054,3.934016,0.400996,0.195924,0.0,0.206985,40476,0.393932,0.205072,0.205072,AMOCLINGO-INF-MR,16.26438,1.6807532780222796,1779432.0,806687100.0,0.002205851562520338,248977500.0,0.30864197530864196,0.007146959062565895
GroupAssignment,01143-group_assignment-p150-pr35-sat.asp,211166,333496,0.633189,0.400928,0.253863,1.579307,2.494211,3.939126,0.400964,0.196054,0.0,0.206762,41826,0.394126,0.20491,0.20491,AMOCLINGO-INF-MR,15.97188,1.859401523176984,1838496.0,833878800.0,0.002204752057493247,257370000.0,0.30864197530864196,0.007143396666278121
GroupAssignment,01146-group_assignment-p150-pr35-middle.asp,211166,333496,0.633189,0.400928,0.253863,1.579307,2.494211,3.939126,0.400964,0.196054,0.0,0.206762,41826,0.394126,0.20491,0.20491,AMOCLINGO-INF-MR,34.99513,4.933096119374325,7353380.0,833878800.0,0.00881828390408774,257370000.0,0.30864197530864196,0.028571239849244277
GroupAssignment,01147-group_assignment-p150-pr35-middle.asp,184166,290296,0.634408,0.402473,0.255332,1.576274,2.484638,3.91647,0.401106,0.195476,0.0,0.207753,36426,0.393265,0.20563,0.20563,AMOCLINGO-INF-MR,40.23318,3.6402531442953294,6393953.0,725112000.0,0.008817883306303027,223800000.0,0.30864197530864196,0.028569941912421806
GroupAssignment,01148-group_assignment-p150-pr35-middle.asp,220166,347896,0.63285,0.400499,0.253456,1.580153,2.496884,3.945459,0.400925,0.196216,0.0,0.206485,43626,0.394366,0.204709,0.204709,AMOCLINGO-INF-MR,70.17352,3.622945093818865,7673818.0,870134400.0,0.008819118058083901,268560000.0,0.30864197530864196,0.028573942508191837
GroupAssignment,01149-group_assignment-p150-pr35-middle.asp,188666,297496,0.63418,0.402184,0.255057,1.576839,2.486423,3.92069,0.401079,0.195584,0.0,0.207568,37326,0.393425,0.205495,0.205495,AMOCLINGO-INF-MR,24.68451,8.181228227742825,6553227.0,743239800.0,0.008817109901810963,229395000.0,0.30864197530864196,0.02856743608186752
GroupAssignment,01150-group_assignment-p150-pr35-middle.asp,175166,275896,0.634899,0.403096,0.255925,1.575055,2.480797,3.90739,0.401162,0.195243,0.0,0.208151,34626,0.392919,0.205919,0.205919,AMOCLINGO-INF-MR,26.10991,5.491621763537293,6075858.0,688856400.0,0.008820209843444875,212610000.0,0.30864197530864196,0.028577479892761395
GroupAssignment,01151-group_assignment-p150-pr35-middle.asp,197666,311896,0.633756,0.401647,0.254546,1.577894,2.48975,3.928561,0.40103,0.195785,0.0,0.207223,39126,0.393725,0.205245,0.205245,AMOCLINGO-INF-MR,31.605880000000003,5.7121247691885175,6874139.0,779495400.0,0.008818703740907258,240585000.0,0.30864197530864196,0.02857260012053952
GroupAssignment,01152-group_assignment-p150-pr35-middle.asp,224666,355096,0.632691,0.400298,0.253265,1.580551,2.49814,3.948438,0.400906,0.196291,0.0,0.206355,44526,0.394479,0.204615,0.204615,AMOCLINGO-INF-MR,85.58530999999999,3.710441079199223,7832542.0,888262200.0,0.008817826538155063,274155000.0,0.30864197530864196,0.028569757983622403
GroupAssignment,01153-group_assignment-p150-pr35-middle.asp,197666,311896,0.633756,0.401647,0.254546,1.577894,2.48975,3.928561,0.40103,0.195785,0.0,0.207223,39126,0.393725,0.205245,0.205245,AMOCLINGO-INF-MR,33.18106,4.901475721390456,6871708.0,779495400.0,0.008815585056691803,240585000.0,0.30864197530864196,0.028562495583681444
GroupAssignment,01154-group_assignment-p150-pr35-middle.asp,224666,355096,0.632691,0.400298,0.253265,1.580551,2.49814,3.948438,0.400906,0.196291,0.0,0.206355,44526,0.394479,0.204615,0.204615,AMOCLINGO-INF-MR,116.63122,2.533351275927663,7834141.0,888262200.0,0.00881962668230169,274155000.0,0.30864197530864196,0.028575590450657475
GroupAssignment,01155-group_assignment-p150-pr35-middle.asp,211166,333496,0.633189,0.400928,0.253863,1.579307,2.494211,3.939126,0.400964,0.196054,0.0,0.206762,41826,0.394126,0.20491,0.20491,AMOCLINGO-INF-MR,73.9056,2.9343800740403974,7355295.0,833878800.0,0.008820580400892791,257370000.0,0.30864197530864196,0.028578680498892645
GroupAssignment,01171-group_assignment-p200-pr35-sat.asp,284466,449396,0.632996,0.400684,0.253632,1.579788,2.49573,3.942725,0.400997,0.196157,0.0,0.206566,56326,0.394163,0.20484,0.20484,AMOCLINGO-INF-MR,22.690810000000003,2.778310249832421,2470778.0,1120910400.0,0.0022042600371983347,345960000.0,0.30864197530864196,0.007141802520522603
GroupAssignment,01172-group_assignment-p200-pr35-sat.asp,308466,487796,0.632367,0.399888,0.252876,1.581361,2.500702,3.954511,0.400919,0.196456,0.0,0.206055,61126,0.394617,0.204463,0.204463,AMOCLINGO-INF-MR,31.37435,2.4367352949144765,2683749.0,1217332800.0,0.002204614054595424,375720000.0,0.30864197530864196,0.007142949536889173
GroupAssignment,01173-group_assignment-p200-pr35-sat.asp,284466,449396,0.632996,0.400684,0.253632,1.579788,2.49573,3.942725,0.400997,0.196157,0.0,0.206566,56326,0.394163,0.20484,0.20484,AMOCLINGO-INF-MR,22.90244,3.236996145388876,2471007.0,1120910400.0,0.002204464335418781,345960000.0,0.30864197530864196,0.0071424644467568505
GroupAssignment,01174-group_assignment-p200-pr35-sat.asp,260466,410996,0.633743,0.401631,0.254531,1.577926,2.48985,3.928798,0.401089,0.195803,0.0,0.207171,51526,0.393625,0.205286,0.205286,AMOCLINGO-INF-MR,21.303,2.289253344599352,2257615.0,1024488000.0,0.002203651970545287,316200000.0,0.30864197530864196,0.00713983238456673
GroupAssignment,01175-group_assignment-p200-pr35-sat.asp,257466,406196,0.633847,0.401762,0.254655,1.577669,2.489038,3.926877,0.401102,0.195754,0.0,0.207255,50926,0.393551,0.205348,0.205348,AMOCLINGO-INF-MR,20.28614,1.978823028925168,2231882.0,1012435200.0,0.002204468987249752,312480000.0,0.30864197530864196,0.007142479518689196
GroupAssignment,01176-group_assignment-p200-pr35-middle.asp,215466,338996,0.6356,0.403988,0.256775,1.573316,2.475322,3.894462,0.401316,0.194926,0.0,0.208669,42526,0.392294,0.20639,0.20639,AMOCLINGO-INF-MR,42.53661,6.650252335576342,7441481.0,843696000.0,0.008820097523278527,260400000.0,0.30864197530864196,0.028577115975422427
GroupAssignment,01177-group_assignment-p200-pr35-middle.asp,275466,434996,0.633261,0.401019,0.25395,1.579128,2.493644,3.937783,0.40103,0.196031,0.0,0.206781,54526,0.393972,0.204998,0.204998,AMOCLINGO-INF-MR,74.2285,6.591229783708414,9565603.0,1084752000.0,0.008818239560747525,334800000.0,0.30864197530864196,0.028571096176821985
GroupAssignment,01178-group_assignment-p200-pr35-middle.asp,251466,396596,0.634061,0.402033,0.254913,1.577136,2.487357,3.922899,0.401128,0.195653,0.0,0.207428,49726,0.393397,0.205475,0.205475,AMOCLINGO-INF-MR,129.91968,2.7981011036973,8715211.0,988329600.0,0.008818122011118559,305040000.0,0.30864197530864196,0.028570715316024127
GroupAssignment,01179-group_assignment-p200-pr35-middle.asp,269466,425396,0.633447,0.401256,0.254174,1.578663,2.492177,3.934307,0.401052,0.195943,0.0,0.206931,53326,0.393838,0.205109,0.205109,AMOCLINGO-INF-MR,110.4457,2.860265596578228,9353158.0,1060646400.0,0.00881835642868349,327360000.0,0.30864197530864196,0.028571474828934507
GroupAssignment,01180-group_assignment-p200-pr35-middle.asp,296466,468596,0.632669,0.40027,0.253238,1.580606,2.498316,3.948854,0.400957,0.196313,0.0,0.2063,58726,0.394399,0.204644,0.204644,AMOCLINGO-INF-MR,125.37875,4.004048293670179,10309456.0,1169121600.0,0.008818121228792625,360840000.0,0.30864197530864196,0.028570712781288105
GroupAssignment,01181-group_assignment-p200-pr35-middle.asp,281466,444596,0.633083,0.400794,0.253735,1.579573,2.49505,3.941112,0.401008,0.196116,0.0,0.206636,55726,0.394101,0.204892,0.204892,AMOCLINGO-INF-MR,109.10404,3.3808852541115804,9778867.0,1108857600.0,0.008818866372021079,342240000.0,0.30864197530864196,0.028573127045348295
GroupAssignment,01182-group_assignment-p200-pr35-middle.asp,248466,391796,0.634172,0.402174,0.255047,1.57686,2.486486,3.92084,0.401141,0.1956,0.0,0.207517,49126,0.393317,0.205541,0.205541,AMOCLINGO-INF-MR,73.81213,4.423522393947986,8609232.0,976276800.0,0.008818433460674268,301320000.0,0.30864197530864196,0.028571724412584626
GroupAssignment,01183-group_assignment-p200-pr35-middle.asp,263466,415796,0.633642,0.401503,0.254409,1.578177,2.490643,3.930675,0.401076,0.195851,0.0,0.207089,52126,0.393698,0.205226,0.205226,AMOCLINGO-INF-MR,53.04265,7.626384805434871,9138974.0,1036540800.0,0.008816801036678923,319920000.0,0.30864197530864196,0.02856643535883971
GroupAssignment,01184-group_assignment-p200-pr35-middle.asp,269466,425396,0.633447,0.401256,0.254174,1.578663,2.492177,3.934307,0.401052,0.195943,0.0,0.206931,53326,0.393838,0.205109,0.205109,AMOCLINGO-INF-MR,103.42652,3.2889535681950823,9353170.0,1060646400.0,0.00881836774253889,327360000.0,0.30864197530864196,0.028571511485826002
GroupAssignment,01185-group_assignment-p200-pr35-middle.asp,308466,487796,0.632367,0.399888,0.252876,1.581361,2.500702,3.954511,0.400919,0.196456,0.0,0.206055,61126,0.394617,0.204463,0.204463,AMOCLINGO-INF-MR,114.43177,4.338572321305525,10732404.0,1217332800.0,0.008816326973199113,375720000.0,0.30864197530864196,0.028564899393165123
GroupAssignment,01201-group_assignment-p250-pr35-sat.asp,321766,507696,0.633777,0.401673,0.254571,1.577842,2.489586,3.928174,0.40113,0.195794,0.0,0.207172,63626,0.393534,0.205336,0.205336,AMOCLINGO-INF-MR,26.41057,3.411831323595061,2784301.0,1263502800.0,0.0022036365886961232,389970000.0,0.30864197530864196,0.007139782547375439
GroupAssignment,01202-group_assignment-p250-pr35-sat.asp,329266,519696,0.633574,0.401416,0.254327,1.578347,2.491179,3.931945,0.401104,0.19589,0.0,0.207009,65126,0.393682,0.205214,0.205214,AMOCLINGO-INF-MR,25.94798,2.96282909112771,2851764.0,1293586200.0,0.002204541143064142,399255000.0,0.30864197530864196,0.00714271330352782
GroupAssignment,01203-group_assignment-p250-pr35-sat.asp,355516,561696,0.632933,0.400604,0.253556,1.579946,2.496229,3.943906,0.401023,0.196194,0.0,0.206491,70376,0.394148,0.204829,0.204829,AMOCLINGO-INF-MR,32.7719,3.0271198801412185,3083004.0,1398878100.0,0.00220391183477674,431752500.0,0.30864197530864196,0.0071406743446766376
GroupAssignment,01204-group_assignment-p250-pr35-sat.asp,344266,543696,0.633196,0.400937,0.253872,1.57929,2.494158,3.939,0.401056,0.196069,0.0,0.206704,68126,0.393957,0.204987,0.204987,AMOCLINGO-INF-MR,28.64131,2.777159983254956,2985234.0,1353753000.0,0.002205154116001959,417825000.0,0.30864197530864196,0.007144699335846347
GroupAssignment,01205-group_assignment-p250-pr35-sat.asp,363016,573696,0.632767,0.400394,0.253356,1.58036,2.497538,3.947009,0.401002,0.196272,0.0,0.206357,71876,0.394269,0.204729,0.204729,AMOCLINGO-INF-MR,32.02607,3.5882076695642025,3150677.0,1428961500.0,0.0022048718597386984,441037500.0,0.30864197530864196,0.007143784825553383
GroupAssignment,01206-group_assignment-p250-pr35-middle.asp,355516,561696,0.632933,0.400604,0.253556,1.579946,2.496229,3.943906,0.401023,0.196194,0.0,0.206491,70376,0.394148,0.204829,0.204829,AMOCLINGO-INF-MR,580.82628,1.3668554046831352,12331974.0,1398878100.0,0.008815617315046965,431752500.0,0.30864197530864196,0.028562600100752168
GroupAssignment,01207-group_assignment-p250-pr35-middle.asp,333016,525696,0.633476,0.401292,0.254209,1.578591,2.491949,3.933768,0.401092,0.195937,0.0,0.20693,65876,0.393753,0.205155,0.205155,AMOCLINGO-INF-MR,96.31334,6.384480384544862,11539569.0,1308627900.0,0.008818067381873794,403897500.0,0.30864197530864196,0.02857053831727109
GroupAssignment,01208-group_assignment-p250-pr35-middle.asp,333016,525696,0.633476,0.401292,0.254209,1.578591,2.491949,3.933768,0.401092,0.195937,0.0,0.20693,65876,0.393753,0.205155,0.205155,AMOCLINGO-INF-MR,50.83161,11.86975978136439,11535538.0,1308627900.0,0.008814987056290026,403897500.0,0.30864197530864196,0.028560558062379688
GroupAssignment,01209-group_assignment-p250-pr35-middle.asp,303016,477696,0.634328,0.402372,0.255236,1.576471,2.485261,3.917943,0.4012,0.195534,0.0,0.207616,59876,0.393134,0.205666,0.205666,AMOCLINGO-INF-MR,369.24658,1.516484431622901,10480294.0,1188294300.0,0.008819611438008244,366757500.0,0.30864197530864196,0.02857554105914671
GroupAssignment,01210-group_assignment-p250-pr35-middle.asp,303016,477696,0.634328,0.402372,0.255236,1.576471,2.485261,3.917943,0.4012,0.195534,0.0,0.207616,59876,0.393134,0.205666,0.205666,AMOCLINGO-INF-MR,106.28771,2.913794642861343,10479783.0,1188294300.0,0.00881918140985781,366757500.0,0.30864197530864196,0.028574147767939307
GroupAssignment,01211-group_assignment-p250-pr35-middle.asp,325516,513696,0.633674,0.401543,0.254448,1.578098,2.490392,3.930081,0.401117,0.195843,0.0,0.20709,64376,0.393609,0.205274,0.205274,AMOCLINGO-INF-MR,114.01425,6.060494017195219,11274542.0,1278544500.0,0.008818263267332501,394612500.0,0.30864197530864196,0.028571172986157307
GroupAssignment,01212-group_assignment-p250-pr35-middle.asp,318016,501696,0.633882,0.401806,0.254698,1.577581,2.488762,3.926223,0.401143,0.195745,0.0,0.207257,62876,0.393458,0.205398,0.205398,AMOCLINGO-INF-MR,136.41671000000002,4.253593273140805,11012273.0,1248461100.0,0.008820677712745716,385327500.0,0.30864197530864196,0.028578995789296117
GroupAssignment,01213-group_assignment-p250-pr35-middle.asp,310516,489696,0.6341,0.402082,0.25496,1.57704,2.487054,3.922182,0.401171,0.195642,0.0,0.207432,61376,0.3933,0.205529,0.205529,AMOCLINGO-INF-MR,79.97943,3.792716827314224,10743830.0,1218377700.0,0.008818143995905374,376042500.0,0.30864197530864196,0.028570786546733413
GroupAssignment,01214-group_assignment-p250-pr35-middle.asp,314266,495696,0.633989,0.401943,0.254827,1.577313,2.487918,3.924226,0.401157,0.195694,0.0,0.207343,62126,0.39338,0.205463,0.205463,AMOCLINGO-INF-MR,105.25558,4.937589817090933,10876443.0,1233419400.0,0.008818122205634191,380685000.0,0.30864197530864196,0.028570715946254776
GroupAssignment,01215-group_assignment-p250-pr35-middle.asp,385516,609696,0.632309,0.399814,0.252806,1.581506,2.501162,3.955604,0.400943,0.19649,0.0,0.205986,76376,0.394604,0.204453,0.204453,AMOCLINGO-INF-MR,193.96292,5.527338627403629,13400567.0,1519211700.0,0.008820737096745634,468892500.0,0.30864197530864196,0.028579188193455857
GroupAssignment,01218-group_assignment-p250-pr35-punsat.asp,374266,591696,0.632531,0.400095,0.253073,1.58095,2.499404,3.951434,0.400972,0.196384,0.0,0.206166,74126,0.394441,0.204587,0.204587,AMOCLINGO-INF-MR,547.52464,2.2008326346737563,409481777.0,1474086600.0,0.2777867847112917,454965000.0,0.30864197530864196,0.9000291824645852
GroupAssignment,01219-group_assignment-p250-pr35-punsat.asp,363016,573696,0.632767,0.400394,0.253356,1.58036,2.497538,3.947009,0.401002,0.196272,0.0,0.206357,71876,0.394269,0.204729,0.204729,AMOCLINGO-INF-MR,525.68227,2.292017191296941,396977611.0,1428961500.0,0.277808472096694,441037500.0,0.30864197530864196,0.9000994495932886
GroupAssignment,01220-group_assignment-p250-pr35-punsat.asp,340516,537696,0.633287,0.401053,0.253982,1.579062,2.493438,3.937294,0.401068,0.196026,0.0,0.206777,67376,0.39389,0.205042,0.205042,AMOCLINGO-INF-MR,562.97383,2.1404315330252563,371808460.0,1338711300.0,0.27773610337045784,413182500.0,0.30864197530864196,0.8998649749202834
GroupAssignment,01222-group_assignment-p250-pr35-punsat.asp,336766,531696,0.633381,0.401171,0.254094,1.578829,2.492702,3.93555,0.40108,0.195982,0.0,0.206853,66626,0.393822,0.205098,0.205098,AMOCLINGO-INF-MR,495.35365,2.4321730161875257,367745490.0,1323669600.0,0.27782272101738986,408540000.0,0.30864197530864196,0.900145616096343
GroupAssignment,01224-group_assignment-p250-pr35-punsat.asp,333016,525696,0.633476,0.401292,0.254209,1.578591,2.491949,3.933768,0.401092,0.195937,0.0,0.20693,65876,0.393753,0.205155,0.205155,AMOCLINGO-INF-MR,601.46939,2.0034059422375594,363625394.0,1308627900.0,0.277867676518283,403897500.0,0.30864197530864196,0.900291271919237
GroupAssignment,01231-group_assignment-p300-pr35-sat.asp,386066,609196,0.63373,0.401614,0.254515,1.577958,2.489952,3.92904,0.401149,0.195821,0.0,0.207117,76326,0.393523,0.205328,0.205328,AMOCLINGO-INF-MR,32.17357,4.022338832774853,3347314.0,1518652800.0,0.0022041338217662393,468720000.0,0.30864197530864196,0.007141393582522615
GroupAssignment,01232-group_assignment-p300-pr35-sat.asp,476066,753196,0.632061,0.399501,0.252509,1.582125,2.50312,3.960249,0.400932,0.196611,0.0,0.205772,94326,0.394748,0.20432,0.20432,AMOCLINGO-INF-MR,53.71785,1.8279689153605363,4145659.0,1880236800.0,0.002204860047415304,580320000.0,0.30864197530864196,0.007143746553625586
GroupAssignment,01233-group_assignment-p300-pr35-sat.asp,404066,637996,0.633336,0.401115,0.254041,1.57894,2.493052,3.936379,0.401098,0.196008,0.0,0.2068,79926,0.393812,0.20509,0.20509,AMOCLINGO-INF-MR,44.61664,3.1671117098911976,3506429.0,1590969600.0,0.0022039572597741656,491040000.0,0.30864197530864196,0.007140821521668296
GroupAssignment,01234-group_assignment-p300-pr35-sat.asp,381566,601996,0.633835,0.401747,0.254641,1.577698,2.489132,3.927099,0.401163,0.195772,0.0,0.207201,75426,0.393447,0.20539,0.20539,AMOCLINGO-INF-MR,48.56644,2.43004675656688,3307885.0,1500573600.0,0.0022044136988682195,463140000.0,0.30864197530864196,0.007142300384333031
GroupAssignment,01235-group_assignment-p300-pr35-sat.asp,336566,529996,0.635035,0.403269,0.25609,1.574716,2.479732,3.904874,0.401318,0.195207,0.0,0.208164,66426,0.392571,0.206111,0.206111,AMOCLINGO-INF-MR,30.97274,3.456847214679747,2909476.0,1319781600.0,0.002204513231583165,407340000.0,0.30864197530864196,0.007142622870329455
GroupAssignment,01236-group_assignment-p300-pr35-middle.asp,377066,594796,0.633942,0.401882,0.25477,1.577432,2.488292,3.925111,0.401176,0.195722,0.0,0.207287,74526,0.393369,0.205455,0.205455,AMOCLINGO-INF-MR,465.73716,2.0660927077409927,13066726.0,1482494400.0,0.008814013732530794,457560000.0,0.30864197530864196,0.028557404493399774
GroupAssignment,01237-group_assignment-p300-pr35-middle.asp,363566,573196,0.634279,0.402309,0.255176,1.576594,2.485649,3.918859,0.40122,0.195563,0.0,0.207558,71826,0.393123,0.205657,0.205657,AMOCLINGO-INF-MR,119.4341,7.139917075609059,12596813.0,1428256800.0,0.008819711553272493,440820000.0,0.30864197530864196,0.028575865432602876
GroupAssignment,01238-group_assignment-p300-pr35-middle.asp,449066,709996,0.632491,0.400045,0.253025,1.58105,2.499721,3.952184,0.400988,0.196408,0.0,0.206119,88926,0.394432,0.20458,0.20458,AMOCLINGO-INF-MR,543.73575,2.077897949509481,15622318.0,1771761600.0,0.008817392814021932,546840000.0,0.30864197530864196,0.028568352717431057
GroupAssignment,01239-group_assignment-p300-pr35-middle.asp,435566,688396,0.632726,0.400342,0.253307,1.580463,2.497864,3.947781,0.401018,0.196296,0.0,0.206309,86226,0.394259,0.204722,0.204722,AMOCLINGO-INF-MR,545.69503,2.2077839741366163,15147804.0,1717524000.0,0.008819558853326068,530100000.0,0.30864197530864196,0.028575370684776457
GroupAssignment,01240-group_assignment-p300-pr35-middle.asp,363566,573196,0.634279,0.402309,0.255176,1.576594,2.485649,3.918859,0.40122,0.195563,0.0,0.207558,71826,0.393123,0.205657,0.205657,AMOCLINGO-INF-MR,152.83271,5.252542338613246,12594040.0,1428256800.0,0.008817770025670454,440820000.0,0.30864197530864196,0.02856957488317227
GroupAssignment,01241-group_assignment-p300-pr35-middle.asp,426566,673996,0.632891,0.400551,0.253505,1.580051,2.496561,3.944693,0.40104,0.196218,0.0,0.206442,84426,0.394138,0.204822,0.204822,AMOCLINGO-INF-MR,585.9528300000001,2.0565577898139,14826736.0,1681365600.0,0.00881827010139853,518940000.0,0.30864197530864196,0.02857119512853124
GroupAssignment,01242-group_assignment-p300-pr35-middle.asp,413066,652396,0.633152,0.400882,0.253819,1.579399,2.494501,3.939812,0.401074,0.196095,0.0,0.206652,81726,0.393947,0.204979,0.204979,AMOCLINGO-INF-MR,421.85714,1.8579743844089016,14349945.0,1627128000.0,0.008819186320928655,502200000.0,0.30864197530864196,0.02857416367980884
GroupAssignment,01243-group_assignment-p300-pr35-middle.asp,386066,609196,0.63373,0.401614,0.254515,1.577958,2.489952,3.92904,0.401149,0.195821,0.0,0.207117,76326,0.393523,0.205328,0.205328,AMOCLINGO-INF-MR,89.15042,10.573726405327086,13389963.0,1518652800.0,0.008817000831263078,468720000.0,0.30864197530864196,0.028567082693292372
GroupAssignment,01244-group_assignment-p300-pr35-middle.asp,381566,601996,0.633835,0.401747,0.254641,1.577698,2.489132,3.927099,0.401163,0.195772,0.0,0.207201,75426,0.393447,0.20539,0.20539,AMOCLINGO-INF-MR,163.91142,5.058903156351156,13231061.0,1500573600.0,0.008817335584205933,463140000.0,0.30864197530864196,0.028568167292827223
GroupAssignment,01245-group_assignment-p300-pr35-middle.asp,431066,681196,0.632808,0.400445,0.253405,1.580259,2.497219,3.946253,0.401029,0.196258,0.0,0.206374,85326,0.394199,0.204771,0.204771,AMOCLINGO-INF-MR,206.04592,5.552758336588271,14984085.0,1699444800.0,0.008817047190941419,524520000.0,0.30864197530864196,0.028567232898650194
GroupAssignment,01246-group_assignment-p300-pr35-punsat.asp,372566,587596,0.634051,0.402021,0.254902,1.577159,2.487432,3.923077,0.401191,0.19567,0.0,0.207375,73626,0.393289,0.205521,0.205521,AMOCLINGO-INF-MR,548.44311,2.1971044161718067,406830952.0,1464415200.0,0.277811205455939,451980000.0,0.30864197530864196,0.9001083056772423
GroupAssignment,01248-group_assignment-p300-pr35-punsat.asp,390566,616396,0.633628,0.401485,0.254392,1.578212,2.490754,3.930937,0.401136,0.19587,0.0,0.207035,77226,0.393598,0.205266,0.205266,AMOCLINGO-INF-MR,610.5513199999999,1.9736088229241733,426931349.0,1536732000.0,0.2778176995077867,474300000.0,0.30864197530864196,0.9001293464052288
GroupAssignment,01250-group_assignment-p300-pr35-punsat.asp,440066,695596,0.632646,0.400241,0.253211,1.580663,2.498495,3.949279,0.401008,0.196334,0.0,0.206244,87126,0.394318,0.204674,0.204674,AMOCLINGO-INF-MR,571.66633,2.1078221993588464,481999964.0,1735603200.0,0.2777132261567621,535680000.0,0.30864197530864196,0.8997908527479092
GroupAssignment,01251-group_assignment-p300-pr35-punsat.asp,381566,601996,0.633835,0.401747,0.254641,1.577698,2.489132,3.927099,0.401163,0.195772,0.0,0.207201,75426,0.393447,0.20539,0.20539,AMOCLINGO-INF-MR,709.62518,1.698115491054024,416759285.0,1500573600.0,0.27773331811248714,463140000.0,0.30864197530864196,0.8998559506844582
GroupAssignment,01253-group_assignment-p300-pr35-punsat.asp,408566,645196,0.633243,0.400997,0.253929,1.579172,2.493784,3.938114,0.401086,0.196052,0.0,0.206725,80826,0.39388,0.205034,0.205034,AMOCLINGO-INF-MR,563.9200400000001,2.1367878502774964,446814001.0,1609048800.0,0.27768828453183025,496620000.0,0.30864197530864196,0.89971004188313
GroupAssignment,01254-group_assignment-p300-pr35-punsat.asp,467066,738796,0.632199,0.399675,0.252674,1.581781,2.50203,3.957663,0.40095,0.196546,0.0,0.205883,92526,0.394647,0.204404,0.204404,AMOCLINGO-INF-MR,518.7313,2.322992238949144,512259501.0,1844078400.0,0.27778618360260604,569160000.0,0.30864197530864196,0.9000272348724436
GroupAssignment,01255-group_assignment-p300-pr35-punsat.asp,449066,709996,0.632491,0.400045,0.253025,1.58105,2.499721,3.952184,0.400988,0.196408,0.0,0.206119,88926,0.394432,0.20458,0.20458,AMOCLINGO-INF-MR,778.38291,1.5480158293814543,492082467.0,1771761600.0,0.2777362750157809,546840000.0,0.30864197530864196,0.8998655310511301
GroupAssignment,01262-group_assignment-p50-pr40-sat.asp,86351,136521,0.632511,0.40007,0.253048,1.581001,2.499564,3.951812,0.400459,0.196292,0.0,0.206494,17191,0.395375,0.204167,0.204167,CLINGO-AMO,1.31398,1.2361603677377129,651613.0,337745700.0,0.0019293006543088483,104242500.0,0.30864197530864196,0.006250934119960669
GroupAssignment,01266-group_assignment-p50-pr40-middle.asp,89351,141321,0.632256,0.399747,0.252742,1.581639,2.501581,3.956597,0.400443,0.196416,0.0,0.206276,17791,0.39553,0.204027,0.204027,AMOCLINGO-INF-MR,9.496932,2.47733162667691,2697794.0,349701300.0,0.007714566688771246,107932500.0,0.30864197530864196,0.024995196071618837
GroupAssignment,01267-group_assignment-p50-pr40-middle.asp,74351,117321,0.63374,0.401626,0.254527,1.577934,2.489877,3.928862,0.400533,0.195693,0.0,0.207543,14791,0.394628,0.204839,0.204839,AMOCLINGO-INF-MR,6.551762,1.200341831708783,2237150.0,289923300.0,0.0077163511866759245,89482500.0,0.30864197530864196,0.025000977844829995
GroupAssignment,01269-group_assignment-p50-pr40-middle.asp,84101,132921,0.632714,0.400327,0.253293,1.580493,2.497957,3.948002,0.400471,0.196193,0.0,0.206668,16741,0.395251,0.204278,0.204278,AMOCLINGO-INF-MR,10.274362,1.5595335262666432,2536632.0,328779000.0,0.0077153102844159755,101475000.0,0.30864197530864196,0.02499760532150776
GroupAssignment,01270-group_assignment-p50-pr40-middle.asp,81851,129321,0.632929,0.400599,0.253551,1.579956,2.496262,3.943984,0.400484,0.196088,0.0,0.206851,16291,0.39512,0.204396,0.204396,AMOCLINGO-INF-MR,7.441522,2.150019310565769,2467966.0,319812300.0,0.007716920206008337,98707500.0,0.30864197530864196,0.02500282146746701
GroupAssignment,01271-group_assignment-p50-pr40-middle.asp,78851,124521,0.633235,0.400986,0.253918,1.579194,2.493853,3.938276,0.400502,0.195939,0.0,0.207112,15691,0.394935,0.204563,0.204563,AMOCLINGO-INF-MR,7.00354,2.266856332654629,2375054.0,307856700.0,0.007714803673267465,95017500.0,0.30864197530864196,0.024995963901386586
GroupAssignment,01272-group_assignment-p50-pr40-middle.asp,80351,126921,0.633079,0.400789,0.253731,1.579582,2.49508,3.941183,0.400493,0.196015,0.0,0.206979,15991,0.395029,0.204478,0.204478,CLINGO-AMO,10.002988,1.4904539523590352,2421200.0,313834500.0,0.007714894315315875,96862500.0,0.30864197530864196,0.024996257581623434
GroupAssignment,01273-group_assignment-p50-pr40-middle.asp,83351,131721,0.632784,0.400416,0.253377,1.580317,2.497402,3.946686,0.400475,0.196158,0.0,0.206728,16591,0.395208,0.204317,0.204317,AMOCLINGO-INF-MR,8.114629,2.5802795173999944,2513046.0,325790100.0,0.007713696640873986,100552500.0,0.30864197530864196,0.024992377116431715
GroupAssignment,01274-group_assignment-p50-pr40-middle.asp,78101,123321,0.633315,0.401087,0.254015,1.578994,2.493222,3.936782,0.400507,0.1959,0.0,0.20718,15541,0.394886,0.204607,0.204607,AMOCLINGO-INF-MR,7.381814,1.978369408928483,2352382.0,304867800.0,0.007716072343487899,94095000.0,0.30864197530864196,0.025000074392900792
GroupAssignment,01275-group_assignment-p50-pr40-middle.asp,78851,124521,0.633235,0.400986,0.253918,1.579194,2.493853,3.938276,0.400502,0.195939,0.0,0.207112,15691,0.394935,0.204563,0.204563,AMOCLINGO-INF-MR,9.795855,1.3159848731938153,2375015.0,307856700.0,0.00771467699095066,95017500.0,0.30864197530864196,0.02499555345068014
GroupAssignment,01291-group_assignment-p100-pr40-sat.asp,146901,232021,0.633137,0.400862,0.2538,1.579438,2.494624,3.940103,0.400814,0.19605,0.0,0.206813,29141,0.394422,0.204764,0.204764,CLINGO-AMO,3.439128,1.3654789818814534,1115984.0,578534400.0,0.0019289846895880348,178560000.0,0.30864197530864196,0.006249910394265233
GroupAssignment,01292-group_assignment-p100-pr40-sat.asp,149901,236821,0.632972,0.400653,0.253602,1.579849,2.495924,3.943184,0.400798,0.196129,0.0,0.206676,29741,0.394534,0.204668,0.204668,CLINGO-AMO,3.471026,1.283163825335794,1139154.0,590587200.0,0.001928849795593267,182280000.0,0.30864197530864196,0.0062494733377221855
GroupAssignment,01293-group_assignment-p100-pr40-sat.asp,145401,229621,0.633222,0.40097,0.253903,1.579226,2.493954,3.938516,0.400823,0.19601,0.0,0.206883,28841,0.394365,0.204813,0.204813,CLINGO-AMO,4.2138860000000005,1.4930159477498914,1104412.0,572508000.0,0.0019290769735968755,176700000.0,0.30864197530864196,0.006250209394453876
GroupAssignment,01294-group_assignment-p100-pr40-sat.asp,176901,280021,0.631742,0.399098,0.252127,1.582925,2.505651,3.966258,0.400676,0.19672,0.0,0.205657,35141,0.395368,0.203956,0.203956,CLINGO-AMO,4.351896,2.1247447089728246,1348336.0,699062400.0,0.0019287777457348586,215760000.0,0.30864197530864196,0.006249239896180942
GroupAssignment,01295-group_assignment-p100-pr40-sat.asp,131901,208021,0.634075,0.402052,0.254931,1.577099,2.487243,3.922629,0.400907,0.195601,0.0,0.207588,26141,0.393788,0.205305,0.205305,CLINGO-AMO,2.7075850000000004,1.703939488510979,999634.0,518270400.0,0.0019287885242915666,159960000.0,0.30864197530864196,0.006249274818704676
GroupAssignment,01296-group_assignment-p100-pr40-middle.asp,136401,215221,0.633772,0.401667,0.254565,1.577855,2.489626,3.928269,0.400877,0.195746,0.0,0.207337,27041,0.393993,0.20513,0.20513,AMOCLINGO-INF-MR,14.515252,1.8854984398479613,4138899.0,536349600.0,0.007716793300489084,165540000.0,0.30864197530864196,0.02500241029358463
GroupAssignment,01298-group_assignment-p100-pr40-middle.asp,179901,284821,0.631628,0.398954,0.251991,1.58321,2.506553,3.968399,0.400665,0.196775,0.0,0.205563,35741,0.395445,0.20389,0.20389,AMOCLINGO-INF-MR,52.64677,2.440440543645888,5488900.0,711115200.0,0.007718721242352856,219480000.0,0.30864197530864196,0.025008656825223255
GroupAssignment,01299-group_assignment-p100-pr40-middle.asp,169401,268021,0.632044,0.399479,0.252488,1.582169,2.503259,3.960578,0.400706,0.196575,0.0,0.205908,33641,0.395163,0.204131,0.204131,AMOCLINGO-INF-MR,28.24725,4.975285310959474,5161174.0,668930400.0,0.007715562037545311,206460000.0,0.30864197530864196,0.024998421001646808
GroupAssignment,01300-group_assignment-p100-pr40-middle.asp,157401,248821,0.632587,0.400167,0.25314,1.58081,2.498959,3.950378,0.40076,0.196314,0.0,0.206358,31241,0.394794,0.204446,0.204446,AMOCLINGO-INF-MR,19.592259,5.464954755855361,4789843.0,620719200.0,0.007716601967524123,191580000.0,0.30864197530864196,0.02500179037477816
GroupAssignment,01301-group_assignment-p100-pr40-middle.asp,152901,241621,0.632813,0.400453,0.253412,1.580245,2.497173,3.946145,0.400782,0.196205,0.0,0.206545,30341,0.394641,0.204577,0.204577,AMOCLINGO-INF-MR,63.37771,1.229431593536592,4649167.0,602640000.0,0.007714667131288995,186000000.0,0.30864197530864196,0.024995521505376345
GroupAssignment,01302-group_assignment-p100-pr40-middle.asp,151401,239221,0.632892,0.400552,0.253506,1.580049,2.496555,3.944679,0.40079,0.196168,0.0,0.20661,30041,0.394588,0.204622,0.204622,AMOCLINGO-INF-MR,38.16039,1.8582050131039016,4602712.0,596613600.0,0.007714728594856034,184140000.0,0.30864197530864196,0.02499572064733355
GroupAssignment,01303-group_assignment-p100-pr40-middle.asp,140901,222421,0.633488,0.401307,0.254223,1.578562,2.491859,3.933554,0.400849,0.195882,0.0,0.207103,27941,0.394185,0.204967,0.204967,AMOCLINGO-INF-MR,29.00496,2.1494737796569967,4278597.0,554428800.0,0.0077171261666060635,171120000.0,0.30864197530864196,0.025003488779803646
GroupAssignment,01304-group_assignment-p100-pr40-middle.asp,157401,248821,0.632587,0.400167,0.25314,1.58081,2.498959,3.950378,0.40076,0.196314,0.0,0.206358,31241,0.394794,0.204446,0.204446,AMOCLINGO-INF-MR,24.85965,3.769188785843727,4789576.0,620719200.0,0.007716171821332416,191580000.0,0.30864197530864196,0.025000396701117027
GroupAssignment,01305-group_assignment-p100-pr40-middle.asp,136401,215221,0.633772,0.401667,0.254565,1.577855,2.489626,3.928269,0.400877,0.195746,0.0,0.207337,27041,0.393993,0.20513,0.20513,AMOCLINGO-INF-MR,17.266081,2.906016947331592,4138268.0,536349600.0,0.007715616829023458,165540000.0,0.30864197530864196,0.024998598526036003
GroupAssignment,01322-group_assignment-p150-pr40-sat.asp,231451,365921,0.632516,0.400077,0.253055,1.580987,2.49952,3.951708,0.400862,0.19637,0.0,0.206225,45891,0.394645,0.204493,0.204493,CLINGO-AMO,14.460244,1.423686211657286,1765605.0,915453900.0,0.0019286662059116249,282547500.0,0.30864197530864196,0.006248878507153665
GroupAssignment,01325-group_assignment-p150-pr40-sat.asp,208951,329921,0.633336,0.401115,0.254041,1.57894,2.49305,3.936375,0.400955,0.195979,0.0,0.206895,41391,0.394068,0.204976,0.204976,CLINGO-AMO,13.28702,1.2567355208316089,1590993.0,824814900.0,0.0019289091407053874,254572500.0,0.30864197530864196,0.006249665615885455
GroupAssignment,01326-group_assignment-p150-pr40-middle.asp,233701,369521,0.632443,0.399984,0.252967,1.58117,2.500098,3.953081,0.400854,0.196405,0.0,0.206165,46341,0.394697,0.204449,0.204449,AMOCLINGO-INF-MR,63.00995,3.017416138244833,7133703.0,924517800.0,0.007716133751021343,285345000.0,0.30864197530864196,0.025000273353309153
GroupAssignment,01327-group_assignment-p150-pr40-middle.asp,235951,373121,0.632371,0.399893,0.252881,1.58135,2.500666,3.954427,0.400846,0.196439,0.0,0.206106,46791,0.394747,0.204407,0.204407,AMOCLINGO-INF-MR,33.17359,4.611723361867075,7203534.0,933581700.0,0.007716018855125374,288142500.0,0.30864197530864196,0.02499990109060621
GroupAssignment,01328-group_assignment-p150-pr40-middle.asp,208951,329921,0.633336,0.401115,0.254041,1.57894,2.49305,3.936375,0.400955,0.195979,0.0,0.206895,41391,0.394068,0.204976,0.204976,AMOCLINGO-INF-MR,42.74376,4.424593437732198,6364538.0,824814900.0,0.007716322777389205,254572500.0,0.30864197530864196,0.025000885798741025
GroupAssignment,01329-group_assignment-p150-pr40-middle.asp,238201,376721,0.632301,0.399804,0.252797,1.581526,2.501223,3.955749,0.400838,0.196473,0.0,0.206049,47241,0.394797,0.204365,0.204365,AMOCLINGO-INF-MR,52.74491,4.33166972888948,7271910.0,942645600.0,0.0077143626406360995,290940000.0,0.30864197530864196,0.024994534955660962
GroupAssignment,01330-group_assignment-p150-pr40-middle.asp,231451,365921,0.632516,0.400077,0.253055,1.580987,2.49952,3.951708,0.400862,0.19637,0.0,0.206225,45891,0.394645,0.204493,0.204493,AMOCLINGO-INF-MR,71.95976999999999,2.535422639622112,7060961.0,915453900.0,0.00771307107872936,282547500.0,0.30864197530864196,0.024990350295083126
GroupAssignment,01331-group_assignment-p150-pr40-middle.asp,211201,333521,0.633246,0.401001,0.253933,1.579164,2.493759,3.938054,0.400945,0.196022,0.0,0.206822,41841,0.394132,0.204923,0.204923,AMOCLINGO-INF-MR,46.34554,3.945460555643542,6434269.0,833878800.0,0.007716072167801844,257370000.0,0.30864197530864196,0.025000073823677974
GroupAssignment,01332-group_assignment-p150-pr40-middle.asp,222451,351521,0.632824,0.400466,0.253425,1.580218,2.497088,3.945942,0.400897,0.196223,0.0,0.206477,44091,0.394428,0.204674,0.204674,AMOCLINGO-INF-MR,33.95235,7.3130490231162195,6784612.0,879198300.0,0.00771681655890372,271357500.0,0.30864197530864196,0.02500248565084805
GroupAssignment,01333-group_assignment-p150-pr40-middle.asp,240451,380321,0.632232,0.399717,0.252714,1.581699,2.50177,3.957047,0.40083,0.196506,0.0,0.205992,47691,0.394846,0.204324,0.204324,AMOCLINGO-INF-MR,115.28743,2.068450393941473,7346447.0,951709500.0,0.0077192115871492295,293737500.0,0.30864197530864196,0.025010245542363505
GroupAssignment,01334-group_assignment-p150-pr40-middle.asp,244951,387521,0.632097,0.399547,0.252553,1.582035,2.502834,3.95957,0.400815,0.19657,0.0,0.205882,48591,0.39494,0.204245,0.204245,AMOCLINGO-INF-MR,51.93614,4.5174464255526114,7486068.0,969837300.0,0.007718890580925275,299332500.0,0.30864197530864196,0.02500920548219789
GroupAssignment,01335-group_assignment-p150-pr40-middle.asp,233701,369521,0.632443,0.399984,0.252967,1.58117,2.500098,3.953081,0.400854,0.196405,0.0,0.206165,46341,0.394697,0.204449,0.204449,AMOCLINGO-INF-MR,35.12838,6.047051984748514,7134813.0,924517800.0,0.007717334376904371,285345000.0,0.30864197530864196,0.02500416338117016
GroupAssignment,01351-group_assignment-p200-pr40-sat.asp,368501,583821,0.631188,0.398399,0.251465,1.584313,2.510048,3.976703,0.400759,0.197014,0.0,0.205104,73141,0.395497,0.203744,0.203744,AMOCLINGO-INF-MR,45.4488,1.506909489359455,2812801.0,1458388800.0,0.0019287044716744944,450120000.0,0.30864197530864196,0.006249002488225362
GroupAssignment,01353-group_assignment-p200-pr40-sat.asp,302501,478221,0.632555,0.400126,0.253101,1.580891,2.499215,3.950986,0.400924,0.196363,0.0,0.206218,59941,0.394514,0.204561,0.204561,AMOCLINGO-INF-MR,28.95906,1.4202550082772023,2301979.0,1193227200.0,0.0019292042621891288,368280000.0,0.30864197530864196,0.006250621809492777
GroupAssignment,01354-group_assignment-p200-pr40-sat.asp,323501,511821,0.632059,0.399498,0.252507,1.582131,2.503139,3.960294,0.400864,0.196599,0.0,0.205814,64141,0.39487,0.204265,0.204265,AMOCLINGO-INF-MR,26.31767,1.2806604840018132,2463986.0,1277596800.0,0.0019286100278272456,394320000.0,0.30864197530864196,0.006248696490160276
GroupAssignment,01356-group_assignment-p200-pr40-middle.asp,338501,535821,0.631743,0.399099,0.252128,1.582923,2.505645,3.966243,0.400826,0.19675,0.0,0.205556,67141,0.395098,0.204076,0.204076,AMOCLINGO-INF-MR,77.50073,8.549759079688668,10322497.0,1337860800.0,0.00771567340937114,412920000.0,0.30864197530864196,0.02499878184636249
GroupAssignment,01357-group_assignment-p200-pr40-middle.asp,299501,473421,0.632631,0.400223,0.253193,1.580699,2.49861,3.949551,0.400934,0.196327,0.0,0.20628,59341,0.394459,0.204607,0.204607,AMOCLINGO-INF-MR,76.17412,4.921579533836426,9115650.0,1181174400.0,0.007717446297515422,364560000.0,0.30864197530864196,0.025004526003949968
GroupAssignment,01358-group_assignment-p200-pr40-middle.asp,245501,387021,0.634335,0.402381,0.255244,1.576454,2.485207,3.917814,0.401139,0.195519,0.0,0.207661,48541,0.393241,0.20562,0.20562,AMOCLINGO-INF-MR,58.0336,4.7906971650905685,7440447.0,964224000.0,0.007716512967941059,297600000.0,0.30864197530864196,0.025001502016129034
GroupAssignment,01359-group_assignment-p200-pr40-middle.asp,317501,502221,0.632194,0.399669,0.252668,1.581793,2.50207,3.957759,0.400881,0.196535,0.0,0.205924,62941,0.394774,0.204346,0.204346,AMOCLINGO-INF-MR,203.64539,2.5500845857595893,9672859.0,1253491200.0,0.007716734668739597,386880000.0,0.30864197530864196,0.025002220326716295
GroupAssignment,01360-group_assignment-p200-pr40-middle.asp,272501,430221,0.633398,0.401193,0.254115,1.578787,2.492568,3.935234,0.401026,0.195963,0.0,0.206902,53941,0.39391,0.205063,0.205063,AMOCLINGO-INF-MR,50.2316,5.174240517920991,8276848.0,1072699200.0,0.007715907684092614,331080000.0,0.30864197530864196,0.02499954089646007
GroupAssignment,01361-group_assignment-p200-pr40-middle.asp,302501,478221,0.632555,0.400126,0.253101,1.580891,2.499215,3.950986,0.400924,0.196363,0.0,0.206218,59941,0.394514,0.204561,0.204561,AMOCLINGO-INF-MR,140.41888,3.513374839622706,9206999.0,1193227200.0,0.007716048544652686,368280000.0,0.30864197530864196,0.024999997284674703
GroupAssignment,01362-group_assignment-p200-pr40-middle.asp,314501,497421,0.632263,0.399757,0.252752,1.58162,2.501521,3.956455,0.400889,0.196502,0.0,0.20598,62341,0.394724,0.204387,0.204387,AMOCLINGO-INF-MR,65.87129999999999,7.1832298740119,9580054.0,1241438400.0,0.007716898397858484,383160000.0,0.30864197530864196,0.02500275080906149
GroupAssignment,01363-group_assignment-p200-pr40-middle.asp,332501,526221,0.631866,0.399254,0.252275,1.582615,2.50467,3.963927,0.400841,0.196691,0.0,0.205657,65941,0.395009,0.20415,0.20415,AMOCLINGO-INF-MR,247.75581,2.6606128025817037,10136588.0,1313755200.0,0.007715735777867901,405480000.0,0.30864197530864196,0.024998983920292
GroupAssignment,01364-group_assignment-p200-pr40-middle.asp,254501,401421,0.634,0.401956,0.25484,1.577287,2.487833,3.924025,0.401099,0.195677,0.0,0.20739,50341,0.39348,0.205422,0.205422,AMOCLINGO-INF-MR,40.88697,6.24925691485576,7717055.0,1000382400.0,0.007714105126199741,308760000.0,0.30864197530864196,0.02499370060888716
GroupAssignment,01365-group_assignment-p200-pr40-middle.asp,347501,550221,0.631566,0.398876,0.251917,1.583365,2.507045,3.969569,0.400805,0.196834,0.0,0.205412,68941,0.395225,0.203971,0.203971,AMOCLINGO-INF-MR,122.13484,6.308289264553832,10600851.0,1374019200.0,0.007715213149859915,424080000.0,0.30864197530864196,0.024997290605546122
GroupAssignment,01373-group_assignment-p200-pr40-punsat.asp,281501,444621,0.633126,0.400848,0.253787,1.579465,2.49471,3.940307,0.400993,0.196092,0.0,0.206681,55741,0.394105,0.204902,0.204902,AMOCLINGO-INF-MR,415.01231,2.903396805265848,308001001.0,1108857600.0,0.2777642512438026,342240000.0,0.30864197530864196,0.8999561740299206
GroupAssignment,01381-group_assignment-p250-pr40-sat.asp,434301,687721,0.631508,0.398802,0.251846,1.583512,2.507511,3.970675,0.400828,0.196868,0.0,0.205344,86141,0.395212,0.20396,0.20396,AMOCLINGO-INF-MR,38.79955,3.1311368301951954,3307753.0,1714753800.0,0.001928995871010754,529245000.0,0.30864197530864196,0.006249946622074842
GroupAssignment,01382-group_assignment-p250-pr40-sat.asp,344301,543721,0.633231,0.400982,0.253914,1.579203,2.493881,3.938342,0.401044,0.196049,0.0,0.206741,68141,0.393961,0.204995,0.204995,AMOCLINGO-INF-MR,29.49717,2.9463710247457637,2611019.0,1353753000.0,0.0019287262890645487,417825000.0,0.30864197530864196,0.006249073176569138
GroupAssignment,01383-group_assignment-p250-pr40-sat.asp,389301,615721,0.632269,0.399763,0.252758,1.581607,2.501479,3.956356,0.400924,0.196506,0.0,0.205961,77141,0.394659,0.204418,0.204418,AMOCLINGO-INF-MR,63.33263,1.2479303322789532,2959953.0,1534253400.0,0.0019292464986553068,473535000.0,0.30864197530864196,0.006250758655643195
GroupAssignment,01385-group_assignment-p250-pr40-sat.asp,351801,555721,0.633053,0.400756,0.2537,1.579646,2.495281,3.941661,0.401022,0.196134,0.0,0.206597,69641,0.394089,0.204889,0.204889,AMOCLINGO-INF-MR,31.9273,2.119583553886486,2669419.0,1383836400.0,0.0019289989770467086,427110000.0,0.30864197530864196,0.0062499566856313365
GroupAssignment,01386-group_assignment-p250-pr40-middle.asp,344301,543721,0.633231,0.400982,0.253914,1.579203,2.493881,3.938342,0.401044,0.196049,0.0,0.206741,68141,0.393961,0.204995,0.204995,AMOCLINGO-INF-MR,107.88647,2.7015399614057256,10445280.0,1353753000.0,0.007715794535635378,417825000.0,0.30864197530864196,0.024999174295458625
GroupAssignment,01387-group_assignment-p250-pr40-middle.asp,363051,573721,0.632801,0.400437,0.253397,1.580277,2.497274,3.946384,0.40099,0.196253,0.0,0.206392,71891,0.394272,0.204737,0.204737,AMOCLINGO-INF-MR,167.27782,1.780510111860616,11025918.0,1428961500.0,0.007716035736442165,441037500.0,0.30864197530864196,0.024999955786072614
GroupAssignment,01388-group_assignment-p250-pr40-middle.asp,370551,585721,0.632641,0.400234,0.253205,1.580676,2.498536,3.949375,0.40097,0.196329,0.0,0.206263,73391,0.394388,0.204641,0.204641,AMOCLINGO-INF-MR,88.65205999999999,7.464335628523467,11254560.0,1459044900.0,0.007713648839730703,450322500.0,0.30864197530864196,0.024992222240727478
GroupAssignment,01389-group_assignment-p250-pr40-middle.asp,374301,591721,0.632563,0.400136,0.253112,1.580869,2.499148,3.950827,0.400961,0.196366,0.0,0.2062,74141,0.394445,0.204595,0.204595,AMOCLINGO-INF-MR,194.89628,4.803103784228206,11374722.0,1474086600.0,0.007716454379274596,454965000.0,0.30864197530864196,0.02500131218884969
GroupAssignment,01390-group_assignment-p250-pr40-middle.asp,381801,603721,0.632413,0.399946,0.252931,1.581245,2.500336,3.953645,0.400942,0.196437,0.0,0.206079,75641,0.394554,0.204504,0.204504,AMOCLINGO-INF-MR,149.00531999999998,5.1511446705392805,11607491.0,1504170000.0,0.007716874422438953,464250000.0,0.30864197530864196,0.025002673128702208
GroupAssignment,01391-group_assignment-p250-pr40-middle.asp,351801,555721,0.633053,0.400756,0.2537,1.579646,2.495281,3.941661,0.401022,0.196134,0.0,0.206597,69641,0.394089,0.204889,0.204889,AMOCLINGO-INF-MR,70.70145,8.58326809421872,10678038.0,1383836400.0,0.0077162574998027224,427110000.0,0.30864197530864196,0.02500067429936082
GroupAssignment,01392-group_assignment-p250-pr40-middle.asp,389301,615721,0.632269,0.399763,0.252758,1.581607,2.501479,3.956356,0.400924,0.196506,0.0,0.205961,77141,0.394659,0.204418,0.204418,AMOCLINGO-INF-MR,113.92504,7.390974977932858,11840037.0,1534253400.0,0.007717132645754606,473535000.0,0.30864197530864196,0.025003509772244924
GroupAssignment,01393-group_assignment-p250-pr40-middle.asp,385551,609721,0.63234,0.399854,0.252844,1.581428,2.500913,3.955013,0.400933,0.196472,0.0,0.206019,76391,0.394607,0.204461,0.204461,AMOCLINGO-INF-MR,67.85714,13.859711446724692,11720658.0,1519211700.0,0.0077149603310717,468892500.0,0.30864197530864196,0.024996471472672307
GroupAssignment,01394-group_assignment-p250-pr40-middle.asp,419301,663721,0.631743,0.399099,0.252128,1.582923,2.505644,3.96624,0.400858,0.196756,0.0,0.205535,83141,0.395041,0.204102,0.204102,AMOCLINGO-INF-MR,86.51929,12.571033003160338,12766821.0,1654587000.0,0.007716016746172912,510675000.0,0.30864197530864196,0.024999894257600234
GroupAssignment,01395-group_assignment-p250-pr40-middle.asp,385551,609721,0.63234,0.399854,0.252844,1.581428,2.500913,3.955013,0.400933,0.196472,0.0,0.206019,76391,0.394607,0.204461,0.204461,AMOCLINGO-INF-MR,78.63262999999999,11.404229897944404,11727179.0,1519211700.0,0.007719252688746407,468892500.0,0.30864197530864196,0.02501037871153836
GroupAssignment,01396-group_assignment-p250-pr40-punsat.asp,378051,597721,0.632487,0.40004,0.25302,1.581059,2.499748,3.95225,0.400951,0.196402,0.0,0.206139,74891,0.3945,0.204549,0.204549,AMOCLINGO-INF-MR,604.13422,1.9946269804084265,413692973.0,1489128300.0,0.27780881808505015,459607500.0,0.30864197530864196,0.9001005705955625
GroupAssignment,01399-group_assignment-p250-pr40-punsat.asp,378051,597721,0.632487,0.40004,0.25302,1.581059,2.499748,3.95225,0.400951,0.196402,0.0,0.206139,74891,0.3945,0.204549,0.204549,AMOCLINGO-INF-MR,452.15654,2.665101942349435,413724740.0,1489128300.0,0.27783015069957373,459607500.0,0.30864197530864196,0.9001696882666188
GroupAssignment,01401-group_assignment-p250-pr40-punsat.asp,374301,591721,0.632563,0.400136,0.253112,1.580869,2.499148,3.950827,0.400961,0.196366,0.0,0.2062,74141,0.394445,0.204595,0.204595,AMOCLINGO-INF-MR,632.54075,1.9050033298249955,409458027.0,1474086600.0,0.2777706730391552,454965000.0,0.30864197530864196,0.8999769806468629
GroupAssignment,01402-group_assignment-p250-pr40-punsat.asp,378051,597721,0.632487,0.40004,0.25302,1.581059,2.499748,3.95225,0.400951,0.196402,0.0,0.206139,74891,0.3945,0.204549,0.204549,AMOCLINGO-INF-MR,528.24713,2.2811167170941378,413611313.0,1489128300.0,0.2777539806341737,459607500.0,0.30864197530864196,0.8999228972547227
GroupAssignment,01404-group_assignment-p250-pr40-punsat.asp,396801,627721,0.63213,0.399588,0.252591,1.581954,2.502579,3.958965,0.400906,0.196572,0.0,0.205849,78641,0.39476,0.204334,0.204334,AMOCLINGO-INF-MR,559.10716,2.1552360570735667,434436923.0,1564336800.0,0.27771316445409966,482820000.0,0.30864197530864196,0.8997906528312829
GroupAssignment,01411-group_assignment-p300-pr40-sat.asp,426601,674021,0.632919,0.400587,0.253539,1.57998,2.496336,3.944161,0.40103,0.196202,0.0,0.206472,84441,0.394141,0.204828,0.204828,AMOCLINGO-INF-MR,43.62227,2.774507149673779,3244283.0,1681365600.0,0.001929552382896379,518940000.0,0.30864197530864196,0.006251749720584268
GroupAssignment,01412-group_assignment-p300-pr40-sat.asp,521101,825221,0.631468,0.398752,0.2518,1.58361,2.507822,3.971413,0.400844,0.196891,0.0,0.205298,103341,0.395204,0.203953,0.203953,AMOCLINGO-INF-MR,62.7821,3.601268195871116,3974821.0,2061028800.0,0.0019285615999155372,636120000.0,0.30864197530864196,0.006248539583726341
GroupAssignment,01413-group_assignment-p300-pr40-sat.asp,471601,746021,0.632155,0.39962,0.252622,1.58189,2.502377,3.958485,0.400932,0.196564,0.0,0.205854,93441,0.3947,0.204368,0.204368,AMOCLINGO-INF-MR,62.20115,2.3553223694417227,3591879.0,1862157600.0,0.0019288802408560907,574740000.0,0.30864197530864196,0.006249571980373734
GroupAssignment,01414-group_assignment-p300-pr40-sat.asp,458101,724421,0.632368,0.39989,0.252878,1.581357,2.500688,3.95448,0.40096,0.196463,0.0,0.206027,90741,0.394544,0.204496,0.204496,AMOCLINGO-INF-MR,61.39537,2.490309937052257,3486252.0,1807920000.0,0.0019283220496482145,558000000.0,0.30864197530864196,0.0062477634408602154
GroupAssignment,01415-group_assignment-p300-pr40-sat.asp,462601,731621,0.632296,0.399798,0.252791,1.581538,2.501262,3.955841,0.40095,0.196498,0.0,0.205968,91641,0.394597,0.204453,0.204453,AMOCLINGO-INF-MR,46.91533,1.2475881550870471,3522720.0,1825999200.0,0.0019292012833302446,563580000.0,0.30864197530864196,0.006250612157989993
GroupAssignment,01416-group_assignment-p300-pr40-middle.asp,516601,818021,0.631525,0.398824,0.251868,1.583468,2.50737,3.970339,0.400851,0.196864,0.0,0.205344,102441,0.395162,0.203987,0.203987,AMOCLINGO-INF-MR,156.8581,7.682537592894469,15760388.0,2042949600.0,0.007714526095014777,630540000.0,0.30864197530864196,0.024995064547847876
GroupAssignment,01417-group_assignment-p300-pr40-middle.asp,458101,724421,0.632368,0.39989,0.252878,1.581357,2.500688,3.95448,0.40096,0.196463,0.0,0.206027,90741,0.394544,0.204496,0.204496,AMOCLINGO-INF-MR,131.52168,8.052983356052021,13947088.0,1807920000.0,0.007714438691977521,558000000.0,0.30864197530864196,0.024994781362007168
GroupAssignment,01418-group_assignment-p300-pr40-middle.asp,431101,681221,0.632836,0.400481,0.253439,1.580189,2.496997,3.945727,0.40102,0.196242,0.0,0.206404,85341,0.394202,0.204778,0.204778,AMOCLINGO-INF-MR,111.43654,9.8114797893043,13112078.0,1699444800.0,0.007715506852590917,524520000.0,0.30864197530864196,0.02499824220239457
GroupAssignment,01419-group_assignment-p300-pr40-middle.asp,449101,710021,0.632518,0.400079,0.253057,1.580983,2.499507,3.951678,0.400979,0.196392,0.0,0.206147,88941,0.394435,0.204586,0.204586,AMOCLINGO-INF-MR,222.50996,3.652312552660564,13671850.0,1771761600.0,0.007716529131233006,546840000.0,0.30864197530864196,0.025001554385194937
GroupAssignment,01420-group_assignment-p300-pr40-middle.asp,480601,760421,0.63202,0.399449,0.252459,1.582229,2.50345,3.961031,0.400915,0.196629,0.0,0.205744,95241,0.394799,0.204286,0.204286,AMOCLINGO-INF-MR,239.24592,5.036142141943319,14647738.0,1898316000.0,0.007716174756995147,585900000.0,0.30864197530864196,0.025000406212664278
GroupAssignment,01421-group_assignment-p300-pr40-middle.asp,444601,702821,0.632595,0.400176,0.25315,1.58079,2.498898,3.950235,0.400989,0.196356,0.0,0.20621,88041,0.394378,0.204633,0.204633,AMOCLINGO-INF-MR,153.6905,4.555872679183164,13532839.0,1753682400.0,0.007716812918918499,541260000.0,0.30864197530864196,0.02500247385729594
GroupAssignment,01422-group_assignment-p300-pr40-middle.asp,462601,731621,0.632296,0.399798,0.252791,1.581538,2.501262,3.955841,0.40095,0.196498,0.0,0.205968,91641,0.394597,0.204453,0.204453,AMOCLINGO-INF-MR,324.60630000000003,3.712198977653853,14090421.0,1825999200.0,0.007716553764098035,563580000.0,0.30864197530864196,0.025001634195677632
GroupAssignment,01423-group_assignment-p300-pr40-middle.asp,489601,774821,0.631889,0.399284,0.252303,1.582556,2.504483,3.963485,0.400898,0.196691,0.0,0.205639,97041,0.394895,0.204207,0.204207,AMOCLINGO-INF-MR,527.72549,2.032053824044012,14919314.0,1934474400.0,0.007712334678608308,597060000.0,0.30864197530864196,0.02498796435869092
GroupAssignment,01424-group_assignment-p300-pr40-middle.asp,444601,702821,0.632595,0.400176,0.25315,1.58079,2.498898,3.950235,0.400989,0.196356,0.0,0.20621,88041,0.394378,0.204633,0.204633,AMOCLINGO-INF-MR,268.0825,2.6904169052437217,13534013.0,1753682400.0,0.007717482367388759,541260000.0,0.30864197530864196,0.02500464287033958
GroupAssignment,01425-group_assignment-p300-pr40-middle.asp,494101,782021,0.631826,0.399204,0.252227,1.582715,2.504986,3.964679,0.40089,0.196721,0.0,0.205588,97941,0.394942,0.204169,0.204169,AMOCLINGO-INF-MR,393.79044,3.059997672873928,15065287.0,1952553600.0,0.00771568421988518,602640000.0,0.30864197530864196,0.024998816872427984
GroupAssignment,01426-group_assignment-p300-pr40-punsat.asp,521101,825221,0.631468,0.398752,0.2518,1.58361,2.507822,3.971413,0.400844,0.196891,0.0,0.205298,103341,0.395204,0.203953,0.203953,AMOCLINGO-INF-MR,1009.81934,1.192868515471292,572658575.0,2061028800.0,0.2778508359514433,636120000.0,0.30864197530864196,0.9002367084826762
GroupAssignment,01427-group_assignment-p300-pr40-punsat.asp,480601,760421,0.63202,0.399449,0.252459,1.582229,2.50345,3.961031,0.400915,0.196629,0.0,0.205744,95241,0.394799,0.204286,0.204286,AMOCLINGO-INF-MR,1048.81714,1.14885731939888,527402419.0,1898316000.0,0.2778264625067692,585900000.0,0.30864197530864196,0.900157738521932
GroupAssignment,01428-group_assignment-p300-pr40-punsat.asp,449101,710021,0.632518,0.400079,0.253057,1.580983,2.499507,3.951678,0.400979,0.196392,0.0,0.206147,88941,0.394435,0.204586,0.204586,AMOCLINGO-INF-MR,579.2339000000001,2.0802923413149674,492280971.0,1771761600.0,0.27784831266238075,546840000.0,0.30864197530864196,0.9002285330261137
GroupAssignment,01432-group_assignment-p300-pr40-punsat.asp,471601,746021,0.632155,0.39962,0.252622,1.58189,2.502377,3.958485,0.400932,0.196564,0.0,0.205854,93441,0.3947,0.204368,0.204368,AMOCLINGO-INF-MR,468.79535,2.570469850010244,517375222.0,1862157600.0,0.27783643124513197,574740000.0,0.30864197530864196,0.9001900372342276
GroupAssignment,01433-group_assignment-p300-pr40-punsat.asp,458101,724421,0.632368,0.39989,0.252878,1.581357,2.500688,3.95448,0.40096,0.196463,0.0,0.206027,90741,0.394544,0.204496,0.204496,AMOCLINGO-INF-MR,558.01067,2.1594770705728616,502275509.0,1807920000.0,0.27781954345325016,558000000.0,0.30864197530864196,0.9001353207885304
GroupAssignment,01434-group_assignment-p300-pr40-punsat.asp,525601,832421,0.631412,0.398682,0.251733,1.583751,2.508267,3.972469,0.400836,0.196917,0.0,0.205253,104241,0.395245,0.203919,0.203919,AMOCLINGO-INF-MR,964.77176,1.2490046319349148,577390394.0,2079108000.0,0.27771063071278645,641700000.0,0.30864197530864196,0.899782443509428
GroupAssignment,01435-group_assignment-p300-pr40-punsat.asp,449101,710021,0.632518,0.400079,0.253057,1.580983,2.499507,3.951678,0.400979,0.196392,0.0,0.206147,88941,0.394435,0.204586,0.204586,AMOCLINGO-INF-MR,527.60799,2.2838749314618982,492097038.0,1771761600.0,0.2777444990341816,546840000.0,0.30864197530864196,0.8998921768707483
Knapsack,00096-knapsack-n10-w8908-v48377-type4.asp,67,245,0.273469,0.074786,0.020452,3.656716,13.371575,48.896058,0.328358,0.149254,0.0,0.358209,23,0.492537,0.179104,0.179104,AMOCLINGO-INF-MR,0.59947,1.7079219977646924,48377.0,589260.0,0.08209788548348776,56120.0,0.09523809523809523,0.8620277975766215
Knapsack,00097-knapsack-n10-w8576-v51997-type4.asp,67,245,0.273469,0.074786,0.020452,3.656716,13.371575,48.896058,0.328358,0.149254,0.0,0.358209,23,0.492537,0.179104,0.179104,AMOCLINGO-L,2.096148,1.961427819028046,51997.0,589260.0,0.08824118385771985,56120.0,0.09523809523809523,0.9265324305060585
Knapsack,00105-knapsack-n10-w8043-v47164-type3.asp,67,245,0.273469,0.074786,0.020452,3.656716,13.371575,48.896058,0.328358,0.149254,0.0,0.358209,23,0.492537,0.179104,0.179104,AMOCLINGO-L,991.859787,1.214870260689377,47164.0,589260.0,0.08003937141499508,56120.0,0.09523809523809523,0.8404133998574483
Knapsack,00129-knapsack-n10-w18723-v233107-type3.asp,67,245,0.273469,0.074786,0.020452,3.656716,13.371575,48.896058,0.328358,0.149254,0.0,0.358209,23,0.492537,0.179104,0.179104,AMOCLINGO-L,34.39942,3.6483816006200103,233107.0,3219720.0,0.07239977389338204,306640.0,0.09523809523809523,0.7601976258805113
Knapsack,00136-knapsack-n10-w20164-v246007-type3.asp,67,245,0.273469,0.074786,0.020452,3.656716,13.371575,48.896058,0.328358,0.149254,0.0,0.358209,23,0.492537,0.179104,0.179104,AMOCLINGO-INF-MR,0.560263,18.78196489862797,246007.0,3219720.0,0.07640633346999118,306640.0,0.09523809523809523,0.8022665014349074
Knapsack,00166-knapsack-n10-w96260-v490516-type3.asp,67,245,0.273469,0.074786,0.020452,3.656716,13.371575,48.896058,0.328358,0.149254,0.0,0.358209,23,0.492537,0.179104,0.179104,AMOCLINGO-INF-MR,0.509078,1.724232828761015,490516.0,6178410.0,0.0793919471190808,588420.0,0.09523809523809523,0.8336154447503484
Knapsack,00177-knapsack-n10-w96845-v496936-type3.asp,67,245,0.273469,0.074786,0.020452,3.656716,13.371575,48.896058,0.328358,0.149254,0.0,0.358209,23,0.492537,0.179104,0.179104,AMOCLINGO-L,1.836674,1.3847351244695576,496936.0,6178410.0,0.08043104941238927,588420.0,0.09523809523809523,0.8445260188300874
Knapsack,00193-knapsack-n15-w13519-v72426-type3.asp,97,365,0.265753,0.070625,0.018769,3.762887,14.159316,53.279899,0.329897,0.154639,0.0,0.350515,33,0.494845,0.175258,0.175258,AMOCLINGO-L,0.580385,20.90400165407445,72426.0,971460.0,0.07455376443703292,92520.0,0.09523809523809523,0.7828145265888456
Knapsack,00194-knapsack-n15-w14489-v89438-type3.asp,97,365,0.265753,0.070625,0.018769,3.762887,14.159316,53.279899,0.329897,0.154639,0.0,0.350515,33,0.494845,0.175258,0.175258,AMOCLINGO-INF-MR,7.336946999999999,1.492023589648392,89438.0,971460.0,0.09206555082041464,92520.0,0.09523809523809523,0.9666882836143537
Knapsack,00197-knapsack-n15-w14280-v87791-type4.asp,97,365,0.265753,0.070625,0.018769,3.762887,14.159316,53.279899,0.329897,0.154639,0.0,0.350515,33,0.494845,0.175258,0.175258,AMOCLINGO-L,592.543167,1.2549068108653083,87791.0,971460.0,0.0903701644946781,92520.0,0.09523809523809523,0.9488867271941201
Knapsack,00254-knapsack-n15-w141993-v657977-type3.asp,97,365,0.265753,0.070625,0.018769,3.762887,14.159316,53.279899,0.329897,0.154639,0.0,0.350515,33,0.494845,0.175258,0.175258,AMOCLINGO-L,20.663467,2.732409038618737,657977.0,7712880.0,0.0853088599848565,734560.0,0.09523809523809523,0.8957430298409933
Knapsack,00279-knapsack-n20-w16420-v105162-type4.asp,127,485,0.261856,0.068568,0.017955,3.818898,14.583979,55.694724,0.330709,0.15748,0.0,0.346457,43,0.496063,0.173228,0.173228,AMOCLINGO-L,5.793933999999999,1.757940459798127,105162.0,1131270.0,0.09295924049961547,107740.0,0.09523809523809523,0.9760720252459625
Knapsack,00280-knapsack-n20-w16698-v104074-type4.asp,127,485,0.261856,0.068568,0.017955,3.818898,14.583979,55.694724,0.330709,0.15748,0.0,0.346457,43,0.496063,0.173228,0.173228,AMOCLINGO-L,506.024625,2.3812554774384744,104074.0,1131270.0,0.09199748954714612,107740.0,0.09523809523809523,0.9659736402450343
Knapsack,00287-knapsack-n20-w17257-v104100-type4.asp,127,485,0.261856,0.068568,0.017955,3.818898,14.583979,55.694724,0.330709,0.15748,0.0,0.346457,43,0.496063,0.173228,0.173228,AMOCLINGO-L,750.335015,1.6057656885438032,104100.0,1131270.0,0.09202047256623087,107740.0,0.09523809523809523,0.9662149619454242
Knapsack,00292-knapsack-n20-w17005-v104160-type4.asp,127,485,0.261856,0.068568,0.017955,3.818898,14.583979,55.694724,0.330709,0.15748,0.0,0.346457,43,0.496063,0.173228,0.173228,AMOCLINGO-L,452.017339,2.665785756506124,104160.0,1131270.0,0.09207351030258029,107740.0,0.09523809523809523,0.966771858177093
Knapsack,00297-knapsack-n20-w17960-v105055-type4.asp,127,485,0.261856,0.068568,0.017955,3.818898,14.583979,55.694724,0.330709,0.15748,0.0,0.346457,43,0.496063,0.173228,0.173228,AMOCLINGO-L,101.621986,1.907890473622509,105055.0,1131270.0,0.09286465653645902,107740.0,0.09523809523809523,0.9750788936328197
Knapsack,00313-knapsack-n20-w40573-v484049-type1.asp,127,485,0.261856,0.068568,0.017955,3.818898,14.583979,55.694724,0.330709,0.15748,0.0,0.346457,43,0.496063,0.173228,0.173228,AMOCLINGO-L,0.5242910000000001,117.98364076438466,484049.0,6788670.0,0.07130247898336493,646540.0,0.09523809523809523,0.7486760293253317
Knapsack,00322-knapsack-n20-w42135-v484520-type3.asp,127,485,0.261856,0.068568,0.017955,3.818898,14.583979,55.694724,0.330709,0.15748,0.0,0.346457,43,0.496063,0.173228,0.173228,AMOCLINGO-L,0.525221,10.917937401589043,484520.0,6788670.0,0.07137185928908019,646540.0,0.09523809523809523,0.749404522535342
Knapsack,00340-knapsack-n20-w160497-v1147735-type1.asp,127,485,0.261856,0.068568,0.017955,3.818898,14.583979,55.694724,0.330709,0.15748,0.0,0.346457,43,0.496063,0.173228,0.173228,AMOCLINGO-L,1.1533030000000002,1044.7876186917051,1147735.0,14277270.0,0.08038896791893688,1359740.0,0.09523809523809523,0.8440841631488373
Knapsack,00355-knapsack-n20-w159533-v1338721-type3.asp,127,485,0.261856,0.068568,0.017955,3.818898,14.583979,55.694724,0.330709,0.15748,0.0,0.346457,43,0.496063,0.173228,0.173228,AMOCLINGO-INF-MR,1.386794,1.319152664346687,1338721.0,14277270.0,0.09376589502054665,1359740.0,0.09523809523809523,0.9845418977157397
Knapsack,00363-knapsack-n25-w18256-v161804-type4.asp,157,605,0.259504,0.067342,0.017476,3.853503,14.849487,57.222545,0.33121,0.159236,0.0,0.343949,53,0.496815,0.171975,0.171975,AMOCLINGO-L,191.187817,5.22869415366566,161804.0,1728510.0,0.09360894643363359,164620.0,0.09523809523809523,0.9828939375531527
Knapsack,00379-knapsack-n25-w18161-v125808-type3.asp,157,605,0.259504,0.067342,0.017476,3.853503,14.849487,57.222545,0.33121,0.159236,0.0,0.343949,53,0.496815,0.171975,0.171975,AMOCLINGO-L,0.52925,3.6266490316485593,125808.0,1728510.0,0.07278407414478366,164620.0,0.09523809523809523,0.7642327785202284
Knapsack,00389-knapsack-n25-w16392-v118033-type3.asp,157,605,0.259504,0.067342,0.017476,3.853503,14.849487,57.222545,0.33121,0.159236,0.0,0.343949,53,0.496815,0.171975,0.171975,AMOCLINGO-L,3.159313,1.3107742094562964,118033.0,1728510.0,0.06828598041087411,164620.0,0.09523809523809523,0.7170027943141781
Knapsack,00399-knapsack-n25-w52157-v663908-type4.asp,157,605,0.259504,0.067342,0.017476,3.853503,14.849487,57.222545,0.33121,0.159236,0.0,0.343949,53,0.496815,0.171975,0.171975,AMOCLINGO-L,251.455304,4.791965923295855,663908.0,7084560.0,0.093711959528891,674720.0,0.09523809523809523,0.9839755750533554
Knapsack,00409-knapsack-n25-w55826-v510262-type3.asp,157,605,0.259504,0.067342,0.017476,3.853503,14.849487,57.222545,0.33121,0.159236,0.0,0.343949,53,0.496815,0.171975,0.171975,CLINGO-AMO,20.195379,22.51217855332153,510262.0,7084560.0,0.07202451528394141,674720.0,0.09523809523809523,0.7562574104813848
Knapsack,00469-knapsack-n30-w25748-v139211-type3.asp,187,725,0.257931,0.066528,0.01716,3.877005,15.03117,58.275928,0.331551,0.160428,0.0,0.342246,63,0.497326,0.171123,0.171123,AMOCLINGO-L,0.617001,187.48180148816613,139211.0,1811460.0,0.07685016506022767,172520.0,0.09523809523809523,0.8069267331323905
Knapsack,00474-knapsack-n30-w26885-v134733-type3.asp,187,725,0.257931,0.066528,0.01716,3.877005,15.03117,58.275928,0.331551,0.160428,0.0,0.342246,63,0.497326,0.171123,0.171123,AMOCLINGO-L,2.440686,2.0869456374150546,134733.0,1811460.0,0.074378125931569,172520.0,0.09523809523809523,0.7809703222814746
Knapsack,00476-knapsack-n30-w27698-v135401-type1.asp,187,725,0.257931,0.066528,0.01716,3.877005,15.03117,58.275928,0.331551,0.160428,0.0,0.342246,63,0.497326,0.171123,0.171123,AMOCLINGO-L,1.615392,3.058878587983598,135401.0,1811460.0,0.07474688924955561,172520.0,0.09523809523809523,0.7848423371203339
Knapsack,00478-knapsack-n30-w26464-v145573-type1.asp,187,725,0.257931,0.066528,0.01716,3.877005,15.03117,58.275928,0.331551,0.160428,0.0,0.342246,63,0.497326,0.171123,0.171123,AMOCLINGO-L,1109.184812,1.0862618780611286,145573.0,1811460.0,0.08036224923542336,172520.0,0.09523809523809523,0.8438036169719453
Knapsack,00481-knapsack-n30-w64952-v657437-type3.asp,187,725,0.257931,0.066528,0.01716,3.877005,15.03117,58.275928,0.331551,0.160428,0.0,0.342246,63,0.497326,0.171123,0.171123,AMOCLINGO-L,0.51729,28.620688588606004,657437.0,9635220.0,0.06823269214402992,917640.0,0.09523809523809523,0.7164432675123142
Knapsack,00483-knapsack-n30-w65260-v675932-type3.asp,187,725,0.257931,0.066528,0.01716,3.877005,15.03117,58.275928,0.331551,0.160428,0.0,0.342246,63,0.497326,0.171123,0.171123,CLINGO-AMO,34.720073000000006,34.70671285742976,675932.0,9635220.0,0.07015221240407588,917640.0,0.09523809523809523,0.7365982302427967
Knapsack,00494-knapsack-n30-w63862-v608796-type3.asp,187,725,0.257931,0.066528,0.01716,3.877005,15.03117,58.275928,0.331551,0.160428,0.0,0.342246,63,0.497326,0.171123,0.171123,AMOCLINGO-L,0.518832,3.077768911709378,608796.0,9635220.0,0.06318444207812587,917640.0,0.09523809523809523,0.6634366418203217
Knapsack,00499-knapsack-n30-w64867-v613250-type1.asp,187,725,0.257931,0.066528,0.01716,3.877005,15.03117,58.275928,0.331551,0.160428,0.0,0.342246,63,0.497326,0.171123,0.171123,AMOCLINGO-L,0.515626,2.742353954222634,613250.0,9635220.0,0.0636467044862494,917640.0,0.09523809523809523,0.6682903971056188
Knapsack,00500-knapsack-n30-w64396-v907678-type3.asp,187,725,0.257931,0.066528,0.01716,3.877005,15.03117,58.275928,0.331551,0.160428,0.0,0.342246,63,0.497326,0.171123,0.171123,AMOCLINGO-L,112.219664,2.6282798084300096,907678.0,9635220.0,0.09420418008099452,917640.0,0.09523809523809523,0.9891438908504424
Knapsack,00517-knapsack-n30-w250904-v1299097-type3.asp,187,725,0.257931,0.066528,0.01716,3.877005,15.03117,58.275928,0.331551,0.160428,0.0,0.342246,63,0.497326,0.171123,0.171123,CLINGO-AMO,4.9015580000000005,2.2258155468118503,1299097.0,17821860.0,0.07289345780967868,1697320.0,0.09523809523809523,0.7653813070016261
Knapsack,00524-knapsack-n30-w252382-v1281450-type3.asp,187,725,0.257931,0.066528,0.01716,3.877005,15.03117,58.275928,0.331551,0.160428,0.0,0.342246,63,0.497326,0.171123,0.171123,AMOCLINGO-INF-MR,0.531432,8.766807418446762,1281450.0,17821860.0,0.07190326935572382,1697320.0,0.09523809523809523,0.7549843282351001
Knapsack,00528-knapsack-n30-w251652-v1257031-type3.asp,187,725,0.257931,0.066528,0.01716,3.877005,15.03117,58.275928,0.331551,0.160428,0.0,0.342246,63,0.497326,0.171123,0.171123,AMOCLINGO-L,0.517208,1.5654262888431734,1257031.0,17821860.0,0.07053309811658266,1697320.0,0.09523809523809523,0.740597530224118
Knapsack,00540-knapsack-n35-w30132-v227607-type4.asp,217,845,0.256805,0.065949,0.016936,3.894009,15.163308,59.04606,0.331797,0.16129,0.0,0.341014,73,0.497696,0.170507,0.170507,AMOCLINGO-INF-MR,1.318576,1.4466970428704906,227607.0,2403870.0,0.09468357273895843,228940.0,0.09523809523809523,0.9941775137590635
Knapsack,00556-knapsack-n35-w29167-v165065-type3.asp,217,845,0.256805,0.065949,0.016936,3.894009,15.163308,59.04606,0.331797,0.16129,0.0,0.341014,73,0.497696,0.170507,0.170507,CLINGO-AMO,10.241483,69.66110523251369,165065.0,2403870.0,0.06866635882972041,228940.0,0.09523809523809523,0.7209967677120643
Knapsack,00565-knapsack-n35-w28463-v226764-type4.asp,217,845,0.256805,0.065949,0.016936,3.894009,15.163308,59.04606,0.331797,0.16129,0.0,0.341014,73,0.497696,0.170507,0.170507,AMOCLINGO-L,339.482857,2.488611476484658,226764.0,2403870.0,0.09433288821774888,228940.0,0.09523809523809523,0.9904953262863633
Knapsack,00567-knapsack-n35-w28897-v173891-type3.asp,217,845,0.256805,0.065949,0.016936,3.894009,15.163308,59.04606,0.331797,0.16129,0.0,0.341014,73,0.497696,0.170507,0.170507,CLINGO-AMO,31.243368,38.56833136555573,173891.0,2403870.0,0.072337938407651,228940.0,0.09523809523809523,0.7595483532803354
Knapsack,00576-knapsack-n35-w73792-v774793-type3.asp,217,845,0.256805,0.065949,0.016936,3.894009,15.163308,59.04606,0.331797,0.16129,0.0,0.341014,73,0.497696,0.170507,0.170507,CLINGO-AMO,3.79682,118.3590533657113,774793.0,11147220.0,0.06950549105516891,1061640.0,0.09523809523809523,0.7298076560792736
Knapsack,00583-knapsack-n35-w70515-v762899-type1.asp,217,845,0.256805,0.065949,0.016936,3.894009,15.163308,59.04606,0.331797,0.16129,0.0,0.341014,73,0.497696,0.170507,0.170507,CLINGO-AMO,11.387949,105.81437851539378,762899.0,11147220.0,0.0684384985673558,1061640.0,0.09523809523809523,0.718604234957236
Knapsack,00584-knapsack-n35-w71002-v770312-type1.asp,217,845,0.256805,0.065949,0.016936,3.894009,15.163308,59.04606,0.331797,0.16129,0.0,0.341014,73,0.497696,0.170507,0.170507,CLINGO-AMO,7.889798,152.73162075885847,770312.0,11147220.0,0.06910350742158135,1061640.0,0.09523809523809523,0.7255868279266041
Knapsack,00589-knapsack-n35-w71034-v802257-type3.asp,217,845,0.256805,0.065949,0.016936,3.894009,15.163308,59.04606,0.331797,0.16129,0.0,0.341014,73,0.497696,0.170507,0.170507,CLINGO-AMO,439.783911,2.737245496914052,802257.0,11147220.0,0.0719692443497123,1061640.0,0.09523809523809523,0.7556770656719792
Knapsack,00599-knapsack-n35-w71466-v749362-type3.asp,217,845,0.256805,0.065949,0.016936,3.894009,15.163308,59.04606,0.331797,0.16129,0.0,0.341014,73,0.497696,0.170507,0.170507,CLINGO-AMO,2.371271,155.01037924387384,749362.0,11147220.0,0.06722411507084278,1061640.0,0.09523809523809523,0.7058532082438491
Knapsack,00608-knapsack-n35-w308127-v1479933-type3.asp,217,845,0.256805,0.065949,0.016936,3.894009,15.163308,59.04606,0.331797,0.16129,0.0,0.341014,73,0.497696,0.170507,0.170507,CLINGO-AMO,4.544525,5.553526936258464,1479933.0,21000420.0,0.07047159056818864,2000040.0,0.09523809523809523,0.7399517009659807
Knapsack,00618-knapsack-n35-w306144-v1489986-type3.asp,217,845,0.256805,0.065949,0.016936,3.894009,15.163308,59.04606,0.331797,0.16129,0.0,0.341014,73,0.497696,0.170507,0.170507,AMOCLINGO-L,3.086358,1.7766921400563382,1489986.0,21000420.0,0.07095029527980869,2000040.0,0.09523809523809523,0.7449781004379913
Knapsack,00632-knapsack-n40-w30584-v248370-type4.asp,247,965,0.255959,0.065515,0.016769,3.906883,15.263732,59.633607,0.331984,0.161943,0.0,0.340081,83,0.497976,0.17004,0.17004,AMOCLINGO-L,0.8263860000000001,1.220686216852657,248370.0,2620170.0,0.09479155932630326,249540.0,0.09523809523809523,0.9953113729261842
Knapsack,00637-knapsack-n40-w28454-v189112-type3.asp,247,965,0.255959,0.065515,0.016769,3.906883,15.263732,59.633607,0.331984,0.161943,0.0,0.340081,83,0.497976,0.17004,0.17004,CLINGO-AMO,72.560756,16.607051227525798,189112.0,2620170.0,0.07217546953060297,249540.0,0.09523809523809523,0.7578424300713312
Knapsack,00639-knapsack-n40-w30845-v186167-type3.asp,247,965,0.255959,0.065515,0.016769,3.906883,15.263732,59.633607,0.331984,0.161943,0.0,0.340081,83,0.497976,0.17004,0.17004,AMOCLINGO-L,0.76332,21.594179374312212,186167.0,2620170.0,0.07105149665861375,249540.0,0.09523809523809523,0.7460407149154444
Knapsack,00647-knapsack-n40-w30813-v195930-type3.asp,247,965,0.255959,0.065515,0.016769,3.906883,15.263732,59.633607,0.331984,0.161943,0.0,0.340081,83,0.497976,0.17004,0.17004,AMOCLINGO-L,0.540793,171.03535733635607,195930.0,2620170.0,0.0747775907670113,249540.0,0.09523809523809523,0.7851647030536186
Knapsack,00682-knapsack-n40-w81970-v843983-type3.asp,247,965,0.255959,0.065515,0.016769,3.906883,15.263732,59.633607,0.331984,0.161943,0.0,0.340081,83,0.497976,0.17004,0.17004,CLINGO-AMO,815.106525,1.478314687764277,843983.0,12343380.0,0.06837535585876801,1175560.0,0.09523809523809523,0.7179412365170642
Knapsack,00689-knapsack-n40-w85005-v1167375-type4.asp,247,965,0.255959,0.065515,0.016769,3.906883,15.263732,59.633607,0.331984,0.161943,0.0,0.340081,83,0.497976,0.17004,0.17004,AMOCLINGO-L,89.984593,2.4137837351778653,1167375.0,12343380.0,0.09457498675403334,1175560.0,0.09523809523809523,0.9930373609173501
Knapsack,00697-knapsack-n40-w409210-v1967006-type3.asp,247,965,0.255959,0.065515,0.016769,3.906883,15.263732,59.633607,0.331984,0.161943,0.0,0.340081,83,0.497976,0.17004,0.17004,AMOCLINGO-L,50.986634,8.254115107892785,1967006.0,24457650.0,0.08042497950538993,2329300.0,0.09523809523809523,0.8444622848065942
Knapsack,00726-knapsack-n45-w34403-v216759-type3.asp,277,1085,0.2553,0.065178,0.01664,3.916968,15.342634,60.096601,0.33213,0.162455,0.0,0.33935,93,0.498195,0.169675,0.169675,AMOCLINGO-INF-MR,0.543353,38.58615301654726,216759.0,3025680.0,0.07163976362338384,288160.0,0.09523809523809523,0.7522175180455303
Knapsack,00727-knapsack-n45-w32036-v215169-type3.asp,277,1085,0.2553,0.065178,0.01664,3.916968,15.342634,60.096601,0.33213,0.162455,0.0,0.33935,93,0.498195,0.169675,0.169675,CLINGO-AMO,13.682675,88.06435583685207,215169.0,3025680.0,0.07111426191798208,288160.0,0.09523809523809523,0.7466997501388117
Knapsack,00746-knapsack-n45-w32340-v204144-type3.asp,277,1085,0.2553,0.065178,0.01664,3.916968,15.342634,60.096601,0.33213,0.162455,0.0,0.33935,93,0.498195,0.169675,0.169675,AMOCLINGO-INF-MR,0.6109370000000001,12.213794548374054,204144.0,3025680.0,0.06747045292297929,288160.0,0.09523809523809523,0.7084397556912826
Knapsack,00752-knapsack-n45-w94598-v958796-type3.asp,277,1085,0.2553,0.065178,0.01664,3.916968,15.342634,60.096601,0.33213,0.162455,0.0,0.33935,93,0.498195,0.169675,0.169675,CLINGO-AMO,12.977225,92.84846791205362,958796.0,13937280.0,0.06879362400697984,1327360.0,0.09523809523809523,0.7223330520732884
Knapsack,00772-knapsack-n45-w91224-v921231-type3.asp,277,1085,0.2553,0.065178,0.01664,3.916968,15.342634,60.096601,0.33213,0.162455,0.0,0.33935,93,0.498195,0.169675,0.169675,CLINGO-AMO,12.463854,6.292428810542871,921231.0,13937280.0,0.06609833482573357,1327360.0,0.09523809523809523,0.6940325156702025
Knapsack,00791-knapsack-n45-w351591-v1945995-type3.asp,277,1085,0.2553,0.065178,0.01664,3.916968,15.342634,60.096601,0.33213,0.162455,0.0,0.33935,93,0.498195,0.169675,0.169675,CLINGO-AMO,62.5787,19.25460890047253,1945995.0,24789450.0,0.07850093487350465,2360900.0,0.09523809523809523,0.8242598161717989
Knapsack,00793-knapsack-n45-w352515-v1752054-type3.asp,277,1085,0.2553,0.065178,0.01664,3.916968,15.342634,60.096601,0.33213,0.162455,0.0,0.33935,93,0.498195,0.169675,0.169675,CLINGO-AMO,5.246453000000001,1.3238860616877726,1752054.0,24789450.0,0.07067740510580106,2360900.0,0.09523809523809523,0.7421127536109111
Knapsack,00794-knapsack-n45-w352437-v2348963-type3.asp,277,1085,0.2553,0.065178,0.01664,3.916968,15.342634,60.096601,0.33213,0.162455,0.0,0.33935,93,0.498195,0.169675,0.169675,AMOCLINGO-L,7.060655000000001,1.4400045038314433,2348963.0,24789450.0,0.09475655974618234,2360900.0,0.09523809523809523,0.9949438773349146
Knapsack,00813-knapsack-n50-w40325-v287880-type4.asp,307,1205,0.254772,0.064909,0.016537,3.925081,15.406264,60.470842,0.332248,0.162866,0.0,0.338762,103,0.498371,0.169381,0.169381,AMOCLINGO-L,97.951345,8.460350656746979,287880.0,3038070.0,0.09475752698259092,289340.0,0.09523809523809523,0.9949540333172047
Knapsack,00819-knapsack-n50-w39462-v220501-type1.asp,307,1205,0.254772,0.064909,0.016537,3.925081,15.406264,60.470842,0.332248,0.162866,0.0,0.338762,103,0.498371,0.169381,0.169381,CLINGO-AMO,35.480974,33.96250122671378,220501.0,3038070.0,0.0725793019910667,289340.0,0.09523809523809523,0.7620826709062003
Knapsack,00835-knapsack-n50-w38214-v212443-type1.asp,307,1205,0.254772,0.064909,0.016537,3.925081,15.406264,60.470842,0.332248,0.162866,0.0,0.338762,103,0.498371,0.169381,0.169381,CLINGO-AMO,13.503732,89.23639657540598,212443.0,3038070.0,0.06992696020829013,289340.0,0.09523809523809523,0.7342330821870464
Knapsack,00866-knapsack-n50-w102691-v1489127-type4.asp,307,1205,0.254772,0.064909,0.016537,3.925081,15.406264,60.470842,0.332248,0.162866,0.0,0.338762,103,0.498371,0.169381,0.169381,AMOCLINGO-L,20.077462,2.624395254738871,1489127.0,15707160.0,0.0948056173108315,1495920.0,0.09523809523809523,0.9954589817637307
Knapsack,00878-knapsack-n50-w454966-v1973180-type1.asp,307,1205,0.254772,0.064909,0.016537,3.925081,15.406264,60.470842,0.332248,0.162866,0.0,0.338762,103,0.498371,0.169381,0.169381,CLINGO-AMO,13.866074,86.90360768303992,1973180.0,27301680.0,0.07227320809561902,2600160.0,0.09523809523809523,0.7588686850039997
Knapsack,00879-knapsack-n50-w454160-v1742467-type3.asp,307,1205,0.254772,0.064909,0.016537,3.925081,15.406264,60.470842,0.332248,0.162866,0.0,0.338762,103,0.498371,0.169381,0.169381,AMOCLINGO-INF-MR,0.539863,1.3690769695274545,1742467.0,27301680.0,0.06382270248570784,2600160.0,0.09523809523809523,0.6701383760999323
Knapsack,00882-knapsack-n50-w454863-v2591620-type4.asp,307,1205,0.254772,0.064909,0.016537,3.925081,15.406264,60.470842,0.332248,0.162866,0.0,0.338762,103,0.498371,0.169381,0.169381,AMOCLINGO-INF-MR,1.569384,2.218623357954459,2591620.0,27301680.0,0.09492529397458326,2600160.0,0.09523809523809523,0.9967155867331241
Knapsack,00883-knapsack-n50-w453243-v2587107-type4.asp,307,1205,0.254772,0.064909,0.016537,3.925081,15.406264,60.470842,0.332248,0.162866,0.0,0.338762,103,0.498371,0.169381,0.169381,AMOCLINGO-L,145.11928999999998,6.919846679238853,2587107.0,27301680.0,0.09475999279165238,2600160.0,0.09523809523809523,0.99497992431235
Knapsack,00886-knapsack-n50-w454984-v2592207-type4.asp,307,1205,0.254772,0.064909,0.016537,3.925081,15.406264,60.470842,0.332248,0.162866,0.0,0.338762,103,0.498371,0.169381,0.169381,AMOCLINGO-INF-MR,1.107767,1.5914610202325945,2592207.0,27301680.0,0.09494679448297687,2600160.0,0.09523809523809523,0.9969413420712572
Knapsack,00890-knapsack-n50-w453382-v2049171-type3.asp,307,1205,0.254772,0.064909,0.016537,3.925081,15.406264,60.470842,0.332248,0.162866,0.0,0.338762,103,0.498371,0.169381,0.169381,CLINGO-AMO,16.344483,73.72225741248592,2049171.0,27301680.0,0.07505658992413654,2600160.0,0.09523809523809523,0.7880941942034336
Knapsack,00897-knapsack-n50-w453459-v1890719-type3.asp,307,1205,0.254772,0.064909,0.016537,3.925081,15.406264,60.470842,0.332248,0.162866,0.0,0.338762,103,0.498371,0.169381,0.169381,CLINGO-AMO,7.287846,16.667697972761772,1890719.0,27301680.0,0.0692528445135977,2600160.0,0.09523809523809523,0.7271548673927758
Knapsack,00902-knapsack-n55-w35294-v309105-type4.asp,337,1325,0.25434,0.064689,0.016453,3.931751,15.458664,60.779613,0.332344,0.163205,0.0,0.338279,113,0.498516,0.169139,0.169139,AMOCLINGO-L,7.982480000000001,3.388872505787675,309105.0,3257940.0,0.09487743789020056,310280.0,0.09523809523809523,0.9962130978471059
Knapsack,00914-knapsack-n55-w35564-v247573-type3.asp,337,1325,0.25434,0.064689,0.016453,3.931751,15.458664,60.779613,0.332344,0.163205,0.0,0.338279,113,0.498516,0.169139,0.169139,CLINGO-AMO,34.812623,2.618415021470804,247573.0,3257940.0,0.07599065667262135,310280.0,0.09523809523809523,0.7979018950625242
Knapsack,00923-knapsack-n55-w34911-v309214-type4.asp,337,1325,0.25434,0.064689,0.016453,3.931751,15.458664,60.779613,0.332344,0.163205,0.0,0.338279,113,0.498516,0.169139,0.169139,AMOCLINGO-L,2.3147650000000004,2.424218441180854,309214.0,3257940.0,0.09491089461438823,310280.0,0.09523809523809523,0.9965643934510765
Knapsack,00942-knapsack-n55-w116652-v1256410-type1.asp,337,1325,0.25434,0.064689,0.016453,3.931751,15.458664,60.779613,0.332344,0.163205,0.0,0.338279,113,0.498516,0.169139,0.169139,CLINGO-AMO,455.992067,2.642442726969634,1256410.0,17703210.0,0.07097074485361694,1686020.0,0.09523809523809523,0.7451928209629779
Knapsack,00952-knapsack-n55-w116808-v1200299-type3.asp,337,1325,0.25434,0.064689,0.016453,3.931751,15.458664,60.779613,0.332344,0.163205,0.0,0.338279,113,0.498516,0.169139,0.169139,CLINGO-AMO,18.052205,47.05614959502177,1200299.0,17703210.0,0.06780120667381791,1686020.0,0.09523809523809523,0.7119126700750881
Knapsack,00964-knapsack-n55-w414689-v2142948-type1.asp,337,1325,0.25434,0.064689,0.016453,3.931751,15.458664,60.779613,0.332344,0.163205,0.0,0.338279,113,0.498516,0.169139,0.169139,AMOCLINGO-L,2.810851,4.887043461215127,2142948.0,29733690.0,0.07207137761912497,2831780.0,0.09523809523809523,0.7567494650008122
Knapsack,00967-knapsack-n55-w414031-v1877127-type3.asp,337,1325,0.25434,0.064689,0.016453,3.931751,15.458664,60.779613,0.332344,0.163205,0.0,0.338279,113,0.498516,0.169139,0.169139,AMOCLINGO-L,0.533119,15.181921859847426,1877127.0,29733690.0,0.06313131669833108,2831780.0,0.09523809523809523,0.6628788253324764
Knapsack,00972-knapsack-n55-w416401-v2297437-type1.asp,337,1325,0.25434,0.064689,0.016453,3.931751,15.458664,60.779613,0.332344,0.163205,0.0,0.338279,113,0.498516,0.169139,0.169139,CLINGO-AMO,54.848602,21.969897500760368,2297437.0,29733690.0,0.07726713367900183,2831780.0,0.09523809523809523,0.8113049036295192
Knapsack,00986-knapsack-n55-w415731-v2089265-type3.asp,337,1325,0.25434,0.064689,0.016453,3.931751,15.458664,60.779613,0.332344,0.163205,0.0,0.338279,113,0.498516,0.169139,0.169139,CLINGO-AMO,8.464673,142.34689006887805,2089265.0,29733690.0,0.07026591721377333,2831780.0,0.09523809523809523,0.73779213074462
Knapsack,00988-knapsack-n55-w416538-v1871983-type3.asp,337,1325,0.25434,0.064689,0.016453,3.931751,15.458664,60.779613,0.332344,0.163205,0.0,0.338279,113,0.498516,0.169139,0.169139,AMOCLINGO-INF-MR,0.5425880000000001,2.9910042241995765,1871983.0,29733690.0,0.06295831428927927,2831780.0,0.09523809523809523,0.6610623000374323
Knapsack,00992-knapsack-n60-w46022-v247996-type3.asp,367,1445,0.253979,0.064505,0.016383,3.93733,15.502565,61.03871,0.332425,0.163488,0.0,0.337875,123,0.498638,0.168937,0.168937,CLINGO-AMO,14.977326,9.769757031395324,247996.0,3639090.0,0.06814780618231481,346580.0,0.09523809523809523,0.7155519649143055
Knapsack,00998-knapsack-n60-w46675-v345124-type4.asp,367,1445,0.253979,0.064505,0.016383,3.93733,15.502565,61.03871,0.332425,0.163488,0.0,0.337875,123,0.498638,0.168937,0.168937,AMOCLINGO-L,91.690189,13.141761132153407,345124.0,3639090.0,0.09483799521308899,346580.0,0.09523809523809523,0.9957989497374343
Knapsack,01005-knapsack-n60-w47145-v345064-type4.asp,367,1445,0.253979,0.064505,0.016383,3.93733,15.502565,61.03871,0.332425,0.163488,0.0,0.337875,123,0.498638,0.168937,0.168937,AMOCLINGO-L,319.316545,3.773326151953699,345064.0,3639090.0,0.09482150757469587,346580.0,0.09523809523809523,0.9956258295343067
Knapsack,01014-knapsack-n60-w45813-v345506-type4.asp,367,1445,0.253979,0.064505,0.016383,3.93733,15.502565,61.03871,0.332425,0.163488,0.0,0.337875,123,0.498638,0.168937,0.168937,AMOCLINGO-L,2.114934,2.127202078173598,345506.0,3639090.0,0.09494296651085848,346580.0,0.09523809523809523,0.9969011483640141
Knapsack,01015-knapsack-n60-w48363-v345396-type4.asp,367,1445,0.253979,0.064505,0.016383,3.93733,15.502565,61.03871,0.332425,0.163488,0.0,0.337875,123,0.498638,0.168937,0.168937,AMOCLINGO-L,9.651648,3.5749334206966523,345396.0,3639090.0,0.09491273917380444,346580.0,0.09523809523809523,0.9965837613249466
Knapsack,01051-knapsack-n60-w454034-v2611563-type3.asp,367,1445,0.253979,0.064505,0.016383,3.93733,15.502565,61.03871,0.332425,0.163488,0.0,0.337875,123,0.498638,0.168937,0.168937,CLINGO-AMO,15.798421,76.27425823124983,2611563.0,37841160.0,0.06901381987232949,3603920.0,0.09523809523809523,0.7246451086594597
Knapsack,01056-knapsack-n60-w454217-v2476090-type3.asp,367,1445,0.253979,0.064505,0.016383,3.93733,15.502565,61.03871,0.332425,0.163488,0.0,0.337875,123,0.498638,0.168937,0.168937,CLINGO-AMO,4.801518,1.7183388669999775,2476090.0,37841160.0,0.06543377634300851,3603920.0,0.09523809523809523,0.6870546516015894
Knapsack,01060-knapsack-n60-w454515-v2719365-type3.asp,367,1445,0.253979,0.064505,0.016383,3.93733,15.502565,61.03871,0.332425,0.163488,0.0,0.337875,123,0.498638,0.168937,0.168937,CLINGO-AMO,46.269582,26.04363560059825,2719365.0,37841160.0,0.07186262260459246,3603920.0,0.09523809523809523,0.7545575373482208
Knapsack,01061-knapsack-n60-w455979-v3589667-type3.asp,367,1445,0.253979,0.064505,0.016383,3.93733,15.502565,61.03871,0.332425,0.163488,0.0,0.337875,123,0.498638,0.168937,0.168937,AMOCLINGO-L,38.364169,15.501785142276898,3589667.0,37841160.0,0.09486144187968867,3603920.0,0.09523809523809523,0.9960451397367311
Knapsack,01067-knapsack-n60-w456096-v2701256-type3.asp,367,1445,0.253979,0.064505,0.016383,3.93733,15.502565,61.03871,0.332425,0.163488,0.0,0.337875,123,0.498638,0.168937,0.168937,CLINGO-AMO,32.978842,1.3368858130312762,2701256.0,37841160.0,0.07138406962154437,3603920.0,0.09523809523809523,0.7495327310262159
Knapsack,01069-knapsack-n60-w453943-v2704007-type3.asp,367,1445,0.253979,0.064505,0.016383,3.93733,15.502565,61.03871,0.332425,0.163488,0.0,0.337875,123,0.498638,0.168937,0.168937,CLINGO-AMO,27.305313,44.131937839350165,2704007.0,37841160.0,0.07145676823860579,3603920.0,0.09523809523809523,0.7502960665053608
Knapsack,01081-knapsack-n65-w50068-v338770-type3.asp,397,1565,0.253674,0.064351,0.016324,3.942065,15.53988,61.259226,0.332494,0.163728,0.0,0.337531,133,0.498741,0.168766,0.168766,CLINGO-AMO,139.50847000000002,8.63737576650364,338770.0,4566870.0,0.07417990877778435,434940.0,0.09523809523809523,0.7788890421667356
Knapsack,01102-knapsack-n65-w49251-v307341-type3.asp,397,1565,0.253674,0.064351,0.016324,3.942065,15.53988,61.259226,0.332494,0.163728,0.0,0.337531,133,0.498741,0.168766,0.168766,AMOCLINGO-INF-MR,4.492383,3.694753764316177,307341.0,4566870.0,0.06729795242693573,434940.0,0.09523809523809523,0.7066285004828252
Knapsack,01103-knapsack-n65-w49466-v433255-type4.asp,397,1565,0.253674,0.064351,0.016324,3.942065,15.53988,61.259226,0.332494,0.163728,0.0,0.337531,133,0.498741,0.168766,0.168766,AMOCLINGO-L,118.386513,7.993079591760592,433255.0,4566870.0,0.09486913356412598,434940.0,0.09523809523809523,0.9961259024233228
Knapsack,01126-knapsack-n65-w135392-v1390605-type3.asp,397,1565,0.253674,0.064351,0.016324,3.942065,15.53988,61.259226,0.332494,0.163728,0.0,0.337531,133,0.498741,0.168766,0.168766,CLINGO-AMO,75.1621,16.032268337366837,1390605.0,19813080.0,0.07018621032166629,1886960.0,0.09523809523809523,0.7369552083774961
Knapsack,01127-knapsack-n65-w133302-v1391670-type3.asp,397,1565,0.253674,0.064351,0.016324,3.942065,15.53988,61.259226,0.332494,0.163728,0.0,0.337531,133,0.498741,0.168766,0.168766,CLINGO-AMO,155.928771,7.727982637662167,1391670.0,19813080.0,0.07023996269131301,1886960.0,0.09523809523809523,0.7375196082587866
Knapsack,01135-knapsack-n65-w132935-v1318736-type3.asp,397,1565,0.253674,0.064351,0.016324,3.942065,15.53988,61.259226,0.332494,0.163728,0.0,0.337531,133,0.498741,0.168766,0.168766,CLINGO-AMO,34.473795,2.473143615317084,1318736.0,19813080.0,0.0665588590971217,1886960.0,0.09523809523809523,0.6988680205197778
Knapsack,01144-knapsack-n65-w578774-v3221712-type4.asp,397,1565,0.253674,0.064351,0.016324,3.942065,15.53988,61.259226,0.332494,0.163728,0.0,0.337531,133,0.498741,0.168766,0.168766,AMOCLINGO-INF-MR,0.734742,1.6273617133633302,3221712.0,33891270.0,0.09506023232531563,3227740.0,0.09523809523809523,0.9981324394158142
Knapsack,01149-knapsack-n65-w577004-v3216841-type4.asp,397,1565,0.253674,0.064351,0.016324,3.942065,15.53988,61.259226,0.332494,0.163728,0.0,0.337531,133,0.498741,0.168766,0.168766,AMOCLINGO-L,61.795199,18.718466753379985,3216841.0,33891270.0,0.09491650799748726,3227740.0,0.09523809523809523,0.9966233339736162
Knapsack,01154-knapsack-n65-w578020-v2517282-type2.asp,397,1565,0.253674,0.064351,0.016324,3.942065,15.53988,61.259226,0.332494,0.163728,0.0,0.337531,133,0.498741,0.168766,0.168766,CLINGO-AMO,41.787535,28.832805763728345,2517282.0,33891270.0,0.07427523371062814,3227740.0,0.09523809523809523,0.7798899539615954
Knapsack,01157-knapsack-n65-w578652-v3219696-type4.asp,397,1565,0.253674,0.064351,0.016324,3.942065,15.53988,61.259226,0.332494,0.163728,0.0,0.337531,133,0.498741,0.168766,0.168766,AMOCLINGO-L,4.313725000000001,1.3074261803893386,3219696.0,33891270.0,0.09500074798023207,3227740.0,0.09523809523809523,0.9975078537924368
Knapsack,01167-knapsack-n65-w577794-v2590486-type3.asp,397,1565,0.253674,0.064351,0.016324,3.942065,15.53988,61.259226,0.332494,0.163728,0.0,0.337531,133,0.498741,0.168766,0.168766,CLINGO-AMO,104.180651,11.566543033024432,2590486.0,33891270.0,0.0764351999792277,3227740.0,0.09523809523809523,0.8025695997818907
Knapsack,01168-knapsack-n65-w577716-v2618940-type3.asp,397,1565,0.253674,0.064351,0.016324,3.942065,15.53988,61.259226,0.332494,0.163728,0.0,0.337531,133,0.498741,0.168766,0.168766,CLINGO-AMO,245.524707,4.907933966091648,2618940.0,33891270.0,0.07727476721881475,3227740.0,0.09523809523809523,0.8113850557975549
Knapsack,01169-knapsack-n65-w577269-v2673807-type3.asp,397,1565,0.253674,0.064351,0.016324,3.942065,15.53988,61.259226,0.332494,0.163728,0.0,0.337531,133,0.498741,0.168766,0.168766,CLINGO-AMO,762.787302,1.5796525726643522,2673807.0,33891270.0,0.0788936796998165,3227740.0,0.09523809523809523,0.8283836368480733
Knapsack,01175-knapsack-n70-w52451-v301601-type3.asp,427,1685,0.253412,0.064218,0.016274,3.946136,15.571988,61.44918,0.332553,0.163934,0.0,0.337237,143,0.498829,0.168618,0.168618,AMOCLINGO-INF-MR,0.579356,35.06707447579727,301601.0,4517520.0,0.06676251571658787,430240.0,0.09523809523809523,0.7010064150241726
Knapsack,01195-knapsack-n70-w51576-v304986-type3.asp,427,1685,0.253412,0.064218,0.016274,3.946136,15.571988,61.44918,0.332553,0.163934,0.0,0.337237,143,0.498829,0.168618,0.168618,CLINGO-AMO,13.765738,2.044931917199063,304986.0,4517520.0,0.06751182064495564,430240.0,0.09523809523809523,0.7088741167720343
Knapsack,01209-knapsack-n70-w154959-v2122743-type4.asp,427,1685,0.253412,0.064218,0.016274,3.946136,15.571988,61.44918,0.332553,0.163934,0.0,0.337237,143,0.498829,0.168618,0.168618,AMOCLINGO-L,2.8820710000000003,1.2524268139126342,2122743.0,22340850.0,0.09501621469192086,2127700.0,0.09523809523809523,0.997670254265169
Knapsack,01217-knapsack-n70-w152860-v2123427-type4.asp,427,1685,0.253412,0.064218,0.016274,3.946136,15.571988,61.44918,0.332553,0.163934,0.0,0.337237,143,0.498829,0.168618,0.168618,AMOCLINGO-INF-MR,0.956484,1.2086182309374751,2123427.0,22340850.0,0.09504683125306333,2127700.0,0.09523809523809523,0.997991728157165
Knapsack,01229-knapsack-n70-w152026-v1546874-type3.asp,427,1685,0.253412,0.064218,0.016274,3.946136,15.571988,61.44918,0.332553,0.163934,0.0,0.337237,143,0.498829,0.168618,0.168618,CLINGO-AMO,277.238258,4.3464798426197016,1546874.0,22340850.0,0.06923971111215553,2127700.0,0.09523809523809523,0.7270169666776332
Knapsack,01230-knapsack-n70-w565603-v2639242-type3.asp,427,1685,0.253412,0.064218,0.016274,3.946136,15.571988,61.44918,0.332553,0.163934,0.0,0.337237,143,0.498829,0.168618,0.168618,CLINGO-AMO,20.933832,4.310391905313848,2639242.0,38399340.0,0.06873144173832155,3657080.0,0.09523809523809523,0.7216801382523762
Knapsack,01233-knapsack-n70-w564629-v2957830-type3.asp,427,1685,0.253412,0.064218,0.016274,3.946136,15.571988,61.44918,0.332553,0.163934,0.0,0.337237,143,0.498829,0.168618,0.168618,CLINGO-AMO,100.675941,11.96890486476804,2957830.0,38399340.0,0.07702814683794044,3657080.0,0.09523809523809523,0.8087955417983747
Knapsack,01248-knapsack-n70-w564602-v2589747-type3.asp,427,1685,0.253412,0.064218,0.016274,3.946136,15.571988,61.44918,0.332553,0.163934,0.0,0.337237,143,0.498829,0.168618,0.168618,CLINGO-AMO,12.387319,10.512941016534734,2589747.0,38399340.0,0.06744248729275035,3657080.0,0.09523809523809523,0.7081461165738786
Knapsack,01252-knapsack-n70-w564862-v2826145-type3.asp,427,1685,0.253412,0.064218,0.016274,3.946136,15.571988,61.44918,0.332553,0.163934,0.0,0.337237,143,0.498829,0.168618,0.168618,CLINGO-AMO,44.424478,2.393294458068816,2826145.0,38399340.0,0.07359879102088734,3657080.0,0.09523809523809523,0.7727873057193171
Knapsack,01260-knapsack-n75-w58938-v307691-type1.asp,457,1805,0.253186,0.064103,0.01623,3.949672,15.599907,61.614513,0.332604,0.164114,0.0,0.33698,153,0.498906,0.16849,0.16849,CLINGO-AMO,10.146903,12.97468951856542,307691.0,4852680.0,0.06340640635689969,462160.0,0.09523809523809523,0.6657672667474468
Knapsack,01261-knapsack-n75-w59179-v320261-type3.asp,457,1805,0.253186,0.064103,0.01623,3.949672,15.599907,61.614513,0.332604,0.164114,0.0,0.33698,153,0.498906,0.16849,0.16849,CLINGO-AMO,11.15787,6.010722655847397,320261.0,4852680.0,0.06599672758146014,462160.0,0.09523809523809523,0.6929656396053315
Knapsack,01269-knapsack-n75-w58562-v460824-type4.asp,457,1805,0.253186,0.064103,0.01623,3.949672,15.599907,61.614513,0.332604,0.164114,0.0,0.33698,153,0.498906,0.16849,0.16849,AMOCLINGO-L,103.913463,11.595597088319538,460824.0,4852680.0,0.09496278345161849,462160.0,0.09523809523809523,0.9971092262419942
Knapsack,01271-knapsack-n75-w58209-v343006-type3.asp,457,1805,0.253186,0.064103,0.01623,3.949672,15.599907,61.614513,0.332604,0.164114,0.0,0.33698,153,0.498906,0.16849,0.16849,CLINGO-AMO,66.086514,6.827794396902219,343006.0,4852680.0,0.07068382831754824,462160.0,0.09523809523809523,0.7421801973342566
Knapsack,01287-knapsack-n75-w57993-v355289-type3.asp,457,1805,0.253186,0.064103,0.01623,3.949672,15.599907,61.614513,0.332604,0.164114,0.0,0.33698,153,0.498906,0.16849,0.16849,CLINGO-AMO,70.199775,17.165477083081818,355289.0,4852680.0,0.07321500696522334,462160.0,0.09523809523809523,0.768757573134845
Knapsack,01293-knapsack-n75-w153367-v1585266-type3.asp,457,1805,0.253186,0.064103,0.01623,3.949672,15.599907,61.614513,0.332604,0.164114,0.0,0.33698,153,0.498906,0.16849,0.16849,CLINGO-AMO,59.188088,3.048884430934819,1585266.0,23983680.0,0.06609769643357483,2284160.0,0.09523809523809523,0.6940258125525357
Knapsack,01304-knapsack-n75-w153873-v1596621-type3.asp,457,1805,0.253186,0.064103,0.01623,3.949672,15.599907,61.614513,0.332604,0.164114,0.0,0.33698,153,0.498906,0.16849,0.16849,CLINGO-AMO,37.622157,2.647525180440877,1596621.0,23983680.0,0.0665711433774967,2284160.0,0.09523809523809523,0.6989970054637153
Knapsack,01335-knapsack-n75-w620098-v4153323-type4.asp,457,1805,0.253186,0.064103,0.01623,3.949672,15.599907,61.614513,0.332604,0.164114,0.0,0.33698,153,0.498906,0.16849,0.16849,AMOCLINGO-INF-MR,0.605938,1.2484907696827068,4153323.0,43668660.0,0.09510992551637719,4158920.0,0.09523809523809523,0.9986542179219605
Knapsack,01337-knapsack-n75-w619659-v4152049-type4.asp,457,1805,0.253186,0.064103,0.01623,3.949672,15.599907,61.614513,0.332604,0.164114,0.0,0.33698,153,0.498906,0.16849,0.16849,AMOCLINGO-INF-MR,0.777796,1.4837000961691753,4152049.0,43668660.0,0.09508075127562879,4158920.0,0.09523809523809523,0.9983478883941023
Knapsack,01338-knapsack-n75-w618566-v2923266-type3.asp,457,1805,0.253186,0.064103,0.01623,3.949672,15.599907,61.614513,0.332604,0.164114,0.0,0.33698,153,0.498906,0.16849,0.16849,CLINGO-AMO,14.722684,1.8826880343285235,2923266.0,43668660.0,0.06694196707661741,4158920.0,0.09523809523809523,0.7028906543044829
Knapsack,01339-knapsack-n75-w619236-v3418197-type3.asp,457,1805,0.253186,0.064103,0.01623,3.949672,15.599907,61.614513,0.332604,0.164114,0.0,0.33698,153,0.498906,0.16849,0.16849,CLINGO-AMO,246.260463,4.893267227390863,3418197.0,43668660.0,0.07827574741244636,4158920.0,0.09523809523809523,0.8218953478306869
Knapsack,01369-knapsack-n80-w67235-v375197-type3.asp,487,1925,0.252987,0.064002,0.016192,3.952772,15.624407,61.75972,0.332649,0.164271,0.0,0.336756,163,0.498973,0.168378,0.168378,CLINGO-AMO,767.2626389999999,1.570513797687991,375197.0,4994430.0,0.07512308711905062,475660.0,0.09523809523809523,0.7887924147500316
Knapsack,01416-knapsack-n80-w715256-v3551952-type1.asp,487,1925,0.252987,0.064002,0.016192,3.952772,15.624407,61.75972,0.332649,0.164271,0.0,0.336756,163,0.498973,0.168378,0.168378,CLINGO-AMO,305.97186800000003,3.938312930128596,3551952.0,46354140.0,0.07662642430643736,4414680.0,0.09523809523809523,0.8045774552175922
Knapsack,01417-knapsack-n80-w714371-v4407814-type4.asp,487,1925,0.252987,0.064002,0.016192,3.952772,15.624407,61.75972,0.332649,0.164271,0.0,0.336756,163,0.498973,0.168378,0.168378,AMOCLINGO-INF-MR,1.3868200000000002,1.29427395047663,4407814.0,46354140.0,0.09508997470344613,4414680.0,0.09523809523809523,0.9984447343861843
Knapsack,01420-knapsack-n80-w714072-v4404299-type4.asp,487,1925,0.252987,0.064002,0.016192,3.952772,15.624407,61.75972,0.332649,0.164271,0.0,0.336756,163,0.498973,0.168378,0.168378,AMOCLINGO-L,93.328921,12.910891340959571,4404299.0,46354140.0,0.09501414544633985,4414680.0,0.09523809523809523,0.9976485271865685
Knapsack,01422-knapsack-n80-w715181-v4408742-type4.asp,487,1925,0.252987,0.064002,0.016192,3.952772,15.624407,61.75972,0.332649,0.164271,0.0,0.336756,163,0.498973,0.168378,0.168378,AMOCLINGO-INF-MR,0.727095,1.7980511487494757,4408742.0,46354140.0,0.09510999449024402,4414680.0,0.09523809523809523,0.9986549421475622
Knapsack,01423-knapsack-n80-w715030-v3427156-type3.asp,487,1925,0.252987,0.064002,0.016192,3.952772,15.624407,61.75972,0.332649,0.164271,0.0,0.336756,163,0.498973,0.168378,0.168378,CLINGO-AMO,50.844984,23.698593768856338,3427156.0,46354140.0,0.0739341944430422,4414680.0,0.09523809523809523,0.776309041651943
Knapsack,01425-knapsack-n80-w714189-v3603757-type3.asp,487,1925,0.252987,0.064002,0.016192,3.952772,15.624407,61.75972,0.332649,0.164271,0.0,0.336756,163,0.498973,0.168378,0.168378,CLINGO-AMO,400.613726,3.007988141175173,3603757.0,46354140.0,0.07774401596060244,4414680.0,0.09523809523809523,0.8163121675863256
Knapsack,01427-knapsack-n80-w716275-v4406252-type4.asp,487,1925,0.252987,0.064002,0.016192,3.952772,15.624407,61.75972,0.332649,0.164271,0.0,0.336756,163,0.498973,0.168378,0.168378,AMOCLINGO-L,6.5681270000000005,1.6221499675630509,4406252.0,46354140.0,0.09505627760540913,4414680.0,0.09523809523809523,0.9980909148567959
Knapsack,01431-knapsack-n80-w715432-v4407080-type4.asp,487,1925,0.252987,0.064002,0.016192,3.952772,15.624407,61.75972,0.332649,0.164271,0.0,0.336756,163,0.498973,0.168378,0.168378,AMOCLINGO-L,3.029964,1.2960460916367322,4407080.0,46354140.0,0.0950741400875952,4414680.0,0.09523809523809523,0.9982784709197495
Knapsack,01433-knapsack-n80-w714733-v2887223-type3.asp,487,1925,0.252987,0.064002,0.016192,3.952772,15.624407,61.75972,0.332649,0.164271,0.0,0.336756,163,0.498973,0.168378,0.168378,AMOCLINGO-INF-MR,0.5880770000000001,26.740933585227783,2887223.0,46354140.0,0.062286194933181806,4414680.0,0.09523809523809523,0.654005046798409
Knapsack,01445-knapsack-n85-w60731-v350249-type3.asp,517,2045,0.252812,0.063914,0.016158,3.955513,15.64608,61.888265,0.332689,0.16441,0.0,0.336557,173,0.499033,0.168279,0.168279,CLINGO-AMO,58.71121,4.523896100932002,350249.0,5176500.0,0.06766135419685115,493000.0,0.09523809523809523,0.7104442190669371
Knapsack,01459-knapsack-n85-w62456-v359846-type1.asp,517,2045,0.252812,0.063914,0.016158,3.955513,15.64608,61.888265,0.332689,0.16441,0.0,0.336557,173,0.499033,0.168279,0.168279,CLINGO-AMO,41.424732,3.0677901307846724,359846.0,5176500.0,0.06951530957210471,493000.0,0.09523809523809523,0.7299107505070994
Knapsack,01465-knapsack-n85-w64102-v378135-type3.asp,517,2045,0.252812,0.063914,0.016158,3.955513,15.64608,61.888265,0.332689,0.16441,0.0,0.336557,173,0.499033,0.168279,0.168279,CLINGO-AMO,115.43655,10.438815860314604,378135.0,5176500.0,0.0730483917705013,493000.0,0.09523809523809523,0.7670081135902637
Knapsack,01484-knapsack-n85-w176036-v2521213-type4.asp,517,2045,0.252812,0.063914,0.016158,3.955513,15.64608,61.888265,0.332689,0.16441,0.0,0.336557,173,0.499033,0.168279,0.168279,AMOCLINGO-INF-MR,1.000006,1.2816463101221394,2521213.0,26511240.0,0.09509977654760773,2524880.0,0.09523809523809523,0.9985476537498812
Knapsack,01488-knapsack-n85-w173742-v2518272-type4.asp,517,2045,0.252812,0.063914,0.016158,3.955513,15.64608,61.888265,0.332689,0.16441,0.0,0.336557,173,0.499033,0.168279,0.168279,AMOCLINGO-L,425.245823,2.833561506846359,2518272.0,26511240.0,0.09498884246832665,2524880.0,0.09523809523809523,0.9973828459174298
Knapsack,01500-knapsack-n85-w746331-v3076853-type3.asp,517,2045,0.252812,0.063914,0.016158,3.955513,15.64608,61.888265,0.332689,0.16441,0.0,0.336557,173,0.499033,0.168279,0.168279,AMOCLINGO-INF-MR,0.582257,3.976132532541472,3076853.0,46093950.0,0.06675177544992347,4389900.0,0.09523809523809523,0.7008936422241965
Knapsack,01518-knapsack-n85-w743494-v3429381-type3.asp,517,2045,0.252812,0.063914,0.016158,3.955513,15.64608,61.888265,0.332689,0.16441,0.0,0.336557,173,0.499033,0.168279,0.168279,CLINGO-AMO,54.244512,1.6323350277351558,3429381.0,46093950.0,0.07439980734998845,4389900.0,0.09523809523809523,0.7811979771748787
Knapsack,01535-knapsack-n90-w69265-v411861-type3.asp,547,2165,0.252656,0.063835,0.016128,3.957952,15.665388,62.00286,0.332724,0.164534,0.0,0.33638,183,0.499086,0.16819,0.16819,CLINGO-AMO,794.9776310000001,1.5156331084239023,411861.0,5421360.0,0.07597005179512152,516320.0,0.09523809523809523,0.797685543848776
Knapsack,01549-knapsack-n90-w68339-v389008-type3.asp,547,2165,0.252656,0.063835,0.016128,3.957952,15.665388,62.00286,0.332724,0.164534,0.0,0.33638,183,0.499086,0.16819,0.16819,CLINGO-AMO,75.860748,15.883605049610107,389008.0,5421360.0,0.07175468886035977,516320.0,0.09523809523809523,0.7534242330337775
Knapsack,01551-knapsack-n90-w69942-v384206-type3.asp,547,2165,0.252656,0.063835,0.016128,3.957952,15.665388,62.00286,0.332724,0.164534,0.0,0.33638,183,0.499086,0.16819,0.16819,CLINGO-AMO,91.835859,2.061244529764784,384206.0,5421360.0,0.07086893325659982,516320.0,0.09523809523809523,0.7441237991942982
Knapsack,01552-knapsack-n90-w67848-v398220-type3.asp,547,2165,0.252656,0.063835,0.016128,3.957952,15.665388,62.00286,0.332724,0.164534,0.0,0.33638,183,0.499086,0.16819,0.16819,CLINGO-AMO,76.939543,15.66190760971897,398220.0,5421360.0,0.07345389348798087,516320.0,0.09523809523809523,0.7712658816237992
Knapsack,01592-knapsack-n90-w770898-v3630284-type1.asp,547,2165,0.252656,0.063835,0.016128,3.957952,15.665388,62.00286,0.332724,0.164534,0.0,0.33638,183,0.499086,0.16819,0.16819,CLINGO-AMO,167.02917200000002,7.214462249744014,3630284.0,49064190.0,0.0739905010150988,4672780.0,0.09523809523809523,0.7769002606585373
Knapsack,01597-knapsack-n90-w771583-v3698576-type1.asp,547,2165,0.252656,0.063835,0.016128,3.957952,15.665388,62.00286,0.332724,0.164534,0.0,0.33638,183,0.499086,0.16819,0.16819,CLINGO-AMO,194.436798,1.8940931386866389,3698576.0,49064190.0,0.07538239192372279,4672780.0,0.09523809523809523,0.7915151151990892
Knapsack,01598-knapsack-n90-w773499-v4668569-type4.asp,547,2165,0.252656,0.063835,0.016128,3.957952,15.665388,62.00286,0.332724,0.164534,0.0,0.33638,183,0.499086,0.16819,0.16819,AMOCLINGO-INF-MR,0.622545,1.220573613152463,4668569.0,49064190.0,0.09515226889509437,4672780.0,0.09523809523809523,0.9990988233984909
Knapsack,01620-knapsack-n95-w80318-v417199-type1.asp,577,2285,0.252516,0.063765,0.016102,3.960139,15.682698,62.105659,0.332756,0.164645,0.0,0.336222,193,0.499133,0.168111,0.168111,CLINGO-AMO,53.628641,6.154487580619468,417199.0,5834010.0,0.07151153323357348,555620.0,0.09523809523809523,0.7508710989525215
Knapsack,01625-knapsack-n95-w79888-v554839-type4.asp,577,2285,0.252516,0.063765,0.016102,3.960139,15.682698,62.105659,0.332756,0.164645,0.0,0.336222,193,0.499133,0.168111,0.168111,AMOCLINGO-L,2.624775,1.2931028373860616,554839.0,5834010.0,0.09510422505275103,555620.0,0.09523809523809523,0.9985943630538857
Knapsack,01630-knapsack-n95-w79712-v554529-type4.asp,577,2285,0.252516,0.063765,0.016102,3.960139,15.682698,62.105659,0.332756,0.164645,0.0,0.336222,193,0.499133,0.168111,0.168111,AMOCLINGO-L,46.594767,25.84986543660579,554529.0,5834010.0,0.09505108835946459,555620.0,0.09523809523809523,0.9980364277743782
Knapsack,01642-knapsack-n95-w80002-v414348-type3.asp,577,2285,0.252516,0.063765,0.016102,3.960139,15.682698,62.105659,0.332756,0.164645,0.0,0.336222,193,0.499133,0.168111,0.168111,CLINGO-AMO,75.210938,3.851319511531688,414348.0,5834010.0,0.07102284706402628,555620.0,0.09523809523809523,0.745739894172276
Knapsack,01644-knapsack-n95-w79743-v391628-type3.asp,577,2285,0.252516,0.063765,0.016102,3.960139,15.682698,62.105659,0.332756,0.164645,0.0,0.336222,193,0.499133,0.168111,0.168111,AMOCLINGO-L,0.56883,48.23596329307527,391628.0,5834010.0,0.0671284416721946,555620.0,0.09523809523809523,0.7048486375580433
Knapsack,01675-knapsack-n95-w203252-v2758915-type4.asp,577,2285,0.252516,0.063765,0.016102,3.960139,15.682698,62.105659,0.332756,0.164645,0.0,0.336222,193,0.499133,0.168111,0.168111,AMOCLINGO-L,4.385452,1.4363290260616235,2758915.0,29015070.0,0.09508558828222713,2763340.0,0.09523809523809523,0.9983986769633849
Knapsack,01703-knapsack-n95-w833197-v4264948-type3.asp,577,2285,0.252516,0.063765,0.016102,3.960139,15.682698,62.105659,0.332756,0.164645,0.0,0.336222,193,0.499133,0.168111,0.168111,CLINGO-AMO,954.16357,1.2629140986801666,4264948.0,55487670.0,0.07686298595706037,5284540.0,0.09523809523809523,0.8070613525491339
Knapsack,01704-knapsack-n95-w833698-v4108259-type1.asp,577,2285,0.252516,0.063765,0.016102,3.960139,15.682698,62.105659,0.332756,0.164645,0.0,0.336222,193,0.499133,0.168111,0.168111,CLINGO-AMO,224.077978,5.376888767712819,4108259.0,55487670.0,0.0740391333786407,5284540.0,0.09523809523809523,0.7774109004757274
Knapsack,01706-knapsack-n95-w832021-v3868724-type3.asp,577,2285,0.252516,0.063765,0.016102,3.960139,15.682698,62.105659,0.332756,0.164645,0.0,0.336222,193,0.499133,0.168111,0.168111,CLINGO-AMO,55.305556,2.3712594445303106,3868724.0,55487670.0,0.06972222837974634,5284540.0,0.09523809523809523,0.7320833979873367
Knapsack,01726-knapsack-n100-w75212-v592291-type4.asp,607,2405,0.252391,0.063701,0.016078,3.962109,15.698306,62.198394,0.332784,0.164745,0.0,0.336079,203,0.499176,0.16804,0.16804,AMOCLINGO-L,501.843202,2.401048533083447,592291.0,6232380.0,0.0950344812094256,593560.0,0.09523809523809523,0.9978620526989689
Knapsack,01754-knapsack-n100-w211244-v2973970-type4.asp,607,2405,0.252391,0.063701,0.016078,3.962109,15.698306,62.198394,0.332784,0.164745,0.0,0.336079,203,0.499176,0.16804,0.16804,AMOCLINGO-INF-MR,1.064235,1.3737219693018927,2973970.0,31263120.0,0.09512710183756452,2977440.0,0.09523809523809523,0.9988345692944274
Knapsack,01755-knapsack-n100-w210828-v2972483-type4.asp,607,2405,0.252391,0.063701,0.016078,3.962109,15.698306,62.198394,0.332784,0.164745,0.0,0.336079,203,0.499176,0.16804,0.16804,AMOCLINGO-L,19.229867,1.7461935124148285,2972483.0,31263120.0,0.09507953780684718,2977440.0,0.09523809523809523,0.9983351469718953
Knapsack,01763-knapsack-n100-w213523-v2173048-type3.asp,607,2405,0.252391,0.063701,0.016078,3.962109,15.698306,62.198394,0.332784,0.164745,0.0,0.336079,203,0.499176,0.16804,0.16804,CLINGO-AMO,319.14732,3.775602705985437,2173048.0,31263120.0,0.0695083536128192,2977440.0,0.09523809523809523,0.7298377129346015
Knapsack,01773-knapsack-n100-w815109-v4081904-type3.asp,607,2405,0.252391,0.063701,0.016078,3.962109,15.698306,62.198394,0.332784,0.164745,0.0,0.336079,203,0.499176,0.16804,0.16804,AMOCLINGO-L,4.394724,3.4135333640974954,4081904.0,61290600.0,0.06659918486684745,5837200.0,0.09523809523809523,0.6992914411018982
Knapsack,01785-knapsack-n100-w813788-v4468467-type3.asp,607,2405,0.252391,0.063701,0.016078,3.962109,15.698306,62.198394,0.332784,0.164745,0.0,0.336079,203,0.499176,0.16804,0.16804,CLINGO-AMO,120.935056,2.9616676077778474,4468467.0,61290600.0,0.07290623684545428,5837200.0,0.09523809523809523,0.7655154868772699
Knapsack,01797-knapsack-n100-w813312-v4610339-type3.asp,607,2405,0.252391,0.063701,0.016078,3.962109,15.698306,62.198394,0.332784,0.164745,0.0,0.336079,203,0.499176,0.16804,0.16804,CLINGO-AMO,144.29792899999998,3.057092108369761,4610339.0,61290600.0,0.07522098005240607,5837200.0,0.09523809523809523,0.7898202905502638